预测日期,月份,星期,是否周末,季度,日前_H00_系统负荷,日前_H00_非市场化机组出力,日前_H00_新能源出力,日前_H00_平均出清价格,日前_H01_系统负荷,日前_H01_非市场化机组出力,日前_H01_新能源出力,日前_H01_平均出清价格,日前_H02_系统负荷,日前_H02_非市场化机组出力,日前_H02_新能源出力,日前_H02_平均出清价格,日前_H03_系统负荷,日前_H03_非市场化机组出力,日前_H03_新能源出力,日前_H03_平均出清价格,日前_H04_系统负荷,日前_H04_非市场化机组出力,日前_H04_新能源出力,日前_H04_平均出清价格,日前_H05_系统负荷,日前_H05_非市场化机组出力,日前_H05_新能源出力,日前_H05_平均出清价格,日前_H06_系统负荷,日前_H06_非市场化机组出力,日前_H06_新能源出力,日前_H06_平均出清价格,日前_H07_系统负荷,日前_H07_非市场化机组出力,日前_H07_新能源出力,日前_H07_平均出清价格,日前_H08_系统负荷,日前_H08_非市场化机组出力,日前_H08_新能源出力,日前_H08_平均出清价格,日前_H09_系统负荷,日前_H09_非市场化机组出力,日前_H09_新能源出力,日前_H09_平均出清价格,日前_H10_系统负荷,日前_H10_非市场化机组出力,日前_H10_新能源出力,日前_H10_平均出清价格,日前_H11_系统负荷,日前_H11_非市场化机组出力,日前_H11_新能源出力,日前_H11_平均出清价格,日前_H12_系统负荷,日前_H12_非市场化机组出力,日前_H12_新能源出力,日前_H12_平均出清价格,日前_H13_系统负荷,日前_H13_非市场化机组出力,日前_H13_新能源出力,日前_H13_平均出清价格,日前_H14_系统负荷,日前_H14_非市场化机组出力,日前_H14_新能源出力,日前_H14_平均出清价格,日前_H15_系统负荷,日前_H15_非市场化机组出力,日前_H15_新能源出力,日前_H15_平均出清价格,日前_H16_系统负荷,日前_H16_非市场化机组出力,日前_H16_新能源出力,日前_H16_平均出清价格,日前_H17_系统负荷,日前_H17_非市场化机组出力,日前_H17_新能源出力,日前_H17_平均出清价格,日前_H18_系统负荷,日前_H18_非市场化机组出力,日前_H18_新能源出力,日前_H18_平均出清价格,日前_H19_系统负荷,日前_H19_非市场化机组出力,日前_H19_新能源出力,日前_H19_平均出清价格,日前_H20_系统负荷,日前_H20_非市场化机组出力,日前_H20_新能源出力,日前_H20_平均出清价格,日前_H21_系统负荷,日前_H21_非市场化机组出力,日前_H21_新能源出力,日前_H21_平均出清价格,日前_H22_系统负荷,日前_H22_非市场化机组出力,日前_H22_新能源出力,日前_H22_平均出清价格,日前_H23_系统负荷,日前_H23_非市场化机组出力,日前_H23_新能源出力,日前_H23_平均出清价格,滞后1天_H00_价格,滞后1天_H01_价格,滞后1天_H02_价格,滞后1天_H03_价格,滞后1天_H04_价格,滞后1天_H05_价格,滞后1天_H06_价格,滞后1天_H07_价格,滞后1天_H08_价格,滞后1天_H09_价格,滞后1天_H10_价格,滞后1天_H11_价格,滞后1天_H12_价格,滞后1天_H13_价格,滞后1天_H14_价格,滞后1天_H15_价格,滞后1天_H16_价格,滞后1天_H17_价格,滞后1天_H18_价格,滞后1天_H19_价格,滞后1天_H20_价格,滞后1天_H21_价格,滞后1天_H22_价格,滞后1天_H23_价格,Price_H00,Price_H01,Price_H02,Price_H03,Price_H04,Price_H05,Price_H06,Price_H07,Price_H08,Price_H09,Price_H10,Price_H11,Price_H12,Price_H13,Price_H14,Price_H15,Price_H16,Price_H17,Price_H18,Price_H19,Price_H20,Price_H21,Price_H22,Price_H23,滞后2天_H00_价格,滞后2天_H01_价格,滞后2天_H02_价格,滞后2天_H03_价格,滞后2天_H04_价格,滞后2天_H05_价格,滞后2天_H06_价格,滞后2天_H07_价格,滞后2天_H08_价格,滞后2天_H09_价格,滞后2天_H10_价格,滞后2天_H11_价格,滞后2天_H12_价格,滞后2天_H13_价格,滞后2天_H14_价格,滞后2天_H15_价格,滞后2天_H16_价格,滞后2天_H17_价格,滞后2天_H18_价格,滞后2天_H19_价格,滞后2天_H20_价格,滞后2天_H21_价格,滞后2天_H22_价格,滞后2天_H23_价格,滞后3天_H00_价格,滞后3天_H01_价格,滞后3天_H02_价格,滞后3天_H03_价格,滞后3天_H04_价格,滞后3天_H05_价格,滞后3天_H06_价格,滞后3天_H07_价格,滞后3天_H08_价格,滞后3天_H09_价格,滞后3天_H10_价格,滞后3天_H11_价格,滞后3天_H12_价格,滞后3天_H13_价格,滞后3天_H14_价格,滞后3天_H15_价格,滞后3天_H16_价格,滞后3天_H17_价格,滞后3天_H18_价格,滞后3天_H19_价格,滞后3天_H20_价格,滞后3天_H21_价格,滞后3天_H22_价格,滞后3天_H23_价格,滞后7天_H00_价格,滞后7天_H01_价格,滞后7天_H02_价格,滞后7天_H03_价格,滞后7天_H04_价格,滞后7天_H05_价格,滞后7天_H06_价格,滞后7天_H07_价格,滞后7天_H08_价格,滞后7天_H09_价格,滞后7天_H10_价格,滞后7天_H11_价格,滞后7天_H12_价格,滞后7天_H13_价格,滞后7天_H14_价格,滞后7天_H15_价格,滞后7天_H16_价格,滞后7天_H17_价格,滞后7天_H18_价格,滞后7天_H19_价格,滞后7天_H20_价格,滞后7天_H21_价格,滞后7天_H22_价格,滞后7天_H23_价格
2024-05-30,5,4,0,2,28756,19161.68,2613.429,375.326813,27740,18365.92,2485.49,376.476044,26929,17615.586,2379.43,367.608795,26404,17110.84,2291.965,367.575317,26587,17158.71,2166.329,367.048584,27899,17633.848,2424.902,376.52002,28938,19318.427,4330.632,365.121246,30718,20177.701,7277.452,325.454956,33054,21190.032,10415.114,148.673187,33981,20182.37,12795.742,107.856422,34600,18590.895,13989.381,165.904205,32953,18466.614,14182.042,120.458565,33586,18237.959,13401.537,188.494858,33658,17647.41,11208.952,288.326141,33566,17037.128,8485.728,354.614136,33938,18921.791,5873.868,389.762634,33907,22581.763,3502.56,404.894501,32762,23224.88,1772.208,399.01712,32391,22616.3,1052.943,399.936798,33257,23117.683,1147.581,404.269104,33175,23146.015,1272.849,404.511993,30950,21949.838,1366.03,389.500946,28772,20211.153,1473.213,376.938477,27167,19705.422,1527.13,367.100037,362.968811,350.777802,350.483795,350.237457,365.245056,361.123505,344.90506,85.257164,24.358984,4.445681,4.364784,41.661755,45.719807,43.002239,51.352325,93.410484,90.294228,204.069,304.338165,306.55896,327.217499,341.730774,264.50058,179.562943,375.678894,365.423309,373.722382,362.68692,375.36557,381.235809,372.551575,380.161652,380.595886,368.859314,376.741699,299.636627,378.809418,311.796997,283.032288,334.060394,345.172913,355.040619,361.713501,345.239166,354.649231,264.611816,263.491547,149.489822,362.8078615,353.350067,350.8894505,346.024948,351.166397,356.4841,364.2279055,371.24757350000004,363.655731,320.29562350000003,313.990677,245.2383425,282.458969,266.14226214285713,324.319138,360.24028,391.289383,391.997833,381.9088135,380.89050299999997,390.9485625,375.36321999999996,365.119217,351.43997149999996,362.751129,353.350067,350.778748,344.050018,351.118103,356.57373,364.620697,371.394897,363.581451,318.17572,313.964447,243.849213,280.899719,274.5051662857143,324.452332,360.480896,391.440094,392.095428,382.097321,381.010162,390.950104,375.926544,365.162384,351.440002,362.968811,356.12149,351.222076,349.075134,351.214691,357.354614,364.620697,371.439728,364.316406,322.432068,314.119354,250.089432,285.353058,282.764587,328.430939,362.639191,391.456268,393.495758,382.097321,382.006958,391.43985,376.422485,365.911255,351.440063
2024-05-31,5,5,0,2,27350,18001.21,1797.847,381.740051,26509,17133.63,1877.774,368.086304,25787,17067.73,1916.554,358.221741,25400,17080.02,1904.14,358.410645,25663,17078.6,1831.81,375.299103,27042,17274.998,1802.564,382.094116,28240,18780.148,2187.205,383.404327,29973,19549.904,2920.393,385.296814,32088,20722.66,3807.917,381.224762,32662,18424.144,4653.791,381.014801,33400,16104.019,5387.363,391.229401,32210,15986.822,5832.035,347.406555,32067,16042.234,5731.331,511.744446,31985,15860.444,5105.675,530.395081,31851,15639.934,4257.787,389.706604,31823,16696.656,3358.758,390.304474,31685,19637.819,2370.794,395.32608,30744,20618.794,1488.524,393.319672,30605,21008.008,973.174,397.96933,31219,21438.678,1037.485,383.002747,31011,21337.914,1147.77,388.870544,29485,21144.498,1221.302,382.171082,28029,19062.432,1245.769,381.939362,26849,18849.052,1215.439,366.963409,392.971344,392.938416,372.678375,364.604675,372.512878,384.132507,357.553192,264.511932,124.11821,46.318604,73.906151,40.695194,134.773987,147.910477,334.988556,401.705231,403.921204,395.33374,384.446259,379.968811,380.996643,365.794739,365.162384,344.901367,345.409851,337.346252,246.477127,247.130905,327.020752,350.789398,344.86673,341.447174,215.559586,65.504402,41.441738,36.47205,42.593651,77.101402,149.058533,169.648788,182.404221,244.723953,304.972015,336.092468,342.058594,326.564362,254.131729,244.415558,362.968811,350.777802,350.483795,350.237457,365.245056,361.123505,344.90506,85.257164,24.358984,4.445681,4.364784,41.661755,45.719807,43.002239,51.352325,93.410484,90.294228,204.069,304.338165,306.55896,327.217499,341.730774,264.50058,179.562943,362.751129,353.350067,350.778748,344.050018,351.118103,356.57373,364.620697,371.394897,363.581451,318.17572,313.964447,243.849213,280.899719,274.5051662857143,324.452332,360.480896,391.440094,392.095428,382.097321,381.010162,390.950104,375.926544,365.162384,351.440002,362.968811,356.12149,351.222076,349.075134,351.214691,357.354614,364.620697,371.439728,364.316406,322.432068,314.119354,250.089432,285.353058,282.764587,328.430939,362.639191,391.456268,393.495758,382.097321,382.006958,391.43985,376.422485,365.911255,351.440063
2024-06-01,6,6,1,2,26937,18168.229,1159.439,353.277924,25991,17458.302,1047.24,318.556702,25273,17488.072,918.397,258.615051,25000,17510.352,798.146,248.860306,25439,17487.322,700.188,296.596771,26646,18045.373,891.79,351.227142,27862,19364.458,2383.3,338.110779,29413,20157.791,4828.146,337.543579,31546,21066.334,7497.602,181.613693,33001,19953.868,9803.891,136.297577,33600,17571.271,11480.537,82.635605,32007,16801.819,12335.319,63.151081,32521,15928.159,12228.484,83.651176,32232,16113.65,11228.403,138.556793,32389,16127.116,9585.599,245.776276,32684,17407.013,7388.4,349.199677,32782,21476.569,4766.287,346.353912,31612,22315.671,2423.749,346.575195,30906,21889.144,1152.119,348.397003,31662,22444.952,1222.822,348.389343,31778,22576.591,1344.254,348.537964,30009,21689.909,1365.897,347.025696,28190,19625.356,1332.593,351.166718,26749,18466.622,1257.787,337.863068,375.678894,365.423309,373.722382,362.68692,375.36557,381.235809,372.551575,380.161652,380.595886,368.859314,376.741699,299.636627,378.809418,311.796997,283.032288,334.060394,345.172913,355.040619,361.713501,345.239166,354.649231,264.611816,263.491547,149.489822,246.5648157346939,248.71407346938776,250.86333120408165,253.0125889387755,255.1618466734694,257.31110440816326,259.46036214285715,261.60961987755104,263.75887761224493,265.9081353469388,268.05739308163265,270.20665081632654,272.35590855102043,274.5051662857143,276.65442402040816,278.80368175510205,280.95293948979594,283.1021972244898,285.25145495918366,287.40071269387755,289.54997042857144,291.69922816326533,293.8484858979592,295.99774363265306,392.971344,392.938416,372.678375,364.604675,372.512878,384.132507,357.553192,264.511932,124.11821,46.318604,73.906151,40.695194,134.773987,147.910477,334.988556,401.705231,403.921204,395.33374,384.446259,379.968811,380.996643,365.794739,365.162384,344.901367,362.968811,350.777802,350.483795,350.237457,365.245056,361.123505,344.90506,85.257164,24.358984,4.445681,4.364784,41.661755,45.719807,43.002239,51.352325,93.410484,90.294228,204.069,304.338165,306.55896,327.217499,341.730774,264.50058,179.562943,362.968811,356.12149,351.222076,349.075134,351.214691,357.354614,364.620697,371.439728,364.316406,322.432068,314.119354,250.089432,285.353058,282.764587,328.430939,362.639191,391.456268,393.495758,382.097321,382.006958,391.43985,376.422485,365.911255,351.440063
2024-06-02,6,7,1,2,26893,19685.576,1132.34,338.27508020408163,25969,18817.013,1078.145,338.68709240816327,25333,18112.713,1084.421,339.0991046122449,24974,17815.893,1173.313,339.51111681632653,25313,17793.913,1352.836,339.92312902040817,26602,18214.95,1962.244,340.3351412244898,27286,19859.871,4020.157,340.74715342857144,28837,20761.466,6956.057,341.15916563265307,30697,21751.087,9822.518,341.5711778367347,31784,20328.566,12039.694,341.98319004081634,32503,17661.607,13418.575,342.395202244898,31126,17521.476,13817.637,342.8072144489796,31515,16998.071,13510.456,343.21922665306124,31380,17169.228,12174.649,343.6312388571429,31375,17840.322,10176.444,344.0432510612245,31560,19056.202,7912.39,344.45526326530614,31600,22504.677,5481.554,344.8672754693878,30507,23037.436,3409.498,345.2792876734694,29903,22590.032,2302.745,345.69129987755105,30838,23133.332,2352.295,346.1033120816327,30686,23008.352,2440.099,346.5153242857143,28827,21734.132,2390.303,346.92733648979595,26927,19588.827,2285.039,347.3393486938776,25883,18985.592,2166.01,347.7513608979592,345.409851,337.346252,246.477127,247.130905,327.020752,350.789398,344.86673,341.447174,215.559586,65.504402,41.441738,36.47205,42.593651,77.101402,149.058533,169.648788,182.404221,244.723953,304.972015,336.092468,342.058594,326.564362,254.131729,244.415558,298.14700136734695,300.29625910204084,302.4455168367347,304.5947745714286,306.74403230612245,308.89329004081634,311.04254777551023,313.1918055102041,315.341063244898,317.49032097959184,319.63957871428573,321.7888364489796,323.9380941836735,326.0873519183674,328.23660965306124,330.3858673877551,332.535125122449,334.6843828571429,336.8336405918368,338.98289832653063,341.1321560612245,343.2814137959184,345.43067153061224,347.5799292653062,375.678894,365.423309,373.722382,362.68692,375.36557,381.235809,372.551575,380.161652,380.595886,368.859314,376.741699,299.636627,378.809418,311.796997,283.032288,334.060394,345.172913,355.040619,361.713501,345.239166,354.649231,264.611816,263.491547,149.489822,392.971344,392.938416,372.678375,364.604675,372.512878,384.132507,357.553192,264.511932,124.11821,46.318604,73.906151,40.695194,134.773987,147.910477,334.988556,401.705231,403.921204,395.33374,384.446259,379.968811,380.996643,365.794739,365.162384,344.901367,362.968811,356.12149,351.222076,349.075134,351.214691,357.354614,364.620697,371.439728,364.316406,322.432068,314.119354,250.089432,285.353058,282.764587,328.430939,362.639191,391.456268,393.495758,382.097321,382.006958,391.43985,376.422485,365.911255,351.440063
2024-06-03,6,1,0,2,27083,20436.791,2063.429,348.16337310204085,26101,19596.922,1940.006,348.5753853061224,25405,19222.541,1835.811,348.98739751020406,25000,19082.352,1773.117,349.3994097142857,25262,19052.802,1747.164,349.81142191836733,26446,19557.934,1990.89,350.22343412244896,27117,20678.381,3304.22,350.6354463265306,28517,21361.404,5269.169,351.04745853061223,30173,22077.239,7256.751,351.45947073469387,31160,20495.901,8895.73,351.8714829387755,31858,17277.089,10108.885,352.28349514285713,30356,16944.862,10619.307,352.6955073469388,30562,16432.78,10347.529,353.1075195510204,30459,16527.182,9215.4,353.51953175510204,30407,17416.484,7703.037,353.93154395918367,30665,19274.131,6104.629,354.3435561632653,30871,22476.571,4280.425,354.75556836734694,29827,23129.083,2555.673,355.1675805714286,29184,22731.082,1542.849,355.5795927755102,30007,23195.302,1583.825,355.99160497959184,29809,22960.672,1633.421,356.4036171836735,27985,21711.37,1551.172,356.8156293877551,26324,20305.272,1406.152,357.22764159183674,25221,20033.972,1213.652,357.6396537959184,246.5648157346939,248.71407346938776,250.86333120408165,253.0125889387755,255.1618466734694,257.31110440816326,259.46036214285715,261.60961987755104,263.75887761224493,265.9081353469388,268.05739308163265,270.20665081632654,272.35590855102043,274.5051662857143,276.65442402040816,278.80368175510205,280.95293948979594,283.1021972244898,285.25145495918366,287.40071269387755,289.54997042857144,291.69922816326533,293.8484858979592,295.99774363265306,349.729187,344.860901,320.499908,321.4263,329.257568,349.898285,349.266296,201.858536,154.317184,4.691199,0.0,8.397483,11.510437,8.536797,2.832244,211.176483,355.529236,373.272491,355.071198,353.447601,348.027374,305.151489,303.167572,222.068863,345.409851,337.346252,246.477127,247.130905,327.020752,350.789398,344.86673,341.447174,215.559586,65.504402,41.441738,36.47205,42.593651,77.101402,149.058533,169.648788,182.404221,244.723953,304.972015,336.092468,342.058594,326.564362,254.131729,244.415558,375.678894,365.423309,373.722382,362.68692,375.36557,381.235809,372.551575,380.161652,380.595886,368.859314,376.741699,299.636627,378.809418,311.796997,283.032288,334.060394,345.172913,355.040619,361.713501,345.239166,354.649231,264.611816,263.491547,149.489822,362.968811,356.12149,351.222076,349.075134,351.214691,357.354614,364.620697,371.439728,364.316406,322.432068,314.119354,250.089432,285.353058,282.764587,328.430939,362.639191,391.456268,393.495758,382.097321,382.006958,391.43985,376.422485,365.911255,351.440063
2024-06-04,6,2,0,2,27105,20075.738,1106.113,358.051666,26220,19442.875,988.305,357.516968,25640,19425.677,905.867,348.070953,25282,19508.552,869.12,324.923981,25654,19449.882,855.201,347.83252,27038,20029.321,1198.731,372.629181,28104,21229.402,3065.77,358.887817,29935,22108.782,5949.36,289.350037,32245,23175.935,9080.335,166.109253,33350,22022.481,11708.505,156.25264,34012,18890.28,13647.633,191.997284,32540,18841.243,14617.143,92.820442,32904,18330.366,14438.501,154.720062,32757,18315.383,12896.239,196.828079,32918,18772.206,10586.045,275.590851,33143,19727.002,7973.894,352.623993,33115,23502.997,4985.265,342.95694,31856,24059.029,2601.417,328.949829,31275,23214.192,1482.742,352.240417,32230,23930.571,1513.305,348.324249,32364,23465.487,1598.494,329.368073,30550,21944.092,1586.629,315.324402,28567,20754.346,1554.771,288.327454,27341,20351.022,1478.488,207.657211,298.14700136734695,300.29625910204084,302.4455168367347,304.5947745714286,306.74403230612245,308.89329004081634,311.04254777551023,313.1918055102041,315.341063244898,317.49032097959184,319.63957871428573,321.7888364489796,323.9380941836735,326.0873519183674,328.23660965306124,330.3858673877551,332.535125122449,334.6843828571429,336.8336405918368,338.98289832653063,341.1321560612245,343.2814137959184,345.43067153061224,347.5799292653062,370.135315,370.241302,369.997803,373.985474,369.783722,374.38205,376.055206,380.812103,376.570404,374.471558,369.154572,344.727051,354.662048,355.138611,363.852295,372.746582,375.183899,374.239899,349.575836,343.698059,353.336151,311.236725,281.4729,245.146027,246.5648157346939,248.71407346938776,250.86333120408165,253.0125889387755,255.1618466734694,257.31110440816326,259.46036214285715,261.60961987755104,263.75887761224493,265.9081353469388,268.05739308163265,270.20665081632654,272.35590855102043,274.5051662857143,276.65442402040816,278.80368175510205,280.95293948979594,283.1021972244898,285.25145495918366,287.40071269387755,289.54997042857144,291.69922816326533,293.8484858979592,295.99774363265306,345.409851,337.346252,246.477127,247.130905,327.020752,350.789398,344.86673,341.447174,215.559586,65.504402,41.441738,36.47205,42.593651,77.101402,149.058533,169.648788,182.404221,244.723953,304.972015,336.092468,342.058594,326.564362,254.131729,244.415558,362.968811,356.12149,351.222076,349.075134,351.214691,357.354614,364.620697,371.439728,364.316406,322.432068,314.119354,250.089432,285.353058,282.764587,328.430939,362.639191,391.456268,393.495758,382.097321,382.006958,391.43985,376.422485,365.911255,351.440063
2024-06-05,6,3,0,2,27323,19449.06,1185.721,365.655914,26394,19127.68,1083.5,357.232208,25744,19051.77,1005.245,350.982239,25398,18999.72,965.617,356.34082,25768,19016.92,957.875,361.572723,27210,19152.06,1140.507,373.667999,28107,20735.964,1989.651,374.484863,29763,21202.945,3176.322,375.538483,31761,21709.933,4348.796,370.999817,32698,20669.154,5126.703,390.296173,33244,19173.99,5587.426,390.058868,31585,18464.94,5752.303,367.116821,31818,18456.012,5558.416,377.924011,31672,18434.329,4841.69,382.066284,31778,18718.107,3969.99,375.764557,32023,20382.624,3216.127,383.690216,32035,22785.701,2357.215,372.964203,30809,22650.035,1677.014,367.31958,30216,22518.512,1284.463,344.995667,30965,22841.211,1322.365,359.398956,30814,22828.042,1340.115,376.111847,28934,22111.985,1272.261,355.948212,27130,20683.042,1191.039,315.515564,26132,20221.832,1094.964,247.108887,349.729187,344.860901,320.499908,321.4263,329.257568,349.898285,349.266296,201.858536,154.317184,4.691199,0.0,8.397483,11.510437,8.536797,2.832244,211.176483,355.529236,373.272491,355.071198,353.447601,348.027374,305.151489,303.167572,222.068863,360.006165,348.666504,332.187744,325.710876,333.314301,355.525787,355.468719,355.578369,368.529602,359.406342,359.657379,183.558807,118.364853,163.769791,273.075256,315.2724,303.866333,315.527588,348.570587,355.163635,365.063629,372.283813,354.542175,315.710663,298.14700136734695,300.29625910204084,302.4455168367347,304.5947745714286,306.74403230612245,308.89329004081634,311.04254777551023,313.1918055102041,315.341063244898,317.49032097959184,319.63957871428573,321.7888364489796,323.9380941836735,326.0873519183674,328.23660965306124,330.3858673877551,332.535125122449,334.6843828571429,336.8336405918368,338.98289832653063,341.1321560612245,343.2814137959184,345.43067153061224,347.5799292653062,246.5648157346939,248.71407346938776,250.86333120408165,253.0125889387755,255.1618466734694,257.31110440816326,259.46036214285715,261.60961987755104,263.75887761224493,265.9081353469388,268.05739308163265,270.20665081632654,272.35590855102043,274.5051662857143,276.65442402040816,278.80368175510205,280.95293948979594,283.1021972244898,285.25145495918366,287.40071269387755,289.54997042857144,291.69922816326533,293.8484858979592,295.99774363265306,362.968811,350.777802,350.483795,350.237457,365.245056,361.123505,344.90506,85.257164,24.358984,4.445681,4.364784,41.661755,45.719807,43.002239,51.352325,93.410484,90.294228,204.069,304.338165,306.55896,327.217499,341.730774,264.50058,179.562943
2024-06-06,6,4,0,2,26655,17583.921,1063.266,364.212158,25819,17471.86,984.638,358.891693,25286,17143.772,922.535,354.422913,25000,17074.023,898.475,350.327942,25410,16969.223,895.169,354.690155,26914,17928.345,1060.267,370.823639,28211,20123.566,2006.649,362.46875,29994,20737.56,3591.178,356.111908,31602,21021.017,5573.174,346.002716,32545,19133.275,7360.641,306.386078,32931,16607.636,9180.934,313.515656,31142,16528.784,10359.097,86.843826,31496,16582.011,10520.236,87.315437,31127,16401.424,9958.773,149.178604,31062,16036.185,8660.441,287.138611,31071,17016.83,6831.918,355.326447,31162,20648.737,4662.05,361.581665,29948,21290.523,2486.494,365.408966,29188,21070.608,1107.218,359.067749,30044,21627.58,1258.416,365.806976,29891,21583.774,1422.183,369.955292,28249,20281.597,1427.208,365.37088,26580,18850.341,1346.444,350.840942,25427,18068.616,1150.718,288.019592,370.135315,370.241302,369.997803,373.985474,369.783722,374.38205,376.055206,380.812103,376.570404,374.471558,369.154572,344.727051,354.662048,355.138611,363.852295,372.746582,375.183899,374.239899,349.575836,343.698059,353.336151,311.236725,281.4729,245.146027,349.672699,342.861145,304.950562,305.955627,303.619537,352.541382,355.306152,173.075806,25.917019,5.555615,36.788921,8.733951,17.15028,17.732357,14.918705,162.419052,240.119568,225.853821,250.995605,245.772003,282.460205,306.620667,299.582062,338.980255,349.729187,344.860901,320.499908,321.4263,329.257568,349.898285,349.266296,201.858536,154.317184,4.691199,0.0,8.397483,11.510437,8.536797,2.832244,211.176483,355.529236,373.272491,355.071198,353.447601,348.027374,305.151489,303.167572,222.068863,298.14700136734695,300.29625910204084,302.4455168367347,304.5947745714286,306.74403230612245,308.89329004081634,311.04254777551023,313.1918055102041,315.341063244898,317.49032097959184,319.63957871428573,321.7888364489796,323.9380941836735,326.0873519183674,328.23660965306124,330.3858673877551,332.535125122449,334.6843828571429,336.8336405918368,338.98289832653063,341.1321560612245,343.2814137959184,345.43067153061224,347.5799292653062,392.971344,392.938416,372.678375,364.604675,372.512878,384.132507,357.553192,264.511932,124.11821,46.318604,73.906151,40.695194,134.773987,147.910477,334.988556,401.705231,403.921204,395.33374,384.446259,379.968811,380.996643,365.794739,365.162384,344.901367
2024-06-07,6,5,0,2,27180,18808.146,873.492,358.641022,26279,17985.273,735.845,358.357269,25665,17229.793,601.291,316.530151,25300,16894.653,502.412,311.360504,25680,16857.783,442.906,310.835693,27183,17414.128,935.366,348.375183,28272,19256.144,3620.143,315.846649,30015,20116.856,7605.748,128.077927,32119,21378.082,11758.447,48.128006,33228,20171.783,14848.679,42.956547,33751,17072.899,16310.316,59.999989,32135,16685.631,16655.567,63.347069,32646,16026.67,16189.56,59.999977,32351,16055.715,14466.861,60.000046,32296,16474.415,11721.07,74.401207,32306,17817.005,8766.556,269.0,32287,21816.242,5504.249,307.632324,31010,22842.232,2693.089,277.262512,30349,22361.52,1287.44,278.477295,31421,22714.91,1374.909,278.979553,31614,22284.19,1520.802,255.176178,29713,21183.84,1534.02,281.000031,27655,18987.115,1485.932,281.0,26173,18154.2,1348.325,281.0,360.006165,348.666504,332.187744,325.710876,333.314301,355.525787,355.468719,355.578369,368.529602,359.406342,359.657379,183.558807,118.364853,163.769791,273.075256,315.2724,303.866333,315.527588,348.570587,355.163635,365.063629,372.283813,354.542175,315.710663,373.876648,373.642792,369.91391,369.326294,373.662628,383.992096,373.973694,326.127716,149.995499,42.474854,42.568806,41.49173,40.896904,69.149445,139.643753,277.472015,349.931061,365.010651,373.718872,374.461548,370.56427,359.858154,355.869659,355.098816,370.135315,370.241302,369.997803,373.985474,369.783722,374.38205,376.055206,380.812103,376.570404,374.471558,369.154572,344.727051,354.662048,355.138611,363.852295,372.746582,375.183899,374.239899,349.575836,343.698059,353.336151,311.236725,281.4729,245.146027,349.729187,344.860901,320.499908,321.4263,329.257568,349.898285,349.266296,201.858536,154.317184,4.691199,0.0,8.397483,11.510437,8.536797,2.832244,211.176483,355.529236,373.272491,355.071198,353.447601,348.027374,305.151489,303.167572,222.068863,375.678894,365.423309,373.722382,362.68692,375.36557,381.235809,372.551575,380.161652,380.595886,368.859314,376.741699,299.636627,378.809418,311.796997,283.032288,334.060394,345.172913,355.040619,361.713501,345.239166,354.649231,264.611816,263.491547,149.489822
2024-06-08,6,6,1,2,27683,17577.438,1040.601,377.041748,26742,16763.29,930.127,376.648987,26075,16423.68,819.63,368.571777,25700,16295.21,746.112,368.062561,26091,16444.863,683.535,373.342865,27475,17127.751,957.396,382.021667,28573,18334.98,2682.484,373.50589,30215,18814.16,5302.234,359.781342,32405,19520.548,8050.124,337.933472,33358,18307.418,10194.738,204.045181,33969,15920.095,11576.509,223.218689,32344,15824.224,12044.061,79.731239,32748,15686.475,11824.775,114.700859,32582,15350.611,10629.414,124.465172,32552,14976.894,8716.442,309.122681,32623,17754.933,6587.974,358.544586,32587,20797.682,4204.294,379.010223,31191,21370.126,2069.363,377.503326,30463,20580.57,789.53,377.666473,31553,21084.351,894.031,377.512085,31405,21292.278,1186.717,377.522644,29698,20464.26,1408.248,368.969849,27965,17687.97,1546.78,368.600189,26809,16835.0,1498.675,353.570007,349.672699,342.861145,304.950562,305.955627,303.619537,352.541382,355.306152,173.075806,25.917019,5.555615,36.788921,8.733951,17.15028,17.732357,14.918705,162.419052,240.119568,225.853821,250.995605,245.772003,282.460205,306.620667,299.582062,338.980255,395.856293,385.950653,385.669586,395.514923,395.485229,400.682007,380.104858,274.133698,149.759537,123.07415,177.042007,149.064499,323.057068,373.046783,400.647766,870.88899225,870.88899225,385.520355,369.515015,365.860565,376.598785,380.864655,379.582153,379.86911,360.006165,348.666504,332.187744,325.710876,333.314301,355.525787,355.468719,355.578369,368.529602,359.406342,359.657379,183.558807,118.364853,163.769791,273.075256,315.2724,303.866333,315.527588,348.570587,355.163635,365.063629,372.283813,354.542175,315.710663,370.135315,370.241302,369.997803,373.985474,369.783722,374.38205,376.055206,380.812103,376.570404,374.471558,369.154572,344.727051,354.662048,355.138611,363.852295,372.746582,375.183899,374.239899,349.575836,343.698059,353.336151,311.236725,281.4729,245.146027,345.409851,337.346252,246.477127,247.130905,327.020752,350.789398,344.86673,341.447174,215.559586,65.504402,41.441738,36.47205,42.593651,77.101402,149.058533,169.648788,182.404221,244.723953,304.972015,336.092468,342.058594,326.564362,254.131729,244.415558
2024-06-09,6,7,1,2,27413,16339.237,1166.223,378.424408,26418,15481.666,985.371,377.968475,25668,15512.94,798.701,373.962708,25234,15423.77,654.624,369.208618,25435,15416.88,555.486,378.250458,26196,15677.813,911.857,383.499847,27273,16441.532,3078.852,368.276001,28492,17128.847,6339.517,267.606903,29971,18204.324,9682.829,108.400833,31085,18320.558,12337.009,69.287727,31766,15385.698,14117.003,147.282059,30701,15106.7,14712.377,84.772812,30920,15503.167,14488.086,82.564354,30775,15676.586,13222.332,242.129959,30451,15857.254,11113.813,347.590118,30536,16559.374,8463.493,389.116364,30608,20218.161,5329.452,397.360565,29641,21748.664,2578.193,377.63208,29015,20827.622,1011.597,365.374603,30337,21782.325,1042.389,369.710052,30634,21678.446,1183.48,383.946106,28880,19504.74,1260.028,384.022522,26844,17890.52,1282.486,378.948639,25490,17026.25,1236.797,376.98703,373.876648,373.642792,369.91391,369.326294,373.662628,383.992096,373.973694,326.127716,149.995499,42.474854,42.568806,41.49173,40.896904,69.149445,139.643753,277.472015,349.931061,365.010651,373.718872,374.461548,370.56427,359.858154,355.869659,355.098816,420.566101,416.361725,415.556763,405.282715,416.180695,415.543182,395.212372,376.241028,365.4534,265.631561,349.771362,230.93811,204.695679,173.964966,107.850243,150.175171,274.069427,325.332947,274.782684,274.931,275.291504,286.316528,304.988434,316.919403,349.672699,342.861145,304.950562,305.955627,303.619537,352.541382,355.306152,173.075806,25.917019,5.555615,36.788921,8.733951,17.15028,17.732357,14.918705,162.419052,240.119568,225.853821,250.995605,245.772003,282.460205,306.620667,299.582062,338.980255,360.006165,348.666504,332.187744,325.710876,333.314301,355.525787,355.468719,355.578369,368.529602,359.406342,359.657379,183.558807,118.364853,163.769791,273.075256,315.2724,303.866333,315.527588,348.570587,355.163635,365.063629,372.283813,354.542175,315.710663,246.5648157346939,248.71407346938776,250.86333120408165,253.0125889387755,255.1618466734694,257.31110440816326,259.46036214285715,261.60961987755104,263.75887761224493,265.9081353469388,268.05739308163265,270.20665081632654,272.35590855102043,274.5051662857143,276.65442402040816,278.80368175510205,280.95293948979594,283.1021972244898,285.25145495918366,287.40071269387755,289.54997042857144,291.69922816326533,293.8484858979592,295.99774363265306
2024-06-10,6,1,0,2,26989,16879.3,775.496,426.708099,26126,16297.06,726.521,424.489258,25432,15755.621,656.007,420.223114,24857,15419.897,604.699,409.25589,25075,15572.602,570.257,420.085052,26099,15976.705,812.311,419.881042,26854,16154.589,2214.876,418.738708,28229,16532.701,4385.707,389.130127,29881,17408.116,6651.702,383.293701,31165,17440.794,8612.034,387.115692,32005,14575.501,10417.647,418.347778,31088,14264.518,11530.243,376.954865,31844,14600.539,11789.938,383.352844,31804,15025.85,11479.366,387.985291,31655,15545.356,10323.888,392.270752,31736,16490.046,8255.591,418.341675,31761,20234.325,5469.604,418.97403,30639,20051.653,2686.39,420.198822,29969,19635.12,935.116,399.509064,31547,20684.25,1047.409,410.004974,32344,21251.23,1314.163,430.27478,30833,20284.541,1476.303,429.639038,28552,18182.318,1561.279,420.317322,26638,17127.33,1488.686,390.138947,395.856293,385.950653,385.669586,395.514923,395.485229,400.682007,380.104858,274.133698,149.759537,123.07415,177.042007,149.064499,323.057068,373.046783,400.647766,870.88899225,870.88899225,385.520355,369.515015,365.860565,376.598785,380.864655,379.582153,379.86911,350.871613,306.112762,325.957397,305.324066,325.274414,361.664948,350.147827,160.530655,55.813644,45.511349,86.188683,28.739479,29.12393,10.91779,30.761129,50.035362,73.273262,150.894531,150.000015,87.738075,66.666603,66.476204,130.000061,130.000015,373.876648,373.642792,369.91391,369.326294,373.662628,383.992096,373.973694,326.127716,149.995499,42.474854,42.568806,41.49173,40.896904,69.149445,139.643753,277.472015,349.931061,365.010651,373.718872,374.461548,370.56427,359.858154,355.869659,355.098816,349.672699,342.861145,304.950562,305.955627,303.619537,352.541382,355.306152,173.075806,25.917019,5.555615,36.788921,8.733951,17.15028,17.732357,14.918705,162.419052,240.119568,225.853821,250.995605,245.772003,282.460205,306.620667,299.582062,338.980255,298.14700136734695,300.29625910204084,302.4455168367347,304.5947745714286,306.74403230612245,308.89329004081634,311.04254777551023,313.1918055102041,315.341063244898,317.49032097959184,319.63957871428573,321.7888364489796,323.9380941836735,326.0873519183674,328.23660965306124,330.3858673877551,332.535125122449,334.6843828571429,336.8336405918368,338.98289832653063,341.1321560612245,343.2814137959184,345.43067153061224,347.5799292653062
2024-06-11,6,2,0,2,28005,16188.206,1315.984,393.18988,26785,15657.298,1149.404,384.873718,26054,15155.002,987.938,384.794983,25581,15161.25,866.892,384.523926,25598,15331.161,746.948,384.594757,26115,15517.346,996.978,383.746033,26793,15798.608,2807.275,383.771179,28257,16950.266,5597.937,291.957733,30195,18070.619,8529.02,154.916412,31601,18118.68,10888.908,90.70797,32729,15150.411,12555.46,328.110962,32242,14855.664,13261.534,158.118271,32729,15259.423,13207.673,168.118683,32699,15434.009,12392.037,228.731659,32424,15661.604,10720.513,338.735809,32455,16556.033,8369.182,380.128876,32790,19719.887,5432.779,327.134521,32165,20231.01,2730.466,328.660797,31747,20020.869,1136.341,329.467865,33553,20843.997,1229.099,329.893372,34598,22228.493,1427.44,370.558411,33065,20950.723,1512.201,364.394287,30535,18472.35,1524.391,368.518433,28541,16674.26,1468.174,367.798248,420.566101,416.361725,415.556763,405.282715,416.180695,415.543182,395.212372,376.241028,365.4534,265.631561,349.771362,230.93811,204.695679,173.964966,107.850243,150.175171,274.069427,325.332947,274.782684,274.931,275.291504,286.316528,304.988434,316.919403,325.838623,305.805908,265.707153,274.493225,305.312286,345.397583,305.655487,286.457581,274.21347,184.873444,322.577881,303.139984,186.845184,305.512054,328.430939,363.40567,407.987152,401.196869,394.467987,381.0224,380.438019,379.867401,384.668518,384.549774,395.856293,385.950653,385.669586,395.514923,395.485229,400.682007,380.104858,274.133698,149.759537,123.07415,177.042007,149.064499,323.057068,373.046783,400.647766,870.88899225,870.88899225,385.520355,369.515015,365.860565,376.598785,380.864655,379.582153,379.86911,373.876648,373.642792,369.91391,369.326294,373.662628,383.992096,373.973694,326.127716,149.995499,42.474854,42.568806,41.49173,40.896904,69.149445,139.643753,277.472015,349.931061,365.010651,373.718872,374.461548,370.56427,359.858154,355.869659,355.098816,349.729187,344.860901,320.499908,321.4263,329.257568,349.898285,349.266296,201.858536,154.317184,4.691199,0.0,8.397483,11.510437,8.536797,2.832244,211.176483,355.529236,373.272491,355.071198,353.447601,348.027374,305.151489,303.167572,222.068863
2024-06-12,6,3,0,2,28087,15980.217,1388.673,330.656342,26998,15440.07,1244.128,329.611206,26014,15421.92,1089.106,290.582214,25828,15390.6,958.384,278.6698,26110,15368.75,832.52,278.099487,27423,15603.254,1043.945,328.976074,28863,17423.986,2712.041,309.893799,30813,18156.223,5485.522,315.767883,33658,19060.93,8656.492,275.627777,35657,17968.155,11495.588,186.972382,36600,15132.756,13853.811,309.696167,34975,14917.088,15252.753,92.043457,35905,15404.266,15443.725,92.458099,35828,15684.502,14623.543,88.111038,35750,16140.047,12771.5,176.699341,35595,17988.165,9970.23,348.233093,35673,21660.741,6375.488,363.906464,34278,22223.136,3005.597,366.827698,33231,21329.748,1067.134,370.41098,34510,22030.683,1259.199,371.713745,34820,22446.611,1577.312,372.306641,33270,21072.044,1807.446,386.443146,31100,18324.205,1966.5,385.871735,29511,17101.789,2012.235,357.79541,350.871613,306.112762,325.957397,305.324066,325.274414,361.664948,350.147827,160.530655,55.813644,45.511349,86.188683,28.739479,29.12393,10.91779,30.761129,50.035362,73.273262,150.894531,150.000015,87.738075,66.666603,66.476204,130.000061,130.000015,381.928375,389.539032,370.306061,366.258331,365.945801,395.376038,365.43103,275.140808,199.254776,68.024582,203.047043,90.914978,110.911758,130.861786,107.403053,364.011078,384.865234,382.230621,391.620453,389.043518,382.648438,395.08493,399.991394,383.859497,420.566101,416.361725,415.556763,405.282715,416.180695,415.543182,395.212372,376.241028,365.4534,265.631561,349.771362,230.93811,204.695679,173.964966,107.850243,150.175171,274.069427,325.332947,274.782684,274.931,275.291504,286.316528,304.988434,316.919403,395.856293,385.950653,385.669586,395.514923,395.485229,400.682007,380.104858,274.133698,149.759537,123.07415,177.042007,149.064499,323.057068,373.046783,400.647766,870.88899225,870.88899225,385.520355,369.515015,365.860565,376.598785,380.864655,379.582153,379.86911,370.135315,370.241302,369.997803,373.985474,369.783722,374.38205,376.055206,380.812103,376.570404,374.471558,369.154572,344.727051,354.662048,355.138611,363.852295,372.746582,375.183899,374.239899,349.575836,343.698059,353.336151,311.236725,281.4729,245.146027
2024-06-13,6,4,0,2,28719,16427.746,1921.724,379.260223,27572,15566.64,1762.418,380.47049,26850,15351.22,1580.058,352.202148,26085,15299.266,1396.086,331.582733,26000,15293.56,1213.818,350.793945,26425,15522.522,1517.032,371.255554,27912,17510.78,3837.128,329.77359,31090,18579.022,7499.574,259.154724,33979,20083.274,11593.921,149.346725,35678,19170.568,14927.03,159.281235,36953,16310.79,17195.236,249.093002,35678,15897.458,18159.104,145.129929,36698,16327.48,18059.874,198.066879,36613,16548.356,17084.378,200.973038,36358,16701.93,14936.04,198.73642,36443,18142.198,11577.563,354.94693,36023,21772.57,7449.793,370.320068,34833,22114.737,3617.018,351.180847,33813,21172.147,1586.422,370.52832,35768,22088.91,1896.029,380.934784,36873,23283.601,2335.122,380.140076,35131,21459.93,2553.133,380.06897,32917,18694.12,2600.745,379.227417,31175,17662.39,2467.47,349.914581,325.838623,305.805908,265.707153,274.493225,305.312286,345.397583,305.655487,286.457581,274.21347,184.873444,322.577881,303.139984,186.845184,305.512054,328.430939,363.40567,407.987152,401.196869,394.467987,381.0224,380.438019,379.867401,384.668518,384.549774,785.999939,800.000122,792.000366,779.999878,769.078918,870.88899225,543.072021,382.95166,374.169067,369.616119,415.771759,371.490936,387.153107,399.476501,435.621552,505.267944,518.871155,583.375366,624.295959,749.829224,789.763855,782.619995,803.055603,768.853699,350.871613,306.112762,325.957397,305.324066,325.274414,361.664948,350.147827,160.530655,55.813644,45.511349,86.188683,28.739479,29.12393,10.91779,30.761129,50.035362,73.273262,150.894531,150.000015,87.738075,66.666603,66.476204,130.000061,130.000015,420.566101,416.361725,415.556763,405.282715,416.180695,415.543182,395.212372,376.241028,365.4534,265.631561,349.771362,230.93811,204.695679,173.964966,107.850243,150.175171,274.069427,325.332947,274.782684,274.931,275.291504,286.316528,304.988434,316.919403,360.006165,348.666504,332.187744,325.710876,333.314301,355.525787,355.468719,355.578369,368.529602,359.406342,359.657379,183.558807,118.364853,163.769791,273.075256,315.2724,303.866333,315.527588,348.570587,355.163635,365.063629,372.283813,354.542175,315.710663
2024-06-14,6,5,0,2,31587,15956.262,2542.538,541.608521,30256,14680.759,2217.439,555.067444,29305,14483.81,1871.634,562.195129,28624,14441.37,1574.901,541.865906,28557,14378.07,1330.666,547.568542,29332,14625.93,1616.337,559.346069,30565,15339.076,3693.21,434.266083,33078,16100.903,6830.136,385.7948,35805,17367.681,10177.871,386.100281,37493,16834.258,12826.512,374.937653,38667,14183.699,14599.509,390.737274,37390,14081.815,15246.889,368.07077,38596,14477.703,14985.322,390.426361,38466,14648.557,13687.619,395.128113,38244,14820.448,11498.133,449.93576,38072,14663.046,8907.836,549.294128,37775,18010.991,5793.493,549.020386,36133,20535.88,2895.169,513.821106,35420,19970.761,1233.809,513.97113,37107,20965.543,1180.987,541.082947,38349,21582.922,1340.438,564.966248,36730,19899.45,1375.527,558.407959,34308,16746.169,1375.343,549.612122,32224,16088.532,1317.128,501.346893,381.928375,389.539032,370.306061,366.258331,365.945801,395.376038,365.43103,275.140808,199.254776,68.024582,203.047043,90.914978,110.911758,130.861786,107.403053,364.011078,384.865234,382.230621,391.620453,389.043518,382.648438,395.08493,399.991394,383.859497,867.533569,799.697266,714.363281,649.580566,696.387451,751.38501,494.299683,394.844116,394.092896,365.557892,395.686249,398.729309,438.246338,412.764526,546.297058,726.606262,851.897644,768.332947,787.090698,786.20343,870.88899225,870.88899225,870.88899225,870.88899225,325.838623,305.805908,265.707153,274.493225,305.312286,345.397583,305.655487,286.457581,274.21347,184.873444,322.577881,303.139984,186.845184,305.512054,328.430939,363.40567,407.987152,401.196869,394.467987,381.0224,380.438019,379.867401,384.668518,384.549774,350.871613,306.112762,325.957397,305.324066,325.274414,361.664948,350.147827,160.530655,55.813644,45.511349,86.188683,28.739479,29.12393,10.91779,30.761129,50.035362,73.273262,150.894531,150.000015,87.738075,66.666603,66.476204,130.000061,130.000015,349.672699,342.861145,304.950562,305.955627,303.619537,352.541382,355.306152,173.075806,25.917019,5.555615,36.788921,8.733951,17.15028,17.732357,14.918705,162.419052,240.119568,225.853821,250.995605,245.772003,282.460205,306.620667,299.582062,338.980255
2024-06-15,6,6,1,2,33609,15224.918,1325.1,650.939514,32185,13993.568,1251.65,652.572449,31106,13753.498,1125.03,581.179688,30352,13691.368,981.74,539.243835,30246,13689.318,882.7,516.067505,30975,13911.676,1195.249,530.040833,31852,14467.343,3119.056,421.938965,34030,15408.42,5950.256,385.480316,36961,16537.024,8958.027,383.649628,38785,15833.16,11573.715,376.113403,40024,13370.93,13703.953,384.285858,39292,13440.749,14842.837,415.118683,40521,13930.079,15001.741,428.499847,40282,14191.522,14476.534,409.928101,40050,14525.479,12927.117,436.631622,39980,14291.948,10222.756,480.930603,39674,18124.039,6755.505,556.577881,37831,20469.581,3384.251,530.167786,37087,19618.832,1276.787,505.818115,38736,21235.036,1187.074,578.635559,39899,21427.167,1313.127,690.272339,38308,19963.241,1271.911,643.353455,35955,16625.279,1207.692,589.659851,34118,15610.282,1102.137,470.995483,785.999939,800.000122,792.000366,779.999878,769.078918,870.88899225,543.072021,382.95166,374.169067,369.616119,415.771759,371.490936,387.153107,399.476501,435.621552,505.267944,518.871155,583.375366,624.295959,749.829224,789.763855,782.619995,803.055603,768.853699,870.88899225,870.88899225,870.88899225,870.88899225,870.88899225,870.88899225,454.761414,383.287506,362.725433,341.457642,359.049072,354.81781,418.917877,466.25824,622.265625,534.626892,656.674316,573.273376,599.695923,575.646301,578.60437,605.963196,686.743042,527.968567,381.928375,389.539032,370.306061,366.258331,365.945801,395.376038,365.43103,275.140808,199.254776,68.024582,203.047043,90.914978,110.911758,130.861786,107.403053,364.011078,384.865234,382.230621,391.620453,389.043518,382.648438,395.08493,399.991394,383.859497,325.838623,305.805908,265.707153,274.493225,305.312286,345.397583,305.655487,286.457581,274.21347,184.873444,322.577881,303.139984,186.845184,305.512054,328.430939,363.40567,407.987152,401.196869,394.467987,381.0224,380.438019,379.867401,384.668518,384.549774,373.876648,373.642792,369.91391,369.326294,373.662628,383.992096,373.973694,326.127716,149.995499,42.474854,42.568806,41.49173,40.896904,69.149445,139.643753,277.472015,349.931061,365.010651,373.718872,374.461548,370.56427,359.858154,355.869659,355.098816
2024-06-16,6,7,1,2,35351,15353.331,993.649,694.593018,33766,13539.066,869.231,647.718323,32583,12417.561,762.962,687.140808,31655,12312.746,702.067,637.702576,31300,12287.81,705.942,579.686951,31649,12543.198,1239.494,561.678589,32301,14365.133,3887.613,416.306549,34288,15941.432,7868.593,378.366302,37707,17520.65,12005.397,361.879791,39698,17478.668,15202.482,363.212128,41567,15910.121,17259.713,386.240082,41283,15748.359,18047.998,368.777863,42645,16104.873,17883.467,401.966187,42517,16272.975,16765.326,416.150238,42220,15450.003,14493.934,454.511169,42196,15223.558,11239.638,474.843506,41904,18133.647,7195.573,526.080322,39942,19991.557,3514.843,470.913635,39129,19670.65,1376.491,487.271332,40876,20118.906,1267.141,590.027161,41973,21020.098,1366.926,683.845703,40551,19273.554,1409.987,680.811218,38241,16601.616,1399.112,638.258545,35883,16045.038,1336.733,502.385986,867.533569,799.697266,714.363281,649.580566,696.387451,751.38501,494.299683,394.844116,394.092896,365.557892,395.686249,398.729309,438.246338,412.764526,546.297058,726.606262,851.897644,768.332947,787.090698,786.20343,870.88899225,870.88899225,870.88899225,870.88899225,511.833923,502.007782,473.278564,457.689148,439.210449,430.20462,382.757538,363.014954,354.434906,342.958282,361.126831,362.16449,388.139771,437.902771,526.544495,529.603271,435.03363,410.702301,367.454254,362.440979,363.497864,346.903656,336.527893,334.202026,785.999939,800.000122,792.000366,779.999878,769.078918,870.88899225,543.072021,382.95166,374.169067,369.616119,415.771759,371.490936,387.153107,399.476501,435.621552,505.267944,518.871155,583.375366,624.295959,749.829224,789.763855,782.619995,803.055603,768.853699,381.928375,389.539032,370.306061,366.258331,365.945801,395.376038,365.43103,275.140808,199.254776,68.024582,203.047043,90.914978,110.911758,130.861786,107.403053,364.011078,384.865234,382.230621,391.620453,389.043518,382.648438,395.08493,399.991394,383.859497,395.856293,385.950653,385.669586,395.514923,395.485229,400.682007,380.104858,274.133698,149.759537,123.07415,177.042007,149.064499,323.057068,373.046783,400.647766,870.88899225,870.88899225,385.520355,369.515015,365.860565,376.598785,380.864655,379.582153,379.86911
2024-06-17,6,1,0,2,37405,16234.77,1374.927,475.780548,35802,15009.334,1233.995,475.646118,34421,14473.222,1110.268,460.37442,33430,14364.592,1022.758,445.511108,33000,14352.062,975.028,431.606537,33128,14520.116,1387.645,418.663666,33584,17837.287,3584.532,385.913422,35231,19058.46,6775.264,365.565002,38077,20178.667,10091.754,365.187347,40571,19128.626,12656.815,363.144867,42208,15518.166,14188.363,384.208557,41409,15016.496,14745.723,383.170624,42448,15359.546,14518.514,401.645966,42408,15479.935,13229.513,412.421631,42043,15598.293,11102.299,427.639771,42077,15419.125,8800.275,458.066101,41825,18217.098,6314.265,451.729156,39931,20511.384,4279.683,426.266724,39292,20599.189,3147.238,407.475006,41204,21206.312,3110.976,407.735962,42395,21437.2,3072.793,438.100922,40909,20288.242,2867.455,416.723724,38538,17502.12,2571.242,415.157562,36425,17175.313,2362.134,396.823883,870.88899225,870.88899225,870.88899225,870.88899225,870.88899225,870.88899225,454.761414,383.287506,362.725433,341.457642,359.049072,354.81781,418.917877,466.25824,622.265625,534.626892,656.674316,573.273376,599.695923,575.646301,578.60437,605.963196,686.743042,527.968567,357.765106,357.088776,369.37912,363.036774,362.296265,357.354614,339.90097,341.860321,343.155518,340.742126,350.302216,296.17395,335.277283,363.952545,361.96933,375.857452,383.057831,375.097504,365.000214,375.520172,373.300903,374.679535,374.65918,364.908813,867.533569,799.697266,714.363281,649.580566,696.387451,751.38501,494.299683,394.844116,394.092896,365.557892,395.686249,398.729309,438.246338,412.764526,546.297058,726.606262,851.897644,768.332947,787.090698,786.20343,870.88899225,870.88899225,870.88899225,870.88899225,785.999939,800.000122,792.000366,779.999878,769.078918,870.88899225,543.072021,382.95166,374.169067,369.616119,415.771759,371.490936,387.153107,399.476501,435.621552,505.267944,518.871155,583.375366,624.295959,749.829224,789.763855,782.619995,803.055603,768.853699,420.566101,416.361725,415.556763,405.282715,416.180695,415.543182,395.212372,376.241028,365.4534,265.631561,349.771362,230.93811,204.695679,173.964966,107.850243,150.175171,274.069427,325.332947,274.782684,274.931,275.291504,286.316528,304.988434,316.919403
2024-06-18,6,2,0,2,35130,17033.33,2906.62,414.014252,33609,15946.55,2665.877,413.717072,32402,14937.521,2497.044,412.320587,31641,14933.25,2497.386,402.397858,31500,14936.39,2553.618,402.680878,31887,15046.186,2884.338,400.23114,32719,18414.154,4420.978,372.301941,34996,19613.074,6623.415,371.222198,38753,20471.213,9023.03,382.599365,40616,20249.812,11162.841,378.016235,42578,17820.82,13053.231,404.875458,41471,17580.461,14203.569,397.704681,42909,18080.199,14301.451,412.542572,42675,18454.681,13628.263,390.886108,42359,17964.504,12112.842,392.038727,42361,17966.985,9664.409,419.526428,42047,20524.502,6471.413,429.638245,39611,22314.223,3408.328,420.020355,38558,22027.727,1492.775,430.713531,40377,22408.652,1358.861,442.928375,41991,23552.594,1435.455,464.759003,40424,22229.807,1436.81,462.220551,37769,19993.46,1401.883,449.328308,35533,19543.356,1309.234,415.590271,511.833923,502.007782,473.278564,457.689148,439.210449,430.20462,382.757538,363.014954,354.434906,342.958282,361.126831,362.16449,388.139771,437.902771,526.544495,529.603271,435.03363,410.702301,367.454254,362.440979,363.497864,346.903656,336.527893,334.202026,376.520935,395.979858,376.254364,375.965057,383.82373,383.90213,365.897644,364.035675,375.400299,361.073059,402.205109,394.298584,428.219482,442.539978,450.462677,461.886688,450.491852,407.812378,394.919067,408.211151,410.944946,374.799896,374.524078,364.888031,870.88899225,870.88899225,870.88899225,870.88899225,870.88899225,870.88899225,454.761414,383.287506,362.725433,341.457642,359.049072,354.81781,418.917877,466.25824,622.265625,534.626892,656.674316,573.273376,599.695923,575.646301,578.60437,605.963196,686.743042,527.968567,867.533569,799.697266,714.363281,649.580566,696.387451,751.38501,494.299683,394.844116,394.092896,365.557892,395.686249,398.729309,438.246338,412.764526,546.297058,726.606262,851.897644,768.332947,787.090698,786.20343,870.88899225,870.88899225,870.88899225,870.88899225,350.871613,306.112762,325.957397,305.324066,325.274414,361.664948,350.147827,160.530655,55.813644,45.511349,86.188683,28.739479,29.12393,10.91779,30.761129,50.035362,73.273262,150.894531,150.000015,87.738075,66.666603,66.476204,130.000061,130.000015
2024-06-19,6,3,0,2,34217,20115.488,1031.038,380.142456,32605,18856.49,973.28,380.264984,31357,17754.506,927.742,369.952209,30527,17212.346,901.976,369.46756,30300,17069.123,884.938,369.872955,30621,17054.807,1303.242,377.172516,31778,19292.937,3485.254,366.908295,33948,20931.22,6639.107,366.395081,37060,22077.888,9809.514,367.146515,38620,22909.936,12299.654,354.459747,39879,21683.511,13782.998,361.913727,38826,21515.323,14271.051,353.006531,39450,21733.146,13968.887,363.607361,39021,21879.414,12629.006,373.250275,38857,21139.801,10562.235,391.809875,38959,21622.006,8234.993,410.343231,38549,22144.606,5579.358,426.682861,36714,22195.422,3271.803,403.439178,35785,21788.909,1917.076,387.065979,37473,22121.286,1866.381,411.149628,38366,22785.315,1927.565,425.715637,36791,21663.595,1857.923,387.689606,35026,20520.695,1727.269,378.905853,32958,20048.358,1539.345,369.54715,357.765106,357.088776,369.37912,363.036774,362.296265,357.354614,339.90097,341.860321,343.155518,340.742126,350.302216,296.17395,335.277283,363.952545,361.96933,375.857452,383.057831,375.097504,365.000214,375.520172,373.300903,374.679535,374.65918,364.908813,395.339172,403.320648,395.262817,383.420807,383.387909,395.523956,383.847534,383.224976,414.039429,414.390259,440.032867,438.079712,454.369904,422.613892,405.89325,401.568359,409.235107,375.128052,383.150146,413.402313,432.09198,394.819916,365.07605,365.777496,511.833923,502.007782,473.278564,457.689148,439.210449,430.20462,382.757538,363.014954,354.434906,342.958282,361.126831,362.16449,388.139771,437.902771,526.544495,529.603271,435.03363,410.702301,367.454254,362.440979,363.497864,346.903656,336.527893,334.202026,870.88899225,870.88899225,870.88899225,870.88899225,870.88899225,870.88899225,454.761414,383.287506,362.725433,341.457642,359.049072,354.81781,418.917877,466.25824,622.265625,534.626892,656.674316,573.273376,599.695923,575.646301,578.60437,605.963196,686.743042,527.968567,325.838623,305.805908,265.707153,274.493225,305.312286,345.397583,305.655487,286.457581,274.21347,184.873444,322.577881,303.139984,186.845184,305.512054,328.430939,363.40567,407.987152,401.196869,394.467987,381.0224,380.438019,379.867401,384.668518,384.549774
2024-06-20,6,4,0,2,32584,21698.467,1181.792,400.328003,31206,20234.926,1073.002,409.950012,30130,19339.21,991.905,387.687408,29440,19115.86,939.216,379.737823,29382,19108.05,938.453,379.917633,30149,19246.366,1117.628,386.245758,31090,20254.716,2155.553,387.693634,33093,20435.062,3632.78,387.239288,35355,20964.883,5152.897,398.517792,36657,21371.105,6325.758,403.775269,37667,21315.658,7285.875,470.615051,36498,20822.235,7844.472,417.08902,37076,21288.213,7897.765,432.886627,36710,21680.408,7534.245,401.349792,36661,21394.454,6706.405,404.28244,36694,21888.341,5463.144,402.238129,36468,22530.149,3837.481,419.011963,34798,24703.557,2241.651,399.132935,34050,23949.31,1160.033,387.82193,35018,23797.0,1120.804,415.452087,35522,24239.12,1236.299,426.236908,33944,23216.824,1297.003,397.311646,31996,22587.96,1274.398,385.519836,30519,22367.599,1249.232,367.667419,376.520935,395.979858,376.254364,375.965057,383.82373,383.90213,365.897644,364.035675,375.400299,361.073059,402.205109,394.298584,428.219482,442.539978,450.462677,461.886688,450.491852,407.812378,394.919067,408.211151,410.944946,374.799896,374.524078,364.888031,404.749756,409.398499,403.632111,410.482147,411.633972,422.720032,414.58429,391.678253,395.412872,395.425446,708.295166,487.497467,423.093811,379.960327,384.598846,377.059692,377.510529,364.224091,375.548065,383.319427,407.28598,394.587585,362.908783,343.109467,357.765106,357.088776,369.37912,363.036774,362.296265,357.354614,339.90097,341.860321,343.155518,340.742126,350.302216,296.17395,335.277283,363.952545,361.96933,375.857452,383.057831,375.097504,365.000214,375.520172,373.300903,374.679535,374.65918,364.908813,511.833923,502.007782,473.278564,457.689148,439.210449,430.20462,382.757538,363.014954,354.434906,342.958282,361.126831,362.16449,388.139771,437.902771,526.544495,529.603271,435.03363,410.702301,367.454254,362.440979,363.497864,346.903656,336.527893,334.202026,381.928375,389.539032,370.306061,366.258331,365.945801,395.376038,365.43103,275.140808,199.254776,68.024582,203.047043,90.914978,110.911758,130.861786,107.403053,364.011078,384.865234,382.230621,391.620453,389.043518,382.648438,395.08493,399.991394,383.859497
2024-06-21,6,5,0,2,31299,22076.498,1260.61,422.892151,30215,20203.747,1174.352,432.53363,29469,20276.068,1079.556,416.833282,28825,20191.747,1014.789,420.975616,28794,20169.309,977.469,413.225037,29645,20312.434,1194.722,430.864777,30520,21297.646,2355.438,415.022705,32267,21308.001,3927.559,403.21637,34869,22121.314,5584.521,415.349731,36314,22737.149,6968.568,438.005676,37371,22817.358,8053.674,503.480652,36079,22485.444,8743.114,450.022919,36870,22759.147,8892.97,451.291107,36595,23172.503,8570.044,422.63559,36247,22786.597,7671.997,424.41925,36179,24252.199,6325.36,427.229218,35838,26057.177,4585.423,423.697479,34290,27504.773,2852.732,402.897339,33670,27572.181,1718.893,402.737946,34909,27643.201,1777.722,402.683502,35046,27780.274,1998.889,421.395538,33405,27089.466,2156.648,402.063019,31513,26123.209,2228.931,385.904755,29989,25711.302,2224.358,362.40506,395.339172,403.320648,395.262817,383.420807,383.387909,395.523956,383.847534,383.224976,414.039429,414.390259,440.032867,438.079712,454.369904,422.613892,405.89325,401.568359,409.235107,375.128052,383.150146,413.402313,432.09198,394.819916,365.07605,365.777496,403.944977,404.958771,395.07605,379.349792,371.664215,383.230255,365.015289,363.414581,374.572052,374.73819,375.583984,358.401764,367.906494,402.249084,430.422913,444.811279,478.373383,422.720001,392.035492,406.841888,455.303436,409.332672,400.032471,372.328308,376.520935,395.979858,376.254364,375.965057,383.82373,383.90213,365.897644,364.035675,375.400299,361.073059,402.205109,394.298584,428.219482,442.539978,450.462677,461.886688,450.491852,407.812378,394.919067,408.211151,410.944946,374.799896,374.524078,364.888031,357.765106,357.088776,369.37912,363.036774,362.296265,357.354614,339.90097,341.860321,343.155518,340.742126,350.302216,296.17395,335.277283,363.952545,361.96933,375.857452,383.057831,375.097504,365.000214,375.520172,373.300903,374.679535,374.65918,364.908813,785.999939,800.000122,792.000366,779.999878,769.078918,870.88899225,543.072021,382.95166,374.169067,369.616119,415.771759,371.490936,387.153107,399.476501,435.621552,505.267944,518.871155,583.375366,624.295959,749.829224,789.763855,782.619995,803.055603,768.853699
2024-06-22,6,6,1,2,32464,22330.642,2812.095,408.842865,31122,19517.372,2834.434,407.983795,30207,19447.512,2836.902,405.921112,29589,19446.502,2848.473,386.868591,29646,19432.502,2908.539,387.049561,30444,19507.836,3191.625,397.843201,31399,20786.748,4297.948,366.986176,33675,21295.796,5850.82,366.621338,36808,21796.786,7501.152,385.864624,38433,22098.032,8856.98,397.985962,39688,22002.115,9956.34,390.87854,38611,21733.138,10519.982,382.763092,39647,22218.407,10472.502,391.734619,39387,22570.047,9662.982,396.963013,39150,22463.67,8373.085,415.530182,38887,24043.229,6820.228,413.44574,38504,27892.922,5011.991,414.567963,36664,28066.47,3375.838,408.204803,35967,27616.008,2392.449,398.278198,37228,26713.21,2235.376,406.229797,37976,25908.488,2186.358,417.810211,36137,26003.797,2048.807,405.763184,33754,25093.068,1933.218,403.419952,31954,24676.198,1869.618,386.357269,404.749756,409.398499,403.632111,410.482147,411.633972,422.720032,414.58429,391.678253,395.412872,395.425446,708.295166,487.497467,423.093811,379.960327,384.598846,377.059692,377.510529,364.224091,375.548065,383.319427,407.28598,394.587585,362.908783,343.109467,409.062012,402.839172,402.166016,405.463135,405.472107,405.612701,392.847717,375.149567,374.98053,372.753113,385.951935,391.508575,399.601654,407.226746,414.39621,412.43042,383.794464,383.590302,375.521301,374.925842,375.446228,363.274323,363.294586,362.719666,395.339172,403.320648,395.262817,383.420807,383.387909,395.523956,383.847534,383.224976,414.039429,414.390259,440.032867,438.079712,454.369904,422.613892,405.89325,401.568359,409.235107,375.128052,383.150146,413.402313,432.09198,394.819916,365.07605,365.777496,376.520935,395.979858,376.254364,375.965057,383.82373,383.90213,365.897644,364.035675,375.400299,361.073059,402.205109,394.298584,428.219482,442.539978,450.462677,461.886688,450.491852,407.812378,394.919067,408.211151,410.944946,374.799896,374.524078,364.888031,867.533569,799.697266,714.363281,649.580566,696.387451,751.38501,494.299683,394.844116,394.092896,365.557892,395.686249,398.729309,438.246338,412.764526,546.297058,726.606262,851.897644,768.332947,787.090698,786.20343,870.88899225,870.88899225,870.88899225,870.88899225
2024-06-23,6,7,1,2,32131,21728.272,1817.164,419.682281,30832,20392.272,1773.567,415.262726,29848,19980.277,1727.447,407.89621,29157,19491.742,1646.389,407.057404,29058,19473.585,1551.291,414.501801,29883,19685.057,1660.091,414.982391,30877,20611.866,2437.852,399.071777,32368,21094.428,3731.823,379.439331,34576,21687.442,5221.441,386.649414,35983,22394.87,6491.466,413.119537,37020,23025.674,7757.924,436.804382,35747,22146.987,8669.999,411.654266,36896,22757.788,8940.068,417.905457,36500,23179.682,8851.218,401.016449,36306,22756.299,8206.924,411.791901,36469,23882.4,6836.462,414.679443,36430,26167.211,4960.51,418.081146,35040,25666.073,3093.536,414.440491,34450,25177.171,1915.799,414.903229,35506,25413.915,2012.019,419.194122,36183,25548.092,2260.862,431.707886,34614,24991.275,2312.817,423.758636,32731,23695.27,2380.003,423.534851,31281,23101.262,2354.353,400.536224,403.944977,404.958771,395.07605,379.349792,371.664215,383.230255,365.015289,363.414581,374.572052,374.73819,375.583984,358.401764,367.906494,402.249084,430.422913,444.811279,478.373383,422.720001,392.035492,406.841888,455.303436,409.332672,400.032471,372.328308,376.054749,364.039948,364.852264,363.995026,364.365265,376.076965,363.835114,355.886139,342.707092,350.265717,322.528564,236.532272,197.633713,102.024826,177.893143,288.973297,323.84314,323.677551,344.126892,342.950012,355.419861,354.702881,354.650543,344.338409,404.749756,409.398499,403.632111,410.482147,411.633972,422.720032,414.58429,391.678253,395.412872,395.425446,708.295166,487.497467,423.093811,379.960327,384.598846,377.059692,377.510529,364.224091,375.548065,383.319427,407.28598,394.587585,362.908783,343.109467,395.339172,403.320648,395.262817,383.420807,383.387909,395.523956,383.847534,383.224976,414.039429,414.390259,440.032867,438.079712,454.369904,422.613892,405.89325,401.568359,409.235107,375.128052,383.150146,413.402313,432.09198,394.819916,365.07605,365.777496,870.88899225,870.88899225,870.88899225,870.88899225,870.88899225,870.88899225,454.761414,383.287506,362.725433,341.457642,359.049072,354.81781,418.917877,466.25824,622.265625,534.626892,656.674316,573.273376,599.695923,575.646301,578.60437,605.963196,686.743042,527.968567
2024-06-24,6,1,0,2,32348,20474.256,2148.891,419.451599,31008,20392.805,1913.361,395.120178,29947,20118.348,1659.936,395.58017,29267,19402.816,1468.066,384.119965,29179,19318.556,1309.284,376.02533,29847,19418.932,1425.253,395.543182,30577,19968.709,2579.796,375.866058,32207,20963.385,4400.376,368.157776,34291,21983.442,6363.714,378.552979,35965,22875.077,8004.375,385.343445,37201,23230.02,9462.936,420.168365,36625,22993.964,10345.358,401.786469,37614,23470.961,10437.206,411.26532,37249,23775.015,9926.56,389.870026,36883,23060.932,8875.752,406.182983,36678,23723.203,7267.201,385.569855,36570,25605.376,5174.124,377.807648,35383,24819.427,3264.983,377.10675,34665,24433.176,2134.574,377.624451,35647,24820.076,2217.654,385.943817,36218,25410.839,2314.51,406.254669,34632,24637.322,2248.342,400.947968,32761,23041.251,2155.765,402.323395,31175,22403.946,2025.754,376.667084,409.062012,402.839172,402.166016,405.463135,405.472107,405.612701,392.847717,375.149567,374.98053,372.753113,385.951935,391.508575,399.601654,407.226746,414.39621,412.43042,383.794464,383.590302,375.521301,374.925842,375.446228,363.274323,363.294586,362.719666,395.292572,394.840271,374.839386,375.060883,375.092163,395.475006,368.574127,367.471558,421.618774,400.959106,384.200409,392.006683,397.936127,386.135712,377.231873,410.889313,377.902924,385.547668,378.354034,377.743347,378.603271,371.136719,370.798431,363.415436,403.944977,404.958771,395.07605,379.349792,371.664215,383.230255,365.015289,363.414581,374.572052,374.73819,375.583984,358.401764,367.906494,402.249084,430.422913,444.811279,478.373383,422.720001,392.035492,406.841888,455.303436,409.332672,400.032471,372.328308,404.749756,409.398499,403.632111,410.482147,411.633972,422.720032,414.58429,391.678253,395.412872,395.425446,708.295166,487.497467,423.093811,379.960327,384.598846,377.059692,377.510529,364.224091,375.548065,383.319427,407.28598,394.587585,362.908783,343.109467,511.833923,502.007782,473.278564,457.689148,439.210449,430.20462,382.757538,363.014954,354.434906,342.958282,361.126831,362.16449,388.139771,437.902771,526.544495,529.603271,435.03363,410.702301,367.454254,362.440979,363.497864,346.903656,336.527893,334.202026
2024-06-25,6,2,0,2,31265,20273.324,1838.714,399.80954,30095,19242.439,1596.461,408.125366,29192,18810.604,1316.654,415.388062,28558,18846.934,1101.315,395.277832,28569,18750.984,985.34,407.478729,29728,19233.254,1123.683,411.953491,30792,20174.367,2002.564,387.758209,32635,20871.882,3235.064,386.632629,35220,21366.357,4522.783,402.504333,37108,22263.933,5617.07,424.434875,37861,22714.918,6484.566,436.208527,36971,22546.896,7009.322,411.172913,37835,23213.346,7047.979,451.996368,37078,22654.715,6667.412,416.146362,36665,22317.329,5923.474,413.08017,36403,23543.131,4883.45,422.151245,36420,24969.422,3613.623,409.380341,35306,24436.352,2339.852,403.152832,34447,24089.462,1488.467,389.322174,35527,24273.164,1506.722,368.971649,36327,24457.915,1622.986,373.298157,34578,23413.614,1682.668,384.381439,32448,22359.144,1692.856,355.953461,30760,21955.794,1594.542,366.676147,376.054749,364.039948,364.852264,363.995026,364.365265,376.076965,363.835114,355.886139,342.707092,350.265717,322.528564,236.532272,197.633713,102.024826,177.893143,288.973297,323.84314,323.677551,344.126892,342.950012,355.419861,354.702881,354.650543,344.338409,373.050385,372.293457,371.567535,371.897095,371.976105,374.225433,357.665802,346.775848,345.09433,354.020935,335.282501,73.535469,102.201454,98.986183,296.690613,356.619446,357.340393,357.036652,347.244385,346.883484,347.627838,350.807343,351.323517,351.582092,409.062012,402.839172,402.166016,405.463135,405.472107,405.612701,392.847717,375.149567,374.98053,372.753113,385.951935,391.508575,399.601654,407.226746,414.39621,412.43042,383.794464,383.590302,375.521301,374.925842,375.446228,363.274323,363.294586,362.719666,403.944977,404.958771,395.07605,379.349792,371.664215,383.230255,365.015289,363.414581,374.572052,374.73819,375.583984,358.401764,367.906494,402.249084,430.422913,444.811279,478.373383,422.720001,392.035492,406.841888,455.303436,409.332672,400.032471,372.328308,357.765106,357.088776,369.37912,363.036774,362.296265,357.354614,339.90097,341.860321,343.155518,340.742126,350.302216,296.17395,335.277283,363.952545,361.96933,375.857452,383.057831,375.097504,365.000214,375.520172,373.300903,374.679535,374.65918,364.908813
2024-06-26,6,3,0,2,32505,21374.287,1073.862,382.360687,31215,19545.579,1043.164,381.180328,30249,19329.594,999.904,380.637299,29638,18789.444,1001.689,382.339203,29608,18875.592,1045.41,382.186584,30387,19055.275,1320.243,393.433777,31295,19911.906,2659.582,383.343628,33192,20538.173,4675.398,374.365967,35817,21513.63,6794.393,363.13028,37306,22121.228,8466.421,362.325745,38348,22823.863,9736.327,374.259674,37250,23063.648,10426.854,345.059296,37988,23042.848,10487.511,351.199615,37529,22587.667,10120.515,354.823547,37461,22177.449,9145.989,356.276978,37541,21722.201,7456.378,370.57309,37430,21923.794,5208.423,372.251434,35836,21549.751,2982.048,375.314728,35237,21187.215,1507.982,366.355927,36306,22390.614,1413.418,371.354553,36768,21769.479,1433.017,370.281097,34941,21618.629,1347.881,367.897614,32940,20351.404,1237.287,366.415009,31674,19865.494,1077.287,371.10553,395.292572,394.840271,374.839386,375.060883,375.092163,395.475006,368.574127,367.471558,421.618774,400.959106,384.200409,392.006683,397.936127,386.135712,377.231873,410.889313,377.902924,385.547668,378.354034,377.743347,378.603271,371.136719,370.798431,363.415436,384.652191,383.840576,384.061768,384.094727,384.367035,395.030212,387.213867,387.039368,366.873932,341.516663,372.383514,380.031769,413.661163,406.080109,391.725677,386.88623,396.927887,387.045349,393.712952,394.977661,395.421417,375.926544,374.176788,374.496582,376.054749,364.039948,364.852264,363.995026,364.365265,376.076965,363.835114,355.886139,342.707092,350.265717,322.528564,236.532272,197.633713,102.024826,177.893143,288.973297,323.84314,323.677551,344.126892,342.950012,355.419861,354.702881,354.650543,344.338409,409.062012,402.839172,402.166016,405.463135,405.472107,405.612701,392.847717,375.149567,374.98053,372.753113,385.951935,391.508575,399.601654,407.226746,414.39621,412.43042,383.794464,383.590302,375.521301,374.925842,375.446228,363.274323,363.294586,362.719666,376.520935,395.979858,376.254364,375.965057,383.82373,383.90213,365.897644,364.035675,375.400299,361.073059,402.205109,394.298584,428.219482,442.539978,450.462677,461.886688,450.491852,407.812378,394.919067,408.211151,410.944946,374.799896,374.524078,364.888031
2024-06-27,6,4,0,2,30218,23777.878,905.186,402.753662,29124,23730.018,700.131,392.578369,28420,23714.928,548.757,388.303894,28000,23717.041,472.331,387.476135,28242,23720.658,465.717,400.055939,29407,23825.407,802.089,408.273621,30342,24317.51,2535.109,378.913727,32481,25289.108,5111.677,392.495819,35264,26081.65,7728.557,392.279327,37117,26763.329,9765.899,377.533936,37996,27205.251,10983.931,385.935608,36534,27356.957,11460.593,376.235687,37515,27228.149,11243.742,375.530396,37096,26876.573,10023.209,377.488556,37081,26960.206,8290.616,396.43692,37039,27277.798,6412.428,416.309875,36761,27255.823,4256.229,434.900543,34982,26325.679,2347.498,410.729889,34342,25584.609,1146.986,411.056152,35344,26151.215,1087.604,416.984406,35818,27293.271,1205.396,420.309143,33997,26217.078,1266.867,409.893433,31745,24718.148,1302.729,416.005371,30088,24075.605,1265.44,401.850586,373.050385,372.293457,371.567535,371.897095,371.976105,374.225433,357.665802,346.775848,345.09433,354.020935,335.282501,73.535469,102.201454,98.986183,296.690613,356.619446,357.340393,357.036652,347.244385,346.883484,347.627838,350.807343,351.323517,351.582092,59.054287,59.023514,58.445187,57.999817,93.433594,94.75383,53.508167,48.593925,46.800632,94.321678,38.898266,19.646545,44.572269,49.695133,58.545109,44.680359,47.820911,47.430626,52.60463,55.95472,57.865154,45.250671,55.466343,34.230843,395.292572,394.840271,374.839386,375.060883,375.092163,395.475006,368.574127,367.471558,421.618774,400.959106,384.200409,392.006683,397.936127,386.135712,377.231873,410.889313,377.902924,385.547668,378.354034,377.743347,378.603271,371.136719,370.798431,363.415436,376.054749,364.039948,364.852264,363.995026,364.365265,376.076965,363.835114,355.886139,342.707092,350.265717,322.528564,236.532272,197.633713,102.024826,177.893143,288.973297,323.84314,323.677551,344.126892,342.950012,355.419861,354.702881,354.650543,344.338409,395.339172,403.320648,395.262817,383.420807,383.387909,395.523956,383.847534,383.224976,414.039429,414.390259,440.032867,438.079712,454.369904,422.613892,405.89325,401.568359,409.235107,375.128052,383.150146,413.402313,432.09198,394.819916,365.07605,365.777496
2024-06-28,6,5,0,2,30453,23731.532,1410.619,109.702194,29290,23713.522,1299.099,103.643265,28451,23637.772,1149.768,103.593025,27939,23641.532,996.015,89.764931,28111,23610.332,866.013,151.710434,29287,23686.394,940.615,185.306702,30508,24093.467,1803.048,94.17675,32391,24784.894,3204.76,95.045097,34927,25349.948,4765.367,100.219894,36178,25996.531,6072.216,186.62355,36900,27288.519,7145.175,206.000732,35506,26584.41,7881.107,132.221542,36050,26657.812,8174.247,135.810898,35421,26997.314,8073.602,134.540024,35213,27118.532,7472.504,91.149063,35081,27282.961,6445.679,111.899994,34819,26533.603,4964.021,155.365814,33220,26061.52,3339.15,138.993149,32563,25290.305,2193.504,147.289734,33284,25953.812,2181.998,147.221832,33153,27162.209,2272.98,98.877922,31114,26294.407,2264.842,80.194664,29341,24320.922,2211.011,97.410934,28184,23981.535,2125.931,63.041866,384.652191,383.840576,384.061768,384.094727,384.367035,395.030212,387.213867,387.039368,366.873932,341.516663,372.383514,380.031769,413.661163,406.080109,391.725677,386.88623,396.927887,387.045349,393.712952,394.977661,395.421417,375.926544,374.176788,374.496582,116.06,97.62,81.58,61.96,70.35,98.04,71.59,116.84,381.38,394.91,382.11,387.44,373.86,318.29,343.54,115.62,106.15,317.7,222.96,320.5,318.53,117.93,223.73,70.78,373.050385,372.293457,371.567535,371.897095,371.976105,374.225433,357.665802,346.775848,345.09433,354.020935,335.282501,73.535469,102.201454,98.986183,296.690613,356.619446,357.340393,357.036652,347.244385,346.883484,347.627838,350.807343,351.323517,351.582092,395.292572,394.840271,374.839386,375.060883,375.092163,395.475006,368.574127,367.471558,421.618774,400.959106,384.200409,392.006683,397.936127,386.135712,377.231873,410.889313,377.902924,385.547668,378.354034,377.743347,378.603271,371.136719,370.798431,363.415436,404.749756,409.398499,403.632111,410.482147,411.633972,422.720032,414.58429,391.678253,395.412872,395.425446,708.295166,487.497467,423.093811,379.960327,384.598846,377.059692,377.510529,364.224091,375.548065,383.319427,407.28598,394.587585,362.908783,343.109467
2024-06-29,6,6,1,2,28619,21139.4,2367.002,118.09478,27657,21098.47,2275.303,97.050758,26959,20992.24,2219.01,72.247543,26615,20964.66,2244.287,68.499634,26903,20884.69,2276.926,75.542664,28154,21103.399,2497.02,126.243301,29265,21297.999,3160.984,89.687737,31075,21676.597,3910.082,109.77597,33406,22561.717,4668.866,141.850845,34395,23230.811,5262.474,168.749664,34979,24106.057,5795.791,243.490128,33435,22639.752,6205.037,165.551712,33988,22811.534,6335.036,229.736679,33874,22644.292,6298.634,216.324356,33648,22350.201,6069.662,126.674301,33739,22897.499,5639.549,115.719597,33841,23448.549,5053.307,88.789337,32529,22663.307,4473.184,124.655952,31838,22449.034,4091.87,89.586739,32609,22851.93,4107.658,122.893166,32765,23310.01,4163.584,122.771164,30880,22777.4,4126.714,74.77243,29265,21363.45,4058.708,71.632767,27791,21110.38,4021.784,43.000011,59.054287,59.023514,58.445187,57.999817,93.433594,94.75383,53.508167,48.593925,46.800632,94.321678,38.898266,19.646545,44.572269,49.695133,58.545109,44.680359,47.820911,47.430626,52.60463,55.95472,57.865154,45.250671,55.466343,34.230843,65.655571,50.146179,49.750183,50.691608,48.691227,47.893436,46.197643,41.3503,28.772728,43.981342,64.051323,27.726593,38.885651,46.607658,37.882755,45.58075,46.85236,90.83712,218.165543,206.893097,245.872604,101.976486,51.811859,48.141457,384.652191,383.840576,384.061768,384.094727,384.367035,395.030212,387.213867,387.039368,366.873932,341.516663,372.383514,380.031769,413.661163,406.080109,391.725677,386.88623,396.927887,387.045349,393.712952,394.977661,395.421417,375.926544,374.176788,374.496582,373.050385,372.293457,371.567535,371.897095,371.976105,374.225433,357.665802,346.775848,345.09433,354.020935,335.282501,73.535469,102.201454,98.986183,296.690613,356.619446,357.340393,357.036652,347.244385,346.883484,347.627838,350.807343,351.323517,351.582092,403.944977,404.958771,395.07605,379.349792,371.664215,383.230255,365.015289,363.414581,374.572052,374.73819,375.583984,358.401764,367.906494,402.249084,430.422913,444.811279,478.373383,422.720001,392.035492,406.841888,455.303436,409.332672,400.032471,372.328308
2024-06-30,6,7,1,2,27836,19421.536,2679.976,52.363861,26874,18821.376,2653.655,52.016235,26205,18336.796,2611.789,52.575485,25800,17884.296,2586.464,52.346519,26057,18322.286,2570.991,48.884621,27174,18891.102,2676.045,51.999462,28047,19109.142,3276.039,49.30851,29622,19520.38,4243.37,32.713959,31537,20761.27,5402.206,46.955467,32927,21687.523,6465.75,49.330791,33765,22465.742,7439.107,66.931755,32620,21479.508,8124.005,45.702259,33186,21194.033,8334.3,52.17968,32987,21216.006,8260.492,48.498466,32965,21164.232,7688.487,51.664856,33053,22016.802,6629.453,69.758186,33092,22304.38,5144.207,83.247292,31989,21820.153,3587.972,51.054417,31344,20989.144,2474.906,99.852188,32303,21470.69,2464.985,134.833221,32617,21841.996,2574.054,163.447296,30904,20742.779,2577.854,52.788124,28907,19467.579,2509.862,48.113564,27562,19384.09,2393.348,48.253342,116.06,97.62,81.58,61.96,70.35,98.04,71.59,116.84,381.38,394.91,382.11,387.44,373.86,318.29,343.54,115.62,106.15,317.7,222.96,320.5,318.53,117.93,223.73,70.78,87.212418,67.494431,49.539303,48.192184,48.998661,59.000847,47.368244,25.782784,6.108815,25.233217,24.614782,5.079686,4.812811,4.628664,4.36656,0.48704,23.72209,42.777122,164.510468,87.304512,104.181641,222.700058,116.242722,101.880997,59.054287,59.023514,58.445187,57.999817,93.433594,94.75383,53.508167,48.593925,46.800632,94.321678,38.898266,19.646545,44.572269,49.695133,58.545109,44.680359,47.820911,47.430626,52.60463,55.95472,57.865154,45.250671,55.466343,34.230843,384.652191,383.840576,384.061768,384.094727,384.367035,395.030212,387.213867,387.039368,366.873932,341.516663,372.383514,380.031769,413.661163,406.080109,391.725677,386.88623,396.927887,387.045349,393.712952,394.977661,395.421417,375.926544,374.176788,374.496582,409.062012,402.839172,402.166016,405.463135,405.472107,405.612701,392.847717,375.149567,374.98053,372.753113,385.951935,391.508575,399.601654,407.226746,414.39621,412.43042,383.794464,383.590302,375.521301,374.925842,375.446228,363.274323,363.294586,362.719666
2024-07-01,7,1,0,3,28014,18407.782,1994.264,68.465904,26974,17635.662,1905.633,63.780239,26296,17606.202,1808.51,52.18784,25780,17247.712,1723.063,50.985271,25930,17241.112,1588.299,51.364029,26835,17640.347,1725.734,53.884262,28008,17864.923,3094.662,51.480995,30172,19842.864,5287.267,29.684008,32130,22194.446,7751.537,29.978792,33722,22914.591,9851.498,47.0172,34800,22789.301,11660.872,62.99593,34051,21336.604,12659.071,62.187794,34883,21012.081,12784.017,61.673016,34704,21323.752,12245.446,47.369976,34454,20804.977,10946.866,47.757454,34466,20661.758,9060.936,63.662659,34478,21525.888,6491.374,49.433426,33321,23786.122,3980.839,50.372002,32637,23224.72,2371.976,95.270699,33973,23706.392,2282.01,88.212845,34774,24430.652,2359.732,84.170189,33044,23439.002,2332.847,117.038971,30597,22095.899,2305.002,86.509872,28916,21375.432,2230.243,73.456406,65.655571,50.146179,49.750183,50.691608,48.691227,47.893436,46.197643,41.3503,28.772728,43.981342,64.051323,27.726593,38.885651,46.607658,37.882755,45.58075,46.85236,90.83712,218.165543,206.893097,245.872604,101.976486,51.811859,48.141457,418.846893,411.368774,406.062073,401.338409,402.506409,410.633759,373.191284,362.845764,405.775024,434.895599,685.55835,870.88899225,870.88899225,870.88899225,870.88899225,453.601929,399.449066,382.521667,367.008392,367.259216,345.547943,228.817093,322.997314,290.891632,116.06,97.62,81.58,61.96,70.35,98.04,71.59,116.84,381.38,394.91,382.11,387.44,373.86,318.29,343.54,115.62,106.15,317.7,222.96,320.5,318.53,117.93,223.73,70.78,59.054287,59.023514,58.445187,57.999817,93.433594,94.75383,53.508167,48.593925,46.800632,94.321678,38.898266,19.646545,44.572269,49.695133,58.545109,44.680359,47.820911,47.430626,52.60463,55.95472,57.865154,45.250671,55.466343,34.230843,376.054749,364.039948,364.852264,363.995026,364.365265,376.076965,363.835114,355.886139,342.707092,350.265717,322.528564,236.532272,197.633713,102.024826,177.893143,288.973297,323.84314,323.677551,344.126892,342.950012,355.419861,354.702881,354.650543,344.338409
2024-07-02,7,2,0,3,28685,19333.42,1581.18,383.824127,27599,19203.14,1386.163,382.890167,26843,19222.85,1164.006,374.606995,26427,19122.79,989.093,373.937622,26581,19118.66,857.689,383.175293,27640,19178.549,1009.507,383.431549,28877,19945.018,2386.136,372.550781,31039,20926.939,4352.298,368.218414,33635,21556.233,6355.173,395.941315,34839,22094.556,8068.714,393.363983,35824,21812.343,9249.619,411.691589,34579,21380.464,9720.542,408.860321,35926,21826.435,9585.274,408.830048,35665,22109.488,8752.476,396.529419,35667,21772.598,7356.909,400.246674,35746,22222.858,5856.543,400.444519,35659,22120.8,4035.067,386.086761,34081,21605.759,2341.782,381.703461,33361,21304.905,1227.921,381.170624,34690,21818.99,1125.082,379.878693,35373,22154.769,1119.607,377.72226,33623,21300.914,1065.25,368.267548,31309,19800.429,1064.629,368.529877,29511,19312.43,1059.326,369.440491,87.212418,67.494431,49.539303,48.192184,48.998661,59.000847,47.368244,25.782784,6.108815,25.233217,24.614782,5.079686,4.812811,4.628664,4.36656,0.48704,23.72209,42.777122,164.510468,87.304512,104.181641,222.700058,116.242722,101.880997,324.131622,363.47818,323.989349,323.735962,323.964569,363.608917,324.393555,323.92215,363.202576,213.423782,312.104279,120.256592,172.206436,126.980736,210.208191,339.172516,362.772339,384.830688,408.636108,402.388153,380.749786,363.940369,363.528412,323.897156,65.655571,50.146179,49.750183,50.691608,48.691227,47.893436,46.197643,41.3503,28.772728,43.981342,64.051323,27.726593,38.885651,46.607658,37.882755,45.58075,46.85236,90.83712,218.165543,206.893097,245.872604,101.976486,51.811859,48.141457,116.06,97.62,81.58,61.96,70.35,98.04,71.59,116.84,381.38,394.91,382.11,387.44,373.86,318.29,343.54,115.62,106.15,317.7,222.96,320.5,318.53,117.93,223.73,70.78,395.292572,394.840271,374.839386,375.060883,375.092163,395.475006,368.574127,367.471558,421.618774,400.959106,384.200409,392.006683,397.936127,386.135712,377.231873,410.889313,377.902924,385.547668,378.354034,377.743347,378.603271,371.136719,370.798431,363.415436
2024-07-03,7,3,0,3,28947,19082.825,1966.777,383.776764,27934,18003.42,1927.101,383.095184,27261,17899.222,1918.582,374.524933,26866,17370.142,1919.42,365.888763,27075,17028.489,1885.711,372.398682,28189,18176.204,1983.428,383.564148,29396,19551.682,3228.268,366.209381,31462,20643.152,5283.546,367.319183,34077,21519.845,7621.537,407.06073,35517,22343.64,9582.981,390.465851,36523,22562.464,11086.79,464.572266,35492,22957.868,11904.755,401.16333,36275,22905.604,11922.819,432.120758,36136,22647.53,11203.841,390.867981,36290,22305.75,9781.725,425.449127,36463,22761.384,7768.41,429.788788,36459,23188.371,5214.448,423.243652,35017,21897.303,2813.733,416.273132,34349,21856.771,1356.154,404.073853,35565,21946.952,1334.5,424.782959,36419,22540.306,1519.027,454.159912,34759,21809.074,1631.495,415.416595,32524,20337.092,1720.162,408.18573,30937,19551.479,1772.093,386.618408,418.846893,411.368774,406.062073,401.338409,402.506409,410.633759,373.191284,362.845764,405.775024,434.895599,685.55835,870.88899225,870.88899225,870.88899225,870.88899225,453.601929,399.449066,382.521667,367.008392,367.259216,345.547943,228.817093,322.997314,290.891632,364.377563,364.462494,364.411469,363.601471,363.942413,364.082581,324.275146,67.100533,323.763428,151.172943,145.952881,94.074303,174.864853,341.889618,384.168091,382.072479,405.229279,405.043182,399.40979,379.909241,366.759094,328.834656,323.43103,290.5784,87.212418,67.494431,49.539303,48.192184,48.998661,59.000847,47.368244,25.782784,6.108815,25.233217,24.614782,5.079686,4.812811,4.628664,4.36656,0.48704,23.72209,42.777122,164.510468,87.304512,104.181641,222.700058,116.242722,101.880997,65.655571,50.146179,49.750183,50.691608,48.691227,47.893436,46.197643,41.3503,28.772728,43.981342,64.051323,27.726593,38.885651,46.607658,37.882755,45.58075,46.85236,90.83712,218.165543,206.893097,245.872604,101.976486,51.811859,48.141457,373.050385,372.293457,371.567535,371.897095,371.976105,374.225433,357.665802,346.775848,345.09433,354.020935,335.282501,73.535469,102.201454,98.986183,296.690613,356.619446,357.340393,357.036652,347.244385,346.883484,347.627838,350.807343,351.323517,351.582092
2024-07-04,7,4,0,3,31256,20048.321,1747.104,419.151093,30017,19330.304,1746.842,417.133148,29197,19135.174,1749.411,389.047424,28645,19136.658,1760.598,383.988403,28759,19128.898,1769.343,376.337341,29649,19214.296,1992.841,385.374115,30771,19487.681,3406.293,367.833832,33133,20004.68,5394.63,367.983002,36260,20827.74,7341.557,385.701935,37782,21545.606,8925.132,375.838562,38899,21998.754,10149.843,404.037292,37673,21277.785,10920.99,385.25824,38484,22041.892,10967.067,395.918793,37945,21766.856,10277.189,400.174957,37723,21536.703,9040.206,407.33783,37438,21686.889,7606.933,411.078583,37075,22114.167,6049.208,408.431885,35268,21406.502,4598.914,405.189362,34585,21016.192,3887.34,404.807709,36560,21692.205,4165.76,406.219727,37481,21928.414,4559.49,405.173706,35651,20826.788,4902.255,391.875549,33338,20393.548,5087.444,374.566284,31487,20164.558,5213.136,364.698578,324.131622,363.47818,323.989349,323.735962,323.964569,363.608917,324.393555,323.92215,363.202576,213.423782,312.104279,120.256592,172.206436,126.980736,210.208191,339.172516,362.772339,384.830688,408.636108,402.388153,380.749786,363.940369,363.528412,323.897156,324.733154,364.41272,364.574799,364.127411,364.015686,364.016998,363.412384,363.828888,383.809723,370.268158,380.706482,349.402832,366.315399,358.563416,348.443085,365.361053,360.843048,369.186127,372.022827,387.666534,369.234253,376.273804,367.962463,324.144562,418.846893,411.368774,406.062073,401.338409,402.506409,410.633759,373.191284,362.845764,405.775024,434.895599,685.55835,870.88899225,870.88899225,870.88899225,870.88899225,453.601929,399.449066,382.521667,367.008392,367.259216,345.547943,228.817093,322.997314,290.891632,87.212418,67.494431,49.539303,48.192184,48.998661,59.000847,47.368244,25.782784,6.108815,25.233217,24.614782,5.079686,4.812811,4.628664,4.36656,0.48704,23.72209,42.777122,164.510468,87.304512,104.181641,222.700058,116.242722,101.880997,384.652191,383.840576,384.061768,384.094727,384.367035,395.030212,387.213867,387.039368,366.873932,341.516663,372.383514,380.031769,413.661163,406.080109,391.725677,386.88623,396.927887,387.045349,393.712952,394.977661,395.421417,375.926544,374.176788,374.496582
2024-07-05,7,5,0,3,31511,20616.998,4857.695,368.299713,30338,20036.308,4974.685,367.257813,29515,20092.468,5070.846,367.404724,28989,20087.288,5159.812,326.768677,29032,20098.728,5263.349,326.667786,29923,20182.193,5595.396,338.441162,31150,20535.83,7173.938,327.900482,33523,20923.738,9528.934,327.438385,36615,21658.076,11928.9,365.886078,38434,21467.378,13891.969,338.952118,39752,21588.504,15287.62,356.576508,39026,21264.528,15937.83,255.457367,40072,21799.298,15907.692,372.450043,39660,22277.57,15205.192,356.528809,39668,22476.228,13625.243,376.106201,39597,22666.693,11494.691,394.158295,39416,23046.347,8974.406,372.490356,37651,23133.248,6741.758,373.992096,36979,22860.778,5284.312,389.597504,38419,23467.098,5248.953,400.629364,39403,24107.198,5464.427,420.905792,37576,22346.738,5610.762,403.497711,34980,21250.388,5673.244,377.862579,32969,20760.248,5711.838,367.96106,364.377563,364.462494,364.411469,363.601471,363.942413,364.082581,324.275146,67.100533,323.763428,151.172943,145.952881,94.074303,174.864853,341.889618,384.168091,382.072479,405.229279,405.043182,399.40979,379.909241,366.759094,328.834656,323.43103,290.5784,363.523285,328.474152,325.430206,324.806793,324.794586,325.099426,324.249481,121.843803,105.08123,104.004364,116.235527,88.41349,120.138367,153.634155,196.073364,333.77475,349.519318,273.122711,331.055603,347.19577,343.31015,345.587311,357.686371,330.941803,324.131622,363.47818,323.989349,323.735962,323.964569,363.608917,324.393555,323.92215,363.202576,213.423782,312.104279,120.256592,172.206436,126.980736,210.208191,339.172516,362.772339,384.830688,408.636108,402.388153,380.749786,363.940369,363.528412,323.897156,418.846893,411.368774,406.062073,401.338409,402.506409,410.633759,373.191284,362.845764,405.775024,434.895599,685.55835,870.88899225,870.88899225,870.88899225,870.88899225,453.601929,399.449066,382.521667,367.008392,367.259216,345.547943,228.817093,322.997314,290.891632,59.054287,59.023514,58.445187,57.999817,93.433594,94.75383,53.508167,48.593925,46.800632,94.321678,38.898266,19.646545,44.572269,49.695133,58.545109,44.680359,47.820911,47.430626,52.60463,55.95472,57.865154,45.250671,55.466343,34.230843
2024-07-06,7,6,1,3,33654,22189.183,5961.47,351.558105,32584,21076.996,5955.663,369.002563,31514,20745.621,5980.709,328.811432,30979,20726.589,6011.215,328.823029,30820,20714.736,6021.615,328.187408,31471,20851.668,6387.657,327.482758,32413,19947.901,8655.978,288.592834,34917,21102.917,12196.706,325.963593,38349,22518.007,16043.745,130.067429,40371,23403.735,19163.04,143.93248,42083,23831.316,21150.413,163.044373,41712,23648.676,22058.729,146.141922,42933,25054.586,21979.526,175.711975,42615,25251.872,20847.737,172.747681,42578,24709.402,18694.408,194.70163,42559,24571.641,15669.295,166.947205,42136,25992.593,11762.564,233.046982,40039,25774.693,8214.349,259.508209,39323,25582.89,6108.794,274.886169,40787,25984.03,5936.22,344.603333,41672,26312.12,6073.045,359.463531,40070,24911.89,6131.753,362.316467,38059,24028.362,6174.142,361.976105,36337,23151.261,6159.125,336.411926,324.733154,364.41272,364.574799,364.127411,364.015686,364.016998,363.412384,363.828888,383.809723,370.268158,380.706482,349.402832,366.315399,358.563416,348.443085,365.361053,360.843048,369.186127,372.022827,387.666534,369.234253,376.273804,367.962463,324.144562,343.467194,340.130127,331.45282,339.198456,329.275909,328.691101,325.2034,229.98204,299.723999,68.675636,69.306396,118.771362,115.489998,153.306458,94.990547,48.18108,298.243195,358.88089,361.167542,361.453003,390.764709,406.211212,349.613953,233.535828,364.377563,364.462494,364.411469,363.601471,363.942413,364.082581,324.275146,67.100533,323.763428,151.172943,145.952881,94.074303,174.864853,341.889618,384.168091,382.072479,405.229279,405.043182,399.40979,379.909241,366.759094,328.834656,323.43103,290.5784,324.131622,363.47818,323.989349,323.735962,323.964569,363.608917,324.393555,323.92215,363.202576,213.423782,312.104279,120.256592,172.206436,126.980736,210.208191,339.172516,362.772339,384.830688,408.636108,402.388153,380.749786,363.940369,363.528412,323.897156,116.06,97.62,81.58,61.96,70.35,98.04,71.59,116.84,381.38,394.91,382.11,387.44,373.86,318.29,343.54,115.62,106.15,317.7,222.96,320.5,318.53,117.93,223.73,70.78
2024-07-07,7,7,1,3,36856,27734.413,5713.717,372.065002,35214,27118.143,5456.186,356.67514,33940,26509.805,5208.882,331.656189,32942,26258.399,4982.249,333.522888,32500,26245.455,4746.616,334.535461,32559,26339.775,4888.099,327.483521,33251,26574.649,7077.255,78.913277,35471,26550.797,10693.767,160.415939,38616,27335.55,14692.878,271.083893,40948,27880.996,17884.226,133.140335,42699,28349.672,19943.693,158.01622,42738,28212.988,20897.164,164.40123,44362,29628.557,20942.576,183.437775,44111,29876.504,20092.161,167.381927,43738,29394.136,18280.923,154.277618,43443,29531.616,15370.484,168.460205,43029,30357.518,11500.505,236.843185,41241,29868.003,7817.532,280.807892,40384,29615.467,5590.199,281.980225,42275,30164.19,5594.092,326.542572,43960,29973.827,5940.44,373.001434,42508,29256.788,6188.23,371.029572,40068,28646.836,6379.196,358.131561,37790,27065.991,6461.394,258.473663,363.523285,328.474152,325.430206,324.806793,324.794586,325.099426,324.249481,121.843803,105.08123,104.004364,116.235527,88.41349,120.138367,153.634155,196.073364,333.77475,349.519318,273.122711,331.055603,347.19577,343.31015,345.587311,357.686371,330.941803,349.332977,326.912048,244.092468,81.442139,80.666283,94.012764,31.121704,26.082348,34.586506,39.874348,53.446194,38.334023,97.236183,97.678688,97.120285,67.94548,133.662491,314.875366,359.197601,389.964569,396.731354,403.571381,378.811096,344.226349,324.733154,364.41272,364.574799,364.127411,364.015686,364.016998,363.412384,363.828888,383.809723,370.268158,380.706482,349.402832,366.315399,358.563416,348.443085,365.361053,360.843048,369.186127,372.022827,387.666534,369.234253,376.273804,367.962463,324.144562,364.377563,364.462494,364.411469,363.601471,363.942413,364.082581,324.275146,67.100533,323.763428,151.172943,145.952881,94.074303,174.864853,341.889618,384.168091,382.072479,405.229279,405.043182,399.40979,379.909241,366.759094,328.834656,323.43103,290.5784,65.655571,50.146179,49.750183,50.691608,48.691227,47.893436,46.197643,41.3503,28.772728,43.981342,64.051323,27.726593,38.885651,46.607658,37.882755,45.58075,46.85236,90.83712,218.165543,206.893097,245.872604,101.976486,51.811859,48.141457
2024-07-08,7,1,0,3,37839,31619.892,6555.577,255.643875,36094,31234.152,6555.878,97.304901,34552,30596.785,6580.057,78.62616,33423,30531.262,6628.046,78.155777,32888,30194.837,6638.721,79.539383,32894,30097.524,7024.802,61.164295,33342,30378.304,9566.304,20.436821,35144,29149.051,13621.482,31.265589,38095,30824.159,17991.447,35.204285,40420,31987.082,21411.655,55.950134,42307,32549.801,23418.414,53.77441,42572,32323.482,24202.365,70.931274,44029,33589.772,24066.83,102.962868,43991,33827.832,22938.104,119.134911,43629,34632.865,20689.33,83.166115,43514,35008.369,17340.759,86.969246,43264,36742.106,12989.623,99.722038,41730,36863.767,8993.728,118.73436,40921,36852.979,6578.02,139.718277,42680,37541.817,6380.217,183.987839,44300,38196.21,6510.261,283.668732,43117,37046.358,6627.505,273.057312,41314,36441.004,6681.816,170.739624,39397,35313.863,6690.082,156.20195,343.467194,340.130127,331.45282,339.198456,329.275909,328.691101,325.2034,229.98204,299.723999,68.675636,69.306396,118.771362,115.489998,153.306458,94.990547,48.18108,298.243195,358.88089,361.167542,361.453003,390.764709,406.211212,349.613953,233.535828,380.250946,362.202728,346.771698,333.759521,333.217804,327.019806,143.962402,87.510216,133.390182,165.458694,148.828186,120.88726,174.450058,291.789886,309.214874,356.405762,391.456268,429.435242,420.737091,463.407654,669.455872,559.163757,413.533875,364.765076,363.523285,328.474152,325.430206,324.806793,324.794586,325.099426,324.249481,121.843803,105.08123,104.004364,116.235527,88.41349,120.138367,153.634155,196.073364,333.77475,349.519318,273.122711,331.055603,347.19577,343.31015,345.587311,357.686371,330.941803,324.733154,364.41272,364.574799,364.127411,364.015686,364.016998,363.412384,363.828888,383.809723,370.268158,380.706482,349.402832,366.315399,358.563416,348.443085,365.361053,360.843048,369.186127,372.022827,387.666534,369.234253,376.273804,367.962463,324.144562,87.212418,67.494431,49.539303,48.192184,48.998661,59.000847,47.368244,25.782784,6.108815,25.233217,24.614782,5.079686,4.812811,4.628664,4.36656,0.48704,23.72209,42.777122,164.510468,87.304512,104.181641,222.700058,116.242722,101.880997
2024-07-09,7,2,0,3,38603,34726.3,6645.334,351.685211,36752,34015.606,6631.619,357.477722,35236,33697.209,6602.482,271.889435,34160,33500.32,6589.322,105.002319,33700,33380.434,6560.721,105.189941,33916,33520.503,6830.277,103.274879,34824,33962.703,8919.64,92.424332,38295,32995.381,12310.806,78.829834,42099,34217.81,15989.058,122.149513,44536,34669.797,18863.849,160.929688,46496,34843.697,20509.402,174.769165,46434,34806.768,21083.441,164.312439,47893,36074.558,20667.295,256.388092,47694,36112.877,19160.241,234.366623,47504,37259.004,16665.028,221.718079,47452,37954.696,13622.693,260.929108,47020,37404.777,10083.559,359.512115,44826,37110.549,6968.787,330.199554,44110,37213.146,5094.732,336.244598,45938,37485.54,4819.207,414.601746,47525,38076.535,4847.058,458.386353,46260,37124.166,4867.949,435.495972,44224,36041.986,4830.086,411.438721,41765,35241.867,4652.172,397.422394,349.332977,326.912048,244.092468,81.442139,80.666283,94.012764,31.121704,26.082348,34.586506,39.874348,53.446194,38.334023,97.236183,97.678688,97.120285,67.94548,133.662491,314.875366,359.197601,389.964569,396.731354,403.571381,378.811096,344.226349,386.346619,381.924103,378.264557,375.583191,377.322357,375.027588,364.620697,364.700775,362.518463,362.993713,372.774292,375.56488,371.722473,376.658997,376.463776,374.582672,374.59613,365.686798,361.302948,390.654419,400.64975,384.565491,363.6745,258.752655,343.467194,340.130127,331.45282,339.198456,329.275909,328.691101,325.2034,229.98204,299.723999,68.675636,69.306396,118.771362,115.489998,153.306458,94.990547,48.18108,298.243195,358.88089,361.167542,361.453003,390.764709,406.211212,349.613953,233.535828,363.523285,328.474152,325.430206,324.806793,324.794586,325.099426,324.249481,121.843803,105.08123,104.004364,116.235527,88.41349,120.138367,153.634155,196.073364,333.77475,349.519318,273.122711,331.055603,347.19577,343.31015,345.587311,357.686371,330.941803,418.846893,411.368774,406.062073,401.338409,402.506409,410.633759,373.191284,362.845764,405.775024,434.895599,685.55835,870.88899225,870.88899225,870.88899225,870.88899225,453.601929,399.449066,382.521667,367.008392,367.259216,345.547943,228.817093,322.997314,290.891632
2024-07-10,7,3,0,3,40596,35877.239,4602.143,395.035583,38735,34569.82,4421.436,385.540466,37211,34642.658,4231.465,381.928406,36024,34418.011,4030.615,379.021729,35363,34286.221,3794.881,376.395081,35001,34181.628,3814.702,375.851929,35600,34362.753,5268.597,363.751953,38039,32589.029,7664.307,325.077301,41866,34188.386,10191.677,362.691956,44089,34247.253,12225.247,348.103119,45765,34733.188,13409.294,368.604645,45525,34548.043,13838.379,366.577606,47021,35967.196,13392.252,371.58844,46553,36044.566,12234.438,377.064697,45940,37853.875,10336.955,376.234497,45382,38742.313,8133.831,376.641602,44674,38024.258,5684.642,375.291565,42402,37963.611,3400.53,367.328522,41596,36702.753,1988.561,369.373322,43680,37129.369,1834.645,374.467865,44960,37604.867,1826.296,381.553589,43501,36017.856,1775.708,376.439423,41207,35197.858,1723.074,370.960022,39513,34789.925,1626.648,379.489441,380.250946,362.202728,346.771698,333.759521,333.217804,327.019806,143.962402,87.510216,133.390182,165.458694,148.828186,120.88726,174.450058,291.789886,309.214874,356.405762,391.456268,429.435242,420.737091,463.407654,669.455872,559.163757,413.533875,364.765076,367.384094,345.155273,344.753479,342.223511,343.235168,363.658386,327.433563,366.434753,384.40744,363.41983,373.935516,364.360168,366.536682,368.675171,332.910583,332.76416,339.49173,296.514862,345.541901,329.427765,230.478806,250.30394,234.894958,65.082504,349.332977,326.912048,244.092468,81.442139,80.666283,94.012764,31.121704,26.082348,34.586506,39.874348,53.446194,38.334023,97.236183,97.678688,97.120285,67.94548,133.662491,314.875366,359.197601,389.964569,396.731354,403.571381,378.811096,344.226349,343.467194,340.130127,331.45282,339.198456,329.275909,328.691101,325.2034,229.98204,299.723999,68.675636,69.306396,118.771362,115.489998,153.306458,94.990547,48.18108,298.243195,358.88089,361.167542,361.453003,390.764709,406.211212,349.613953,233.535828,324.131622,363.47818,323.989349,323.735962,323.964569,363.608917,324.393555,323.92215,363.202576,213.423782,312.104279,120.256592,172.206436,126.980736,210.208191,339.172516,362.772339,384.830688,408.636108,402.388153,380.749786,363.940369,363.528412,323.897156
2024-07-11,7,4,0,3,36397,35994.95,1742.831,402.038086,34682,35500.815,1717.872,385.047058,33349,35383.434,1723.648,372.333984,32364,34781.145,1701.085,373.108368,32000,34047.233,1669.635,371.995575,32136,33365.631,1801.139,371.399567,32681,32855.152,2936.875,364.173889,34184,33191.217,4654.939,362.943665,36601,35555.077,6502.185,360.299683,37987,36310.291,8123.644,363.627197,39106,37187.382,9274.51,362.622955,38330,36098.943,9814.247,349.158569,39134,36862.18,9748.765,349.645569,38777,37101.995,8942.918,343.739014,38543,37426.054,7549.483,343.840424,38623,38055.198,5903.876,354.958588,38454,37587.463,4053.97,358.891754,36701,36816.639,2268.067,367.054321,36093,36473.147,1068.909,367.422485,36870,37038.705,931.906,362.081329,37273,37993.206,975.907,355.887848,35873,37625.916,1040.541,338.277466,34335,35866.374,1124.61,338.03537,32764,34775.961,1195.818,320.49411,386.346619,381.924103,378.264557,375.583191,377.322357,375.027588,364.620697,364.700775,362.518463,362.993713,372.774292,375.56488,371.722473,376.658997,376.463776,374.582672,374.59613,365.686798,361.302948,390.654419,400.64975,384.565491,363.6745,258.752655,42.253956,31.75252,27.908394,28.622223,28.564774,29.144299,13.709319,8.89242,28.281097,13.518241,19.158171,27.058025,26.823387,20.899496,21.03063,39.081226,30.750006,36.519333,27.415922,48.524857,70.798294,56.216377,44.928524,10.765343,380.250946,362.202728,346.771698,333.759521,333.217804,327.019806,143.962402,87.510216,133.390182,165.458694,148.828186,120.88726,174.450058,291.789886,309.214874,356.405762,391.456268,429.435242,420.737091,463.407654,669.455872,559.163757,413.533875,364.765076,349.332977,326.912048,244.092468,81.442139,80.666283,94.012764,31.121704,26.082348,34.586506,39.874348,53.446194,38.334023,97.236183,97.678688,97.120285,67.94548,133.662491,314.875366,359.197601,389.964569,396.731354,403.571381,378.811096,344.226349,364.377563,364.462494,364.411469,363.601471,363.942413,364.082581,324.275146,67.100533,323.763428,151.172943,145.952881,94.074303,174.864853,341.889618,384.168091,382.072479,405.229279,405.043182,399.40979,379.909241,366.759094,328.834656,323.43103,290.5784
2024-07-12,7,5,0,3,34186,35210.51,1341.104,67.909386,32640,34391.593,1418.768,67.569687,31515,33813.64,1462.874,61.775585,30809,33357.11,1499.089,60.866917,30685,32423.116,1521.738,68.33902,31351,32709.66,1695.14,63.721302,32391,32444.865,2993.608,60.482285,34710,32786.994,5081.067,31.478016,37992,35231.836,7358.145,30.167501,40021,35845.185,9390.5,30.278166,41606,37226.08,10712.012,40.367203,41358,36863.112,11328.945,58.033978,42353,37332.696,11233.634,43.487091,42081,37406.589,10225.927,41.789631,42054,37482.136,8563.581,45.585503,42153,37975.213,6559.782,51.302834,41888,38066.036,4399.963,75.02459,39857,37909.023,2459.452,51.45731,39125,37686.75,1239.899,92.546257,40604,37639.49,1124.434,187.882324,40905,37080.22,1220.116,225.640274,39170,36228.53,1302.579,231.490646,37351,36055.22,1345.357,126.50592,35766,35220.32,1354.089,87.881294,367.384094,345.155273,344.753479,342.223511,343.235168,363.658386,327.433563,366.434753,384.40744,363.41983,373.935516,364.360168,366.536682,368.675171,332.910583,332.76416,339.49173,296.514862,345.541901,329.427765,230.478806,250.30394,234.894958,65.082504,44.159428,50.401543,50.589161,48.016884,46.722649,46.64724,18.30464,14.282937,19.308809,46.337402,33.903412,13.474501,41.377872,90.257286,65.462143,65.610626,90.908318,110.353806,132.193146,156.913147,126.414368,148.148926,33.832817,23.96105,386.346619,381.924103,378.264557,375.583191,377.322357,375.027588,364.620697,364.700775,362.518463,362.993713,372.774292,375.56488,371.722473,376.658997,376.463776,374.582672,374.59613,365.686798,361.302948,390.654419,400.64975,384.565491,363.6745,258.752655,380.250946,362.202728,346.771698,333.759521,333.217804,327.019806,143.962402,87.510216,133.390182,165.458694,148.828186,120.88726,174.450058,291.789886,309.214874,356.405762,391.456268,429.435242,420.737091,463.407654,669.455872,559.163757,413.533875,364.765076,324.733154,364.41272,364.574799,364.127411,364.015686,364.016998,363.412384,363.828888,383.809723,370.268158,380.706482,349.402832,366.315399,358.563416,348.443085,365.361053,360.843048,369.186127,372.022827,387.666534,369.234253,376.273804,367.962463,324.144562
2024-07-13,7,6,1,3,34453,35032.63,1060.699,94.686615,32986,34913.26,1096.793,38.914597,31819,34410.94,1105.392,41.856743,30967,33915.07,1117.546,28.815594,30600,32760.368,1109.739,81.54731,31137,33187.902,1240.969,85.201385,32223,33101.774,2330.93,76.728889,34450,33895.868,4055.273,14.552736,37488,35441.811,5887.865,48.91539,38788,36702.89,7623.504,51.003792,39889,37295.256,9337.757,41.925465,39262,36847.912,10599.743,40.129856,39601,37062.464,10959.701,73.875328,39875,37546.874,10518.201,36.501865,39673,37979.062,9383.737,31.056564,39712,38316.031,7585.981,31.594667,39506,38372.05,5198.815,118.199783,38392,38073.754,2676.92,73.319679,37540,37129.11,948.704,124.42482,38691,36823.184,803.214,108.524437,38934,35642.499,925.858,64.812485,37907,34788.75,997.054,177.756195,36506,34989.732,1048.533,27.315073,35038,35393.59,1069.151,26.022038,42.253956,31.75252,27.908394,28.622223,28.564774,29.144299,13.709319,8.89242,28.281097,13.518241,19.158171,27.058025,26.823387,20.899496,21.03063,39.081226,30.750006,36.519333,27.415922,48.524857,70.798294,56.216377,44.928524,10.765343,37.159103,35.301868,19.907242,25.323824,39.99332,42.747295,17.025364,16.927019,28.4042,33.352882,68.144867,58.224186,60.407738,9.218472,19.096767,23.586485,6.774209,33.992924,35.947971,23.631672,24.084696,11.536361,14.531076,54.863605,367.384094,345.155273,344.753479,342.223511,343.235168,363.658386,327.433563,366.434753,384.40744,363.41983,373.935516,364.360168,366.536682,368.675171,332.910583,332.76416,339.49173,296.514862,345.541901,329.427765,230.478806,250.30394,234.894958,65.082504,386.346619,381.924103,378.264557,375.583191,377.322357,375.027588,364.620697,364.700775,362.518463,362.993713,372.774292,375.56488,371.722473,376.658997,376.463776,374.582672,374.59613,365.686798,361.302948,390.654419,400.64975,384.565491,363.6745,258.752655,363.523285,328.474152,325.430206,324.806793,324.794586,325.099426,324.249481,121.843803,105.08123,104.004364,116.235527,88.41349,120.138367,153.634155,196.073364,333.77475,349.519318,273.122711,331.055603,347.19577,343.31015,345.587311,357.686371,330.941803
2024-07-14,7,7,1,3,33914,35435.983,955.053,45.759216,32409,35335.239,991.443,46.021988,31264,35223.479,1004.668,32.315636,30470,34981.183,1027.8,24.325205,30200,34373.74,1048.168,39.029926,30651,34028.6,1220.779,98.098289,31248,33584.016,2303.961,31.546333,32924,34206.096,3919.358,25.376535,35429,35630.858,5542.922,34.140526,37147,36681.453,6960.754,39.998306,38656,37270.335,8335.201,55.570076,38342,36914.981,9227.33,61.738503,39638,36845.807,9392.99,122.367439,39548,37470.784,8835.803,124.684006,39461,38265.14,7755.527,84.878235,39467,38618.117,6271.475,69.166519,39352,38407.066,4320.38,93.283272,37820,38146.431,2451.145,93.971115,36981,37636.31,1277.518,111.781219,38459,37980.038,1254.209,127.361275,39266,37424.514,1430.096,120.929237,37636,36622.439,1564.187,156.207626,35774,36379.458,1678.62,48.172356,34071,35814.002,1721.418,27.41041,44.159428,50.401543,50.589161,48.016884,46.722649,46.64724,18.30464,14.282937,19.308809,46.337402,33.903412,13.474501,41.377872,90.257286,65.462143,65.610626,90.908318,110.353806,132.193146,156.913147,126.414368,148.148926,33.832817,23.96105,18.118702,18.159115,61.754288,66.648682,18.906107,46.894646,12.716002,11.810104,16.470011,19.973488,10.41221,10.467599,48.711872,10.547173,11.037768,12.169517,69.24028,146.612518,136.638123,127.668716,34.185753,74.18615,118.479012,87.951782,42.253956,31.75252,27.908394,28.622223,28.564774,29.144299,13.709319,8.89242,28.281097,13.518241,19.158171,27.058025,26.823387,20.899496,21.03063,39.081226,30.750006,36.519333,27.415922,48.524857,70.798294,56.216377,44.928524,10.765343,367.384094,345.155273,344.753479,342.223511,343.235168,363.658386,327.433563,366.434753,384.40744,363.41983,373.935516,364.360168,366.536682,368.675171,332.910583,332.76416,339.49173,296.514862,345.541901,329.427765,230.478806,250.30394,234.894958,65.082504,343.467194,340.130127,331.45282,339.198456,329.275909,328.691101,325.2034,229.98204,299.723999,68.675636,69.306396,118.771362,115.489998,153.306458,94.990547,48.18108,298.243195,358.88089,361.167542,361.453003,390.764709,406.211212,349.613953,233.535828
2024-07-15,7,1,0,3,34448,35510.582,1606.19,27.855459,32999,35101.273,1666.024,21.111624,31947,34858.116,1741.253,32.03915,31137,34419.134,1841.469,36.973106,30800,33100.578,1928.099,22.990906,31218,33162.216,2130.162,81.886894,31761,33180.282,3154.496,26.156906,33275,33756.81,4723.02,21.521347,35530,35478.261,6380.963,31.111286,37297,36460.765,7830.475,31.373205,38998,37528.523,9152.756,45.695984,38828,37185.239,10006.079,85.179932,40265,37777.626,10085.792,120.777931,40459,37988.107,9489.556,111.763809,40550,38238.128,8412.519,83.466293,40610,38759.257,7003.246,60.426208,40647,38732.927,5177.097,110.814323,39371,38297.082,3353.828,66.249039,38624,37743.086,2202.271,73.494499,40177,38097.462,2190.282,107.932991,41800,38163.906,2322.662,136.719193,40398,37070.573,2410.228,83.786148,38614,36306.162,2517.012,37.325851,36548,35558.768,2639.378,30.265444,37.159103,35.301868,19.907242,25.323824,39.99332,42.747295,17.025364,16.927019,28.4042,33.352882,68.144867,58.224186,60.407738,9.218472,19.096767,23.586485,6.774209,33.992924,35.947971,23.631672,24.084696,11.536361,14.531076,54.863605,111.048637,105.717484,98.431046,69.380867,66.457237,69.50457,88.129364,53.961391,16.343224,19.964964,9.03861,3.606391,16.834497,37.738194,14.594239,14.662834,42.667736,83.594696,38.711784,63.528126,53.89521,35.561417,20.600113,29.875118,44.159428,50.401543,50.589161,48.016884,46.722649,46.64724,18.30464,14.282937,19.308809,46.337402,33.903412,13.474501,41.377872,90.257286,65.462143,65.610626,90.908318,110.353806,132.193146,156.913147,126.414368,148.148926,33.832817,23.96105,42.253956,31.75252,27.908394,28.622223,28.564774,29.144299,13.709319,8.89242,28.281097,13.518241,19.158171,27.058025,26.823387,20.899496,21.03063,39.081226,30.750006,36.519333,27.415922,48.524857,70.798294,56.216377,44.928524,10.765343,349.332977,326.912048,244.092468,81.442139,80.666283,94.012764,31.121704,26.082348,34.586506,39.874348,53.446194,38.334023,97.236183,97.678688,97.120285,67.94548,133.662491,314.875366,359.197601,389.964569,396.731354,403.571381,378.811096,344.226349
2024-07-16,7,2,0,3,34962,35306.651,2399.251,25.551605,33507,34903.327,2506.844,34.250404,32303,34595.688,2622.105,46.688282,31785,34166.278,2743.701,35.918587,31500,32881.016,2908.973,33.464573,31817,32830.625,3231.99,19.952219,33188,33228.104,4612.148,21.759027,36013,34190.009,6659.432,67.555641,39704,36060.41,8695.05,83.615417,42013,37478.239,10521.312,104.310043,43938,38180.834,12116.528,123.505203,43960,38374.97,13123.889,98.721611,45524,38862.018,13258.152,118.645821,45500,38833.522,12550.28,127.242241,45401,38979.77,11164.936,75.292938,45487,39411.182,9321.618,70.976051,45173,39257.623,7049.754,128.379456,43118,38763.923,4855.649,106.150719,42276,38189.52,3450.907,108.78598,44364,38459.448,3470.95,133.304611,46300,38081.422,3655.23,155.015137,45065,36529.728,3818.31,198.845001,42479,36578.366,3960.79,50.681755,39972,35327.337,4081.874,41.414879,18.118702,18.159115,61.754288,66.648682,18.906107,46.894646,12.716002,11.810104,16.470011,19.973488,10.41221,10.467599,48.711872,10.547173,11.037768,12.169517,69.24028,146.612518,136.638123,127.668716,34.185753,74.18615,118.479012,87.951782,23.935457,20.682428,22.421633,17.450846,17.109051,17.76222,12.502378,10.369277,6.704688,11.316001,25.396484,75.198204,97.6679,126.794128,66.123283,69.367363,99.667664,169.194061,169.430496,231.446564,177.388397,81.552719,28.963072,11.398956,37.159103,35.301868,19.907242,25.323824,39.99332,42.747295,17.025364,16.927019,28.4042,33.352882,68.144867,58.224186,60.407738,9.218472,19.096767,23.586485,6.774209,33.992924,35.947971,23.631672,24.084696,11.536361,14.531076,54.863605,44.159428,50.401543,50.589161,48.016884,46.722649,46.64724,18.30464,14.282937,19.308809,46.337402,33.903412,13.474501,41.377872,90.257286,65.462143,65.610626,90.908318,110.353806,132.193146,156.913147,126.414368,148.148926,33.832817,23.96105,380.250946,362.202728,346.771698,333.759521,333.217804,327.019806,143.962402,87.510216,133.390182,165.458694,148.828186,120.88726,174.450058,291.789886,309.214874,356.405762,391.456268,429.435242,420.737091,463.407654,669.455872,559.163757,413.533875,364.765076
2024-07-17,7,3,0,3,37011,35770.188,4167.373,22.423088,35207,35389.661,4199.714,21.918465,33974,35260.14,4288.079,30.898121,33101,34944.831,4397.284,29.898872,32800,34145.443,4456.146,21.89883,33021,33605.945,4692.053,20.7075,33689,33044.712,6154.889,20.457788,36106,33676.839,8617.036,26.934477,39798,36112.887,11147.701,23.211218,41995,37453.081,13461.342,50.840191,43870,38380.817,15457.155,61.986649,43764,38059.573,16635.081,70.977783,45579,37893.273,16720.686,79.987106,45478,38259.141,15838.48,76.88327,45170,38813.332,14043.767,77.471405,44804,39597.169,11477.188,76.614624,44241,39153.949,8308.073,111.962181,42085,38719.008,5428.346,109.713097,41207,38093.066,3581.914,115.77607,43476,38488.734,3616.417,137.643677,45489,38476.202,3931.968,230.328217,44135,37443.189,4183.505,227.603912,41748,36777.545,4414.412,121.071381,39270,35916.341,4622.65,32.347355,111.048637,105.717484,98.431046,69.380867,66.457237,69.50457,88.129364,53.961391,16.343224,19.964964,9.03861,3.606391,16.834497,37.738194,14.594239,14.662834,42.667736,83.594696,38.711784,63.528126,53.89521,35.561417,20.600113,29.875118,20.277779,19.031902,24.133177,13.947218,32.808983,32.224552,9.401412,8.724562,8.916234,8.762012,12.845302,18.445057,19.092047,21.273085,30.420481,32.814659,44.598907,121.209862,38.876446,101.796371,118.521286,46.021076,9.345508,7.621721,18.118702,18.159115,61.754288,66.648682,18.906107,46.894646,12.716002,11.810104,16.470011,19.973488,10.41221,10.467599,48.711872,10.547173,11.037768,12.169517,69.24028,146.612518,136.638123,127.668716,34.185753,74.18615,118.479012,87.951782,37.159103,35.301868,19.907242,25.323824,39.99332,42.747295,17.025364,16.927019,28.4042,33.352882,68.144867,58.224186,60.407738,9.218472,19.096767,23.586485,6.774209,33.992924,35.947971,23.631672,24.084696,11.536361,14.531076,54.863605,386.346619,381.924103,378.264557,375.583191,377.322357,375.027588,364.620697,364.700775,362.518463,362.993713,372.774292,375.56488,371.722473,376.658997,376.463776,374.582672,374.59613,365.686798,361.302948,390.654419,400.64975,384.565491,363.6745,258.752655
2024-07-18,7,4,0,3,36867,36092.595,5159.48,33.941277,35274,35313.86,5223.907,46.369549,34155,34954.416,5299.181,34.036201,33224,33574.123,5332.603,98.323746,33001,33400.928,5321.594,24.115273,33077,33318.052,5500.181,19.979849,34111,33371.521,7346.773,14.690676,37125,35451.449,10374.569,22.030773,41139,37593.486,13579.265,57.716034,43498,39593.362,16277.207,62.353188,45265,39986.162,18152.406,88.333305,44837,39976.877,19059.883,90.159134,46819,40707.608,18972.93,102.660034,46440,40885.549,17882.182,107.163445,45971,40605.798,15736.229,92.834534,45556,39901.589,12668.543,109.915253,44851,38744.377,8741.958,110.004669,42678,38404.802,5296.029,133.772141,41841,37822.622,3236.052,116.089043,43787,37751.281,3113.966,148.474396,45272,38911.618,3376.763,238.651932,43861,38731.148,3605.803,119.027283,41557,36849.018,3781.494,65.176781,39685,36384.438,3885.757,49.21056,23.935457,20.682428,22.421633,17.450846,17.109051,17.76222,12.502378,10.369277,6.704688,11.316001,25.396484,75.198204,97.6679,126.794128,66.123283,69.367363,99.667664,169.194061,169.430496,231.446564,177.388397,81.552719,28.963072,11.398956,31.599445,29.590191,10.16622,8.790002,7.815156,25.06489,8.107038,8.474697,3.457476,4.014255,14.555598,14.261491,38.713081,36.629623,29.722742,30.451052,53.626526,88.40255,49.438286,70.873932,73.140198,49.546474,13.932411,9.604518,111.048637,105.717484,98.431046,69.380867,66.457237,69.50457,88.129364,53.961391,16.343224,19.964964,9.03861,3.606391,16.834497,37.738194,14.594239,14.662834,42.667736,83.594696,38.711784,63.528126,53.89521,35.561417,20.600113,29.875118,18.118702,18.159115,61.754288,66.648682,18.906107,46.894646,12.716002,11.810104,16.470011,19.973488,10.41221,10.467599,48.711872,10.547173,11.037768,12.169517,69.24028,146.612518,136.638123,127.668716,34.185753,74.18615,118.479012,87.951782,367.384094,345.155273,344.753479,342.223511,343.235168,363.658386,327.433563,366.434753,384.40744,363.41983,373.935516,364.360168,366.536682,368.675171,332.910583,332.76416,339.49173,296.514862,345.541901,329.427765,230.478806,250.30394,234.894958,65.082504
2024-07-19,7,5,0,3,39272,36190.524,4632.856,69.000893,37351,35543.301,4570.873,55.013432,35856,35227.66,4506.265,23.892675,34616,34322.331,4424.422,17.187136,34034,32933.316,4251.066,41.357929,34157,33228.738,4245.243,20.960651,34620,33107.172,5699.191,15.869518,37227,34417.759,8260.962,6.024909,40772,37244.714,11111.432,39.338184,43085,37705.336,13462.233,67.459221,45166,38438.785,15168.754,65.157356,44750,37838.363,16046.435,79.007736,46788,38708.937,16035.286,112.602684,46504,39057.209,15130.581,110.72847,45999,39426.401,13383.852,109.028229,45686,39398.047,10770.474,110.633629,45180,38830.637,7541.984,140.88559,43356,37985.671,4726.409,138.898483,42622,37790.705,3114.472,119.442101,44848,38309.644,3297.012,173.551331,46554,38438.788,3706.3,207.311249,44935,37589.628,4128.814,138.216293,42437,36919.548,4465.928,69.038048,40495,35854.046,4731.664,43.510643,20.277779,19.031902,24.133177,13.947218,32.808983,32.224552,9.401412,8.724562,8.916234,8.762012,12.845302,18.445057,19.092047,21.273085,30.420481,32.814659,44.598907,121.209862,38.876446,101.796371,118.521286,46.021076,9.345508,7.621721,15.285616,12.419183,9.259327,8.994399,8.928677,8.199228,7.899142,7.594612,6.654222,0.002428,15.626029,11.986762,49.1231,29.785658,26.195354,12.35003,18.773386,26.883442,20.729551,26.031363,36.255909,6.622213,6.738571,6.41866,23.935457,20.682428,22.421633,17.450846,17.109051,17.76222,12.502378,10.369277,6.704688,11.316001,25.396484,75.198204,97.6679,126.794128,66.123283,69.367363,99.667664,169.194061,169.430496,231.446564,177.388397,81.552719,28.963072,11.398956,111.048637,105.717484,98.431046,69.380867,66.457237,69.50457,88.129364,53.961391,16.343224,19.964964,9.03861,3.606391,16.834497,37.738194,14.594239,14.662834,42.667736,83.594696,38.711784,63.528126,53.89521,35.561417,20.600113,29.875118,42.253956,31.75252,27.908394,28.622223,28.564774,29.144299,13.709319,8.89242,28.281097,13.518241,19.158171,27.058025,26.823387,20.899496,21.03063,39.081226,30.750006,36.519333,27.415922,48.524857,70.798294,56.216377,44.928524,10.765343
2024-07-20,7,6,1,3,39697,36274.745,5535.84,48.337067,37869,35346.988,5662.151,14.005734,36447,34965.963,5787.208,15.791785,35355,34573.698,5875.501,9.805936,34744,34679.183,5909.184,9.632722,34500,34488.602,6139.421,9.435534,35157,33952.562,8063.235,8.584951,37693,35387.445,11276.571,14.9581,41507,36772.396,14724.878,24.57193,43759,37845.074,17441.597,29.419491,45615,38316.929,19146.59,58.692177,45652,38659.798,19777.206,49.207417,47312,39563.155,19563.401,67.547676,46774,40028.781,18366.739,56.892868,46185,40083.318,16127.438,57.823116,45711,39694.833,13172.892,55.864349,45211,38699.434,9673.902,60.030178,43172,38015.758,6710.598,73.426086,42369,38274.94,5145.227,80.075935,44598,38333.668,5221.486,104.797897,46132,39508.328,5509.808,105.296265,44653,39335.088,5695.582,96.190102,42243,37551.382,5841.586,52.778164,40177,36625.578,5981.34,37.992901,31.599445,29.590191,10.16622,8.790002,7.815156,25.06489,8.107038,8.474697,3.457476,4.014255,14.555598,14.261491,38.713081,36.629623,29.722742,30.451052,53.626526,88.40255,49.438286,70.873932,73.140198,49.546474,13.932411,9.604518,329.736511,329.122833,94.647179,89.779312,73.877724,79.761688,68.147713,47.746899,67.404655,89.765396,129.130081,97.780098,91.105675,60.97784,55.882797,66.456703,62.695179,62.615211,219.108231,274.029938,330.929749,327.351746,209.291885,87.73951,20.277779,19.031902,24.133177,13.947218,32.808983,32.224552,9.401412,8.724562,8.916234,8.762012,12.845302,18.445057,19.092047,21.273085,30.420481,32.814659,44.598907,121.209862,38.876446,101.796371,118.521286,46.021076,9.345508,7.621721,23.935457,20.682428,22.421633,17.450846,17.109051,17.76222,12.502378,10.369277,6.704688,11.316001,25.396484,75.198204,97.6679,126.794128,66.123283,69.367363,99.667664,169.194061,169.430496,231.446564,177.388397,81.552719,28.963072,11.398956,44.159428,50.401543,50.589161,48.016884,46.722649,46.64724,18.30464,14.282937,19.308809,46.337402,33.903412,13.474501,41.377872,90.257286,65.462143,65.610626,90.908318,110.353806,132.193146,156.913147,126.414368,148.148926,33.832817,23.96105
2024-07-21,7,7,1,3,40364,36807.298,6526.526,294.673218,38451,35998.088,6538.984,283.610687,36966,35528.888,6550.603,172.819031,35679,34808.018,6548.724,91.596756,34984,34797.008,6547.505,84.745972,34600,34413.827,6655.149,66.127457,34974,33650.044,8171.376,78.720566,37041,34850.06,10708.614,65.049545,39807,36010.825,13391.67,91.292328,42096,37046.269,15658.325,104.298309,43904,38425.45,17258.41,150.555298,44078,38545.172,18072.71,107.71563,45593,38644.925,18024.798,221.877365,45162,39066.253,17017.896,192.357849,44990,40021.368,15176.667,124.187935,44769,39414.494,12776.192,162.555603,44335,38509.443,9886.809,246.014542,42509,37722.854,7234.411,303.20343,41638,37833.328,5601.052,293.228455,44184,38271.48,5539.506,303.354309,46400,38809.66,5718.962,344.059235,45118,38583.758,5800.742,293.282593,42528,37751.118,5848.057,285.744415,39710,36550.988,5903.193,194.357712,15.285616,12.419183,9.259327,8.994399,8.928677,8.199228,7.899142,7.594612,6.654222,0.002428,15.626029,11.986762,49.1231,29.785658,26.195354,12.35003,18.773386,26.883442,20.729551,26.031363,36.255909,6.622213,6.738571,6.41866,329.601013,327.398895,89.85141,70.144669,4.667294,52.78701,28.363832,8.623577,31.143242,24.515238,43.467346,45.892467,94.561317,80.361572,71.576889,54.582355,188.765335,261.516479,341.076843,345.40741,338.26535,340.121307,358.383209,355.396271,31.599445,29.590191,10.16622,8.790002,7.815156,25.06489,8.107038,8.474697,3.457476,4.014255,14.555598,14.261491,38.713081,36.629623,29.722742,30.451052,53.626526,88.40255,49.438286,70.873932,73.140198,49.546474,13.932411,9.604518,20.277779,19.031902,24.133177,13.947218,32.808983,32.224552,9.401412,8.724562,8.916234,8.762012,12.845302,18.445057,19.092047,21.273085,30.420481,32.814659,44.598907,121.209862,38.876446,101.796371,118.521286,46.021076,9.345508,7.621721,37.159103,35.301868,19.907242,25.323824,39.99332,42.747295,17.025364,16.927019,28.4042,33.352882,68.144867,58.224186,60.407738,9.218472,19.096767,23.586485,6.774209,33.992924,35.947971,23.631672,24.084696,11.536361,14.531076,54.863605
2024-07-22,7,1,0,3,40255,36906.348,6148.761,305.219818,38328,36100.278,6137.201,288.005463,36803,35561.398,6116.925,94.534157,35592,35157.618,6086.956,93.759407,34898,35111.262,6031.968,68.38781,34417,34586.329,6217.157,67.375679,34746,33644.596,8394.335,68.106766,36672,35281.229,12294.057,16.761728,39652,36729.99,16413.736,26.982718,42270,38055.028,19655.013,31.976501,44344,39412.196,21663.837,58.617332,44833,39661.742,22501.275,91.269646,46563,39393.748,22486.02,88.104927,46315,39919.572,21723.248,86.954582,45692,40561.441,19826.549,72.809525,45505,40191.091,16621.746,67.52021,45182,39203.313,12189.866,130.916061,43542,38416.386,7960.224,292.738892,42850,38238.801,5355.827,304.915649,45217,39181.468,5320.485,302.511719,47000,39235.328,5606.969,334.582397,45548,39191.138,5855.311,340.190277,42922,38011.258,6014.317,314.282471,40637,37278.738,6093.989,183.359146,329.736511,329.122833,94.647179,89.779312,73.877724,79.761688,68.147713,47.746899,67.404655,89.765396,129.130081,97.780098,91.105675,60.97784,55.882797,66.456703,62.695179,62.615211,219.108231,274.029938,330.929749,327.351746,209.291885,87.73951,358.193451,356.368439,337.855988,327.285431,327.235718,325.883331,325.15567,27.225704,73.118507,64.994202,158.886337,144.063416,241.202225,134.600586,109.25753,316.098724,343.403473,374.449036,377.326935,435.262909,449.334625,368.892029,362.098846,359.453735,15.285616,12.419183,9.259327,8.994399,8.928677,8.199228,7.899142,7.594612,6.654222,0.002428,15.626029,11.986762,49.1231,29.785658,26.195354,12.35003,18.773386,26.883442,20.729551,26.031363,36.255909,6.622213,6.738571,6.41866,31.599445,29.590191,10.16622,8.790002,7.815156,25.06489,8.107038,8.474697,3.457476,4.014255,14.555598,14.261491,38.713081,36.629623,29.722742,30.451052,53.626526,88.40255,49.438286,70.873932,73.140198,49.546474,13.932411,9.604518,18.118702,18.159115,61.754288,66.648682,18.906107,46.894646,12.716002,11.810104,16.470011,19.973488,10.41221,10.467599,48.711872,10.547173,11.037768,12.169517,69.24028,146.612518,136.638123,127.668716,34.185753,74.18615,118.479012,87.951782
2024-07-23,7,2,0,3,40582,36524.918,6170.59,308.50885,38725,35640.788,6173.999,328.508026,37301,35578.908,6135.43,294.58429,36193,35533.908,6065.02,74.185249,35469,34966.318,5960.017,78.011604,35000,34482.362,6132.888,90.903488,35698,34029.137,8590.278,51.076881,38304,35812.112,12869.938,36.876499,42404,37380.082,17169.154,43.232952,45215,38855.518,20366.191,93.842537,47171,40064.348,22187.741,116.87236,47634,40202.808,22966.648,113.562126,49441,40076.558,22894.959,139.567368,49352,40468.128,22020.556,139.113358,48769,41207.557,20003.007,107.549271,48120,40511.802,16549.092,122.590019,47335,39581.906,11723.389,321.790405,45089,39157.796,7208.293,321.802673,44303,39023.849,4546.257,332.020111,46683,38885.358,4460.224,349.888458,48141,38956.828,4778.418,354.446198,46775,38916.098,5068.692,361.084167,44558,37743.488,5307.742,357.729553,42705,37208.228,5420.024,336.884705,329.601013,327.398895,89.85141,70.144669,4.667294,52.78701,28.363832,8.623577,31.143242,24.515238,43.467346,45.892467,94.561317,80.361572,71.576889,54.582355,188.765335,261.516479,341.076843,345.40741,338.26535,340.121307,358.383209,355.396271,376.92691,376.60257,357.167542,355.311005,353.999146,360.116882,325.052216,324.521118,316.305542,296.777039,339.993805,325.937012,352.906006,329.327362,336.064209,339.005676,361.440704,358.57547,367.115875,419.873413,700.985474,620.750427,372.651855,361.259155,329.736511,329.122833,94.647179,89.779312,73.877724,79.761688,68.147713,47.746899,67.404655,89.765396,129.130081,97.780098,91.105675,60.97784,55.882797,66.456703,62.695179,62.615211,219.108231,274.029938,330.929749,327.351746,209.291885,87.73951,15.285616,12.419183,9.259327,8.994399,8.928677,8.199228,7.899142,7.594612,6.654222,0.002428,15.626029,11.986762,49.1231,29.785658,26.195354,12.35003,18.773386,26.883442,20.729551,26.031363,36.255909,6.622213,6.738571,6.41866,111.048637,105.717484,98.431046,69.380867,66.457237,69.50457,88.129364,53.961391,16.343224,19.964964,9.03861,3.606391,16.834497,37.738194,14.594239,14.662834,42.667736,83.594696,38.711784,63.528126,53.89521,35.561417,20.600113,29.875118
2024-07-24,7,3,0,3,41894,36874.264,5427.908,360.404327,39930,36087.678,5327.1,359.212097,38345,35699.857,5241.0,341.364929,37173,35456.578,5158.282,347.09491,36357,34787.837,5039.595,344.797272,35778,34233.787,5192.187,343.409393,36379,35037.392,7624.196,325.166138,38916,36858.907,11842.496,64.729782,42612,38328.06,16065.094,309.044342,45283,39098.377,19097.298,188.666336,47548,38710.218,20820.276,320.233307,47977,38578.378,21469.181,313.113586,49738,39197.758,21202.373,325.489319,49583,39937.298,20221.676,258.648102,48914,41504.0,18108.998,238.498108,48443,41060.908,14563.387,323.677887,47684,40243.536,9791.099,340.780243,45432,39189.18,5326.703,341.067078,44704,38671.142,2631.798,340.969452,47245,38837.918,2482.221,363.975433,49774,40045.738,2649.996,394.015381,48563,39010.538,2803.916,394.832367,45665,37861.988,2917.564,358.318176,42873,37548.982,2951.166,357.333984,358.193451,356.368439,337.855988,327.285431,327.235718,325.883331,325.15567,27.225704,73.118507,64.994202,158.886337,144.063416,241.202225,134.600586,109.25753,316.098724,343.403473,374.449036,377.326935,435.262909,449.334625,368.892029,362.098846,359.453735,371.814758,366.2901,357.002106,353.482178,353.322723,358.060638,339.34024,325.322906,331.989502,269.464752,318.466919,316.399689,319.060852,319.528351,329.289154,344.774414,356.324707,359.814392,367.269897,362.805756,410.265839,389.897736,365.911255,366.401062,329.601013,327.398895,89.85141,70.144669,4.667294,52.78701,28.363832,8.623577,31.143242,24.515238,43.467346,45.892467,94.561317,80.361572,71.576889,54.582355,188.765335,261.516479,341.076843,345.40741,338.26535,340.121307,358.383209,355.396271,329.736511,329.122833,94.647179,89.779312,73.877724,79.761688,68.147713,47.746899,67.404655,89.765396,129.130081,97.780098,91.105675,60.97784,55.882797,66.456703,62.695179,62.615211,219.108231,274.029938,330.929749,327.351746,209.291885,87.73951,23.935457,20.682428,22.421633,17.450846,17.109051,17.76222,12.502378,10.369277,6.704688,11.316001,25.396484,75.198204,97.6679,126.794128,66.123283,69.367363,99.667664,169.194061,169.430496,231.446564,177.388397,81.552719,28.963072,11.398956
2024-07-25,7,4,0,3,43363,36311.322,2857.694,355.529694,41624,35217.426,2762.004,355.622833,40018,35019.931,2645.367,354.680023,38634,34945.068,2489.612,355.156921,37555,33573.378,2303.1,355.212219,36620,33149.175,2364.254,362.440552,37326,32584.484,4681.066,339.151306,39900,33600.73,8819.468,324.805145,44924,35865.161,13090.018,321.299042,48133,36572.116,16343.64,278.353394,50002,36952.695,18330.688,337.617371,50002,37074.608,19107.639,329.059174,52068,39472.388,18993.719,348.049438,51392,39891.32,17996.559,314.220673,50368,39701.376,15721.234,324.228638,49524,39448.262,12174.036,344.638367,48832,38356.38,7633.317,358.558624,46605,36835.307,3426.129,364.702515,45156,36943.525,986.056,371.742828,47371,37392.093,852.189,378.908997,50308,38155.071,997.17,419.318481,49364,38096.234,1062.59,399.391052,46495,38104.963,1110.127,374.162048,44076,36208.845,1147.977,358.670197,376.92691,376.60257,357.167542,355.311005,353.999146,360.116882,325.052216,324.521118,316.305542,296.777039,339.993805,325.937012,352.906006,329.327362,336.064209,339.005676,361.440704,358.57547,367.115875,419.873413,700.985474,620.750427,372.651855,361.259155,390.467712,386.029663,390.359314,387.751343,375.741272,375.209534,363.136932,344.109406,362.362335,288.408264,254.626617,299.072296,308.349854,176.062698,323.258301,253.200668,377.434052,394.012054,367.040344,379.935455,381.809875,369.62674,369.777771,348.492584,358.193451,356.368439,337.855988,327.285431,327.235718,325.883331,325.15567,27.225704,73.118507,64.994202,158.886337,144.063416,241.202225,134.600586,109.25753,316.098724,343.403473,374.449036,377.326935,435.262909,449.334625,368.892029,362.098846,359.453735,329.601013,327.398895,89.85141,70.144669,4.667294,52.78701,28.363832,8.623577,31.143242,24.515238,43.467346,45.892467,94.561317,80.361572,71.576889,54.582355,188.765335,261.516479,341.076843,345.40741,338.26535,340.121307,358.383209,355.396271,20.277779,19.031902,24.133177,13.947218,32.808983,32.224552,9.401412,8.724562,8.916234,8.762012,12.845302,18.445057,19.092047,21.273085,30.420481,32.814659,44.598907,121.209862,38.876446,101.796371,118.521286,46.021076,9.345508,7.621721
2024-07-26,7,5,0,3,44770,35706.748,1370.494,390.271606,42877,34753.099,1392.336,388.544006,41022,34853.019,1420.886,385.70813,39600,34848.513,1463.548,371.402924,38820,34819.11,1501.598,364.697845,38110,33184.487,1766.542,366.80246,38330,32507.899,4132.832,368.901611,41915,33863.365,8131.126,342.615295,46150,35829.87,12474.011,355.018982,49495,35954.791,15874.711,304.976471,50966,37100.989,18008.399,359.415039,50961,37593.775,19076.938,360.947113,52500,38729.339,19325.436,359.049011,51675,39175.56,18738.149,322.490601,50258,39090.702,16996.31,308.65094,49853,39061.651,14137.071,353.494781,48869,38285.691,10152.916,361.073669,46377,37943.906,6469.181,362.965302,45832,37688.258,4303.592,368.464081,48036,37812.196,4361.014,382.220917,50226,38886.653,4543.378,397.31192,49359,38659.069,4619.003,386.345245,46453,36961.204,4614.56,381.872833,43684,36400.802,4551.022,375.513275,371.814758,366.2901,357.002106,353.482178,353.322723,358.060638,339.34024,325.322906,331.989502,269.464752,318.466919,316.399689,319.060852,319.528351,329.289154,344.774414,356.324707,359.814392,367.269897,362.805756,410.265839,389.897736,365.911255,366.401062,327.994019,326.17868,321.359711,145.992737,124.322296,291.656769,321.50647,124.121902,187.332428,110.752312,227.06749,133.242737,151.835602,143.727921,196.814316,108.507439,221.429123,265.203461,176.984421,332.246674,295.276459,284.57608,256.417877,325.833679,376.92691,376.60257,357.167542,355.311005,353.999146,360.116882,325.052216,324.521118,316.305542,296.777039,339.993805,325.937012,352.906006,329.327362,336.064209,339.005676,361.440704,358.57547,367.115875,419.873413,700.985474,620.750427,372.651855,361.259155,358.193451,356.368439,337.855988,327.285431,327.235718,325.883331,325.15567,27.225704,73.118507,64.994202,158.886337,144.063416,241.202225,134.600586,109.25753,316.098724,343.403473,374.449036,377.326935,435.262909,449.334625,368.892029,362.098846,359.453735,31.599445,29.590191,10.16622,8.790002,7.815156,25.06489,8.107038,8.474697,3.457476,4.014255,14.555598,14.261491,38.713081,36.629623,29.722742,30.451052,53.626526,88.40255,49.438286,70.873932,73.140198,49.546474,13.932411,9.604518
2024-07-27,7,6,1,3,43474,36263.108,4474.532,343.80896,41488,35318.898,4558.82,330.661591,39841,35364.018,4713.468,329.556427,38560,35378.318,4926.734,297.760132,37668,35095.698,5131.588,310.362457,37000,33642.189,5547.583,277.633545,37378,31660.317,7747.583,273.532562,39632,33178.557,11234.211,145.633118,44462,34690.87,14846.331,206.909164,46948,35564.264,17786.437,198.977295,48808,36788.973,19718.441,240.448029,48866,37374.382,20590.434,191.663559,50353,38466.743,20588.312,192.698959,50171,38948.535,19799.327,150.295837,49581,39523.537,17993.162,166.632385,49241,39160.447,15268.889,253.077713,48635,38535.501,11623.106,269.651489,46553,38392.104,8176.467,245.404831,45730,37636.484,6059.707,248.462997,47798,38162.428,5884.545,338.352478,49424,38727.74,5909.024,309.969788,48863,38694.922,5892.636,304.519409,46396,37440.308,5865.594,300.296906,43707,36840.118,5786.086,281.125214,390.467712,386.029663,390.359314,387.751343,375.741272,375.209534,363.136932,344.109406,362.362335,288.408264,254.626617,299.072296,308.349854,176.062698,323.258301,253.200668,377.434052,394.012054,367.040344,379.935455,381.809875,369.62674,369.777771,348.492584,327.954224,324.99408,323.203339,290.295502,290.52771,290.260284,322.296509,153.503815,180.760712,120.562386,282.851013,65.16626,317.987183,257.399719,196.267288,252.293015,249.860748,70.738594,49.974007,152.987137,113.412109,33.422298,26.276682,26.099667,371.814758,366.2901,357.002106,353.482178,353.322723,358.060638,339.34024,325.322906,331.989502,269.464752,318.466919,316.399689,319.060852,319.528351,329.289154,344.774414,356.324707,359.814392,367.269897,362.805756,410.265839,389.897736,365.911255,366.401062,376.92691,376.60257,357.167542,355.311005,353.999146,360.116882,325.052216,324.521118,316.305542,296.777039,339.993805,325.937012,352.906006,329.327362,336.064209,339.005676,361.440704,358.57547,367.115875,419.873413,700.985474,620.750427,372.651855,361.259155,15.285616,12.419183,9.259327,8.994399,8.928677,8.199228,7.899142,7.594612,6.654222,0.002428,15.626029,11.986762,49.1231,29.785658,26.195354,12.35003,18.773386,26.883442,20.729551,26.031363,36.255909,6.622213,6.738571,6.41866
2024-07-28,7,7,1,3,42752,36480.548,5966.04,324.650482,40726,35515.918,5907.17,330.031494,38999,35227.261,5855.17,263.816437,37656,34599.148,5819.08,314.862244,36715,33875.35,5761.77,142.099884,35900,32376.248,5772.59,228.02063,36113,30198.39,6714.165,276.494751,37909,30739.856,8421.202,283.175079,41024,33128.573,10303.489,298.718292,43104,33689.579,11789.961,288.310577,44779,35944.226,12986.968,313.882996,44702,37339.855,13621.728,219.959015,45901,37841.46,13518.639,320.042633,45519,37604.746,12762.085,318.387939,44837,38109.023,11473.348,317.314819,44262,37848.81,9781.866,317.933777,43796,37440.724,7574.085,325.718231,41897,36912.632,5409.061,237.08107,41181,36832.451,3995.387,285.321625,43005,37878.931,3731.258,315.080811,43868,38719.878,3679.571,293.19046,42485,38329.47,3574.652,292.894623,40688,37155.398,3464.641,317.779358,39125,36198.452,3389.026,315.523773,327.994019,326.17868,321.359711,145.992737,124.322296,291.656769,321.50647,124.121902,187.332428,110.752312,227.06749,133.242737,151.835602,143.727921,196.814316,108.507439,221.429123,265.203461,176.984421,332.246674,295.276459,284.57608,256.417877,325.833679,293.131927,273.151031,54.035259,70.676437,49.567463,51.831432,48.769184,44.7407,45.207115,65.584824,83.089264,66.173965,314.348846,9.622665,65.735405,315.452972,38.04113,20.10174,54.955727,56.91328,54.618031,36.134392,53.794205,24.076023,390.467712,386.029663,390.359314,387.751343,375.741272,375.209534,363.136932,344.109406,362.362335,288.408264,254.626617,299.072296,308.349854,176.062698,323.258301,253.200668,377.434052,394.012054,367.040344,379.935455,381.809875,369.62674,369.777771,348.492584,371.814758,366.2901,357.002106,353.482178,353.322723,358.060638,339.34024,325.322906,331.989502,269.464752,318.466919,316.399689,319.060852,319.528351,329.289154,344.774414,356.324707,359.814392,367.269897,362.805756,410.265839,389.897736,365.911255,366.401062,329.736511,329.122833,94.647179,89.779312,73.877724,79.761688,68.147713,47.746899,67.404655,89.765396,129.130081,97.780098,91.105675,60.97784,55.882797,66.456703,62.695179,62.615211,219.108231,274.029938,330.929749,327.351746,209.291885,87.73951
2024-07-29,7,1,0,3,39817,35838.308,3220.637,324.517426,37955,35377.388,3186.882,322.528687,36426,35160.738,3196.016,130.121872,35242,34427.228,3237.777,278.542664,34492,33993.038,3210.704,178.635956,34000,33180.35,3201.918,181.930481,34352,31152.138,3866.103,176.341248,35604,31156.65,5049.395,112.440178,38351,34036.844,6281.148,76.443695,40170,34663.243,7324.312,174.754379,41681,35298.551,8306.859,214.464676,41374,35998.662,8939.979,152.486206,42418,36510.293,9040.448,286.433777,42411,36798.961,8744.397,256.470276,41972,37244.174,7989.062,315.87146,41709,37098.049,6782.823,313.904968,41358,36780.501,5105.717,259.340027,40129,37379.206,3421.305,98.123222,39690,36877.142,2427.854,100.583969,41358,37746.089,2512.32,303.641602,42451,38174.768,2699.586,203.148499,41078,38182.119,2865.218,100.93792,39207,36768.738,3012.636,180.379135,37495,35940.871,3092.637,64.588547,327.954224,324.99408,323.203339,290.295502,290.52771,290.260284,322.296509,153.503815,180.760712,120.562386,282.851013,65.16626,317.987183,257.399719,196.267288,252.293015,249.860748,70.738594,49.974007,152.987137,113.412109,33.422298,26.276682,26.099667,55.647713,15.200811,49.858341,49.975262,50.378445,14.831962,30.553907,3.368097,14.649593,27.502899,20.512184,25.353895,17.089228,19.193359,18.4196,17.11071,21.160048,114.438103,243.157394,326.058167,210.937851,80.4207,32.840084,34.038162,327.994019,326.17868,321.359711,145.992737,124.322296,291.656769,321.50647,124.121902,187.332428,110.752312,227.06749,133.242737,151.835602,143.727921,196.814316,108.507439,221.429123,265.203461,176.984421,332.246674,295.276459,284.57608,256.417877,325.833679,390.467712,386.029663,390.359314,387.751343,375.741272,375.209534,363.136932,344.109406,362.362335,288.408264,254.626617,299.072296,308.349854,176.062698,323.258301,253.200668,377.434052,394.012054,367.040344,379.935455,381.809875,369.62674,369.777771,348.492584,329.601013,327.398895,89.85141,70.144669,4.667294,52.78701,28.363832,8.623577,31.143242,24.515238,43.467346,45.892467,94.561317,80.361572,71.576889,54.582355,188.765335,261.516479,341.076843,345.40741,338.26535,340.121307,358.383209,355.396271
2024-07-30,7,2,0,3,35747,35000.608,2684.254,73.303215,34441,34584.778,2756.527,51.105125,33067,34506.164,2875.416,33.477356,32183,34432.357,3041.393,32.961643,31808,34132.328,3154.054,36.624649,31851,33417.736,3399.378,34.063396,32840,30857.209,5085.923,119.990089,35490,31516.437,7944.473,61.396255,39353,34394.715,10964.608,43.692291,41746,35236.526,13579.843,82.083946,43455,35863.109,15582.623,67.145744,43410,35894.408,16691.385,67.244621,45458,36495.988,16797.082,86.579247,45202,37348.545,16188.475,69.245392,44887,38000.44,14550.728,65.654099,44666,37968.221,11892.623,59.451611,44111,37508.434,8377.648,315.691864,42335,37498.952,4987.556,96.256859,41859,37406.431,3061.712,279.853668,43996,37841.738,3076.153,319.465424,45519,39458.278,3223.003,140.118591,44198,39071.138,3299.188,85.500954,41867,36929.678,3376.834,94.787796,39780,36249.998,3417.676,58.849815,293.131927,273.151031,54.035259,70.676437,49.567463,51.831432,48.769184,44.7407,45.207115,65.584824,83.089264,66.173965,314.348846,9.622665,65.735405,315.452972,38.04113,20.10174,54.955727,56.91328,54.618031,36.134392,53.794205,24.076023,326.401611,325.787018,326.972992,313.197235,285.167847,206.13652,28.012053,34.622314,91.605766,82.220322,102.74041,92.250626,200.356842,195.740814,39.806465,73.74453,253.595779,328.659943,339.875916,338.70871,330.500763,328.519806,332.506378,331.030548,327.954224,324.99408,323.203339,290.295502,290.52771,290.260284,322.296509,153.503815,180.760712,120.562386,282.851013,65.16626,317.987183,257.399719,196.267288,252.293015,249.860748,70.738594,49.974007,152.987137,113.412109,33.422298,26.276682,26.099667,327.994019,326.17868,321.359711,145.992737,124.322296,291.656769,321.50647,124.121902,187.332428,110.752312,227.06749,133.242737,151.835602,143.727921,196.814316,108.507439,221.429123,265.203461,176.984421,332.246674,295.276459,284.57608,256.417877,325.833679,358.193451,356.368439,337.855988,327.285431,327.235718,325.883331,325.15567,27.225704,73.118507,64.994202,158.886337,144.063416,241.202225,134.600586,109.25753,316.098724,343.403473,374.449036,377.326935,435.262909,449.334625,368.892029,362.098846,359.453735
2024-07-31,7,3,0,3,39887,35111.448,4003.262,317.971405,38086,34686.378,3996.163,204.186279,36695,34691.008,3952.806,64.028481,35617,34109.078,3918.397,79.113708,35096,34125.888,3881.244,86.894241,35000,33344.239,4056.435,85.972137,36326,31578.884,6272.207,24.729149,38760,32276.249,10179.931,31.794586,42386,34923.64,14454.313,88.403938,44633,36569.077,17866.416,82.043434,46468,37550.577,19981.502,183.301376,46391,38069.535,20859.892,111.831329,47933,38479.001,20751.795,309.080139,47537,38405.022,19705.491,300.391327,47165,38905.219,17528.971,94.072823,46925,38343.212,14284.24,98.396355,46527,37791.92,9921.706,325.916229,44597,37387.373,5895.537,309.937439,43984,37559.162,3611.732,326.512482,45805,37865.068,3531.398,333.845703,47163,39525.558,3722.65,332.429779,45772,39203.638,3878.434,326.140961,43578,36999.548,3956.981,326.442108,41573,36478.098,3943.21,322.990417,55.647713,15.200811,49.858341,49.975262,50.378445,14.831962,30.553907,3.368097,14.649593,27.502899,20.512184,25.353895,17.089228,19.193359,18.4196,17.11071,21.160048,114.438103,243.157394,326.058167,210.937851,80.4207,32.840084,34.038162,353.33194,346.474091,330.302338,327.745758,343.235107,328.329559,325.765717,323.479706,322.577026,286.471527,285.764069,236.776123,318.893372,288.884888,322.834473,327.143524,348.788025,328.793701,328.530731,344.610413,344.637634,313.66803,325.226532,23.484838,293.131927,273.151031,54.035259,70.676437,49.567463,51.831432,48.769184,44.7407,45.207115,65.584824,83.089264,66.173965,314.348846,9.622665,65.735405,315.452972,38.04113,20.10174,54.955727,56.91328,54.618031,36.134392,53.794205,24.076023,327.954224,324.99408,323.203339,290.295502,290.52771,290.260284,322.296509,153.503815,180.760712,120.562386,282.851013,65.16626,317.987183,257.399719,196.267288,252.293015,249.860748,70.738594,49.974007,152.987137,113.412109,33.422298,26.276682,26.099667,376.92691,376.60257,357.167542,355.311005,353.999146,360.116882,325.052216,324.521118,316.305542,296.777039,339.993805,325.937012,352.906006,329.327362,336.064209,339.005676,361.440704,358.57547,367.115875,419.873413,700.985474,620.750427,372.651855,361.259155
2024-08-01,8,4,0,3,38504,36530.418,3694.457,328.384827,36766,36229.971,3618.97,328.108643,35432,35249.121,3533.243,328.378418,34457,34507.957,3450.658,331.882355,34038,34174.49,3379.052,329.542114,34000,33476.422,3499.498,327.125946,34767,33278.84,5530.211,330.395813,37478,33605.679,9143.086,260.760223,41202,35018.669,13126.054,221.185165,43472,34935.067,16321.133,278.133209,45227,35198.988,18147.327,291.444092,45081,35909.679,18863.282,284.286224,46641,36763.778,18532.361,311.765045,46060,36901.611,17078.148,316.906097,45435,38321.023,14463.757,313.876312,44875,38698.351,11311.379,324.754456,44252,38330.605,7502.39,346.017242,42200,36722.533,4305.271,335.213928,41647,37294.341,2690.913,335.60437,43278,38068.378,2814.213,346.257996,43972,39493.808,3038.368,346.329895,42282,39183.498,3212.636,346.214203,39963,37268.108,3408.837,328.835266,37930,36173.536,3550.87,328.378937,326.401611,325.787018,326.972992,313.197235,285.167847,206.13652,28.012053,34.622314,91.605766,82.220322,102.74041,92.250626,200.356842,195.740814,39.806465,73.74453,253.595779,328.659943,339.875916,338.70871,330.500763,328.519806,332.506378,331.030548,324.650909,328.731323,324.971954,331.46814,331.224915,327.976166,323.474152,150.984451,271.515198,315.438293,312.416626,253.009903,185.764526,313.773132,196.369217,310.550079,302.289917,323.941742,329.386505,336.532806,342.230377,323.796478,319.084381,323.633759,55.647713,15.200811,49.858341,49.975262,50.378445,14.831962,30.553907,3.368097,14.649593,27.502899,20.512184,25.353895,17.089228,19.193359,18.4196,17.11071,21.160048,114.438103,243.157394,326.058167,210.937851,80.4207,32.840084,34.038162,293.131927,273.151031,54.035259,70.676437,49.567463,51.831432,48.769184,44.7407,45.207115,65.584824,83.089264,66.173965,314.348846,9.622665,65.735405,315.452972,38.04113,20.10174,54.955727,56.91328,54.618031,36.134392,53.794205,24.076023,371.814758,366.2901,357.002106,353.482178,353.322723,358.060638,339.34024,325.322906,331.989502,269.464752,318.466919,316.399689,319.060852,319.528351,329.289154,344.774414,356.324707,359.814392,367.269897,362.805756,410.265839,389.897736,365.911255,366.401062
2024-08-02,8,5,0,3,38251,36044.648,4160.907,346.987579,36552,35847.721,4220.793,353.915375,35281,35501.618,4239.357,327.607849,34238,33967.826,4223.211,331.188965,33600,33496.228,4150.327,330.871887,33701,33497.843,4208.656,332.653961,34426,32709.951,5844.288,331.038361,36728,32546.359,8782.943,327.924042,40406,33911.375,11948.824,287.524078,42446,33198.147,14567.53,316.313782,44313,33611.489,16431.923,326.164764,44181,34218.228,17297.622,314.406372,46242,35314.438,17211.439,317.992584,45588,35243.93,16285.731,316.809662,45048,37264.34,14359.3,315.950104,44634,37642.559,11748.315,316.81839,44083,37392.667,8473.998,320.630981,42384,37008.366,5358.407,326.140839,42017,37246.985,3658.18,328.587219,44818,37942.502,3816.731,335.190155,45966,39295.278,4108.05,347.437164,44313,38703.555,4273.275,344.296478,41512,37311.288,4350.641,343.209991,38986,36027.585,4348.964,322.910217,353.33194,346.474091,330.302338,327.745758,343.235107,328.329559,325.765717,323.479706,322.577026,286.471527,285.764069,236.776123,318.893372,288.884888,322.834473,327.143524,348.788025,328.793701,328.530731,344.610413,344.637634,313.66803,325.226532,23.484838,344.623779,343.352814,343.882446,343.295441,343.394012,343.26474,323.410797,313.927094,314.864471,335.092102,316.651184,316.90979,322.584167,327.898224,324.452332,328.869781,340.208313,350.338898,362.816742,360.780731,360.682587,360.403656,340.161682,361.005615,326.401611,325.787018,326.972992,313.197235,285.167847,206.13652,28.012053,34.622314,91.605766,82.220322,102.74041,92.250626,200.356842,195.740814,39.806465,73.74453,253.595779,328.659943,339.875916,338.70871,330.500763,328.519806,332.506378,331.030548,55.647713,15.200811,49.858341,49.975262,50.378445,14.831962,30.553907,3.368097,14.649593,27.502899,20.512184,25.353895,17.089228,19.193359,18.4196,17.11071,21.160048,114.438103,243.157394,326.058167,210.937851,80.4207,32.840084,34.038162,390.467712,386.029663,390.359314,387.751343,375.741272,375.209534,363.136932,344.109406,362.362335,288.408264,254.626617,299.072296,308.349854,176.062698,323.258301,253.200668,377.434052,394.012054,367.040344,379.935455,381.809875,369.62674,369.777771,348.492584
2024-08-03,8,6,1,3,39184,36120.568,4630.206,325.56958,37403,35417.838,4598.735,325.000763,36013,35218.258,4561.254,325.333832,35014,34029.78,4529.798,325.273743,34493,33620.318,4480.083,324.99411,34300,33595.278,4554.048,324.311188,35092,32672.525,6569.054,324.079803,37315,32664.448,10339.095,65.910011,41115,33542.638,14598.632,246.221939,43682,33060.948,17946.263,264.479065,45538,34084.718,20032.913,308.685394,46001,35034.248,20879.025,311.769836,47847,35236.018,20735.525,312.548248,47357,36176.288,19760.441,312.18042,46713,37400.718,17685.311,311.858948,46391,37617.21,14434.438,318.179626,45801,37259.408,10155.359,330.475189,43787,37337.178,6119.72,333.405487,43454,37262.378,3960.369,335.563751,46310,37643.882,4145.896,343.785614,47672,39475.878,4445.416,361.333221,46545,38688.599,4682.561,341.948425,43747,37747.586,4847.641,340.549011,40761,36305.778,4879.466,333.297211,324.650909,328.731323,324.971954,331.46814,331.224915,327.976166,323.474152,150.984451,271.515198,315.438293,312.416626,253.009903,185.764526,313.773132,196.369217,310.550079,302.289917,323.941742,329.386505,336.532806,342.230377,323.796478,319.084381,323.633759,341.225677,339.601715,339.62851,339.727875,339.289246,320.05481,318.588715,47.650352,4.892594,84.432335,97.927757,80.691811,196.287918,199.163483,318.723877,325.32196,317.109955,340.505371,343.8974,340.050873,338.303833,338.231384,341.700562,340.432617,353.33194,346.474091,330.302338,327.745758,343.235107,328.329559,325.765717,323.479706,322.577026,286.471527,285.764069,236.776123,318.893372,288.884888,322.834473,327.143524,348.788025,328.793701,328.530731,344.610413,344.637634,313.66803,325.226532,23.484838,326.401611,325.787018,326.972992,313.197235,285.167847,206.13652,28.012053,34.622314,91.605766,82.220322,102.74041,92.250626,200.356842,195.740814,39.806465,73.74453,253.595779,328.659943,339.875916,338.70871,330.500763,328.519806,332.506378,331.030548,327.994019,326.17868,321.359711,145.992737,124.322296,291.656769,321.50647,124.121902,187.332428,110.752312,227.06749,133.242737,151.835602,143.727921,196.814316,108.507439,221.429123,265.203461,176.984421,332.246674,295.276459,284.57608,256.417877,325.833679
2024-08-04,8,7,1,3,40523,36304.648,4957.842,342.476837,38781,35578.741,4982.096,341.417389,37725,35366.518,4999.252,346.955597,36616,34147.178,4986.962,336.724945,35877,33698.068,4938.521,336.906342,35297,33752.998,5031.704,335.220337,35824,32929.848,7291.259,318.057831,37936,33241.548,11537.966,49.806461,41587,34316.428,16110.947,221.782608,44166,34344.198,19576.098,184.525162,46225,34728.408,21637.355,249.606293,46884,35705.878,22501.718,246.168076,48734,35875.118,22458.881,310.3815,48126,36489.708,21617.425,309.758057,47492,37525.018,19487.581,314.548492,47070,37812.668,15944.644,331.872803,46594,37176.748,11157.61,338.374603,44747,37093.212,6627.709,344.005249,44382,37084.878,4128.776,342.747437,47228,37567.908,4149.061,347.145416,48900,39632.022,4430.549,347.426117,47281,39386.057,4715.746,341.31311,44588,37429.698,4948.068,341.276703,41962,36480.68,5060.191,337.872314,344.623779,343.352814,343.882446,343.295441,343.394012,343.26474,323.410797,313.927094,314.864471,335.092102,316.651184,316.90979,322.584167,327.898224,324.452332,328.869781,340.208313,350.338898,362.816742,360.780731,360.682587,360.403656,340.161682,361.005615,340.183685,356.748718,344.515991,324.851318,325.245667,324.617798,323.449097,28.831541,42.962032,44.889347,36.529911,33.621082,182.601395,100.374184,170.548828,134.679718,339.630646,339.93515,358.599701,351.846191,341.737091,341.467133,355.425262,340.528015,324.650909,328.731323,324.971954,331.46814,331.224915,327.976166,323.474152,150.984451,271.515198,315.438293,312.416626,253.009903,185.764526,313.773132,196.369217,310.550079,302.289917,323.941742,329.386505,336.532806,342.230377,323.796478,319.084381,323.633759,353.33194,346.474091,330.302338,327.745758,343.235107,328.329559,325.765717,323.479706,322.577026,286.471527,285.764069,236.776123,318.893372,288.884888,322.834473,327.143524,348.788025,328.793701,328.530731,344.610413,344.637634,313.66803,325.226532,23.484838,327.954224,324.99408,323.203339,290.295502,290.52771,290.260284,322.296509,153.503815,180.760712,120.562386,282.851013,65.16626,317.987183,257.399719,196.267288,252.293015,249.860748,70.738594,49.974007,152.987137,113.412109,33.422298,26.276682,26.099667
2024-08-05,8,1,0,3,41933,35252.268,5354.291,352.545044,39937,34066.534,5321.911,359.798309,38380,33120.191,5235.502,359.467896,37138,32863.803,5091.144,336.968964,36332,31792.013,4898.299,328.020569,35700,31320.721,4871.668,321.396118,36135,31946.598,7078.097,323.48941,38425,33103.658,11312.218,47.5023,42047,34184.928,15833.917,93.393852,44697,34228.558,19270.419,109.043922,46831,34698.048,21369.257,141.578934,47375,35673.078,22205.201,146.982712,49292,35723.198,22174.656,253.299225,48890,35869.509,21387.661,271.634888,48169,35627.436,19311.14,314.569214,47860,35784.301,15759.57,328.759613,47290,35290.558,10766.195,344.293488,45800,34937.458,6105.873,357.415649,45182,36201.996,3644.973,351.933746,47913,37790.39,3636.952,352.253235,49500,39380.776,3836.897,366.196259,47857,39056.933,3907.028,356.805817,44834,36014.294,3999.996,360.951294,42401,34857.828,4125.614,345.255615,341.225677,339.601715,339.62851,339.727875,339.289246,320.05481,318.588715,47.650352,4.892594,84.432335,97.927757,80.691811,196.287918,199.163483,318.723877,325.32196,317.109955,340.505371,343.8974,340.050873,338.303833,338.231384,341.700562,340.432617,341.468262,341.269226,340.82373,343.686951,343.506744,343.085052,323.695282,322.753693,322.099457,333.401489,336.514984,330.762299,349.830353,349.598114,336.825409,339.000122,362.073425,375.098969,351.080658,354.209442,351.174957,340.078461,341.132416,340.47540300000003,344.623779,343.352814,343.882446,343.295441,343.394012,343.26474,323.410797,313.927094,314.864471,335.092102,316.651184,316.90979,322.584167,327.898224,324.452332,328.869781,340.208313,350.338898,362.816742,360.780731,360.682587,360.403656,340.161682,361.005615,324.650909,328.731323,324.971954,331.46814,331.224915,327.976166,323.474152,150.984451,271.515198,315.438293,312.416626,253.009903,185.764526,313.773132,196.369217,310.550079,302.289917,323.941742,329.386505,336.532806,342.230377,323.796478,319.084381,323.633759,293.131927,273.151031,54.035259,70.676437,49.567463,51.831432,48.769184,44.7407,45.207115,65.584824,83.089264,66.173965,314.348846,9.622665,65.735405,315.452972,38.04113,20.10174,54.955727,56.91328,54.618031,36.134392,53.794205,24.076023
2024-08-06,8,2,0,3,43245,34326.449,4128.566,342.182312,41302,32951.911,4118.181,352.023163,39636,32099.969,4066.117,349.260437,37803,31626.628,3917.264,354.874329,37415,31597.793,3706.147,343.579834,36970,31606.078,3635.851,343.471771,37405,31675.678,5693.99,324.268616,40905,32818.878,9722.006,323.240967,44886,33832.948,14139.688,320.469299,47965,33879.088,17597.254,327.680145,49742,34720.28,19709.639,340.339569,50853,35545.939,20558.023,335.581757,51963,36010.237,20496.726,340.901428,51075,35275.118,19575.184,334.255035,50408,35817.238,17352.195,334.867004,50186,35544.04,13754.618,344.768677,49742,34906.028,8920.993,360.482788,48298,34468.467,4425.923,363.219818,47965,35720.862,2082.389,356.487579,49964,37262.788,2038.745,351.689758,52519,38827.218,2170.128,366.518311,51186,38542.215,2330.659,359.691437,48243,35845.838,2546.784,361.130951,45411,34585.196,2707.66,341.980225,340.183685,356.748718,344.515991,324.851318,325.245667,324.617798,323.449097,28.831541,42.962032,44.889347,36.529911,33.621082,182.601395,100.374184,170.548828,134.679718,339.630646,339.93515,358.599701,351.846191,341.737091,341.467133,355.425262,340.528015,456.199371,455.755951,488.142334,486.211792,476.234283,455.505676,456.920776,388.621429,375.472626,354.102234,365.864838,369.014343,462.491882,458.108215,467.044037,470.713593,478.76413,523.687378,455.429016,487.864594,458.779602,369.636017,124.394318,324.442017,341.225677,339.601715,339.62851,339.727875,339.289246,320.05481,318.588715,47.650352,4.892594,84.432335,97.927757,80.691811,196.287918,199.163483,318.723877,325.32196,317.109955,340.505371,343.8974,340.050873,338.303833,338.231384,341.700562,340.432617,344.623779,343.352814,343.882446,343.295441,343.394012,343.26474,323.410797,313.927094,314.864471,335.092102,316.651184,316.90979,322.584167,327.898224,324.452332,328.869781,340.208313,350.338898,362.816742,360.780731,360.682587,360.403656,340.161682,361.005615,55.647713,15.200811,49.858341,49.975262,50.378445,14.831962,30.553907,3.368097,14.649593,27.502899,20.512184,25.353895,17.089228,19.193359,18.4196,17.11071,21.160048,114.438103,243.157394,326.058167,210.937851,80.4207,32.840084,34.038162
2024-08-07,8,3,0,3,44527,34505.328,2531.141,481.859558,42465,33292.707,2491.128,484.964905,40817,32419.937,2359.884,491.572968,39602,31874.798,2190.26,488.698029,38928,31840.038,2064.701,486.853485,38253,31702.728,2076.469,458.453705,38523,31354.375,4156.244,455.736176,41559,32471.185,8202.349,390.895599,46281,33216.388,12659.233,419.156189,49066,33207.178,16242.634,439.604523,51881,33649.258,18614.894,443.367462,52985,34677.898,19643.521,461.369263,54759,34694.538,19664.788,488.904083,53655,34407.768,18864.825,476.235443,52843,34481.588,16671.749,473.093872,52008,34679.208,13032.061,478.824768,51000,34267.6,8215.329,493.567474,48778,34029.388,3773.889,569.320374,48028,35068.987,1412.748,514.310425,51941,37101.498,1374.37,628.840576,54167,38755.558,1522.544,667.218201,52481,38528.058,1693.541,521.232849,49445,35599.648,1794.986,497.895142,45802,33950.827,1878.447,480.771484,341.468262,341.269226,340.82373,343.686951,343.506744,343.085052,323.695282,322.753693,322.099457,333.401489,336.514984,330.762299,349.830353,349.598114,336.825409,339.000122,362.073425,375.098969,351.080658,354.209442,351.174957,340.078461,341.132416,340.47540300000003,454.821289,457.616821,463.15155,446.918304,446.588654,446.770752,452.799438,377.07843,451.319885,313.203766,323.264069,371.592224,384.093689,409.17276,415.319763,487.327484,510.27536,593.529175,581.743652,629.726685,497.36911,483.910126,484.409729,476.167023,340.183685,356.748718,344.515991,324.851318,325.245667,324.617798,323.449097,28.831541,42.962032,44.889347,36.529911,33.621082,182.601395,100.374184,170.548828,134.679718,339.630646,339.93515,358.599701,351.846191,341.737091,341.467133,355.425262,340.528015,341.225677,339.601715,339.62851,339.727875,339.289246,320.05481,318.588715,47.650352,4.892594,84.432335,97.927757,80.691811,196.287918,199.163483,318.723877,325.32196,317.109955,340.505371,343.8974,340.050873,338.303833,338.231384,341.700562,340.432617,326.401611,325.787018,326.972992,313.197235,285.167847,206.13652,28.012053,34.622314,91.605766,82.220322,102.74041,92.250626,200.356842,195.740814,39.806465,73.74453,253.595779,328.659943,339.875916,338.70871,330.500763,328.519806,332.506378,331.030548
2024-08-08,8,4,0,3,44792,33824.585,2239.261,523.825867,42575,30288.467,2308.105,517.460327,40853,26996.602,2344.392,490.611328,39490,25052.703,2378.2,474.74942,38624,25041.574,2412.79,474.793457,37812,24311.471,2599.889,468.545258,38391,24347.816,4931.43,451.855835,41286,25072.579,9442.475,428.919708,45750,26300.852,14302.051,436.936127,48592,28698.172,18135.081,441.293213,50874,28972.652,20555.651,460.702667,51566,29681.812,21575.233,453.390442,53814,29927.302,21663.093,502.645203,53129,29573.982,20874.061,479.476105,52400,30100.617,18701.575,481.92511,52644,33170.511,14932.992,555.332275,51834,34393.57,9932.919,582.657654,49530,34442.708,5308.967,664.430908,48679,35469.325,2943.176,562.286377,51406,37146.353,3044.448,666.85376,53043,38451.32,3301.079,595.871094,51618,37818.703,3511.935,512.199402,48912,35591.786,3674.269,527.854736,46056,34059.27,3766.132,479.341766,456.199371,455.755951,488.142334,486.211792,476.234283,455.505676,456.920776,388.621429,375.472626,354.102234,365.864838,369.014343,462.491882,458.108215,467.044037,470.713593,478.76413,523.687378,455.429016,487.864594,458.779602,369.636017,124.394318,324.442017,480.797028,477.780304,490.391235,474.815735,461.147949,448.914551,434.483429,349.839722,445.198944,419.495911,438.432587,443.134125,464.667297,463.46405,458.663269,472.371582,480.035583,681.119568,616.665527,690.472595,697.706116,619.007996,563.52771,499.184021,341.468262,341.269226,340.82373,343.686951,343.506744,343.085052,323.695282,322.753693,322.099457,333.401489,336.514984,330.762299,349.830353,349.598114,336.825409,339.000122,362.073425,375.098969,351.080658,354.209442,351.174957,340.078461,341.132416,340.47540300000003,340.183685,356.748718,344.515991,324.851318,325.245667,324.617798,323.449097,28.831541,42.962032,44.889347,36.529911,33.621082,182.601395,100.374184,170.548828,134.679718,339.630646,339.93515,358.599701,351.846191,341.737091,341.467133,355.425262,340.528015,353.33194,346.474091,330.302338,327.745758,343.235107,328.329559,325.765717,323.479706,322.577026,286.471527,285.764069,236.776123,318.893372,288.884888,322.834473,327.143524,348.788025,328.793701,328.530731,344.610413,344.637634,313.66803,325.226532,23.484838
2024-08-09,8,5,0,3,45552,33488.904,3838.932,502.366547,43302,30085.763,3877.613,490.335907,41542,26974.332,3908.996,471.557465,40132,25048.694,3935.19,459.347839,39184,25081.337,3957.006,455.776825,38244,25124.772,4091.091,448.979645,38753,25507.428,6426.006,357.001465,41746,26367.004,10935.567,100.850365,46223,27243.296,15615.058,386.427155,49079,29537.916,19166.253,360.479584,51470,29937.187,21298.362,391.301239,52105,30493.936,22135.48,414.363037,54911,30753.166,22128.929,466.396271,54189,30563.804,21363.514,467.555573,53095,31236.667,19262.488,462.832336,52747,33523.298,15570.17,463.927155,52018,34787.782,10559.531,490.760101,50320,34497.891,5877.903,575.006409,49302,35575.847,3452.1,540.786804,52116,37306.444,3512.078,580.912964,53693,38673.851,3703.352,612.583252,52271,38380.538,3889.308,558.56842,49559,35157.415,4029.481,554.973511,46652,34527.983,4099.337,517.408447,454.821289,457.616821,463.15155,446.918304,446.588654,446.770752,452.799438,377.07843,451.319885,313.203766,323.264069,371.592224,384.093689,409.17276,415.319763,487.327484,510.27536,593.529175,581.743652,629.726685,497.36911,483.910126,484.409729,476.167023,480.209717,476.583984,476.90506,456.995575,454.241577,453.821564,430.258148,374.232025,406.279877,364.76535,406.535675,381.616241,450.721405,449.76532,465.303101,485.24057,526.329651,572.261047,546.155457,718.565613,721.137268,558.992615,590.67572,510.194122,456.199371,455.755951,488.142334,486.211792,476.234283,455.505676,456.920776,388.621429,375.472626,354.102234,365.864838,369.014343,462.491882,458.108215,467.044037,470.713593,478.76413,523.687378,455.429016,487.864594,458.779602,369.636017,124.394318,324.442017,341.468262,341.269226,340.82373,343.686951,343.506744,343.085052,323.695282,322.753693,322.099457,333.401489,336.514984,330.762299,349.830353,349.598114,336.825409,339.000122,362.073425,375.098969,351.080658,354.209442,351.174957,340.078461,341.132416,340.47540300000003,324.650909,328.731323,324.971954,331.46814,331.224915,327.976166,323.474152,150.984451,271.515198,315.438293,312.416626,253.009903,185.764526,313.773132,196.369217,310.550079,302.289917,323.941742,329.386505,336.532806,342.230377,323.796478,319.084381,323.633759
2024-08-10,8,6,1,3,44790,34781.548,4211.027,502.153412,42642,31381.742,4271.219,475.027313,40955,28329.034,4327.348,473.397614,39524,26514.302,4339.378,453.246765,38679,26292.142,4318.539,449.40686,37800,25541.95,4413.162,447.150055,38448,25705.518,6740.57,357.023773,41388,26146.142,11268.911,316.655151,45885,27725.574,16027.013,397.895111,48777,29873.892,19548.831,352.881592,51164,30186.012,21599.484,445.681732,51780,30979.902,22378.836,460.340759,53828,31121.352,22344.337,475.788025,53056,30922.582,21467.767,454.389313,52012,30972.412,19156.204,475.933868,51277,33217.027,15231.617,521.104919,50513,35159.952,9991.731,527.837769,48175,35108.032,5186.887,585.115417,47386,36294.702,2700.648,567.332947,49845,37522.624,2615.96,700.799683,51367,38847.16,2646.823,709.786499,49954,38419.43,2682.298,642.13324,47255,35857.877,2707.791,695.774475,45066,34867.908,2612.257,500.796051,480.797028,477.780304,490.391235,474.815735,461.147949,448.914551,434.483429,349.839722,445.198944,419.495911,438.432587,443.134125,464.667297,463.46405,458.663269,472.371582,480.035583,681.119568,616.665527,690.472595,697.706116,619.007996,563.52771,499.184021,652.255737,542.175354,487.057404,474.444092,473.94693,464.408264,454.412018,459.957977,448.18927,450.992157,453.810913,470.114838,472.708221,467.942474,468.913635,480.544281,505.677277,502.997742,476.986389,487.119812,524.365173,490.900085,527.277771,480.236938,454.821289,457.616821,463.15155,446.918304,446.588654,446.770752,452.799438,377.07843,451.319885,313.203766,323.264069,371.592224,384.093689,409.17276,415.319763,487.327484,510.27536,593.529175,581.743652,629.726685,497.36911,483.910126,484.409729,476.167023,456.199371,455.755951,488.142334,486.211792,476.234283,455.505676,456.920776,388.621429,375.472626,354.102234,365.864838,369.014343,462.491882,458.108215,467.044037,470.713593,478.76413,523.687378,455.429016,487.864594,458.779602,369.636017,124.394318,324.442017,344.623779,343.352814,343.882446,343.295441,343.394012,343.26474,323.410797,313.927094,314.864471,335.092102,316.651184,316.90979,322.584167,327.898224,324.452332,328.869781,340.208313,350.338898,362.816742,360.780731,360.682587,360.403656,340.161682,361.005615
2024-08-11,8,7,1,3,45291,31852.056,1877.592,506.598816,43078,28482.142,1787.345,499.91629,41327,26018.47,1663.602,501.618988,39844,25393.08,1531.374,478.099304,38861,25375.109,1407.041,475.034424,37761,24765.299,1406.622,459.202301,37971,24499.118,3262.816,443.587677,40444,25151.807,7044.396,411.32782,44490,26450.173,11116.335,451.760986,47311,28323.672,14461.069,446.430023,49575,28579.516,16631.429,470.135345,50276,29412.574,17540.683,477.286102,52281,30195.954,17481.58,472.546021,51614,30161.449,16410.575,468.514435,50512,30828.787,14136.073,464.108978,49754,32835.226,10721.566,476.408752,49001,34294.019,6549.28,479.881805,46928,34407.276,2723.187,498.591644,46128,35085.674,638.405,476.767395,48685,36356.806,545.062,502.156006,50416,37289.778,563.661,524.113159,49087,37053.796,578.218,514.598694,46350,35054.0,617.165,524.446594,44105,31189.636,649.892,501.990479,480.209717,476.583984,476.90506,456.995575,454.241577,453.821564,430.258148,374.232025,406.279877,364.76535,406.535675,381.616241,450.721405,449.76532,465.303101,485.24057,526.329651,572.261047,546.155457,718.565613,721.137268,558.992615,590.67572,510.194122,474.767822,474.103821,471.017456,453.004242,453.059143,452.687225,452.384247,404.863953,337.874939,327.453033,147.089798,103.603661,390.324463,370.417816,421.750641,389.034515,461.820801,473.380432,473.257782,472.526245,497.554199,476.845734,473.803589,473.665833,480.797028,477.780304,490.391235,474.815735,461.147949,448.914551,434.483429,349.839722,445.198944,419.495911,438.432587,443.134125,464.667297,463.46405,458.663269,472.371582,480.035583,681.119568,616.665527,690.472595,697.706116,619.007996,563.52771,499.184021,454.821289,457.616821,463.15155,446.918304,446.588654,446.770752,452.799438,377.07843,451.319885,313.203766,323.264069,371.592224,384.093689,409.17276,415.319763,487.327484,510.27536,593.529175,581.743652,629.726685,497.36911,483.910126,484.409729,476.167023,341.225677,339.601715,339.62851,339.727875,339.289246,320.05481,318.588715,47.650352,4.892594,84.432335,97.927757,80.691811,196.287918,199.163483,318.723877,325.32196,317.109955,340.505371,343.8974,340.050873,338.303833,338.231384,341.700562,340.432617
2024-08-12,8,1,0,3,42926,30529.736,879.877,489.195465,40805,26950.744,897.647,483.37323,39133,23830.192,883.051,473.864777,37720,22102.288,861.413,470.960175,36840,21590.374,839.412,464.200684,35990,21339.153,937.6,457.738037,36315,21454.03,3067.816,439.695251,38628,22095.08,7378.993,368.353149,42423,23527.702,12115.717,413.505981,45101,24013.933,15778.481,426.525269,47315,24210.738,17945.839,454.999756,47952,24943.161,18800.164,458.266327,49843,25058.6,18779.362,448.833069,49303,24960.767,17911.02,451.348724,48716,25562.92,15766.655,450.085266,48059,29217.098,12228.122,453.609436,47502,31413.13,7625.261,475.668427,45606,33335.204,3150.841,496.858826,44861,33304.578,706.381,479.725952,47413,33410.874,572.888,511.673615,49007,35279.519,579.631,523.040222,47652,35490.092,581.868,519.3573,45016,33266.952,583.196,501.02829,42703,31019.889,548.721,478.122528,652.255737,542.175354,487.057404,474.444092,473.94693,464.408264,454.412018,459.957977,448.18927,450.992157,453.810913,470.114838,472.708221,467.942474,468.913635,480.544281,505.677277,502.997742,476.986389,487.119812,524.365173,490.900085,527.277771,480.236938,475.738403,473.258453,473.228607,472.41214,461.323975,452.113312,452.594543,423.121979,458.177063,464.137909,453.794495,453.302338,493.506134,545.221924,467.488251,488.696472,484.346863,576.627441,479.205017,502.722809,496.103943,482.073853,479.793579,478.5224,480.209717,476.583984,476.90506,456.995575,454.241577,453.821564,430.258148,374.232025,406.279877,364.76535,406.535675,381.616241,450.721405,449.76532,465.303101,485.24057,526.329651,572.261047,546.155457,718.565613,721.137268,558.992615,590.67572,510.194122,480.797028,477.780304,490.391235,474.815735,461.147949,448.914551,434.483429,349.839722,445.198944,419.495911,438.432587,443.134125,464.667297,463.46405,458.663269,472.371582,480.035583,681.119568,616.665527,690.472595,697.706116,619.007996,563.52771,499.184021,340.183685,356.748718,344.515991,324.851318,325.245667,324.617798,323.449097,28.831541,42.962032,44.889347,36.529911,33.621082,182.601395,100.374184,170.548828,134.679718,339.630646,339.93515,358.599701,351.846191,341.737091,341.467133,355.425262,340.528015
2024-08-13,8,2,0,3,42044,29520.326,427.022,500.454529,40013,26324.196,420.051,513.673767,38454,22985.313,416.576,507.250519,37165,21109.468,413.611,474.710632,36437,20767.003,424.524,474.378357,35800,20662.687,586.777,457.847046,36554,20980.718,2968.166,452.87384,39472,22167.897,7732.679,411.965088,44249,23779.85,12847.531,447.455719,47270,26154.46,16589.321,448.326172,49545,26766.888,18751.084,470.587067,50028,27549.204,19585.016,471.181671,51910,27741.917,19530.252,557.442017,51032,27511.936,18669.546,548.594543,50040,27594.453,16513.065,541.493774,49438,28192.224,12845.47,578.6875,48671,30347.002,7967.681,520.123047,46678,31961.172,3267.856,622.826294,45908,33338.274,835.518,581.150146,48394,34624.637,810.354,612.921753,49992,35850.649,877.457,618.719666,48394,35643.798,865.579,590.943848,45494,33013.833,849.044,605.684265,43008,31962.64,822.099,510.051117,474.767822,474.103821,471.017456,453.004242,453.059143,452.687225,452.384247,404.863953,337.874939,327.453033,147.089798,103.603661,390.324463,370.417816,421.750641,389.034515,461.820801,473.380432,473.257782,472.526245,497.554199,476.845734,473.803589,473.665833,496.478699,493.375916,496.005615,496.514404,496.45874,494.417603,474.82959,461.679993,463.474152,455.257111,435.736084,452.503448,870.88899225,811.031311,459.93927,476.341797,477.089447,483.21814,475.639099,497.208344,477.947906,478.888519,475.373901,475.422913,652.255737,542.175354,487.057404,474.444092,473.94693,464.408264,454.412018,459.957977,448.18927,450.992157,453.810913,470.114838,472.708221,467.942474,468.913635,480.544281,505.677277,502.997742,476.986389,487.119812,524.365173,490.900085,527.277771,480.236938,480.209717,476.583984,476.90506,456.995575,454.241577,453.821564,430.258148,374.232025,406.279877,364.76535,406.535675,381.616241,450.721405,449.76532,465.303101,485.24057,526.329651,572.261047,546.155457,718.565613,721.137268,558.992615,590.67572,510.194122,341.468262,341.269226,340.82373,343.686951,343.506744,343.085052,323.695282,322.753693,322.099457,333.401489,336.514984,330.762299,349.830353,349.598114,336.825409,339.000122,362.073425,375.098969,351.080658,354.209442,351.174957,340.078461,341.132416,340.47540300000003
2024-08-14,8,3,0,3,44142,32554.466,893.964,539.739258,42044,29936.551,906.907,504.739044,40385,26655.737,943.684,502.561432,38981,23070.447,1003.827,494.548065,37779,21733.734,1089.007,481.229797,37000,21519.414,1310.399,474.57663,37583,21361.571,3720.403,455.757599,40356,22178.826,8370.855,459.114655,44679,23760.974,13260.615,458.762085,47269,25930.47,16907.461,452.967163,49451,26772.874,19063.9,443.302551,49955,27674.15,19830.358,448.231415,51875,27598.81,19708.172,483.735107,51066,27227.555,18732.468,484.035553,50090,26951.52,16512.685,490.229065,49420,28045.532,12989.303,492.751312,48719,29789.154,8400.365,549.968506,46523,31016.051,4115.025,504.411865,45813,30889.127,2055.777,483.528717,48148,31630.018,2218.468,503.970856,49295,32258.381,2370.604,503.889221,47778,31532.64,2367.284,481.084778,45018,30228.251,2331.876,492.553223,42773,30663.641,2271.804,489.564636,475.738403,473.258453,473.228607,472.41214,461.323975,452.113312,452.594543,423.121979,458.177063,464.137909,453.794495,453.302338,493.506134,545.221924,467.488251,488.696472,484.346863,576.627441,479.205017,502.722809,496.103943,482.073853,479.793579,478.5224,378.710052,378.57547,360.590485,378.583557,359.990204,360.032288,360.342316,361.978577,361.943787,358.269104,358.347137,357.598328,355.77063,335.85675,358.26474,360.480896,379.140472,378.862823,370.412628,382.006958,371.215515,360.910645,378.695862,359.814423,474.767822,474.103821,471.017456,453.004242,453.059143,452.687225,452.384247,404.863953,337.874939,327.453033,147.089798,103.603661,390.324463,370.417816,421.750641,389.034515,461.820801,473.380432,473.257782,472.526245,497.554199,476.845734,473.803589,473.665833,652.255737,542.175354,487.057404,474.444092,473.94693,464.408264,454.412018,459.957977,448.18927,450.992157,453.810913,470.114838,472.708221,467.942474,468.913635,480.544281,505.677277,502.997742,476.986389,487.119812,524.365173,490.900085,527.277771,480.236938,456.199371,455.755951,488.142334,486.211792,476.234283,455.505676,456.920776,388.621429,375.472626,354.102234,365.864838,369.014343,462.491882,458.108215,467.044037,470.713593,478.76413,523.687378,455.429016,487.864594,458.779602,369.636017,124.394318,324.442017
2024-08-15,8,4,0,3,42084,31140.661,2336.974,394.15387,40035,28659.612,2383.738,392.680603,38448,25955.798,2492.761,381.370056,37168,22366.292,2643.564,380.118774,36540,21644.051,2756.498,380.06546,36000,21632.56,2886.737,378.583405,36709,21767.637,4901.038,360.101959,39354,22832.143,8919.972,360.250977,42770,24918.642,13396.125,360.676666,45204,27519.57,16906.887,338.398163,47139,27945.34,19018.92,343.100708,47361,28703.521,19765.696,349.320129,48946,28637.71,19551.639,358.888458,48301,28361.17,18364.89,358.867828,47361,28478.11,16005.116,371.441559,46808,28842.69,12645.71,380.128479,46089,30366.628,8457.078,385.338074,44545,32564.462,4506.029,382.400146,43820,32584.616,2543.63,381.449219,46557,33355.122,2641.712,380.866394,47552,34216.842,2723.617,378.658508,45916,34182.732,2696.041,377.996887,43476,32479.893,2632.448,379.201111,41247,32007.217,2577.625,379.146576,496.478699,493.375916,496.005615,496.514404,496.45874,494.417603,474.82959,461.679993,463.474152,455.257111,435.736084,452.503448,870.88899225,811.031311,459.93927,476.341797,477.089447,483.21814,475.639099,497.208344,477.947906,478.888519,475.373901,475.422913,377.747589,377.717468,371.217926,371.110382,356.612671,356.616791,358.474731,357.927765,359.401123,318.17572,360.306152,343.647888,367.63559,374.610504,377.066742,377.966461,396.948395,390.183075,377.135284,380.613922,390.941376,372.823303,379.259583,377.71814,475.738403,473.258453,473.228607,472.41214,461.323975,452.113312,452.594543,423.121979,458.177063,464.137909,453.794495,453.302338,493.506134,545.221924,467.488251,488.696472,484.346863,576.627441,479.205017,502.722809,496.103943,482.073853,479.793579,478.5224,474.767822,474.103821,471.017456,453.004242,453.059143,452.687225,452.384247,404.863953,337.874939,327.453033,147.089798,103.603661,390.324463,370.417816,421.750641,389.034515,461.820801,473.380432,473.257782,472.526245,497.554199,476.845734,473.803589,473.665833,454.821289,457.616821,463.15155,446.918304,446.588654,446.770752,452.799438,377.07843,451.319885,313.203766,323.264069,371.592224,384.093689,409.17276,415.319763,487.327484,510.27536,593.529175,581.743652,629.726685,497.36911,483.910126,484.409729,476.167023
2024-08-16,8,5,0,3,40289,29827.59,2601.376,378.429321,38419,27133.897,2619.9,378.218475,37027,24394.563,2631.658,376.547516,35765,21879.179,2655.368,376.572937,35195,20978.435,2670.944,370.965881,35000,20751.799,2779.808,370.897461,35565,21149.986,4592.644,358.401886,37788,21761.242,8238.051,343.922699,41286,23212.726,12280.556,358.728058,43566,25733.226,15526.409,278.540558,45347,26276.956,17436.515,359.135162,45632,27025.616,17976.258,350.178375,46935,27028.746,17748.169,364.396057,46412,26744.506,16757.068,370.242218,45645,26769.166,14738.686,374.754456,45094,27192.166,11625.901,376.250793,44510,28698.956,7788.218,377.012238,42627,30021.465,4093.291,378.837433,41854,29915.796,2330.642,369.736145,43779,30819.166,2489.525,384.242126,44057,31765.5,2647.178,380.96994,42469,31714.896,2666.007,372.913208,40467,29924.256,2645.633,362.245789,38393,29209.203,2588.72,361.168976,378.710052,378.57547,360.590485,378.583557,359.990204,360.032288,360.342316,361.978577,361.943787,358.269104,358.347137,357.598328,355.77063,335.85675,358.26474,360.480896,379.140472,378.862823,370.412628,382.006958,371.215515,360.910645,378.695862,359.814423,381.758362,381.096436,374.711609,377.999969,374.379333,374.268524,358.000061,362.413239,359.459686,257.178375,306.619843,322.488159,359.17395,371.899414,378.442322,386.269928,389.366119,436.223389,394.845978,401.644684,399.677216,377.600525,384.233917,384.065521,496.478699,493.375916,496.005615,496.514404,496.45874,494.417603,474.82959,461.679993,463.474152,455.257111,435.736084,452.503448,870.88899225,811.031311,459.93927,476.341797,477.089447,483.21814,475.639099,497.208344,477.947906,478.888519,475.373901,475.422913,475.738403,473.258453,473.228607,472.41214,461.323975,452.113312,452.594543,423.121979,458.177063,464.137909,453.794495,453.302338,493.506134,545.221924,467.488251,488.696472,484.346863,576.627441,479.205017,502.722809,496.103943,482.073853,479.793579,478.5224,480.797028,477.780304,490.391235,474.815735,461.147949,448.914551,434.483429,349.839722,445.198944,419.495911,438.432587,443.134125,464.667297,463.46405,458.663269,472.371582,480.035583,681.119568,616.665527,690.472595,697.706116,619.007996,563.52771,499.184021
2024-08-17,8,6,1,3,37853,26856.918,2473.544,381.59787,36220,24294.711,2413.032,380.212982,34875,21994.972,2370.925,377.358124,33872,20861.523,2363.26,377.35022,33338,20724.232,2353.041,374.437653,33200,20539.4,2409.443,374.163086,34011,20791.93,4331.162,358.000122,37040,21630.83,8363.125,341.578247,40504,23128.78,12773.691,344.996002,42606,24405.85,16154.508,236.325226,44262,24682.31,18239.595,338.216644,44304,25425.96,19009.171,334.361115,45715,25380.28,18827.264,361.013702,45218,25119.59,17715.953,376.203674,44639,25062.06,15375.411,377.174652,44413,25756.781,11975.443,383.265869,43947,27510.4,7786.124,387.969177,42041,27547.44,3924.344,432.751923,41458,26850.25,2098.591,399.025299,43300,27527.026,2248.661,401.683716,43630,28740.3,2355.292,391.869934,41939,28729.99,2338.231,377.972778,39807,27385.706,2285.753,398.397308,37805,26566.762,2174.591,381.531372,377.747589,377.717468,371.217926,371.110382,356.612671,356.616791,358.474731,357.927765,359.401123,318.17572,360.306152,343.647888,367.63559,374.610504,377.066742,377.966461,396.948395,390.183075,377.135284,380.613922,390.941376,372.823303,379.259583,377.71814,397.698853,416.57486,398.059845,396.615082,380.854401,373.949341,354.591064,343.030914,360.906799,273.870087,302.899261,316.712616,378.605499,378.098633,390.677094,423.536652,719.030884,598.166626,431.994568,576.159851,870.88899225,420.99292,565.107239,494.898834,378.710052,378.57547,360.590485,378.583557,359.990204,360.032288,360.342316,361.978577,361.943787,358.269104,358.347137,357.598328,355.77063,335.85675,358.26474,360.480896,379.140472,378.862823,370.412628,382.006958,371.215515,360.910645,378.695862,359.814423,496.478699,493.375916,496.005615,496.514404,496.45874,494.417603,474.82959,461.679993,463.474152,455.257111,435.736084,452.503448,870.88899225,811.031311,459.93927,476.341797,477.089447,483.21814,475.639099,497.208344,477.947906,478.888519,475.373901,475.422913,480.209717,476.583984,476.90506,456.995575,454.241577,453.821564,430.258148,374.232025,406.279877,364.76535,406.535675,381.616241,450.721405,449.76532,465.303101,485.24057,526.329651,572.261047,546.155457,718.565613,721.137268,558.992615,590.67572,510.194122
2024-08-18,8,7,1,3,39069,24549.508,2232.297,401.322144,37176,22871.125,2128.908,397.4198,35755,21744.785,2077.604,397.358398,34646,20633.864,2063.35,377.287933,34194,20586.024,2060.047,377.197937,34000,20523.933,2103.117,373.980225,34634,20721.79,4041.411,359.195282,36808,21652.5,8073.721,326.607239,39901,23212.16,12571.398,244.24736,42151,24561.61,16043.661,208.362198,43959,24844.67,18168.121,337.844177,44197,25616.67,18923.228,299.623535,45802,25584.211,18657.79,378.141418,45348,25225.75,17384.492,372.476074,44693,25086.487,14761.466,379.888794,44330,25232.425,11139.518,379.839233,43865,26267.99,6906.03,397.220703,42100,25994.12,3236.093,420.942474,41435,25531.108,1636.628,383.001221,43546,26207.21,1794.0,427.580292,44134,27506.23,1885.322,407.056335,42529,27488.808,1824.171,398.667542,40249,25502.952,1708.097,400.049591,38274,24811.125,1580.705,396.776123,381.758362,381.096436,374.711609,377.999969,374.379333,374.268524,358.000061,362.413239,359.459686,257.178375,306.619843,322.488159,359.17395,371.899414,378.442322,386.269928,389.366119,436.223389,394.845978,401.644684,399.677216,377.600525,384.233917,384.065521,390.790131,451.001434,397.240601,387.91095,376.326141,357.769989,342.107727,335.576294,342.073761,322.432068,351.312347,339.766266,358.565186,564.03,562.23,397.858307,361.951447,359.915619,352.967834,377.622681,365.678253,343.275665,358.793365,361.194153,377.747589,377.717468,371.217926,371.110382,356.612671,356.616791,358.474731,357.927765,359.401123,318.17572,360.306152,343.647888,367.63559,374.610504,377.066742,377.966461,396.948395,390.183075,377.135284,380.613922,390.941376,372.823303,379.259583,377.71814,378.710052,378.57547,360.590485,378.583557,359.990204,360.032288,360.342316,361.978577,361.943787,358.269104,358.347137,357.598328,355.77063,335.85675,358.26474,360.480896,379.140472,378.862823,370.412628,382.006958,371.215515,360.910645,378.695862,359.814423,652.255737,542.175354,487.057404,474.444092,473.94693,464.408264,454.412018,459.957977,448.18927,450.992157,453.810913,470.114838,472.708221,467.942474,468.913635,480.544281,505.677277,502.997742,476.986389,487.119812,524.365173,490.900085,527.277771,480.236938
2024-08-19,8,1,0,3,38268,22178.741,1487.948,379.991333,36364,21772.06,1418.169,378.52594,34912,20604.73,1374.509,376.717133,33752,20338.93,1357.106,357.764923,33166,20290.87,1343.448,357.13739,32925,20203.17,1347.55,356.631195,33374,20531.17,2984.556,341.741638,35293,21347.12,6480.838,322.687775,38664,22807.89,10403.608,327.820984,41116,23918.92,13647.949,286.836853,42841,24209.31,15651.516,338.313721,43157,24999.49,16410.206,320.682098,44673,24980.18,16108.35,353.962067,44268,24555.15,14715.176,354.842285,43612,24506.91,12136.191,360.066742,43214,24747.82,9104.011,378.299164,42842,25402.49,5587.179,378.861023,41319,25669.263,2385.462,377.37439,40674,24962.805,886.478,361.209595,42770,25685.64,923.217,372.566101,43239,27037.7,959.154,361.597443,41646,26902.386,939.938,350.132324,39384,24335.431,914.843,369.400482,37442,23638.56,886.428,360.343262,397.698853,416.57486,398.059845,396.615082,380.854401,373.949341,354.591064,343.030914,360.906799,273.870087,302.899261,316.712616,378.605499,378.098633,390.677094,423.536652,719.030884,598.166626,431.994568,576.159851,870.88899225,420.99292,565.107239,494.898834,399.091309,396.4133,395.647614,376.701324,376.113373,376.128601,381.104858,381.266785,381.542389,380.883636,375.044586,376.756805,375.740356,374.020508,377.002502,380.481903,382.058014,400.542847,499.522522,429.719238,399.814056,385.262787,398.509216,377.684448,381.758362,381.096436,374.711609,377.999969,374.379333,374.268524,358.000061,362.413239,359.459686,257.178375,306.619843,322.488159,359.17395,371.899414,378.442322,386.269928,389.366119,436.223389,394.845978,401.644684,399.677216,377.600525,384.233917,384.065521,377.747589,377.717468,371.217926,371.110382,356.612671,356.616791,358.474731,357.927765,359.401123,318.17572,360.306152,343.647888,367.63559,374.610504,377.066742,377.966461,396.948395,390.183075,377.135284,380.613922,390.941376,372.823303,379.259583,377.71814,474.767822,474.103821,471.017456,453.004242,453.059143,452.687225,452.384247,404.863953,337.874939,327.453033,147.089798,103.603661,390.324463,370.417816,421.750641,389.034515,461.820801,473.380432,473.257782,472.526245,497.554199,476.845734,473.803589,473.665833
2024-08-20,8,2,0,3,36962,21301.97,472.48,551.37085,35131,20372.413,479.506,597.763977,34123,19978.66,498.509,536.306519,33032,19898.06,518.934,395.35199,32606,19782.881,547.836,395.337646,33027,19666.28,606.339,376.208252,34175,19971.38,2261.12,380.871857,36153,20718.21,5716.09,380.940979,40627,21922.57,9587.803,384.214111,43134,23144.26,12889.001,378.94809,44669,23397.74,15118.284,376.115265,44864,24252.343,16032.247,377.338074,46518,24753.707,15941.212,588.892212,46031,24772.451,14724.144,703.484131,45642,25287.294,12305.594,571.800293,45350,25865.74,9339.159,734.600098,44523,26263.44,5795.581,594.458496,42139,24947.901,2383.686,605.037598,41166,24533.874,703.51,535.441711,43209,25287.22,737.904,578.224487,43501,26709.896,743.069,558.739807,41798,26458.43,678.179,404.11496,39609,24197.639,599.638,498.538513,37711,23477.8,542.024,398.675751,390.790131,451.001434,397.240601,387.91095,376.326141,357.769989,342.107727,335.576294,342.073761,322.432068,351.312347,339.766266,358.565186,564.03,562.23,397.858307,361.951447,359.915619,352.967834,377.622681,365.678253,343.275665,358.793365,361.194153,400.993835,406.064819,400.515259,397.254425,379.718872,380.857117,381.175385,362.359375,361.529999,316.946259,364.438843,324.277893,351.495911,354.733307,368.862976,382.207397,402.861145,597.753418,707.692566,517.7164310000001,548.436401,400.125427,401.670959,380.252899,397.698853,416.57486,398.059845,396.615082,380.854401,373.949341,354.591064,343.030914,360.906799,273.870087,302.899261,316.712616,378.605499,378.098633,390.677094,423.536652,719.030884,598.166626,431.994568,576.159851,870.88899225,420.99292,565.107239,494.898834,381.758362,381.096436,374.711609,377.999969,374.379333,374.268524,358.000061,362.413239,359.459686,257.178375,306.619843,322.488159,359.17395,371.899414,378.442322,386.269928,389.366119,436.223389,394.845978,401.644684,399.677216,377.600525,384.233917,384.065521,475.738403,473.258453,473.228607,472.41214,461.323975,452.113312,452.594543,423.121979,458.177063,464.137909,453.794495,453.302338,493.506134,545.221924,467.488251,488.696472,484.346863,576.627441,479.205017,502.722809,496.103943,482.073853,479.793579,478.5224
2024-08-21,8,3,0,3,38348,22848.409,490.784,434.135101,36802,22339.248,498.755,430.447876,35462,21729.234,550.223,419.372498,34225,21280.262,615.872,397.910675,33773,20889.257,687.225,379.143036,34211,20800.887,788.155,378.424957,35112,20610.51,2706.792,377.328094,37845,20949.64,6775.424,381.018982,42031,22228.972,11465.659,378.975861,44069,22558.0,15414.253,365.31723,46131,22947.52,17965.24,378.714783,46028,23732.46,19008.479,350.017456,47935,23752.0,18983.385,363.713409,47316,23489.72,18059.663,377.650696,46801,23481.88,15820.723,377.738037,46285,24249.849,12161.255,391.55011,45461,25559.52,7412.079,400.087982,43701,25529.67,2992.876,415.340393,42861,25183.832,959.657,400.854828,45048,25392.573,1047.432,415.829193,44739,25849.475,1062.567,487.816711,43193,25536.367,1011.22,382.77243,40733,24242.368,943.468,402.234283,38979,23722.7,900.286,400.454468,399.091309,396.4133,395.647614,376.701324,376.113373,376.128601,381.104858,381.266785,381.542389,380.883636,375.044586,376.756805,375.740356,374.020508,377.002502,380.481903,382.058014,400.542847,499.522522,429.719238,399.814056,385.262787,398.509216,377.684448,400.503479,381.983582,381.961792,381.647552,381.449707,381.608459,381.534424,362.262543,364.316406,303.996368,263.875916,241.656677,356.299255,368.579712,378.690491,389.714935,468.889343,809.408447,870.88899225,665.520386,870.88899225,403.456604,408.79538,400.085754,390.790131,451.001434,397.240601,387.91095,376.326141,357.769989,342.107727,335.576294,342.073761,322.432068,351.312347,339.766266,358.565186,564.03,562.23,397.858307,361.951447,359.915619,352.967834,377.622681,365.678253,343.275665,358.793365,361.194153,397.698853,416.57486,398.059845,396.615082,380.854401,373.949341,354.591064,343.030914,360.906799,273.870087,302.899261,316.712616,378.605499,378.098633,390.677094,423.536652,719.030884,598.166626,431.994568,576.159851,870.88899225,420.99292,565.107239,494.898834,496.478699,493.375916,496.005615,496.514404,496.45874,494.417603,474.82959,461.679993,463.474152,455.257111,435.736084,452.503448,870.88899225,811.031311,459.93927,476.341797,477.089447,483.21814,475.639099,497.208344,477.947906,478.888519,475.373901,475.422913
2024-08-22,8,4,0,3,38842,20841.21,933.51,433.845764,37003,19851.07,901.985,413.397614,35668,19457.76,869.161,400.804443,34604,19357.73,833.478,399.840546,34210,19382.57,783.417,378.815826,34227,19396.77,777.038,378.15741,35128,19882.72,2910.024,378.464752,37760,20716.83,7549.962,361.482605,41760,19693.474,12745.271,378.859528,44271,20142.614,16757.149,361.936951,46261,20470.254,18994.742,370.531403,46577,21242.184,19834.235,363.997772,48317,21436.145,19744.108,412.873535,47772,21266.178,18726.418,395.664154,47150,21359.478,16328.635,393.987366,46721,23445.9,12364.675,393.313171,46104,24998.212,7335.388,412.343262,44016,25789.935,2807.227,481.020508,43326,25707.247,902.66,437.248352,45619,26882.176,1125.058,412.712067,45974,27535.711,1304.886,652.96521,44246,26957.86,1416.138,400.331909,41876,22012.46,1502.228,411.00766,39859,20519.14,1591.331,397.934967,400.993835,406.064819,400.515259,397.254425,379.718872,380.857117,381.175385,362.359375,361.529999,316.946259,364.438843,324.277893,351.495911,354.733307,368.862976,382.207397,402.861145,597.753418,707.692566,517.7164310000001,548.436401,400.125427,401.670959,380.252899,513.408936,501.914978,497.110962,482.25235,482.177582,482.257172,463.733551,463.613922,458.965881,409.466888,416.13559,458.129791,583.110718,580.343872,671.363525,706.524597,833.870667,870.88899225,870.88899225,870.88899225,870.88899225,867.005615,870.88899225,801.905029,399.091309,396.4133,395.647614,376.701324,376.113373,376.128601,381.104858,381.266785,381.542389,380.883636,375.044586,376.756805,375.740356,374.020508,377.002502,380.481903,382.058014,400.542847,499.522522,429.719238,399.814056,385.262787,398.509216,377.684448,390.790131,451.001434,397.240601,387.91095,376.326141,357.769989,342.107727,335.576294,342.073761,322.432068,351.312347,339.766266,358.565186,564.03,562.23,397.858307,361.951447,359.915619,352.967834,377.622681,365.678253,343.275665,358.793365,361.194153,378.710052,378.57547,360.590485,378.583557,359.990204,360.032288,360.342316,361.978577,361.943787,358.269104,358.347137,357.598328,355.77063,335.85675,358.26474,360.480896,379.140472,378.862823,370.412628,382.006958,371.215515,360.910645,378.695862,359.814423
2024-08-23,8,5,0,3,38702,21088.333,1176.692,501.927277,36935,20270.355,1227.046,491.039764,35591,19387.54,1279.558,482.577179,34500,19292.26,1285.043,482.001678,34100,19295.9,1275.464,481.123962,34155,19300.33,1291.796,480.173767,35060,19435.02,3449.472,463.736847,37891,20469.49,8147.21,461.250031,42181,19465.664,13386.258,445.476074,44713,20084.584,17475.321,444.733612,46687,20411.384,19766.916,428.882538,46936,21160.664,20663.623,459.976898,48484,21148.244,20527.086,552.644226,47920,20857.894,19418.38,492.046021,47283,20738.617,17003.543,566.936707,46891,22864.78,12901.776,598.747192,46251,25194.63,7698.417,564.106384,44121,26278.634,3168.414,610.171265,43423,26510.632,1451.82,589.93335,45607,27338.267,1850.158,598.97699,45809,27675.623,2134.102,584.487305,44058,27216.59,2338.382,505.224213,41845,22242.554,2449.596,505.175812,39906,20695.605,2485.369,491.538666,400.503479,381.983582,381.961792,381.647552,381.449707,381.608459,381.534424,362.262543,364.316406,303.996368,263.875916,241.656677,356.299255,368.579712,378.690491,389.714935,468.889343,809.408447,870.88899225,665.520386,870.88899225,403.456604,408.79538,400.085754,648.677795,639.896851,475.548065,454.028046,449.567596,447.993073,432.583191,418.520691,440.599731,447.961395,647.207397,663.503174,850.977539,841.853455,869.745972,870.88899225,870.88899225,870.88899225,870.88899225,870.88899225,870.88899225,870.88899225,870.88899225,870.88899225,400.993835,406.064819,400.515259,397.254425,379.718872,380.857117,381.175385,362.359375,361.529999,316.946259,364.438843,324.277893,351.495911,354.733307,368.862976,382.207397,402.861145,597.753418,707.692566,517.7164310000001,548.436401,400.125427,401.670959,380.252899,399.091309,396.4133,395.647614,376.701324,376.113373,376.128601,381.104858,381.266785,381.542389,380.883636,375.044586,376.756805,375.740356,374.020508,377.002502,380.481903,382.058014,400.542847,499.522522,429.719238,399.814056,385.262787,398.509216,377.684448,377.747589,377.717468,371.217926,371.110382,356.612671,356.616791,358.474731,357.927765,359.401123,318.17572,360.306152,343.647888,367.63559,374.610504,377.066742,377.966461,396.948395,390.183075,377.135284,380.613922,390.941376,372.823303,379.259583,377.71814
2024-08-24,8,6,1,3,40466,20932.87,2895.464,442.774445,38496,20164.04,2680.062,446.913971,36675,19491.66,2446.932,434.781769,35556,19387.31,2243.476,432.948059,35000,19368.87,2038.368,430.672455,35044,19380.54,1898.594,429.712799,36137,19495.01,3854.117,413.591431,39162,20550.39,8334.304,372.427338,42849,19524.354,13515.693,390.165497,45788,20196.824,17455.082,459.381348,47817,20475.174,19626.687,497.385498,48091,21250.053,20443.592,455.862274,49940,21222.004,20300.157,605.683044,49064,20879.084,19128.301,532.321899,48354,20655.664,16490.114,606.01709,47748,22882.49,12314.09,616.356445,46822,25899.81,7250.401,755.535645,44723,26350.35,2951.772,836.2470172500002,43801,25887.327,1342.921,836.2470172500002,46383,27065.126,1619.468,810.053772,46924,27851.095,1823.574,835.417786,45288,27068.38,1951.878,493.342529,43038,22209.093,2031.854,592.809509,40984,21074.83,1980.181,488.25589,513.408936,501.914978,497.110962,482.25235,482.177582,482.257172,463.733551,463.613922,458.965881,409.466888,416.13559,458.129791,583.110718,580.343872,671.363525,706.524597,833.870667,870.88899225,870.88899225,870.88899225,870.88899225,867.005615,870.88899225,801.905029,715.523621,605.28009,477.437775,476.260925,449.438538,449.275604,434.310883,413.68811,417.779724,408.886505,413.578064,447.399384,521.233093,526.245667,517.152893,736.970154,870.88899225,789.714722,767.369446,641.832825,512.41748,437.621307,521.78656,628.893005,400.503479,381.983582,381.961792,381.647552,381.449707,381.608459,381.534424,362.262543,364.316406,303.996368,263.875916,241.656677,356.299255,368.579712,378.690491,389.714935,468.889343,809.408447,870.88899225,665.520386,870.88899225,403.456604,408.79538,400.085754,400.993835,406.064819,400.515259,397.254425,379.718872,380.857117,381.175385,362.359375,361.529999,316.946259,364.438843,324.277893,351.495911,354.733307,368.862976,382.207397,402.861145,597.753418,707.692566,517.7164310000001,548.436401,400.125427,401.670959,380.252899,381.758362,381.096436,374.711609,377.999969,374.379333,374.268524,358.000061,362.413239,359.459686,257.178375,306.619843,322.488159,359.17395,371.899414,378.442322,386.269928,389.366119,436.223389,394.845978,401.644684,399.677216,377.600525,384.233917,384.065521
2024-08-25,8,7,1,3,41880,20662.672,2044.12,776.517151,39763,19458.354,1915.431,622.520386,38410,19307.634,1746.799,470.96579,37045,19211.524,1579.6,451.974945,36385,19189.504,1387.368,434.834381,35705,19204.134,1254.299,432.296906,36354,19696.644,3257.791,414.736664,38940,20774.994,7900.332,406.385284,42395,19739.504,13158.475,407.983124,45125,20348.444,17122.25,416.521729,47136,20644.964,19350.948,445.762726,47883,21452.404,20240.515,475.124176,49985,21427.144,20067.521,601.747986,49396,21055.304,18833.61,588.969971,48588,20796.134,16074.64,589.140381,47927,23041.694,11933.678,574.529419,47329,24905.27,6947.298,720.371216,45605,25878.294,2737.066,836.2470172500002,44758,24890.562,1092.978,836.2470172500002,47271,26783.755,1286.072,801.770081,48393,27886.433,1398.848,801.642517,47051,26788.834,1445.63,465.92627,44475,22284.282,1442.094,826.708923,42127,20725.76,1390.321,816.038757,648.677795,639.896851,475.548065,454.028046,449.567596,447.993073,432.583191,418.520691,440.599731,447.961395,647.207397,663.503174,850.977539,841.853455,869.745972,870.88899225,870.88899225,870.88899225,870.88899225,870.88899225,870.88899225,870.88899225,870.88899225,870.88899225,602.813477,529.552429,456.820343,453.681641,449.183563,432.347473,430.282288,412.482666,409.88913,360.089935,411.122406,398.916504,421.495178,428.938446,440.505829,489.06546,829.152527,870.88899225,870.88899225,835.691406,606.490601,465.786316,829.114624,838.430969,513.408936,501.914978,497.110962,482.25235,482.177582,482.257172,463.733551,463.613922,458.965881,409.466888,416.13559,458.129791,583.110718,580.343872,671.363525,706.524597,833.870667,870.88899225,870.88899225,870.88899225,870.88899225,867.005615,870.88899225,801.905029,400.503479,381.983582,381.961792,381.647552,381.449707,381.608459,381.534424,362.262543,364.316406,303.996368,263.875916,241.656677,356.299255,368.579712,378.690491,389.714935,468.889343,809.408447,870.88899225,665.520386,870.88899225,403.456604,408.79538,400.085754,397.698853,416.57486,398.059845,396.615082,380.854401,373.949341,354.591064,343.030914,360.906799,273.870087,302.899261,316.712616,378.605499,378.098633,390.677094,423.536652,719.030884,598.166626,431.994568,576.159851,870.88899225,420.99292,565.107239,494.898834
2024-08-26,8,1,0,3,43883,19782.374,1076.886,745.737671,41991,18512.754,988.35,674.063049,40279,18368.164,896.458,571.483582,38795,18285.944,804.047,478.937042,37934,18268.663,738.805,449.171509,36983,18309.974,744.97,448.912598,37274,18818.104,2829.061,430.279175,39446,18556.754,7547.082,414.342834,43242,19189.324,12807.761,412.627289,46345,20012.964,16742.287,386.255951,48546,20322.374,18953.008,425.433044,49359,21025.774,19733.73,432.859375,50811,20967.194,19464.674,494.325775,50232,20527.624,18034.214,447.385345,49245,20192.014,15114.026,517.167969,48642,22518.774,11025.514,668.719116,48214,24608.608,6285.874,836.2470172500002,46491,25545.468,2440.189,836.2470172500002,45729,25864.292,1025.561,836.2470172500002,48489,28783.477,1270.657,832.828979,49759,31139.679,1390.478,834.923889,48315,30818.408,1385.881,650.642883,45733,24025.214,1309.14,718.031738,43503,20282.134,1237.637,718.128845,715.523621,605.28009,477.437775,476.260925,449.438538,449.275604,434.310883,413.68811,417.779724,408.886505,413.578064,447.399384,521.233093,526.245667,517.152893,736.970154,870.88899225,789.714722,767.369446,641.832825,512.41748,437.621307,521.78656,628.893005,582.296021,602.028564,454.29834,455.021484,431.216156,431.174042,430.851563,422.736633,432.061829,426.483368,463.282288,446.468262,576.970154,818.354553,838.328857,785.940918,870.88899225,870.88899225,870.88899225,870.88899225,870.88899225,530.242188,609.425903,838.547241,648.677795,639.896851,475.548065,454.028046,449.567596,447.993073,432.583191,418.520691,440.599731,447.961395,647.207397,663.503174,850.977539,841.853455,869.745972,870.88899225,870.88899225,870.88899225,870.88899225,870.88899225,870.88899225,870.88899225,870.88899225,870.88899225,513.408936,501.914978,497.110962,482.25235,482.177582,482.257172,463.733551,463.613922,458.965881,409.466888,416.13559,458.129791,583.110718,580.343872,671.363525,706.524597,833.870667,870.88899225,870.88899225,870.88899225,870.88899225,867.005615,870.88899225,801.905029,390.790131,451.001434,397.240601,387.91095,376.326141,357.769989,342.107727,335.576294,342.073761,322.432068,351.312347,339.766266,358.565186,564.03,562.23,397.858307,361.951447,359.915619,352.967834,377.622681,365.678253,343.275665,358.793365,361.194153
2024-08-27,8,2,0,3,43093,20236.694,1596.653,470.919159,41019,18604.854,1647.292,493.754944,39412,18509.324,1725.964,461.62912,38007,18415.604,1797.946,444.123047,37314,18393.944,1871.924,435.170685,36610,18381.204,1944.061,435.135651,37281,18811.094,3866.589,429.247772,40510,17938.596,8156.815,420.080597,45181,19063.914,12976.382,419.215607,48040,19680.944,16824.985,429.499512,50302,20014.754,19056.569,461.184631,50937,20913.734,19819.518,454.519958,52806,20863.054,19460.765,533.217773,52392,20405.584,17941.028,645.014282,51601,19949.914,14930.868,786.809875,50967,22617.694,10922.929,801.201965,50070,24823.525,6422.473,836.2470172500002,48189,25457.619,2813.594,836.2470172500002,47831,26367.904,1627.304,833.494568,50691,30122.504,2029.062,729.003357,51940,31525.174,2443.478,788.815063,50334,30733.044,2690.056,465.251251,47645,24642.744,2858.545,579.304443,44883,20731.28,2935.0,800.435059,602.813477,529.552429,456.820343,453.681641,449.183563,432.347473,430.282288,412.482666,409.88913,360.089935,411.122406,398.916504,421.495178,428.938446,440.505829,489.06546,829.152527,870.88899225,870.88899225,835.691406,606.490601,465.786316,829.114624,838.430969,495.706543,449.144806,448.69223,432.360321,435.781616,435.883301,410.631378,367.281738,419.273773,428.782013,453.238159,372.00827,410.054291,377.433563,411.688904,415.800659,417.839233,414.201874,427.709259,416.250122,409.334869,223.215652,409.914459,407.474426,715.523621,605.28009,477.437775,476.260925,449.438538,449.275604,434.310883,413.68811,417.779724,408.886505,413.578064,447.399384,521.233093,526.245667,517.152893,736.970154,870.88899225,789.714722,767.369446,641.832825,512.41748,437.621307,521.78656,628.893005,648.677795,639.896851,475.548065,454.028046,449.567596,447.993073,432.583191,418.520691,440.599731,447.961395,647.207397,663.503174,850.977539,841.853455,869.745972,870.88899225,870.88899225,870.88899225,870.88899225,870.88899225,870.88899225,870.88899225,870.88899225,870.88899225,399.091309,396.4133,395.647614,376.701324,376.113373,376.128601,381.104858,381.266785,381.542389,380.883636,375.044586,376.756805,375.740356,374.020508,377.002502,380.481903,382.058014,400.542847,499.522522,429.719238,399.814056,385.262787,398.509216,377.684448
2024-08-28,8,3,0,3,44205,20183.128,2824.898,502.69281,42081,18567.124,3232.744,493.647552,40421,18552.224,3470.62,450.901215,38960,18515.424,3642.838,433.630371,38205,18526.314,3757.356,432.911987,37348,18551.864,3850.537,432.799866,37901,18740.684,5035.206,416.459076,40665,17134.704,7678.965,415.529572,44718,17633.714,10597.418,420.480835,47647,17999.409,13201.941,429.255402,49840,18435.32,15475.627,456.616241,50355,19320.829,16788.916,440.601013,52135,19430.131,17025.022,509.555603,51271,19351.103,16440.96,475.190369,50224,19616.686,14705.183,480.901611,49805,22187.874,11984.346,438.316895,49330,24780.542,8464.508,452.288818,47645,25458.564,5083.004,447.734833,46852,24851.7,3687.371,437.762451,49495,27144.423,3832.971,435.523773,50435,29008.489,3910.902,435.384247,48822,28808.734,3926.009,434.306519,46114,23352.904,3923.244,443.611298,43210,20277.224,3832.912,457.166351,582.296021,602.028564,454.29834,455.021484,431.216156,431.174042,430.851563,422.736633,432.061829,426.483368,463.282288,446.468262,576.970154,818.354553,838.328857,785.940918,870.88899225,870.88899225,870.88899225,870.88899225,870.88899225,530.242188,609.425903,838.547241,376.137299,409.182007,404.411591,412.123962,385.072601,346.477417,353.041199,412.807159,428.258026,386.386871,411.51059,372.52356,391.272278,370.184814,410.477264,413.265198,430.069519,410.623199,410.603577,413.311005,363.368561,309.218414,407.720978,408.178345,602.813477,529.552429,456.820343,453.681641,449.183563,432.347473,430.282288,412.482666,409.88913,360.089935,411.122406,398.916504,421.495178,428.938446,440.505829,489.06546,829.152527,870.88899225,870.88899225,835.691406,606.490601,465.786316,829.114624,838.430969,715.523621,605.28009,477.437775,476.260925,449.438538,449.275604,434.310883,413.68811,417.779724,408.886505,413.578064,447.399384,521.233093,526.245667,517.152893,736.970154,870.88899225,789.714722,767.369446,641.832825,512.41748,437.621307,521.78656,628.893005,400.993835,406.064819,400.515259,397.254425,379.718872,380.857117,381.175385,362.359375,361.529999,316.946259,364.438843,324.277893,351.495911,354.733307,368.862976,382.207397,402.861145,597.753418,707.692566,517.7164310000001,548.436401,400.125427,401.670959,380.252899
2024-08-29,8,4,0,3,39653,19939.135,3802.409,423.665741,37968,18974.407,3839.644,429.650146,36425,18765.252,3888.376,409.06604,35339,18378.944,3952.487,408.996246,34636,18364.954,3974.816,408.907654,34357,18277.674,3940.394,410.595245,34858,18547.154,5247.38,366.294159,37020,17186.774,8298.56,350.401367,40012,17978.574,11763.37,407.645599,42326,18320.254,14631.068,365.734619,43939,18880.234,16415.552,397.876556,44076,19593.384,17106.517,365.761261,45454,19737.494,16934.908,403.015686,44860,19444.734,15937.311,405.375702,44019,19084.845,13821.395,409.526855,43416,20837.832,10831.767,422.908661,43053,22997.884,7281.83,429.186157,41375,23501.154,4075.716,429.543213,40867,23729.97,2842.26,428.799744,42903,25897.898,2994.381,422.304047,42893,27122.013,3024.506,425.903931,41143,25678.828,2943.419,422.252045,39131,21538.728,2855.491,427.999878,36979,19340.984,2675.688,430.373199,495.706543,449.144806,448.69223,432.360321,435.781616,435.883301,410.631378,367.281738,419.273773,428.782013,453.238159,372.00827,410.054291,377.433563,411.688904,415.800659,417.839233,414.201874,427.709259,416.250122,409.334869,223.215652,409.914459,407.474426,413.543549,412.636475,408.000092,407.999786,408.0,408.000092,411.763641,411.30545,427.123596,428.933105,431.105011,421.798553,415.854919,419.743469,432.430756,477.699768,498.296997,426.060425,433.842163,427.90387,428.807404,427.624115,427.91452,425.899475,582.296021,602.028564,454.29834,455.021484,431.216156,431.174042,430.851563,422.736633,432.061829,426.483368,463.282288,446.468262,576.970154,818.354553,838.328857,785.940918,870.88899225,870.88899225,870.88899225,870.88899225,870.88899225,530.242188,609.425903,838.547241,602.813477,529.552429,456.820343,453.681641,449.183563,432.347473,430.282288,412.482666,409.88913,360.089935,411.122406,398.916504,421.495178,428.938446,440.505829,489.06546,829.152527,870.88899225,870.88899225,835.691406,606.490601,465.786316,829.114624,838.430969,400.503479,381.983582,381.961792,381.647552,381.449707,381.608459,381.534424,362.262543,364.316406,303.996368,263.875916,241.656677,356.299255,368.579712,378.690491,389.714935,468.889343,809.408447,870.88899225,665.520386,870.88899225,403.456604,408.79538,400.085754
2024-08-30,8,5,0,3,36423,19528.714,2973.288,415.376862,34659,18735.964,2916.728,430.960785,33427,18617.184,2847.932,411.148254,32221,18206.404,2754.022,411.001343,31700,18169.68,2655.936,409.705597,32197,18151.895,2575.265,411.147797,33436,18356.284,3720.073,411.714844,35395,16947.054,6527.31,410.68512,38684,17777.374,9710.265,408.65155,40680,18259.564,12475.309,416.300293,42342,18683.354,14650.411,420.064697,42530,19472.164,15779.335,418.345551,44743,19546.694,15909.885,418.738892,44622,19382.664,15249.555,419.9216,44211,19420.864,13455.538,428.847229,43939,21303.224,10289.587,435.983398,43395,23867.567,6321.449,469.868683,41629,24560.575,2763.392,436.433075,40904,23752.923,1487.302,447.745148,42897,25862.284,1747.073,440.740875,43214,27642.854,1870.68,430.779633,41269,26209.834,1857.305,431.693146,38942,21584.764,1783.492,436.475922,37054,19194.933,1611.29,444.121185,376.137299,409.182007,404.411591,412.123962,385.072601,346.477417,353.041199,412.807159,428.258026,386.386871,411.51059,372.52356,391.272278,370.184814,410.477264,413.265198,430.069519,410.623199,410.603577,413.311005,363.368561,309.218414,407.720978,408.178345,434.608795,433.153839,431.172729,431.108765,431.035339,431.439819,414.730988,411.131958,407.898376,350.691406,417.518036,367.322693,430.075195,443.720306,477.158203,561.182068,616.495544,566.918274,674.231567,596.377319,450.294586,441.556793,448.719971,449.388519,495.706543,449.144806,448.69223,432.360321,435.781616,435.883301,410.631378,367.281738,419.273773,428.782013,453.238159,372.00827,410.054291,377.433563,411.688904,415.800659,417.839233,414.201874,427.709259,416.250122,409.334869,223.215652,409.914459,407.474426,582.296021,602.028564,454.29834,455.021484,431.216156,431.174042,430.851563,422.736633,432.061829,426.483368,463.282288,446.468262,576.970154,818.354553,838.328857,785.940918,870.88899225,870.88899225,870.88899225,870.88899225,870.88899225,530.242188,609.425903,838.547241,513.408936,501.914978,497.110962,482.25235,482.177582,482.257172,463.733551,463.613922,458.965881,409.466888,416.13559,458.129791,583.110718,580.343872,671.363525,706.524597,833.870667,870.88899225,870.88899225,870.88899225,870.88899225,867.005615,870.88899225,801.905029
2024-08-31,8,6,1,3,36921,19053.784,1228.08,435.31955,35187,18074.307,1079.45,433.50882,33889,17940.956,984.661,431.073853,32795,17468.023,885.933,431.21051,32500,17405.01,783.676,430.81604,32702,17393.706,713.493,430.714081,33837,17837.705,2537.271,412.272888,36308,16630.595,6971.444,413.003479,39887,17941.532,12052.977,403.495483,42273,18746.605,15947.416,356.065948,43962,19107.094,18215.821,416.503082,44103,19827.504,19021.422,336.232697,45663,19756.854,18761.92,405.389709,45263,20032.344,17469.566,419.1828,44927,19842.134,14759.894,434.30957,44671,19992.41,10812.361,492.115417,44266,22466.391,6130.489,684.787231,42462,22814.658,2052.734,642.614136,41966,22465.164,650.202,676.179504,44077,24092.553,837.91,642.898132,44545,26445.659,942.984,605.903503,42832,24494.865,967.76,615.473389,40587,20330.919,955.99,497.348846,38105,17925.194,912.583,494.494263,413.543549,412.636475,408.000092,407.999786,408.0,408.000092,411.763641,411.30545,427.123596,428.933105,431.105011,421.798553,415.854919,419.743469,432.430756,477.699768,498.296997,426.060425,433.842163,427.90387,428.807404,427.624115,427.91452,425.899475,439.847046,449.001526,431.746643,429.323608,428.83844,428.081726,433.066559,414.019897,409.918457,370.242096,401.39743,403.406494,464.724396,465.957977,487.977203,481.364655,729.977844,862.260193,870.88899225,870.88899225,847.386963,845.897827,714.46283,643.003479,376.137299,409.182007,404.411591,412.123962,385.072601,346.477417,353.041199,412.807159,428.258026,386.386871,411.51059,372.52356,391.272278,370.184814,410.477264,413.265198,430.069519,410.623199,410.603577,413.311005,363.368561,309.218414,407.720978,408.178345,495.706543,449.144806,448.69223,432.360321,435.781616,435.883301,410.631378,367.281738,419.273773,428.782013,453.238159,372.00827,410.054291,377.433563,411.688904,415.800659,417.839233,414.201874,427.709259,416.250122,409.334869,223.215652,409.914459,407.474426,648.677795,639.896851,475.548065,454.028046,449.567596,447.993073,432.583191,418.520691,440.599731,447.961395,647.207397,663.503174,850.977539,841.853455,869.745972,870.88899225,870.88899225,870.88899225,870.88899225,870.88899225,870.88899225,870.88899225,870.88899225,870.88899225
2024-09-01,9,7,1,3,37634,18509.697,697.076,446.498047,35796,17790.801,653.885,453.719452,34539,17613.448,637.466,434.064148,33572,17179.999,604.768,433.395172,33061,17178.764,584.71,430.591278,33000,17197.404,612.232,433.04422,33803,17642.404,2551.495,432.730469,36255,16657.944,7058.367,413.024689,39920,17959.354,12227.776,418.011475,42753,18787.484,16396.673,401.553497,44836,18910.864,18867.102,414.176453,45338,19626.484,19826.439,366.532501,47138,19572.434,19626.203,450.487457,46867,19226.904,18281.911,431.593567,46408,19457.704,15441.479,472.011505,46126,19718.734,11267.031,517.24823,45311,21044.919,6273.086,836.2470172500002,43484,22004.515,2041.533,836.2470172500002,42812,21750.013,648.483,836.2470172500002,45250,23120.407,803.387,836.2470172500002,46070,23320.882,898.062,836.2470172500002,44518,21914.014,957.755,836.2470172500002,42258,20184.681,999.998,779.609924,40119,18925.071,1033.842,663.125122,434.608795,433.153839,431.172729,431.108765,431.035339,431.439819,414.730988,411.131958,407.898376,350.691406,417.518036,367.322693,430.075195,443.720306,477.158203,561.182068,616.495544,566.918274,674.231567,596.377319,450.294586,441.556793,448.719971,449.388519,870.88899225,870.88899225,842.907532,802.445435,641.549255,621.869507,448.397797,436.685822,426.619965,410.12207,410.912109,413.672791,579.208435,617.122742,546.650452,557.679688,870.88899225,870.88899225,870.88899225,870.88899225,870.88899225,870.88899225,870.88899225,870.88899225,413.543549,412.636475,408.000092,407.999786,408.0,408.000092,411.763641,411.30545,427.123596,428.933105,431.105011,421.798553,415.854919,419.743469,432.430756,477.699768,498.296997,426.060425,433.842163,427.90387,428.807404,427.624115,427.91452,425.899475,376.137299,409.182007,404.411591,412.123962,385.072601,346.477417,353.041199,412.807159,428.258026,386.386871,411.51059,372.52356,391.272278,370.184814,410.477264,413.265198,430.069519,410.623199,410.603577,413.311005,363.368561,309.218414,407.720978,408.178345,715.523621,605.28009,477.437775,476.260925,449.438538,449.275604,434.310883,413.68811,417.779724,408.886505,413.578064,447.399384,521.233093,526.245667,517.152893,736.970154,870.88899225,789.714722,767.369446,641.832825,512.41748,437.621307,521.78656,628.893005
2024-09-02,9,1,0,3,38831,16332.904,1311.24,836.2470172500002,36953,14510.09,1322.922,836.2470172500002,35825,14251.46,1299.611,830.065674,34698,13940.56,1254.319,731.824707,34215,13847.11,1206.25,641.977234,34000,13841.64,1178.936,626.384521,34615,14375.6,3207.719,449.21698,36924,15325.469,8092.968,431.173279,40745,17034.332,13546.249,424.909454,43550,17923.687,17673.712,418.926056,45866,18068.0,20034.808,426.84082,46651,18938.21,20856.337,421.497711,48314,18737.7,20613.689,490.115234,48060,18430.25,19313.086,495.821472,47400,18573.87,16594.865,492.376373,46841,18360.83,12186.551,637.593445,46342,17337.218,6685.484,836.2470172500002,44606,17278.349,1974.633,836.2470172500002,43988,19175.037,514.287,836.2470172500002,46516,22517.065,635.332,836.2470172500002,47802,25120.748,694.975,836.2470172500002,46380,24724.728,708.611,836.2470172500002,43974,22931.821,701.888,836.2470172500002,41697,18120.081,726.526,836.2470172500002,439.847046,449.001526,431.746643,429.323608,428.83844,428.081726,433.066559,414.019897,409.918457,370.242096,401.39743,403.406494,464.724396,465.957977,487.977203,481.364655,729.977844,862.260193,870.88899225,870.88899225,847.386963,845.897827,714.46283,643.003479,870.88899225,870.88899225,870.88899225,870.88899225,870.88899225,870.88899225,727.77124,523.848877,498.73233,514.425354,582.963196,568.513977,870.88899225,870.88899225,870.88899225,870.88899225,870.88899225,870.88899225,812.644775,870.88899225,870.88899225,870.88899225,849.434326,719.477234,434.608795,433.153839,431.172729,431.108765,431.035339,431.439819,414.730988,411.131958,407.898376,350.691406,417.518036,367.322693,430.075195,443.720306,477.158203,561.182068,616.495544,566.918274,674.231567,596.377319,450.294586,441.556793,448.719971,449.388519,413.543549,412.636475,408.000092,407.999786,408.0,408.000092,411.763641,411.30545,427.123596,428.933105,431.105011,421.798553,415.854919,419.743469,432.430756,477.699768,498.296997,426.060425,433.842163,427.90387,428.807404,427.624115,427.91452,425.899475,602.813477,529.552429,456.820343,453.681641,449.183563,432.347473,430.282288,412.482666,409.88913,360.089935,411.122406,398.916504,421.495178,428.938446,440.505829,489.06546,829.152527,870.88899225,870.88899225,835.691406,606.490601,465.786316,829.114624,838.430969
2024-09-03,9,2,0,3,41302,15780.254,851.715,836.2470172500002,39550,16554.91,807.373,836.2470172500002,37798,15536.163,794.669,836.2470172500002,36630,15082.782,882.592,836.2470172500002,36119,14675.11,1048.491,794.826782,35844,14050.88,1285.53,727.071716,37360,14367.721,3379.493,524.879883,40426,15099.512,7807.602,481.185822,44734,17023.43,12578.147,478.540222,47654,17433.1,16111.357,486.85379,49698,17728.44,18165.843,572.818787,49659,18303.37,18991.845,575.621948,50506,18406.561,18891.406,628.514648,49621,18120.93,17690.076,619.355469,48333,18101.519,15222.533,678.745972,47742,18487.817,11924.608,836.2470172500002,46546,18035.478,8173.978,836.2470172500002,44923,17102.398,5062.443,836.2470172500002,44625,19612.694,4328.964,680.849609,46063,24026.805,4677.177,836.2470172500002,46261,25194.17,4794.732,836.2470172500002,44443,23425.05,4735.314,836.2470172500002,42328,21400.37,4597.0,752.267517,40503,18341.296,4356.456,709.686829,870.88899225,870.88899225,842.907532,802.445435,641.549255,621.869507,448.397797,436.685822,426.619965,410.12207,410.912109,413.672791,579.208435,617.122742,546.650452,557.679688,870.88899225,870.88899225,870.88899225,870.88899225,870.88899225,870.88899225,870.88899225,870.88899225,627.166626,626.321716,624.913696,528.447693,501.882813,503.393066,483.649384,482.430817,500.165253,515.381409,498.356598,485.304321,586.321716,657.038269,718.345459,870.88899225,870.88899225,870.88899225,870.88899225,870.88899225,870.88899225,870.88899225,870.88899225,870.88899225,439.847046,449.001526,431.746643,429.323608,428.83844,428.081726,433.066559,414.019897,409.918457,370.242096,401.39743,403.406494,464.724396,465.957977,487.977203,481.364655,729.977844,862.260193,870.88899225,870.88899225,847.386963,845.897827,714.46283,643.003479,434.608795,433.153839,431.172729,431.108765,431.035339,431.439819,414.730988,411.131958,407.898376,350.691406,417.518036,367.322693,430.075195,443.720306,477.158203,561.182068,616.495544,566.918274,674.231567,596.377319,450.294586,441.556793,448.719971,449.388519,582.296021,602.028564,454.29834,455.021484,431.216156,431.174042,430.851563,422.736633,432.061829,426.483368,463.282288,446.468262,576.970154,818.354553,838.328857,785.940918,870.88899225,870.88899225,870.88899225,870.88899225,870.88899225,530.242188,609.425903,838.547241
2024-09-04,9,3,0,3,40298,15437.899,4231.392,836.2470172500002,38563,14515.724,4087.858,836.2470172500002,37136,14412.404,3950.58,836.2470172500002,35984,14104.6,3821.105,711.268555,35431,14037.624,3653.798,648.081116,35000,13929.09,3434.463,544.63269,35469,14239.152,4673.554,503.117493,37994,14862.958,7963.257,501.793365,41772,16386.388,11974.844,517.208862,44722,16889.468,15287.332,522.6698,46521,17847.308,17587.266,618.378052,46714,18595.708,18465.355,629.130859,48569,18821.646,18116.828,717.426819,48349,18620.938,16716.555,771.421143,47852,17961.909,13919.926,836.2470172500002,47459,17994.03,10122.665,836.2470172500002,46880,17443.962,5801.565,836.2470172500002,45091,16943.39,2103.053,836.2470172500002,44525,17835.38,1231.129,836.2470172500002,46828,22432.871,1524.559,836.2470172500002,46920,23561.328,1663.829,836.2470172500002,45127,22169.761,1648.531,836.2470172500002,43078,20327.285,1586.493,836.2470172500002,41136,16579.167,1484.026,836.2470172500002,870.88899225,870.88899225,870.88899225,870.88899225,870.88899225,870.88899225,727.77124,523.848877,498.73233,514.425354,582.963196,568.513977,870.88899225,870.88899225,870.88899225,870.88899225,870.88899225,870.88899225,812.644775,870.88899225,870.88899225,870.88899225,849.434326,719.477234,870.88899225,870.88899225,870.88899225,870.88899225,870.88899225,870.88899225,710.599182,542.413879,766.032715,563.14209,718.8974,584.011414,795.902039,839.076111,870.88899225,870.88899225,870.88899225,870.88899225,844.731934,870.88899225,870.88899225,870.88899225,870.88899225,870.88899225,870.88899225,870.88899225,842.907532,802.445435,641.549255,621.869507,448.397797,436.685822,426.619965,410.12207,410.912109,413.672791,579.208435,617.122742,546.650452,557.679688,870.88899225,870.88899225,870.88899225,870.88899225,870.88899225,870.88899225,870.88899225,870.88899225,439.847046,449.001526,431.746643,429.323608,428.83844,428.081726,433.066559,414.019897,409.918457,370.242096,401.39743,403.406494,464.724396,465.957977,487.977203,481.364655,729.977844,862.260193,870.88899225,870.88899225,847.386963,845.897827,714.46283,643.003479,495.706543,449.144806,448.69223,432.360321,435.781616,435.883301,410.631378,367.281738,419.273773,428.782013,453.238159,372.00827,410.054291,377.433563,411.688904,415.800659,417.839233,414.201874,427.709259,416.250122,409.334869,223.215652,409.914459,407.474426
2024-09-05,9,4,0,3,41655,15285.484,1396.77,836.2470172500002,39872,14461.208,1276.734,836.2470172500002,38366,14405.15,1162.376,836.2470172500002,37199,14449.69,1056.015,836.2470172500002,36602,14396.72,952.228,836.2470172500002,36200,14342.042,865.67,759.8255,37050,14792.2,2647.553,560.956848,39945,15730.42,7162.103,507.600861,44520,17604.02,12386.808,542.905396,47283,18349.72,16429.247,526.524719,49778,18476.02,18675.223,710.353638,50232,19231.52,19464.356,669.424927,52150,19261.43,19297.426,836.2470172500002,51462,19232.165,18136.653,836.2470172500002,50674,19207.672,15552.721,836.2470172500002,49967,19091.13,11363.115,836.2470172500002,49285,19189.902,6195.994,836.2470172500002,47055,18712.359,1687.506,836.2470172500002,46395,20318.027,505.344,836.2470172500002,49222,24585.8,665.663,836.2470172500002,49678,25566.958,752.676,836.2470172500002,47944,24521.488,799.736,836.2470172500002,45411,22022.962,808.209,836.2470172500002,43051,17931.853,866.401,836.2470172500002,627.166626,626.321716,624.913696,528.447693,501.882813,503.393066,483.649384,482.430817,500.165253,515.381409,498.356598,485.304321,586.321716,657.038269,718.345459,870.88899225,870.88899225,870.88899225,870.88899225,870.88899225,870.88899225,870.88899225,870.88899225,870.88899225,870.88899225,870.88899225,870.88899225,870.88899225,870.88899225,870.88899225,728.136353,523.782227,666.359314,710.304199,660.551819,643.567566,867.426208,870.88899225,733.814575,828.48407,870.88899225,870.88899225,870.88899225,870.88899225,870.88899225,870.88899225,867.459656,767.233215,870.88899225,870.88899225,870.88899225,870.88899225,870.88899225,870.88899225,727.77124,523.848877,498.73233,514.425354,582.963196,568.513977,870.88899225,870.88899225,870.88899225,870.88899225,870.88899225,870.88899225,812.644775,870.88899225,870.88899225,870.88899225,849.434326,719.477234,870.88899225,870.88899225,842.907532,802.445435,641.549255,621.869507,448.397797,436.685822,426.619965,410.12207,410.912109,413.672791,579.208435,617.122742,546.650452,557.679688,870.88899225,870.88899225,870.88899225,870.88899225,870.88899225,870.88899225,870.88899225,870.88899225,376.137299,409.182007,404.411591,412.123962,385.072601,346.477417,353.041199,412.807159,428.258026,386.386871,411.51059,372.52356,391.272278,370.184814,410.477264,413.265198,430.069519,410.623199,410.603577,413.311005,363.368561,309.218414,407.720978,408.178345
2024-09-06,9,5,0,3,42596,17534.933,651.743,836.2470172500002,40670,16342.837,639.001,836.2470172500002,39090,15298.974,642.664,836.2470172500002,38073,14547.77,682.658,836.2470172500002,37351,14434.44,794.082,836.2470172500002,37000,14340.371,1010.238,836.2470172500002,37708,14930.1,3155.429,535.891968,41251,15801.46,7969.507,500.45929,45760,17511.89,13268.608,508.785278,48889,18119.51,17346.301,516.340942,50648,18288.5,19798.494,588.602173,51220,19039.75,20833.337,628.059692,52439,19075.43,20832.785,741.244324,51344,18821.4,19828.892,720.547424,50806,18708.83,17432.466,836.2470172500002,50548,18685.523,13744.723,836.2470172500002,49687,17736.19,9216.847,836.2470172500002,47657,17340.512,5551.195,836.2470172500002,48003,19086.15,4886.57,836.2470172500002,50250,23539.874,5264.261,836.2470172500002,50424,25035.408,5494.578,836.2470172500002,48240,23586.935,5595.574,836.2470172500002,45363,21180.658,5627.828,836.2470172500002,43122,17901.183,5535.885,836.2470172500002,870.88899225,870.88899225,870.88899225,870.88899225,870.88899225,870.88899225,710.599182,542.413879,766.032715,563.14209,718.8974,584.011414,795.902039,839.076111,870.88899225,870.88899225,870.88899225,870.88899225,844.731934,870.88899225,870.88899225,870.88899225,870.88899225,870.88899225,687.999878,663.793152,535.16687,506.960236,483.000031,478.000092,478.000092,478.097015,478.73288,470.221771,481.958618,471.866028,549.673767,571.681396,547.0177,607.077454,806.445313,831.266052,680.753113,608.183167,545.202332,496.404724,485.29306,482.63559,627.166626,626.321716,624.913696,528.447693,501.882813,503.393066,483.649384,482.430817,500.165253,515.381409,498.356598,485.304321,586.321716,657.038269,718.345459,870.88899225,870.88899225,870.88899225,870.88899225,870.88899225,870.88899225,870.88899225,870.88899225,870.88899225,870.88899225,870.88899225,870.88899225,870.88899225,870.88899225,870.88899225,727.77124,523.848877,498.73233,514.425354,582.963196,568.513977,870.88899225,870.88899225,870.88899225,870.88899225,870.88899225,870.88899225,812.644775,870.88899225,870.88899225,870.88899225,849.434326,719.477234,413.543549,412.636475,408.000092,407.999786,408.0,408.000092,411.763641,411.30545,427.123596,428.933105,431.105011,421.798553,415.854919,419.743469,432.430756,477.699768,498.296997,426.060425,433.842163,427.90387,428.807404,427.624115,427.91452,425.899475
2024-09-07,9,6,1,3,44103,17409.848,5776.747,728.76886,42009,14433.35,5677.017,749.910278,40285,13485.97,5625.385,627.182617,38778,13461.74,5596.713,534.996094,37958,13364.48,5521.224,521.547729,37109,13333.14,5435.131,506.214233,37458,13807.65,6852.145,479.357147,39784,14419.94,10512.772,479.267059,43635,15823.53,14580.321,477.800201,46256,16245.99,17429.147,487.012299,48263,16245.0,19173.31,584.315308,48666,16914.03,19774.707,553.745667,50418,16953.14,19446.867,720.157227,49821,16751.87,18343.747,683.986023,49000,16861.61,16213.595,792.065063,48310,17426.94,12923.311,836.2470172500002,47595,16595.598,8873.264,836.2470172500002,45457,17058.648,5289.144,836.2470172500002,44955,19360.868,4532.26,836.2470172500002,47289,23358.194,4744.475,836.2470172500002,47714,24455.878,4813.581,836.2470172500002,45991,23456.404,4738.94,836.2470172500002,43600,21363.224,4646.389,781.30835,41644,17859.913,4470.914,698.240173,870.88899225,870.88899225,870.88899225,870.88899225,870.88899225,870.88899225,728.136353,523.782227,666.359314,710.304199,660.551819,643.567566,867.426208,870.88899225,733.814575,828.48407,870.88899225,870.88899225,870.88899225,870.88899225,870.88899225,870.88899225,867.459656,767.233215,521.551208,529.352722,497.817963,499.447906,494.693024,486.999969,477.999817,477.725739,475.185944,468.321747,494.320984,464.35788,528.585022,661.299438,695.367676,860.257568,870.88899225,870.88899225,870.88899225,870.88899225,870.88899225,870.88899225,870.88899225,870.88899225,870.88899225,870.88899225,870.88899225,870.88899225,870.88899225,870.88899225,710.599182,542.413879,766.032715,563.14209,718.8974,584.011414,795.902039,839.076111,870.88899225,870.88899225,870.88899225,870.88899225,844.731934,870.88899225,870.88899225,870.88899225,870.88899225,870.88899225,627.166626,626.321716,624.913696,528.447693,501.882813,503.393066,483.649384,482.430817,500.165253,515.381409,498.356598,485.304321,586.321716,657.038269,718.345459,870.88899225,870.88899225,870.88899225,870.88899225,870.88899225,870.88899225,870.88899225,870.88899225,870.88899225,434.608795,433.153839,431.172729,431.108765,431.035339,431.439819,414.730988,411.131958,407.898376,350.691406,417.518036,367.322693,430.075195,443.720306,477.158203,561.182068,616.495544,566.918274,674.231567,596.377319,450.294586,441.556793,448.719971,449.388519
2024-09-08,9,7,1,3,40572,15046.012,4527.17,548.190552,38650,11660.052,4341.823,535.154907,37194,10868.312,4226.126,525.041443,35950,10775.212,4097.945,499.860046,35298,10714.122,3973.56,499.746948,35014,10700.482,3829.235,492.624786,35646,11141.692,5282.609,477.999908,38014,11914.852,9235.995,478.000061,41651,13440.522,13913.558,466.07663,44324,14027.872,17372.512,467.592743,46478,14149.552,19357.781,495.098999,47137,14813.882,19989.746,486.544434,49005,14802.322,19573.536,598.332703,48617,14478.162,18154.352,644.823486,48091,14428.042,15304.65,659.736938,47648,14542.802,11428.279,730.750549,47196,14081.214,7022.563,836.2470172500002,45371,13922.869,3391.59,836.2470172500002,44804,15373.825,2808.693,836.2470172500002,47680,19372.845,3218.601,836.2470172500002,48169,20201.303,3404.494,836.2470172500002,46377,18935.621,3388.911,836.2470172500002,43921,16801.544,3300.09,836.2470172500002,41741,13163.792,3095.452,836.2470172500002,687.999878,663.793152,535.16687,506.960236,483.000031,478.000092,478.000092,478.097015,478.73288,470.221771,481.958618,471.866028,549.673767,571.681396,547.0177,607.077454,806.445313,831.266052,680.753113,608.183167,545.202332,496.404724,485.29306,482.63559,733.974426,867.392517,755.059998,690.255615,594.273621,536.076172,486.800873,477.98584,474.25296,470.505829,509.736176,501.824768,668.916748,846.97113,799.779297,842.722351,870.88899225,870.88899225,870.88899225,870.88899225,870.88899225,870.88899225,870.88899225,870.88899225,870.88899225,870.88899225,870.88899225,870.88899225,870.88899225,870.88899225,728.136353,523.782227,666.359314,710.304199,660.551819,643.567566,867.426208,870.88899225,733.814575,828.48407,870.88899225,870.88899225,870.88899225,870.88899225,870.88899225,870.88899225,867.459656,767.233215,870.88899225,870.88899225,870.88899225,870.88899225,870.88899225,870.88899225,710.599182,542.413879,766.032715,563.14209,718.8974,584.011414,795.902039,839.076111,870.88899225,870.88899225,870.88899225,870.88899225,844.731934,870.88899225,870.88899225,870.88899225,870.88899225,870.88899225,439.847046,449.001526,431.746643,429.323608,428.83844,428.081726,433.066559,414.019897,409.918457,370.242096,401.39743,403.406494,464.724396,465.957977,487.977203,481.364655,729.977844,862.260193,870.88899225,870.88899225,847.386963,845.897827,714.46283,643.003479
2024-09-09,9,1,0,3,39489,11791.382,2066.149,836.2470172500002,37699,11190.202,1968.947,836.2470172500002,36291,10805.762,1870.423,731.860168,35061,10710.652,1772.918,629.17627,34417,10662.695,1649.183,541.802795,34300,10701.702,1532.603,534.169495,34913,11079.592,3201.472,483.51123,37109,11954.932,7727.026,479.329193,39761,13657.222,12935.669,464.56839,42334,14252.042,16808.23,473.537781,44592,14272.282,18931.649,513.485168,45528,14893.282,19689.476,511.992462,47008,14915.212,19407.013,638.86377,46641,15319.212,18119.833,659.275757,46483,14541.262,15388.072,676.989136,45958,14323.82,11187.731,819.234497,45223,13585.869,6231.966,836.2470172500002,43975,13313.837,2279.056,836.2470172500002,44429,15662.635,1638.942,836.2470172500002,47315,18755.643,2052.032,836.2470172500002,47793,20672.536,2267.674,836.2470172500002,46067,19622.696,2302.822,836.2470172500002,43528,17136.361,2237.281,836.2470172500002,41104,13413.189,2038.76,836.2470172500002,521.551208,529.352722,497.817963,499.447906,494.693024,486.999969,477.999817,477.725739,475.185944,468.321747,494.320984,464.35788,528.585022,661.299438,695.367676,860.257568,870.88899225,870.88899225,870.88899225,870.88899225,870.88899225,870.88899225,870.88899225,870.88899225,870.88899225,870.88899225,870.88899225,870.88899225,851.478699,732.731873,540.689575,503.278778,506.27771,474.818695,494.083221,517.072083,870.88899225,870.88899225,870.88899225,870.88899225,870.88899225,870.88899225,870.88899225,870.88899225,870.88899225,870.88899225,870.88899225,870.88899225,687.999878,663.793152,535.16687,506.960236,483.000031,478.000092,478.000092,478.097015,478.73288,470.221771,481.958618,471.866028,549.673767,571.681396,547.0177,607.077454,806.445313,831.266052,680.753113,608.183167,545.202332,496.404724,485.29306,482.63559,870.88899225,870.88899225,870.88899225,870.88899225,870.88899225,870.88899225,728.136353,523.782227,666.359314,710.304199,660.551819,643.567566,867.426208,870.88899225,733.814575,828.48407,870.88899225,870.88899225,870.88899225,870.88899225,870.88899225,870.88899225,867.459656,767.233215,870.88899225,870.88899225,842.907532,802.445435,641.549255,621.869507,448.397797,436.685822,426.619965,410.12207,410.912109,413.672791,579.208435,617.122742,546.650452,557.679688,870.88899225,870.88899225,870.88899225,870.88899225,870.88899225,870.88899225,870.88899225,870.88899225
2024-09-10,9,2,0,3,41983,12145.198,1646.547,836.2470172500002,39990,11586.978,1520.438,836.2470172500002,38460,11241.718,1404.197,836.2470172500002,37282,11182.228,1300.448,836.2470172500002,36641,11175.318,1210.308,815.301758,36200,11087.998,1127.493,730.362549,36852,11512.518,2847.47,533.38147,39221,12502.438,7624.279,490.283936,43705,14222.578,12985.128,478.031403,46296,17381.602,16898.126,489.532043,48783,17715.412,18957.34,510.391663,49708,18342.482,19653.722,623.78833,51423,18344.162,19401.724,836.2470172500002,50736,18068.512,18163.316,836.2470172500002,50035,18088.322,15439.251,836.2470172500002,49463,18649.862,11123.639,836.2470172500002,48899,18055.162,6007.615,836.2470172500002,47083,18556.721,1939.557,836.2470172500002,47562,20139.536,1242.705,836.2470172500002,50129,24357.608,1553.379,836.2470172500002,50893,27616.8,1689.536,836.2470172500002,48817,25916.979,1671.89,836.2470172500002,45783,21378.243,1578.42,836.2470172500002,43431,18283.642,1470.873,836.2470172500002,733.974426,867.392517,755.059998,690.255615,594.273621,536.076172,486.800873,477.98584,474.25296,470.505829,509.736176,501.824768,668.916748,846.97113,799.779297,842.722351,870.88899225,870.88899225,870.88899225,870.88899225,870.88899225,870.88899225,870.88899225,870.88899225,870.88899225,870.88899225,870.88899225,870.88899225,870.88899225,870.88899225,826.812378,564.945679,527.199768,529.079407,725.970764,611.090515,806.980042,800.995728,868.471619,870.88899225,870.88899225,870.88899225,870.88899225,870.88899225,870.88899225,843.687927,792.788086,734.812195,521.551208,529.352722,497.817963,499.447906,494.693024,486.999969,477.999817,477.725739,475.185944,468.321747,494.320984,464.35788,528.585022,661.299438,695.367676,860.257568,870.88899225,870.88899225,870.88899225,870.88899225,870.88899225,870.88899225,870.88899225,870.88899225,687.999878,663.793152,535.16687,506.960236,483.000031,478.000092,478.000092,478.097015,478.73288,470.221771,481.958618,471.866028,549.673767,571.681396,547.0177,607.077454,806.445313,831.266052,680.753113,608.183167,545.202332,496.404724,485.29306,482.63559,870.88899225,870.88899225,870.88899225,870.88899225,870.88899225,870.88899225,727.77124,523.848877,498.73233,514.425354,582.963196,568.513977,870.88899225,870.88899225,870.88899225,870.88899225,870.88899225,870.88899225,812.644775,870.88899225,870.88899225,870.88899225,849.434326,719.477234
2024-09-11,9,3,0,3,42868,17378.267,1225.39,836.2470172500002,41155,14055.234,1095.036,836.2470172500002,39564,12307.863,1030.415,836.2470172500002,37973,11553.334,1015.885,836.2470172500002,37178,11560.754,1054.705,836.2470172500002,36444,11317.954,1149.206,836.2470172500002,37013,11891.534,2986.807,629.137695,39716,12861.284,7723.237,509.178284,43897,14697.704,12962.743,507.177734,47851,15609.354,16869.616,605.869019,49460,16090.25,19151.735,726.546509,49828,19248.428,20155.922,775.980225,52279,19215.948,20034.378,806.40564,51875,18995.108,18763.325,817.733276,51111,18840.388,16043.288,836.2470172500002,50804,19102.738,12176.308,836.2470172500002,49348,17969.788,7794.279,836.2470172500002,47617,18520.624,4345.503,836.2470172500002,47883,20952.228,3868.097,836.2470172500002,49891,24475.433,4264.969,836.2470172500002,50407,27212.97,4481.054,836.2470172500002,48868,26196.49,4597.912,836.2470172500002,45674,22777.902,4671.608,836.2470172500002,43152,19541.409,4706.477,737.918823,870.88899225,870.88899225,870.88899225,870.88899225,851.478699,732.731873,540.689575,503.278778,506.27771,474.818695,494.083221,517.072083,870.88899225,870.88899225,870.88899225,870.88899225,870.88899225,870.88899225,870.88899225,870.88899225,870.88899225,870.88899225,870.88899225,870.88899225,801.768005,746.649048,694.907654,536.197632,574.563782,537.215088,497.217957,496.898132,601.947815,474.145355,473.596649,474.505432,478.599182,493.325897,483.61496,496.653503,500.20108,483.073151,478.641998,481.162933,476.39447,476.395599,477.504059,477.831146,733.974426,867.392517,755.059998,690.255615,594.273621,536.076172,486.800873,477.98584,474.25296,470.505829,509.736176,501.824768,668.916748,846.97113,799.779297,842.722351,870.88899225,870.88899225,870.88899225,870.88899225,870.88899225,870.88899225,870.88899225,870.88899225,521.551208,529.352722,497.817963,499.447906,494.693024,486.999969,477.999817,477.725739,475.185944,468.321747,494.320984,464.35788,528.585022,661.299438,695.367676,860.257568,870.88899225,870.88899225,870.88899225,870.88899225,870.88899225,870.88899225,870.88899225,870.88899225,627.166626,626.321716,624.913696,528.447693,501.882813,503.393066,483.649384,482.430817,500.165253,515.381409,498.356598,485.304321,586.321716,657.038269,718.345459,870.88899225,870.88899225,870.88899225,870.88899225,870.88899225,870.88899225,870.88899225,870.88899225,870.88899225
2024-09-12,9,4,0,3,42380,16372.471,4613.104,741.494568,40103,12987.973,4673.764,732.783691,38872,11713.058,4742.569,684.073547,37743,11536.818,4793.612,608.276611,36900,11516.475,4822.576,597.955078,36916,11521.473,4824.722,558.924683,37647,11796.218,5969.898,501.130646,39737,12185.208,8973.447,497.470673,44727,13277.638,12215.035,676.610535,47897,13586.632,14665.795,711.398376,49268,14633.924,16199.381,732.830811,49288,17358.832,16640.71,662.797791,50791,17546.812,16293.056,744.637512,50063,17347.022,15121.336,768.615967,49708,17428.342,13024.036,812.784302,48586,17460.546,10387.041,836.2470172500002,47564,17329.578,7359.952,836.2470172500002,45504,17620.902,4726.66,834.291626,45203,19935.271,4385.513,745.480652,46630,23620.202,4691.358,687.766968,46177,26008.3,4794.131,649.987793,44329,24428.142,4796.038,651.348267,41576,21310.083,4748.189,730.876587,38880,18911.458,4619.798,708.143738,870.88899225,870.88899225,870.88899225,870.88899225,870.88899225,870.88899225,826.812378,564.945679,527.199768,529.079407,725.970764,611.090515,806.980042,800.995728,868.471619,870.88899225,870.88899225,870.88899225,870.88899225,870.88899225,870.88899225,843.687927,792.788086,734.812195,422.774048,427.331879,424.208588,424.180756,423.622742,422.674011,420.393799,428.097137,650.472412,776.123108,669.809814,713.552002,613.310608,438.16861,438.027069,431.416229,432.297302,431.880157,429.1698,429.32019,432.488251,409.786926,421.336761,410.062073,870.88899225,870.88899225,870.88899225,870.88899225,851.478699,732.731873,540.689575,503.278778,506.27771,474.818695,494.083221,517.072083,870.88899225,870.88899225,870.88899225,870.88899225,870.88899225,870.88899225,870.88899225,870.88899225,870.88899225,870.88899225,870.88899225,870.88899225,733.974426,867.392517,755.059998,690.255615,594.273621,536.076172,486.800873,477.98584,474.25296,470.505829,509.736176,501.824768,668.916748,846.97113,799.779297,842.722351,870.88899225,870.88899225,870.88899225,870.88899225,870.88899225,870.88899225,870.88899225,870.88899225,870.88899225,870.88899225,870.88899225,870.88899225,870.88899225,870.88899225,710.599182,542.413879,766.032715,563.14209,718.8974,584.011414,795.902039,839.076111,870.88899225,870.88899225,870.88899225,870.88899225,844.731934,870.88899225,870.88899225,870.88899225,870.88899225,870.88899225
2024-09-13,9,5,0,3,40538,16062.219,4549.729,430.192871,38638,12406.134,4497.924,427.055115,37075,11275.187,4477.259,423.861908,35775,11236.877,4474.801,423.808014,35152,11170.388,4465.301,423.790894,34827,11046.169,4334.241,423.750549,35234,11239.638,4852.92,408.69516,37165,11491.978,6485.141,407.999817,40420,11826.123,8301.99,419.758301,42252,12489.563,9753.981,423.374542,43675,13626.057,10981.508,428.300537,43454,15621.689,11613.344,423.443054,44733,15976.264,11486.225,430.834839,44232,15988.942,10768.854,429.621613,43751,15891.715,9282.157,427.372375,43366,16096.567,7257.277,430.841827,42838,16357.971,4867.857,426.636414,40708,14998.247,2680.45,425.894684,40304,16739.496,2275.904,426.230133,41806,20194.612,2327.696,427.531647,41090,21915.09,2278.96,408.000214,39128,20541.492,2157.026,426.656647,37144,18312.41,2025.541,426.726379,35532,16245.135,1888.255,426.918884,801.768005,746.649048,694.907654,536.197632,574.563782,537.215088,497.217957,496.898132,601.947815,474.145355,473.596649,474.505432,478.599182,493.325897,483.61496,496.653503,500.20108,483.073151,478.641998,481.162933,476.39447,476.395599,477.504059,477.831146,431.923889,428.021881,428.920654,427.931091,428.011749,428.020325,430.273956,445.898468,483.705963,448.952148,437.911102,430.754089,430.661591,430.237885,434.513672,427.288086,445.373627,431.820709,431.90918,428.332123,432.264435,439.24408,431.918549,432.15979,870.88899225,870.88899225,870.88899225,870.88899225,870.88899225,870.88899225,826.812378,564.945679,527.199768,529.079407,725.970764,611.090515,806.980042,800.995728,868.471619,870.88899225,870.88899225,870.88899225,870.88899225,870.88899225,870.88899225,843.687927,792.788086,734.812195,870.88899225,870.88899225,870.88899225,870.88899225,851.478699,732.731873,540.689575,503.278778,506.27771,474.818695,494.083221,517.072083,870.88899225,870.88899225,870.88899225,870.88899225,870.88899225,870.88899225,870.88899225,870.88899225,870.88899225,870.88899225,870.88899225,870.88899225,870.88899225,870.88899225,870.88899225,870.88899225,870.88899225,870.88899225,728.136353,523.782227,666.359314,710.304199,660.551819,643.567566,867.426208,870.88899225,733.814575,828.48407,870.88899225,870.88899225,870.88899225,870.88899225,870.88899225,870.88899225,867.459656,767.233215
2024-09-14,9,6,1,3,32395,13935.074,1423.481,459.370178,31077,11369.409,1369.427,471.75592,30132,11594.997,1318.369,446.957123,29488,11473.056,1270.171,445.957458,29388,10795.286,1218.939,448.059479,30100,10870.395,1153.404,448.039886,31110,11113.714,1762.319,447.942413,32909,11073.926,3664.919,450.569427,35486,11703.035,5997.949,476.989838,36987,12371.291,8125.522,466.285553,38151,13384.773,10070.967,464.06424,37341,15525.734,11310.454,454.899506,38130,15627.212,11570.092,458.589935,37974,15582.784,11046.985,451.222382,37971,15351.458,9507.628,464.559509,38071,15619.401,7112.143,482.876862,37953,15892.434,4105.224,563.54834,36396,15072.835,1404.245,483.444092,36239,17317.794,984.248,474.95874,37112,21040.66,1138.018,476.763,36207,21864.476,1232.158,472.237457,34356,20453.956,1231.941,466.315002,32898,18301.598,1199.249,463.670715,31613,15291.023,1190.219,449.147186,422.774048,427.331879,424.208588,424.180756,423.622742,422.674011,420.393799,428.097137,650.472412,776.123108,669.809814,713.552002,613.310608,438.16861,438.027069,431.416229,432.297302,431.880157,429.1698,429.32019,432.488251,409.786926,421.336761,410.062073,447.368683,447.269714,444.444,458.868347,444.268036,447.45816,446.959015,445.149506,622.805725,589.3414310000001,476.462585,425.169373,424.375427,432.194153,434.43454,482.273651,694.585022,870.88899225,747.270935,594.028137,476.932159,452.728058,450.099121,428.227051,801.768005,746.649048,694.907654,536.197632,574.563782,537.215088,497.217957,496.898132,601.947815,474.145355,473.596649,474.505432,478.599182,493.325897,483.61496,496.653503,500.20108,483.073151,478.641998,481.162933,476.39447,476.395599,477.504059,477.831146,870.88899225,870.88899225,870.88899225,870.88899225,870.88899225,870.88899225,826.812378,564.945679,527.199768,529.079407,725.970764,611.090515,806.980042,800.995728,868.471619,870.88899225,870.88899225,870.88899225,870.88899225,870.88899225,870.88899225,843.687927,792.788086,734.812195,687.999878,663.793152,535.16687,506.960236,483.000031,478.000092,478.000092,478.097015,478.73288,470.221771,481.958618,471.866028,549.673767,571.681396,547.0177,607.077454,806.445313,831.266052,680.753113,608.183167,545.202332,496.404724,485.29306,482.63559
2024-09-15,9,7,1,3,33189,13923.904,1088.527,448.000031,31955,11961.686,1066.276,447.253998,30926,11117.678,1073.732,447.64325,30206,10948.382,1100.155,431.792664,30000,10880.799,1134.414,432.406128,30738,10867.976,1165.624,447.249084,32057,11196.956,2406.146,432.291016,34321,11789.786,6042.719,435.020599,37274,12494.546,10358.351,430.934937,39065,13522.026,13818.942,419.05545,40236,14688.884,15938.547,431.947876,40095,16864.114,16684.49,413.364807,41500,16805.804,16470.587,414.96994,40886,16554.854,15360.245,414.325073,40640,15920.094,12932.064,436.400238,40317,16302.973,9572.73,439.84256,39675,16313.655,5711.554,448.373352,38112,15585.676,2618.359,460.253693,37489,17689.914,2600.196,449.15799,38630,20682.566,3168.847,435.338989,37954,21630.926,3499.236,431.185822,36306,20332.016,3636.652,429.568085,34505,18297.394,3682.892,427.999908,32653,15564.904,3684.505,427.999786,431.923889,428.021881,428.920654,427.931091,428.011749,428.020325,430.273956,445.898468,483.705963,448.952148,437.911102,430.754089,430.661591,430.237885,434.513672,427.288086,445.373627,431.820709,431.90918,428.332123,432.264435,439.24408,431.918549,432.15979,446.988831,446.929047,446.373138,427.465668,427.468658,427.483398,428.294189,427.999786,427.522186,422.153595,427.479431,412.277039,427.973938,408.333649,432.67392,430.977539,444.6474,437.354248,406.0401,425.959778,410.870087,411.274231,428.432495,408.598022,422.774048,427.331879,424.208588,424.180756,423.622742,422.674011,420.393799,428.097137,650.472412,776.123108,669.809814,713.552002,613.310608,438.16861,438.027069,431.416229,432.297302,431.880157,429.1698,429.32019,432.488251,409.786926,421.336761,410.062073,801.768005,746.649048,694.907654,536.197632,574.563782,537.215088,497.217957,496.898132,601.947815,474.145355,473.596649,474.505432,478.599182,493.325897,483.61496,496.653503,500.20108,483.073151,478.641998,481.162933,476.39447,476.395599,477.504059,477.831146,521.551208,529.352722,497.817963,499.447906,494.693024,486.999969,477.999817,477.725739,475.185944,468.321747,494.320984,464.35788,528.585022,661.299438,695.367676,860.257568,870.88899225,870.88899225,870.88899225,870.88899225,870.88899225,870.88899225,870.88899225,870.88899225
2024-09-16,9,1,0,3,31912,14183.431,3747.275,428.863831,30697,12013.514,3712.787,432.395233,29718,11478.735,3744.437,432.316833,29057,11302.29,3827.809,428.963562,29033,11198.93,3933.118,428.929962,29806,11247.953,4048.535,428.904144,30944,11565.846,5201.961,428.885193,33085,12090.97,8327.672,409.481628,35618,12682.604,11847.39,409.624084,37344,13621.444,14778.636,409.63266,38419,14398.045,16986.559,412.908752,37739,16688.462,17956.852,409.214172,39007,16687.482,17941.233,404.439087,38671,16465.402,17070.193,409.026672,38340,15897.402,14991.412,416.861328,38419,16149.047,11945.507,433.180084,37792,15705.677,8374.635,432.720612,35949,15270.878,5393.341,445.669312,36028,17117.556,5207.319,424.497925,36341,19751.686,5462.674,424.072266,36028,21340.472,5538.553,427.999817,34499,19931.078,5477.291,427.999939,32500,17730.956,5370.934,428.0,30736,15081.319,5221.762,428.0,447.368683,447.269714,444.444,458.868347,444.268036,447.45816,446.959015,445.149506,622.805725,589.3414310000001,476.462585,425.169373,424.375427,432.194153,434.43454,482.273651,694.585022,870.88899225,747.270935,594.028137,476.932159,452.728058,450.099121,428.227051,400.373566,408.276184,408.40976,408.377594,408.343445,408.308167,408.342224,407.999847,407.95755,375.551239,345.32312,315.603516,335.802673,6.237254,390.270294,403.413025,409.396301,421.033661,425.581543,410.090088,388.391846,388.484222,395.16571,409.634949,431.923889,428.021881,428.920654,427.931091,428.011749,428.020325,430.273956,445.898468,483.705963,448.952148,437.911102,430.754089,430.661591,430.237885,434.513672,427.288086,445.373627,431.820709,431.90918,428.332123,432.264435,439.24408,431.918549,432.15979,422.774048,427.331879,424.208588,424.180756,423.622742,422.674011,420.393799,428.097137,650.472412,776.123108,669.809814,713.552002,613.310608,438.16861,438.027069,431.416229,432.297302,431.880157,429.1698,429.32019,432.488251,409.786926,421.336761,410.062073,733.974426,867.392517,755.059998,690.255615,594.273621,536.076172,486.800873,477.98584,474.25296,470.505829,509.736176,501.824768,668.916748,846.97113,799.779297,842.722351,870.88899225,870.88899225,870.88899225,870.88899225,870.88899225,870.88899225,870.88899225,870.88899225
2024-09-17,9,2,0,3,29963,13867.467,4892.578,424.647186,28654,12278.408,4781.563,428.940094,27718,11593.009,4691.67,421.087189,27057,11338.318,4639.484,408.83371,27033,11310.968,4607.575,408.000122,27806,11254.658,4532.625,408.133392,28944,11620.938,5658.042,408.000092,30702,12721.778,9285.832,409.460571,33067,13392.658,13770.762,361.167816,34718,14458.338,17364.652,308.643951,35755,15212.418,19667.261,318.763184,35399,15524.014,20581.594,292.27771,35903,15475.414,20344.205,314.313141,35838,16482.194,18900.798,308.57489,35722,15856.514,16072.02,390.218018,35773,15540.994,12283.274,425.771576,35417,15775.785,7932.979,429.36673,34112,14962.039,4497.63,463.909668,34154,16816.25,4187.993,438.364532,35026,19962.336,4488.156,420.098969,34448,21555.433,4667.456,421.40683,32812,20213.174,4706.736,421.575958,30935,17350.558,4697.376,424.380371,28962,14268.58,4619.839,428.000183,446.988831,446.929047,446.373138,427.465668,427.468658,427.483398,428.294189,427.999786,427.522186,422.153595,427.479431,412.277039,427.973938,408.333649,432.67392,430.977539,444.6474,437.354248,406.0401,425.959778,410.870087,411.274231,428.432495,408.598022,428.595093,408.692352,408.0,408.000061,408.000061,408.0,407.999817,1.436353,1.346149,2.045623,2.276012,2.478245,2.465275,2.246272,5.701237,391.200073,421.687225,432.126282,432.031891,429.856781,432.808044,433.020264,447.149841,428.000092,447.368683,447.269714,444.444,458.868347,444.268036,447.45816,446.959015,445.149506,622.805725,589.3414310000001,476.462585,425.169373,424.375427,432.194153,434.43454,482.273651,694.585022,870.88899225,747.270935,594.028137,476.932159,452.728058,450.099121,428.227051,431.923889,428.021881,428.920654,427.931091,428.011749,428.020325,430.273956,445.898468,483.705963,448.952148,437.911102,430.754089,430.661591,430.237885,434.513672,427.288086,445.373627,431.820709,431.90918,428.332123,432.264435,439.24408,431.918549,432.15979,870.88899225,870.88899225,870.88899225,870.88899225,851.478699,732.731873,540.689575,503.278778,506.27771,474.818695,494.083221,517.072083,870.88899225,870.88899225,870.88899225,870.88899225,870.88899225,870.88899225,870.88899225,870.88899225,870.88899225,870.88899225,870.88899225,870.88899225
2024-09-18,9,3,0,3,28963,12568.003,4647.064,427.999756,27654,11623.066,4663.572,409.471191,26718,11225.707,4664.384,409.40152,26057,11169.911,4623.279,408.000244,26033,11154.383,4501.01,407.999725,26506,11136.428,4368.742,407.999847,27408,11277.058,5000.344,407.999908,29068,11498.898,7134.347,358.619995,30370,11655.938,9386.857,219.999802,31403,12221.484,11101.671,66.213371,32366,12730.058,12191.69,130.941269,31990,14657.954,12612.34,149.88298,32511,14660.994,12270.36,139.957397,32019,14402.868,11211.621,321.941681,32135,14628.894,9337.621,384.141052,32250,14602.554,7142.256,398.597961,33000,15006.534,4564.102,415.402588,32014,14162.099,2286.482,424.077148,31840,15901.114,1827.527,428.383575,32245,19182.47,1720.607,430.995087,31614,21279.609,1573.849,405.633331,30322,19679.998,1428.614,415.90036,28976,16695.05,1325.647,451.524231,27637,14894.392,1275.07,416.561371,400.373566,408.276184,408.40976,408.377594,408.343445,408.308167,408.342224,407.999847,407.95755,375.551239,345.32312,315.603516,335.802673,6.237254,390.270294,403.413025,409.396301,421.033661,425.581543,410.090088,388.391846,388.484222,395.16571,409.634949,446.55481,446.041077,439.193665,427.999908,428.000122,428.000061,427.079834,427.161346,427.385742,416.494934,415.154755,422.969482,426.124908,426.620728,443.428619,655.419739,870.88899225,870.88899225,870.88899225,870.88899225,870.88899225,486.296478,466.684296,447.999969,446.988831,446.929047,446.373138,427.465668,427.468658,427.483398,428.294189,427.999786,427.522186,422.153595,427.479431,412.277039,427.973938,408.333649,432.67392,430.977539,444.6474,437.354248,406.0401,425.959778,410.870087,411.274231,428.432495,408.598022,447.368683,447.269714,444.444,458.868347,444.268036,447.45816,446.959015,445.149506,622.805725,589.3414310000001,476.462585,425.169373,424.375427,432.194153,434.43454,482.273651,694.585022,870.88899225,747.270935,594.028137,476.932159,452.728058,450.099121,428.227051,870.88899225,870.88899225,870.88899225,870.88899225,870.88899225,870.88899225,826.812378,564.945679,527.199768,529.079407,725.970764,611.090515,806.980042,800.995728,868.471619,870.88899225,870.88899225,870.88899225,870.88899225,870.88899225,870.88899225,843.687927,792.788086,734.812195
2024-09-19,9,4,0,3,28100,13136.612,1848.963,427.999969,27084,11892.034,1823.233,432.581787,26230,10989.424,1781.112,432.407837,25824,11010.274,1735.483,432.278168,25715,10974.134,1645.381,432.391357,26753,11203.19,1548.54,432.210388,29128,11654.204,2637.875,428.000366,31616,12034.134,6168.18,434.891083,34358,12728.73,10275.405,435.300262,36146,13782.114,13406.415,428.147186,37487,14441.384,15160.793,426.589783,36756,16413.274,15755.366,420.005066,37975,16395.494,15484.216,418.066498,37813,16130.194,14281.742,422.029297,37736,16170.864,11918.177,442.789093,37894,16078.778,8675.631,737.128418,37966,16336.964,5018.041,753.4375,36377,15283.059,2180.62,836.2470172500002,36065,17917.742,2068.231,588.191956,36756,21246.47,2407.349,528.719727,36391,22534.542,2612.394,585.229187,35008,21205.762,2704.743,545.856567,33261,19282.76,2728.513,594.480713,31473,17448.373,2726.233,431.537903,428.595093,408.692352,408.0,408.000061,408.000061,408.0,407.999817,1.436353,1.346149,2.045623,2.276012,2.478245,2.465275,2.246272,5.701237,391.200073,421.687225,432.126282,432.031891,429.856781,432.808044,433.020264,447.149841,428.000092,450.819031,451.668243,454.089874,453.301392,472.674591,599.87207,598.550537,805.786743,789.984375,511.535797,513.253296,442.430359,795.454346,750.796387,711.600403,870.88899225,870.88899225,870.88899225,870.88899225,611.966614,480.965607,446.20755,480.400909,433.695618,400.373566,408.276184,408.40976,408.377594,408.343445,408.308167,408.342224,407.999847,407.95755,375.551239,345.32312,315.603516,335.802673,6.237254,390.270294,403.413025,409.396301,421.033661,425.581543,410.090088,388.391846,388.484222,395.16571,409.634949,446.988831,446.929047,446.373138,427.465668,427.468658,427.483398,428.294189,427.999786,427.522186,422.153595,427.479431,412.277039,427.973938,408.333649,432.67392,430.977539,444.6474,437.354248,406.0401,425.959778,410.870087,411.274231,428.432495,408.598022,801.768005,746.649048,694.907654,536.197632,574.563782,537.215088,497.217957,496.898132,601.947815,474.145355,473.596649,474.505432,478.599182,493.325897,483.61496,496.653503,500.20108,483.073151,478.641998,481.162933,476.39447,476.395599,477.504059,477.831146
2024-09-20,9,5,0,3,34238,15050.661,2487.929,569.01355,32825,12703.363,2417.772,591.823853,31707,11800.284,2354.543,592.935303,30962,11589.591,2321.464,592.652283,30853,11453.845,2295.759,561.142029,31437,11574.445,2269.27,569.216614,32601,11738.105,3563.686,492.742615,34857,12559.325,7617.923,520.45636,38009,13500.285,12307.066,488.774261,40012,14752.415,15790.341,525.091492,41676,15660.545,17773.44,544.230591,41202,18197.744,18431.722,495.602234,42421,18270.104,18108.998,610.559631,42478,18009.647,16742.043,617.282593,42567,17775.044,14014.85,650.098511,42914,17182.043,10488.741,836.2470172500002,42603,17413.663,6577.38,836.2470172500002,40628,16307.731,3776.83,836.2470172500002,41030,19302.368,3800.577,794.575378,41437,22743.9,4181.419,763.767151,41154,23962.725,4326.792,688.41272,39521,22583.904,4302.205,677.680481,38260,21241.158,4213.56,766.824036,36590,18047.329,4115.17,590.443665,446.55481,446.041077,439.193665,427.999908,428.000122,428.000061,427.079834,427.161346,427.385742,416.494934,415.154755,422.969482,426.124908,426.620728,443.428619,655.419739,870.88899225,870.88899225,870.88899225,870.88899225,870.88899225,486.296478,466.684296,447.999969,548.934875,513.703064,550.852661,446.96936,452.571838,563.007507,662.958923,689.065735,763.741455,809.989868,870.88899225,615.904541,870.88899225,870.88899225,870.88899225,870.88899225,870.88899225,870.88899225,870.88899225,870.88899225,870.88899225,870.88899225,870.88899225,870.88899225,428.595093,408.692352,408.0,408.000061,408.000061,408.0,407.999817,1.436353,1.346149,2.045623,2.276012,2.478245,2.465275,2.246272,5.701237,391.200073,421.687225,432.126282,432.031891,429.856781,432.808044,433.020264,447.149841,428.000092,400.373566,408.276184,408.40976,408.377594,408.343445,408.308167,408.342224,407.999847,407.95755,375.551239,345.32312,315.603516,335.802673,6.237254,390.270294,403.413025,409.396301,421.033661,425.581543,410.090088,388.391846,388.484222,395.16571,409.634949,422.774048,427.331879,424.208588,424.180756,423.622742,422.674011,420.393799,428.097137,650.472412,776.123108,669.809814,713.552002,613.310608,438.16861,438.027069,431.416229,432.297302,431.880157,429.1698,429.32019,432.488251,409.786926,421.336761,410.062073
2024-09-21,9,6,1,3,36303,15021.568,4321.174,454.228851,34799,12004.757,4231.784,453.260101,33568,11303.934,4180.641,441.325256,32701,11308.532,4207.15,435.147064,32400,11285.529,4212.672,435.016571,32609,11293.056,4122.248,429.131165,33477,11590.502,5178.143,423.667847,35592,12002.935,8534.331,425.517731,38723,13020.616,12437.149,428.066559,40826,14045.815,15602.487,418.896179,42492,14793.679,17861.458,461.98233,42339,17479.742,18771.516,397.400482,43609,17569.342,18418.125,442.565155,43501,17168.222,16993.886,464.278015,43405,17130.452,14530.366,497.984436,43264,17499.262,11394.94,836.2470172500002,42811,17852.253,7813.259,836.2470172500002,41115,16545.342,5007.579,836.2470172500002,41510,19018.174,4816.706,616.538757,42760,22379.499,5066.193,545.615967,42415,23496.684,5234.154,483.01123,40775,22238.913,5314.85,448.214691,38909,20885.522,5417.277,462.153778,36477,17564.384,5530.72,455.221527,450.819031,451.668243,454.089874,453.301392,472.674591,599.87207,598.550537,805.786743,789.984375,511.535797,513.253296,442.430359,795.454346,750.796387,711.600403,870.88899225,870.88899225,870.88899225,870.88899225,611.966614,480.965607,446.20755,480.400909,433.695618,870.88899225,799.857239,521.659546,550.499329,447.62674,447.999908,428.512421,423.965393,428.243439,409.542908,392.240997,52.215736,89.326279,126.111244,279.163391,424.695343,431.862213,438.55719,434.557526,454.530243,439.287537,430.994843,431.80954,427.999969,446.55481,446.041077,439.193665,427.999908,428.000122,428.000061,427.079834,427.161346,427.385742,416.494934,415.154755,422.969482,426.124908,426.620728,443.428619,655.419739,870.88899225,870.88899225,870.88899225,870.88899225,870.88899225,486.296478,466.684296,447.999969,428.595093,408.692352,408.0,408.000061,408.000061,408.0,407.999817,1.436353,1.346149,2.045623,2.276012,2.478245,2.465275,2.246272,5.701237,391.200073,421.687225,432.126282,432.031891,429.856781,432.808044,433.020264,447.149841,428.000092,431.923889,428.021881,428.920654,427.931091,428.011749,428.020325,430.273956,445.898468,483.705963,448.952148,437.911102,430.754089,430.661591,430.237885,434.513672,427.288086,445.373627,431.820709,431.90918,428.332123,432.264435,439.24408,431.918549,432.15979
2024-09-22,9,7,1,3,35138,16282.274,5717.131,537.963928,33715,12939.393,5902.388,454.251648,32225,11962.382,6047.613,449.136536,31049,11438.973,6132.963,454.041443,30642,11436.129,6191.573,453.124359,30642,11377.25,6239.635,448.975098,31049,11593.979,6926.106,429.914856,32065,11597.402,9119.423,427.624725,34054,12253.342,11754.378,421.957306,35326,12964.192,14238.697,418.56134,35898,13686.232,16541.366,415.46524,34948,14505.772,17838.964,347.445587,35230,14548.852,17943.891,420.063568,35196,14474.742,17328.164,361.960266,34984,14690.392,15522.342,348.156799,34935,16443.342,12693.12,431.290894,34722,16977.005,9230.225,475.095123,33420,16285.812,6506.403,563.634521,33420,16157.174,6149.095,448.634186,33710,17224.68,6180.825,448.554504,32326,18226.534,6177.137,468.744049,31012,17151.474,6143.88,448.6633,29578,16078.052,6095.897,432.419678,28068,12981.35,6035.509,427.999878,548.934875,513.703064,550.852661,446.96936,452.571838,563.007507,662.958923,689.065735,763.741455,809.989868,870.88899225,615.904541,870.88899225,870.88899225,870.88899225,870.88899225,870.88899225,870.88899225,870.88899225,870.88899225,870.88899225,870.88899225,870.88899225,870.88899225,358.000122,338.620026,358.619995,357.999908,357.506165,358.620026,338.908112,339.058533,309.37677,33.610073,35.35033,3.228263,36.281826,35.509541,65.548347,83.775345,354.393036,374.978394,365.673004,340.330963,340.753571,339.595123,339.934265,339.608124,450.819031,451.668243,454.089874,453.301392,472.674591,599.87207,598.550537,805.786743,789.984375,511.535797,513.253296,442.430359,795.454346,750.796387,711.600403,870.88899225,870.88899225,870.88899225,870.88899225,611.966614,480.965607,446.20755,480.400909,433.695618,446.55481,446.041077,439.193665,427.999908,428.000122,428.000061,427.079834,427.161346,427.385742,416.494934,415.154755,422.969482,426.124908,426.620728,443.428619,655.419739,870.88899225,870.88899225,870.88899225,870.88899225,870.88899225,486.296478,466.684296,447.999969,447.368683,447.269714,444.444,458.868347,444.268036,447.45816,446.959015,445.149506,622.805725,589.3414310000001,476.462585,425.169373,424.375427,432.194153,434.43454,482.273651,694.585022,870.88899225,747.270935,594.028137,476.932159,452.728058,450.099121,428.227051
2024-09-23,9,1,0,3,29376,13953.61,5797.692,403.846954,28129,13493.25,5799.613,358.503204,27046,12283.51,5826.646,374.142792,26500,11560.19,5868.554,373.604309,26635,11601.644,5826.574,374.101166,27386,11749.437,5856.642,374.657684,28527,11855.97,7133.907,349.464111,29738,12614.15,11599.669,340.782806,31544,14038.55,17022.23,313.565399,32348,15113.94,20972.861,112.660698,32809,15792.31,23271.134,103.353165,31715,16409.45,24022.014,72.038223,31509,16456.86,23656.603,95.183022,31475,16156.59,22260.167,95.698273,31372,16019.42,19439.245,121.927528,31605,17180.14,14965.03,324.908112,32104,16731.319,9307.396,358.053131,31566,15701.075,5395.978,376.167084,31999,16216.77,5055.702,361.0177,31509,17879.529,5137.877,360.466949,30651,18704.616,5102.392,359.680115,29244,17700.338,4953.438,359.621185,27905,16092.808,4717.668,359.308777,26944,13709.19,4400.189,358.620148,870.88899225,799.857239,521.659546,550.499329,447.62674,447.999908,428.512421,423.965393,428.243439,409.542908,392.240997,52.215736,89.326279,126.111244,279.163391,424.695343,431.862213,438.55719,434.557526,454.530243,439.287537,430.994843,431.80954,427.999969,361.289551,360.223267,360.305725,360.311432,360.196503,360.038788,360.609009,350.000122,319.892639,172.953842,79.09201,3.450194,54.441616,36.538403,99.041412,352.176758,388.814514,870.88899225,406.522491,398.216827,379.295746,359.644073,378.000031,383.274506,548.934875,513.703064,550.852661,446.96936,452.571838,563.007507,662.958923,689.065735,763.741455,809.989868,870.88899225,615.904541,870.88899225,870.88899225,870.88899225,870.88899225,870.88899225,870.88899225,870.88899225,870.88899225,870.88899225,870.88899225,870.88899225,870.88899225,450.819031,451.668243,454.089874,453.301392,472.674591,599.87207,598.550537,805.786743,789.984375,511.535797,513.253296,442.430359,795.454346,750.796387,711.600403,870.88899225,870.88899225,870.88899225,870.88899225,611.966614,480.965607,446.20755,480.400909,433.695618,446.988831,446.929047,446.373138,427.465668,427.468658,427.483398,428.294189,427.999786,427.522186,422.153595,427.479431,412.277039,427.973938,408.333649,432.67392,430.977539,444.6474,437.354248,406.0401,425.959778,410.870087,411.274231,428.432495,408.598022
2024-09-24,9,2,0,3,27940,13184.71,4164.085,378.620117,27012,12986.109,3969.539,378.036163,26421,12068.808,3846.55,359.328888,26103,11788.577,3787.249,359.326935,26310,11266.351,3732.906,359.864075,27531,11314.257,3659.056,378.619934,29223,11595.298,4999.72,380.006409,30970,12366.832,9819.443,360.962372,33091,14033.388,15437.743,321.768829,33885,15223.61,19253.695,145.417648,34283,15744.462,21241.599,104.637817,32927,16383.452,21751.765,86.400826,33186,16390.602,21314.928,96.433334,33118,16061.452,19870.707,90.848915,33278,15889.732,16906.304,114.617355,33805,16994.032,12323.152,365.273041,33951,18114.055,6722.898,392.909576,33048,17184.84,2980.995,451.223267,33186,17837.796,2910.656,388.999481,32864,18029.126,3210.241,386.124634,31943,19626.141,3280.07,368.984192,30377,18679.18,3157.526,359.378845,29045,16593.145,2966.4,392.772949,27660,13758.298,2722.597,385.173126,358.000122,338.620026,358.619995,357.999908,357.506165,358.620026,338.908112,339.058533,309.37677,33.610073,35.35033,3.228263,36.281826,35.509541,65.548347,83.775345,354.393036,374.978394,365.673004,340.330963,340.753571,339.595123,339.934265,339.608124,467.779938,398.193542,398.179871,398.272278,435.607391,538.603516,870.88899225,385.79187,343.670044,318.040863,254.887451,0.0,38.981632,83.269424,319.286987,367.374786,870.88899225,870.88899225,870.88899225,484.231873,480.175446,533.155334,870.88899225,493.534485,870.88899225,799.857239,521.659546,550.499329,447.62674,447.999908,428.512421,423.965393,428.243439,409.542908,392.240997,52.215736,89.326279,126.111244,279.163391,424.695343,431.862213,438.55719,434.557526,454.530243,439.287537,430.994843,431.80954,427.999969,548.934875,513.703064,550.852661,446.96936,452.571838,563.007507,662.958923,689.065735,763.741455,809.989868,870.88899225,615.904541,870.88899225,870.88899225,870.88899225,870.88899225,870.88899225,870.88899225,870.88899225,870.88899225,870.88899225,870.88899225,870.88899225,870.88899225,400.373566,408.276184,408.40976,408.377594,408.343445,408.308167,408.342224,407.999847,407.95755,375.551239,345.32312,315.603516,335.802673,6.237254,390.270294,403.413025,409.396301,421.033661,425.581543,410.090088,388.391846,388.484222,395.16571,409.634949
2024-09-25,9,3,0,3,28025,13215.74,2334.481,417.638123,27149,12913.76,2204.282,398.267456,26602,11356.44,2107.86,398.43396,26000,11034.31,2030.694,398.371613,26409,11021.29,1982.027,399.687805,27065,11126.91,1944.578,482.854828,28272,11360.877,3081.159,456.484619,30205,11980.682,7248.828,361.839539,32214,13222.452,12154.189,341.250916,33237,14429.132,15690.941,326.287506,33761,15029.932,17728.74,305.814117,32540,15604.622,18358.999,113.793961,33614,15592.532,17961.185,124.391235,33160,15424.772,16554.914,251.086899,33407,15211.232,13847.18,332.567322,33664,16512.442,9818.023,361.946869,33760,18186.564,4759.911,725.713257,32667,17529.56,1154.032,836.2470172500002,32967,17574.027,940.109,497.56131,32706,18879.358,1031.954,449.045197,32263,20504.507,1007.994,477.654755,30455,18886.172,905.06,447.803284,29014,16690.604,801.309,458.979126,27679,13645.528,711.77,428.895996,361.289551,360.223267,360.305725,360.311432,360.196503,360.038788,360.609009,350.000122,319.892639,172.953842,79.09201,3.450194,54.441616,36.538403,99.041412,352.176758,388.814514,870.88899225,406.522491,398.216827,379.295746,359.644073,378.000031,383.274506,870.88899225,870.88899225,870.88899225,870.88899225,870.88899225,870.88899225,870.88899225,466.758911,376.823273,348.627594,314.426819,125.918289,327.374603,323.73764,374.215332,505.274841,870.88899225,870.88899225,710.828918,587.104248,868.726685,574.375671,429.337036,403.346802,358.000122,338.620026,358.619995,357.999908,357.506165,358.620026,338.908112,339.058533,309.37677,33.610073,35.35033,3.228263,36.281826,35.509541,65.548347,83.775345,354.393036,374.978394,365.673004,340.330963,340.753571,339.595123,339.934265,339.608124,870.88899225,799.857239,521.659546,550.499329,447.62674,447.999908,428.512421,423.965393,428.243439,409.542908,392.240997,52.215736,89.326279,126.111244,279.163391,424.695343,431.862213,438.55719,434.557526,454.530243,439.287537,430.994843,431.80954,427.999969,428.595093,408.692352,408.0,408.000061,408.000061,408.0,407.999817,1.436353,1.346149,2.045623,2.276012,2.478245,2.465275,2.246272,5.701237,391.200073,421.687225,432.126282,432.031891,429.856781,432.808044,433.020264,447.149841,428.000092
2024-09-26,9,4,0,3,27592,12295.168,351.768,836.2470172500002,26621,11623.48,333.711,836.2470172500002,26138,11189.71,308.727,756.830933,25900,11084.83,281.858,734.811157,26346,11334.07,254.58,836.2470172500002,27350,12112.287,246.637,836.2470172500002,29189,12386.864,1589.19,836.2470172500002,30707,12037.462,6477.183,399.147278,32501,13451.342,12174.208,358.940094,33579,14594.762,16165.927,339.628082,34000,15138.722,18328.963,323.273254,32105,15651.202,18988.312,142.465408,32944,15630.492,18462.399,293.510345,32539,15182.822,16698.837,313.28244,33033,14938.372,13392.897,340.854248,33156,14798.492,8976.494,381.660278,33516,15132.542,3899.897,836.2470172500002,32411,15270.498,597.817,836.2470172500002,32577,15134.472,379.153,836.2470172500002,32369,16473.392,510.494,687.785278,31678,17275.882,568.213,836.2470172500002,29592,15978.912,591.385,495.787048,28513,14618.792,603.881,412.42923,27420,12003.69,619.944,399.02359,467.779938,398.193542,398.179871,398.272278,435.607391,538.603516,870.88899225,385.79187,343.670044,318.040863,254.887451,0.0,38.981632,83.269424,319.286987,367.374786,870.88899225,870.88899225,870.88899225,484.231873,480.175446,533.155334,870.88899225,493.534485,488.999237,528.384033,493.167572,422.256165,513.961487,694.080811,785.580017,478.7099,434.868591,375.66803,362.17276,341.607544,357.756439,360.758026,472.405029,860.564575,870.88899225,870.88899225,724.013,607.156128,700.953857,534.034119,448.353485,466.529999,361.289551,360.223267,360.305725,360.311432,360.196503,360.038788,360.609009,350.000122,319.892639,172.953842,79.09201,3.450194,54.441616,36.538403,99.041412,352.176758,388.814514,870.88899225,406.522491,398.216827,379.295746,359.644073,378.000031,383.274506,358.000122,338.620026,358.619995,357.999908,357.506165,358.620026,338.908112,339.058533,309.37677,33.610073,35.35033,3.228263,36.281826,35.509541,65.548347,83.775345,354.393036,374.978394,365.673004,340.330963,340.753571,339.595123,339.934265,339.608124,446.55481,446.041077,439.193665,427.999908,428.000122,428.000061,427.079834,427.161346,427.385742,416.494934,415.154755,422.969482,426.124908,426.620728,443.428619,655.419739,870.88899225,870.88899225,870.88899225,870.88899225,870.88899225,486.296478,466.684296,447.999969
2024-09-27,9,5,0,3,28631,12161.567,675.366,533.975769,27681,11497.751,643.753,528.02887,27066,11066.265,646.837,449.498108,26501,10884.69,670.701,410.708466,27002,10895.92,733.79,460.628357,27942,11365.472,838.258,552.743103,29665,11878.36,1879.251,527.903625,31085,11889.172,5305.331,397.276093,33161,12885.491,9285.995,354.658722,34367,13626.102,12555.002,351.317535,34575,14185.872,14678.485,354.23877,32395,14773.892,15391.689,315.615845,33436,14818.882,14917.751,347.844818,33411,14373.932,13197.883,356.47229,34300,14271.432,10343.967,381.849213,34735,15331.428,7144.868,595.773254,34901,18049.604,3613.456,836.2470172500002,33632,17689.614,1288.041,556.777771,33813,16582.096,1484.543,545.68573,33342,17757.028,1870.661,479.440186,32436,17433.48,2015.234,546.197266,30660,16480.038,1935.937,450.035187,29355,15707.888,1794.32,404.933289,28159,12793.61,1590.901,396.145691,870.88899225,870.88899225,870.88899225,870.88899225,870.88899225,870.88899225,870.88899225,466.758911,376.823273,348.627594,314.426819,125.918289,327.374603,323.73764,374.215332,505.274841,870.88899225,870.88899225,710.828918,587.104248,868.726685,574.375671,429.337036,403.346802,843.249573,842.225769,841.882996,785.122864,870.88899225,870.88899225,870.88899225,620.746887,447.087769,407.824921,414.167206,390.949005,435.727386,447.114014,870.88899225,870.88899225,870.88899225,870.88899225,870.88899225,870.88899225,870.88899225,870.88899225,831.56073,642.279358,467.779938,398.193542,398.179871,398.272278,435.607391,538.603516,870.88899225,385.79187,343.670044,318.040863,254.887451,0.0,38.981632,83.269424,319.286987,367.374786,870.88899225,870.88899225,870.88899225,484.231873,480.175446,533.155334,870.88899225,493.534485,361.289551,360.223267,360.305725,360.311432,360.196503,360.038788,360.609009,350.000122,319.892639,172.953842,79.09201,3.450194,54.441616,36.538403,99.041412,352.176758,388.814514,870.88899225,406.522491,398.216827,379.295746,359.644073,378.000031,383.274506,450.819031,451.668243,454.089874,453.301392,472.674591,599.87207,598.550537,805.786743,789.984375,511.535797,513.253296,442.430359,795.454346,750.796387,711.600403,870.88899225,870.88899225,870.88899225,870.88899225,611.966614,480.965607,446.20755,480.400909,433.695618
2024-09-28,9,6,1,3,29469,11733.679,1269.992,836.2470172500002,28340,10888.026,1162.069,836.2470172500002,27528,10539.52,1100.928,836.2470172500002,27200,10490.627,1066.88,807.191711,27465,10436.794,1039.663,836.2470172500002,28675,10916.883,1011.522,836.2470172500002,30358,11314.99,2369.355,836.2470172500002,31997,12436.026,7523.514,477.865875,34174,14467.692,13621.192,431.520752,35162,15331.402,18036.239,409.606934,35797,16100.032,20462.98,389.144196,34162,16656.202,21108.015,347.153473,35209,16564.902,20644.251,421.240479,35185,16128.112,18991.348,429.776306,35307,15767.742,15731.866,469.293274,36353,15940.858,10941.472,712.466492,36264,17692.871,5244.289,836.2470172500002,35120,17556.085,1623.815,836.2470172500002,35368,16635.688,1794.637,836.2470172500002,35072,17371.526,2225.472,836.2470172500002,34174,17467.948,2391.886,836.2470172500002,32480,16276.548,2406.447,697.708008,30888,15532.728,2379.661,635.863953,29817,12692.62,2302.656,612.913208,488.999237,528.384033,493.167572,422.256165,513.961487,694.080811,785.580017,478.7099,434.868591,375.66803,362.17276,341.607544,357.756439,360.758026,472.405029,860.564575,870.88899225,870.88899225,724.013,607.156128,700.953857,534.034119,448.353485,466.529999,660.7476810000001,600.407104,560.704102,528.871765,542.937683,581.670166,567.419495,500.33551,445.88266,429.060333,415.816345,347.201874,452.075043,870.88899225,870.88899225,870.88899225,870.88899225,870.88899225,870.88899225,870.88899225,870.88899225,870.88899225,870.88899225,870.88899225,870.88899225,870.88899225,870.88899225,870.88899225,870.88899225,870.88899225,870.88899225,466.758911,376.823273,348.627594,314.426819,125.918289,327.374603,323.73764,374.215332,505.274841,870.88899225,870.88899225,710.828918,587.104248,868.726685,574.375671,429.337036,403.346802,467.779938,398.193542,398.179871,398.272278,435.607391,538.603516,870.88899225,385.79187,343.670044,318.040863,254.887451,0.0,38.981632,83.269424,319.286987,367.374786,870.88899225,870.88899225,870.88899225,484.231873,480.175446,533.155334,870.88899225,493.534485,548.934875,513.703064,550.852661,446.96936,452.571838,563.007507,662.958923,689.065735,763.741455,809.989868,870.88899225,615.904541,870.88899225,870.88899225,870.88899225,870.88899225,870.88899225,870.88899225,870.88899225,870.88899225,870.88899225,870.88899225,870.88899225,870.88899225
2024-09-29,9,7,1,3,30384,11937.51,2525.233,595.357178,29504,11292.96,2375.964,563.905457,28588,10710.32,2263.198,513.888062,27600,10614.37,2189.034,465.681305,27965,10592.93,2134.092,484.462677,28757,10658.758,2093.738,535.673035,30357,11171.62,3420.536,487.100769,31795,12261.982,8533.128,434.295624,33782,13955.772,14509.545,403.700897,35331,15417.342,18813.098,361.644806,36427,16035.412,21019.614,371.246155,35580,16579.882,21556.732,303.435089,36404,16468.352,21073.819,399.467987,36453,15970.112,19290.781,432.597076,36503,15499.652,15660.164,577.132813,37101,15754.608,11017.432,729.567017,37101,18629.506,5833.255,836.2470172500002,35457,17931.997,2680.778,832.818604,35706,16964.98,2942.616,641.088318,35208,17744.156,3329.254,566.177979,34611,18011.32,3499.228,636.838318,32569,16447.656,3482.18,664.436523,30776,15421.116,3407.597,678.979431,29177,12538.653,3298.173,596.298279,843.249573,842.225769,841.882996,785.122864,870.88899225,870.88899225,870.88899225,620.746887,447.087769,407.824921,414.167206,390.949005,435.727386,447.114014,870.88899225,870.88899225,870.88899225,870.88899225,870.88899225,870.88899225,870.88899225,870.88899225,831.56073,642.279358,870.88899225,870.88899225,749.568298,626.705627,634.677856,791.868835,792.422363,445.408447,447.518341,411.468811,430.862793,411.681671,870.88899225,870.88899225,870.88899225,870.88899225,870.88899225,870.88899225,870.88899225,870.88899225,870.88899225,870.88899225,870.88899225,870.88899225,488.999237,528.384033,493.167572,422.256165,513.961487,694.080811,785.580017,478.7099,434.868591,375.66803,362.17276,341.607544,357.756439,360.758026,472.405029,860.564575,870.88899225,870.88899225,724.013,607.156128,700.953857,534.034119,448.353485,466.529999,870.88899225,870.88899225,870.88899225,870.88899225,870.88899225,870.88899225,870.88899225,466.758911,376.823273,348.627594,314.426819,125.918289,327.374603,323.73764,374.215332,505.274841,870.88899225,870.88899225,710.828918,587.104248,868.726685,574.375671,429.337036,403.346802,870.88899225,799.857239,521.659546,550.499329,447.62674,447.999908,428.512421,423.965393,428.243439,409.542908,392.240997,52.215736,89.326279,126.111244,279.163391,424.695343,431.862213,438.55719,434.557526,454.530243,439.287537,430.994843,431.80954,427.999969
2024-09-30,9,1,0,3,30481,11614.175,3316.903,836.2470172500002,29238,11391.29,3162.948,683.294312,28344,11137.52,3015.816,588.078247,27901,11070.779,2867.598,486.165863,28140,11028.53,2716.296,553.968262,28979,11018.37,2556.373,641.767212,30747,11451.88,3697.568,802.358582,33037,12418.46,8304.228,485.986755,35180,14036.32,13771.766,422.945374,36889,15449.39,17919.386,402.346527,38015,16141.55,20119.375,383.928558,36544,16693.9,20648.111,349.922333,38129,16591.87,20105.991,443.377106,37829,16096.4,18269.747,687.636047,37872,15768.56,14787.019,836.2470172500002,37800,15558.93,10180.764,836.2470172500002,37329,16289.81,5160.554,836.2470172500002,35616,15838.28,2103.466,836.2470172500002,36430,16149.01,2360.53,836.2470172500002,36051,17235.936,2730.042,836.2470172500002,35623,17221.104,2889.814,836.2470172500002,33482,15421.378,2984.625,836.2470172500002,31198,13776.288,3060.313,836.2470172500002,29742,11352.23,3165.245,836.2470172500002,660.7476810000001,600.407104,560.704102,528.871765,542.937683,581.670166,567.419495,500.33551,445.88266,429.060333,415.816345,347.201874,452.075043,870.88899225,870.88899225,870.88899225,870.88899225,870.88899225,870.88899225,870.88899225,870.88899225,870.88899225,870.88899225,870.88899225,870.88899225,434.547455,585.654419,679.858459,595.213745,565.181763,488.000153,467.026764,422.561981,419.78186,870.88899225,870.88899225,870.88899225,870.88899225,870.88899225,870.88899225,870.88899225,417.733826,408.189087,408.542572,414.748932,397.247101,420.079651,415.052338,843.249573,842.225769,841.882996,785.122864,870.88899225,870.88899225,870.88899225,620.746887,447.087769,407.824921,414.167206,390.949005,435.727386,447.114014,870.88899225,870.88899225,870.88899225,870.88899225,870.88899225,870.88899225,870.88899225,870.88899225,831.56073,642.279358,488.999237,528.384033,493.167572,422.256165,513.961487,694.080811,785.580017,478.7099,434.868591,375.66803,362.17276,341.607544,357.756439,360.758026,472.405029,860.564575,870.88899225,870.88899225,724.013,607.156128,700.953857,534.034119,448.353485,466.529999,358.000122,338.620026,358.619995,357.999908,357.506165,358.620026,338.908112,339.058533,309.37677,33.610073,35.35033,3.228263,36.281826,35.509541,65.548347,83.775345,354.393036,374.978394,365.673004,340.330963,340.753571,339.595123,339.934265,339.608124
2024-10-01,10,2,0,4,30685,13615.888,2960.873,447.631195,29709,12825.19,3205.519,447.636353,28768,11685.574,3541.083,446.167328,28086,11619.16,4088.626,426.160461,27979,11409.07,4572.298,426.171692,28587,11457.743,4927.824,426.185364,30009,11880.35,6268.2,426.249176,31416,12512.42,10200.092,425.915314,32955,13656.09,14547.923,402.641693,33707,14664.01,17821.763,380.268036,34200,15143.57,19583.371,383.448883,32717,15593.0,20053.54,357.702942,33185,15415.35,19492.769,400.688995,33024,14934.34,17794.721,401.291534,32813,14657.08,14900.619,420.842285,32526,15668.156,11704.472,450.165009,32540,18237.114,8565.355,425.296539,31344,17380.766,6665.426,425.557587,31721,17352.916,6638.012,425.442688,30806,18365.386,6698.543,424.748444,29666,18278.086,6715.628,425.021179,28286,17081.576,6629.128,421.009644,27015,15939.307,6536.137,425.870178,26000,12929.71,6434.731,413.110138,870.88899225,870.88899225,749.568298,626.705627,634.677856,791.868835,792.422363,445.408447,447.518341,411.468811,430.862793,411.681671,870.88899225,870.88899225,870.88899225,870.88899225,870.88899225,870.88899225,870.88899225,870.88899225,870.88899225,870.88899225,870.88899225,870.88899225,377.689575,378.180206,377.457977,377.999939,377.999847,380.000153,429.999847,398.000183,400.000092,60.000034,7.912305,0.0,0.0,0.0,0.0,357.999939,378.000122,400.000153,399.960663,377.658752,761.216187,707.884155,410.999817,377.999939,660.7476810000001,600.407104,560.704102,528.871765,542.937683,581.670166,567.419495,500.33551,445.88266,429.060333,415.816345,347.201874,452.075043,870.88899225,870.88899225,870.88899225,870.88899225,870.88899225,870.88899225,870.88899225,870.88899225,870.88899225,870.88899225,870.88899225,843.249573,842.225769,841.882996,785.122864,870.88899225,870.88899225,870.88899225,620.746887,447.087769,407.824921,414.167206,390.949005,435.727386,447.114014,870.88899225,870.88899225,870.88899225,870.88899225,870.88899225,870.88899225,870.88899225,870.88899225,831.56073,642.279358,361.289551,360.223267,360.305725,360.311432,360.196503,360.038788,360.609009,350.000122,319.892639,172.953842,79.09201,3.450194,54.441616,36.538403,99.041412,352.176758,388.814514,870.88899225,406.522491,398.216827,379.295746,359.644073,378.000031,383.274506
2024-10-02,10,3,0,4,23991,11512.031,6348.246,378.000244,23047,11198.662,6300.622,377.999969,22573,11131.127,6306.769,378.000092,22092,11018.442,6339.34,378.000153,22423,10926.862,6394.652,378.000031,23154,10942.532,6465.926,380.0,23943,11130.855,6982.906,397.999725,25102,11523.512,9016.425,377.999969,25656,12127.372,11455.739,378.000122,26489,12871.541,13589.641,351.147095,26857,12705.182,15308.977,298.402069,26192,12305.902,16120.657,87.686409,26423,13069.892,15779.421,87.828209,26150,13472.662,14507.734,86.524307,26143,13449.952,12372.542,259.557526,26526,13241.853,9709.929,368.642853,27239,13227.725,6703.144,378.000214,27129,14383.586,4533.97,398.000061,27370,14014.335,4367.895,397.999969,26809,15517.437,4346.41,397.649689,26189,14964.852,4284.366,397.999817,24894,13750.787,4141.677,400.000031,23806,11736.912,3974.883,400.000092,22479,10900.832,3821.491,397.999969,870.88899225,434.547455,585.654419,679.858459,595.213745,565.181763,488.000153,467.026764,422.561981,419.78186,870.88899225,870.88899225,870.88899225,870.88899225,870.88899225,870.88899225,870.88899225,417.733826,408.189087,408.542572,414.748932,397.247101,420.079651,415.052338,380.658905,369.390137,359.061829,349.999847,358.000031,365.000153,366.000061,322.399963,0.0,0.0,0.0,0.0,0.0,0.0,0.0,0.0,509.999786,461.784363,450.059662,389.210907,419.223785,420.591949,381.000061,434.999908,870.88899225,870.88899225,749.568298,626.705627,634.677856,791.868835,792.422363,445.408447,447.518341,411.468811,430.862793,411.681671,870.88899225,870.88899225,870.88899225,870.88899225,870.88899225,870.88899225,870.88899225,870.88899225,870.88899225,870.88899225,870.88899225,870.88899225,660.7476810000001,600.407104,560.704102,528.871765,542.937683,581.670166,567.419495,500.33551,445.88266,429.060333,415.816345,347.201874,452.075043,870.88899225,870.88899225,870.88899225,870.88899225,870.88899225,870.88899225,870.88899225,870.88899225,870.88899225,870.88899225,870.88899225,467.779938,398.193542,398.179871,398.272278,435.607391,538.603516,870.88899225,385.79187,343.670044,318.040863,254.887451,0.0,38.981632,83.269424,319.286987,367.374786,870.88899225,870.88899225,870.88899225,484.231873,480.175446,533.155334,870.88899225,493.534485
2024-10-03,10,4,0,4,22928,10809.052,3722.35,460.11615,22177,10802.052,3645.818,398.117218,21778,10782.152,3579.079,381.110229,21507,10778.022,3556.057,370.103333,21914,10777.732,3538.363,380.089874,22574,10780.592,3519.747,403.075104,23894,11267.102,4670.239,494.000061,25248,12670.902,9676.718,324.899994,26158,14315.522,15500.352,40.000004,26756,15792.842,19766.2,19.999992,27214,15984.074,22215.848,20.000002,26176,15616.112,22987.561,19.999996,26609,16120.099,22532.057,19.999992,26343,16253.432,20778.5,19.999996,26452,15885.782,17329.078,19.999983,27162,14141.012,12214.947,200.000046,27827,13800.542,6422.535,526.028442,27728,15200.006,2939.611,615.478699,27619,14387.573,3013.07,615.7724,26944,15269.183,3244.48,508.760254,26200,14812.126,3254.838,501.204041,24937,14066.22,3167.666,468.670105,23859,11912.505,3050.902,402.999969,22420,10980.677,2880.839,422.999878,377.689575,378.180206,377.457977,377.999939,377.999847,380.000153,429.999847,398.000183,400.000092,60.000034,7.912305,0.0,0.0,0.0,0.0,357.999939,378.000122,400.000153,399.960663,377.658752,761.216187,707.884155,410.999817,377.999939,510.079315,540.099915,499.000153,469.999908,483.000061,536.100037,581.242981,342.400024,0.0,0.127202,0.0,1.012249,0.0,2.396298,184.308884,383.604706,667.257141,739.261108,468.193481,390.656433,518.261963,409.258972,382.949951,405.999756,870.88899225,434.547455,585.654419,679.858459,595.213745,565.181763,488.000153,467.026764,422.561981,419.78186,870.88899225,870.88899225,870.88899225,870.88899225,870.88899225,870.88899225,870.88899225,417.733826,408.189087,408.542572,414.748932,397.247101,420.079651,415.052338,870.88899225,870.88899225,749.568298,626.705627,634.677856,791.868835,792.422363,445.408447,447.518341,411.468811,430.862793,411.681671,870.88899225,870.88899225,870.88899225,870.88899225,870.88899225,870.88899225,870.88899225,870.88899225,870.88899225,870.88899225,870.88899225,870.88899225,870.88899225,870.88899225,870.88899225,870.88899225,870.88899225,870.88899225,870.88899225,466.758911,376.823273,348.627594,314.426819,125.918289,327.374603,323.73764,374.215332,505.274841,870.88899225,870.88899225,710.828918,587.104248,868.726685,574.375671,429.337036,403.346802
2024-10-04,10,5,0,4,23111,10479.158,3042.063,479.999634,22212,10343.175,2872.253,505.000031,21778,10320.762,2733.253,499.0,21622,10326.442,2650.338,430.000092,22101,10320.792,2587.468,520.000122,22819,10905.136,2539.166,580.338867,24409,11628.3,3803.48,704.449646,26310,13026.482,9496.75,340.000092,27025,14553.799,15810.076,40.000008,27732,15977.306,20182.046,38.91647,27667,16133.115,22408.495,39.999996,26785,15731.047,22947.872,20.201967,26764,16236.792,22487.035,20.00001,26443,16432.257,20857.08,19.999994,26722,16077.622,17308.222,20.000002,27493,14213.572,11801.337,318.0,28278,13964.074,5488.093,496.850159,28030,15099.596,1899.419,708.45874,28042,14273.977,2147.633,533.307739,27655,15122.513,2543.081,529.338989,26568,14542.908,2737.81,516.78479,25836,13985.489,2757.939,516.618225,25164,12026.226,2670.975,417.130188,24199,11187.76,2512.176,412.066223,380.658905,369.390137,359.061829,349.999847,358.000031,365.000153,366.000061,322.399963,0.0,0.0,0.0,0.0,0.0,0.0,0.0,0.0,509.999786,461.784363,450.059662,389.210907,419.223785,420.591949,381.000061,434.999908,517.019653,539.938599,439.745911,480.452179,499.795013,716.959595,717.632446,419.11319,378.999512,315.999756,0.372052,0.0,0.0,0.40226,0.0,351.685425,870.88899225,870.88899225,696.833679,391.170959,396.542267,459.133606,564.85675,559.71698,377.689575,378.180206,377.457977,377.999939,377.999847,380.000153,429.999847,398.000183,400.000092,60.000034,7.912305,0.0,0.0,0.0,0.0,357.999939,378.000122,400.000153,399.960663,377.658752,761.216187,707.884155,410.999817,377.999939,870.88899225,434.547455,585.654419,679.858459,595.213745,565.181763,488.000153,467.026764,422.561981,419.78186,870.88899225,870.88899225,870.88899225,870.88899225,870.88899225,870.88899225,870.88899225,417.733826,408.189087,408.542572,414.748932,397.247101,420.079651,415.052338,488.999237,528.384033,493.167572,422.256165,513.961487,694.080811,785.580017,478.7099,434.868591,375.66803,362.17276,341.607544,357.756439,360.758026,472.405029,860.564575,870.88899225,870.88899225,724.013,607.156128,700.953857,534.034119,448.353485,466.529999
2024-10-05,10,6,1,4,23426,11275.002,2499.462,470.706177,22757,10943.879,2249.639,479.124573,22240,10807.041,2026.354,475.325226,22000,10681.502,1835.033,465.192017,22471,10642.787,1705.541,511.753998,23271,10754.367,1631.803,562.294678,25297,11319.267,2729.935,563.73114,26586,12479.603,7878.472,361.560791,27444,13980.548,13512.862,300.735474,28229,15278.746,17628.568,39.882271,28532,15497.484,20049.56,39.886692,27311,15141.314,20796.533,19.928448,27302,15720.176,20422.118,20.000006,27174,15902.261,18714.713,20.00001,27693,15535.223,15210.734,19.99999,28269,14423.429,10128.276,332.434845,29208,13824.073,4505.269,458.704376,28875,14752.086,1379.168,573.97522,28650,13784.381,1754.0,494.166748,27972,15115.464,2170.079,461.031708,27157,14577.928,2372.187,462.845764,25624,13641.251,2390.036,462.869049,24818,11761.033,2310.415,460.884216,23570,10958.472,2193.806,425.350647,510.079315,540.099915,499.000153,469.999908,483.000061,536.100037,581.242981,342.400024,0.0,0.127202,0.0,1.012249,0.0,2.396298,184.308884,383.604706,667.257141,739.261108,468.193481,390.656433,518.261963,409.258972,382.949951,405.999756,740.23584,790.572205,870.88899225,862.892273,870.88899225,870.88899225,870.88899225,558.349487,460.024445,413.483673,346.22995,317.96698,329.448975,335.562134,371.459015,729.886963,870.88899225,870.88899225,754.100952,433.560181,461.539734,402.832245,380.0,360.030487,380.658905,369.390137,359.061829,349.999847,358.000031,365.000153,366.000061,322.399963,0.0,0.0,0.0,0.0,0.0,0.0,0.0,0.0,509.999786,461.784363,450.059662,389.210907,419.223785,420.591949,381.000061,434.999908,377.689575,378.180206,377.457977,377.999939,377.999847,380.000153,429.999847,398.000183,400.000092,60.000034,7.912305,0.0,0.0,0.0,0.0,357.999939,378.000122,400.000153,399.960663,377.658752,761.216187,707.884155,410.999817,377.999939,843.249573,842.225769,841.882996,785.122864,870.88899225,870.88899225,870.88899225,620.746887,447.087769,407.824921,414.167206,390.949005,435.727386,447.114014,870.88899225,870.88899225,870.88899225,870.88899225,870.88899225,870.88899225,870.88899225,870.88899225,831.56073,642.279358
2024-10-06,10,7,1,4,24392,11536.383,1656.942,573.461975,23728,11106.054,1557.935,573.661011,23042,10770.346,1496.356,552.464966,22619,10635.668,1455.366,520.489746,22768,10690.316,1441.799,518.75415,23722,11065.728,1463.574,534.291565,25463,12071.332,2329.51,474.820038,26960,11877.104,6206.425,375.277252,27663,12963.354,10536.438,348.874786,28383,14115.894,14101.121,318.339752,28909,14298.104,16465.898,299.049408,27629,14003.291,17405.115,61.348904,28049,14479.724,16933.355,241.060516,27905,14538.674,15005.543,294.541931,27989,14140.904,11636.795,314.75235,28671,12738.934,7717.928,358.181763,29391,13630.004,4023.989,491.3591,28974,14767.882,1957.97,529.417603,28953,13766.373,2368.439,451.96579,28293,13070.719,2755.758,405.728302,27325,12389.88,2952.0,426.518158,26148,11348.872,3023.609,409.460358,25054,10895.14,3062.939,382.999878,23957,10814.377,3096.158,354.99353,517.019653,539.938599,439.745911,480.452179,499.795013,716.959595,717.632446,419.11319,378.999512,315.999756,0.372052,0.0,0.0,0.40226,0.0,351.685425,870.88899225,870.88899225,696.833679,391.170959,396.542267,459.133606,564.85675,559.71698,392.025635,383.017242,380.072876,371.008179,392.004913,459.508759,438.777191,447.523956,457.246216,373.999725,379.000061,357.903107,350.742981,356.528259,373.000214,405.494293,380.999939,370.000031,379.082031,363.03714,370.069244,380.000061,362.950043,360.01004,510.079315,540.099915,499.000153,469.999908,483.000061,536.100037,581.242981,342.400024,0.0,0.127202,0.0,1.012249,0.0,2.396298,184.308884,383.604706,667.257141,739.261108,468.193481,390.656433,518.261963,409.258972,382.949951,405.999756,380.658905,369.390137,359.061829,349.999847,358.000031,365.000153,366.000061,322.399963,0.0,0.0,0.0,0.0,0.0,0.0,0.0,0.0,509.999786,461.784363,450.059662,389.210907,419.223785,420.591949,381.000061,434.999908,660.7476810000001,600.407104,560.704102,528.871765,542.937683,581.670166,567.419495,500.33551,445.88266,429.060333,415.816345,347.201874,452.075043,870.88899225,870.88899225,870.88899225,870.88899225,870.88899225,870.88899225,870.88899225,870.88899225,870.88899225,870.88899225,870.88899225
2024-10-07,10,1,0,4,25117,11420.905,2414.291,537.142517,24283,10774.86,2366.31,534.669922,23611,10572.674,2331.245,481.913391,23200,10512.364,2296.781,455.4198,23481,10603.554,2224.467,522.387939,24270,10886.894,2104.605,531.135681,25586,11041.024,2445.257,497.429901,27009,11107.344,4463.065,482.679565,27974,11235.124,6732.042,421.617126,28843,11675.074,8821.813,384.151917,29466,12164.884,10680.51,365.440521,28621,12487.284,11639.102,336.977264,28375,12701.014,11370.069,342.864868,28491,12591.884,9962.416,352.934174,28723,12668.514,7810.069,373.64563,29550,12762.914,5566.713,495.673523,30141,14051.424,3292.078,531.572998,29762,14015.465,2025.621,520.402344,29785,13389.589,2258.838,512.570496,29468,14913.214,2454.782,478.672882,28606,14588.344,2488.387,516.879883,27205,13705.461,2467.122,521.383911,26343,11310.273,2407.666,466.37326,25347,10804.554,2282.964,403.021606,740.23584,790.572205,870.88899225,862.892273,870.88899225,870.88899225,870.88899225,558.349487,460.024445,413.483673,346.22995,317.96698,329.448975,335.562134,371.459015,729.886963,870.88899225,870.88899225,754.100952,433.560181,461.539734,402.832245,380.0,360.030487,422.864929,403.02005,388.012695,382.965698,391.00705,403.007324,400.013733,460.236176,525.625,458.46994,455.245209,404.533234,382.52536,357.96109,347.558563,362.639191,363.794342,402.959259,392.012177,381.010162,394.015289,382.999878,372.700012,366.001831,517.019653,539.938599,439.745911,480.452179,499.795013,716.959595,717.632446,419.11319,378.999512,315.999756,0.372052,0.0,0.0,0.40226,0.0,351.685425,870.88899225,870.88899225,696.833679,391.170959,396.542267,459.133606,564.85675,559.71698,510.079315,540.099915,499.000153,469.999908,483.000061,536.100037,581.242981,342.400024,0.0,0.127202,0.0,1.012249,0.0,2.396298,184.308884,383.604706,667.257141,739.261108,468.193481,390.656433,518.261963,409.258972,382.949951,405.999756,870.88899225,870.88899225,749.568298,626.705627,634.677856,791.868835,792.422363,445.408447,447.518341,411.468811,430.862793,411.681671,870.88899225,870.88899225,870.88899225,870.88899225,870.88899225,870.88899225,870.88899225,870.88899225,870.88899225,870.88899225,870.88899225,870.88899225
2024-10-08,10,2,0,4,25865,10641.634,2246.538,468.208099,24937,10627.784,2231.639,408.028992,24381,10617.374,2207.468,392.027771,23900,10613.104,2191.409,382.975952,24010,10629.674,2167.58,400.022461,24906,10600.344,2143.411,421.724854,26487,10679.164,2365.466,497.543701,28083,10787.544,3554.987,497.977325,29699,10954.457,4917.403,495.037994,30719,11768.914,6055.74,511.848419,30912,12100.084,7028.707,549.758911,29246,10590.744,7519.742,431.637482,29557,11195.914,7475.171,410.47403,29871,11808.034,6967.353,394.376831,30086,12107.424,5979.746,385.159149,30771,12664.729,4584.492,475.766205,31242,13136.052,2815.62,495.847504,30904,13696.404,1554.849,495.02182,30966,13326.252,1539.766,494.900116,31121,13030.516,1566.438,439.69339,30503,12661.313,1507.999,478.878021,28895,11932.985,1398.068,494.882599,27473,11405.82,1298.291,459.768646,26360,10733.474,1212.001,405.444183,392.025635,383.017242,380.072876,371.008179,392.004913,459.508759,438.777191,447.523956,457.246216,373.999725,379.000061,357.903107,350.742981,356.528259,373.000214,405.494293,380.999939,370.000031,379.082031,363.03714,370.069244,380.000061,362.950043,360.01004,401.005585,382.000153,380.000153,372.69986,380.056976,388.000183,420.932495,361.045441,323.45636,3.862907,0.001238,0.0013,0.00125,0.00151,127.640869,359.999664,517.060303,571.847961,535.499634,459.599945,530.218079,440.941284,413.999817,379.999939,740.23584,790.572205,870.88899225,862.892273,870.88899225,870.88899225,870.88899225,558.349487,460.024445,413.483673,346.22995,317.96698,329.448975,335.562134,371.459015,729.886963,870.88899225,870.88899225,754.100952,433.560181,461.539734,402.832245,380.0,360.030487,517.019653,539.938599,439.745911,480.452179,499.795013,716.959595,717.632446,419.11319,378.999512,315.999756,0.372052,0.0,0.0,0.40226,0.0,351.685425,870.88899225,870.88899225,696.833679,391.170959,396.542267,459.133606,564.85675,559.71698,870.88899225,434.547455,585.654419,679.858459,595.213745,565.181763,488.000153,467.026764,422.561981,419.78186,870.88899225,870.88899225,870.88899225,870.88899225,870.88899225,870.88899225,870.88899225,417.733826,408.189087,408.542572,414.748932,397.247101,420.079651,415.052338
2024-10-09,10,3,0,4,25774,10735.734,1368.614,537.559448,24876,10699.514,1354.782,507.849884,24254,10670.154,1381.058,437.795074,24000,10609.274,1440.763,419.016876,24332,10663.748,1503.894,418.883972,25483,10750.744,1544.295,530.677795,27370,11134.584,2391.275,571.988037,28809,12163.184,6843.207,370.000122,30513,13633.824,12143.028,322.400055,31571,15127.504,16356.374,83.61203,31960,15327.924,18671.639,59.766853,29980,14980.044,19413.559,39.86356,30314,15380.034,18695.211,60.0,30256,15406.794,16582.194,59.999985,30782,14852.464,12641.723,305.746735,31925,13327.154,7982.491,381.869965,32469,13989.77,3325.269,575.720215,31983,14633.547,690.545,574.931396,31580,13804.771,829.32,562.109436,31636,13563.623,960.019,536.272461,30785,13006.465,956.628,562.990906,29424,11928.966,896.798,572.203796,27790,11161.339,834.395,535.384399,26599,11078.052,790.612,459.370209,422.864929,403.02005,388.012695,382.965698,391.00705,403.007324,400.013733,460.236176,525.625,458.46994,455.245209,404.533234,382.52536,357.96109,347.558563,362.639191,363.794342,402.959259,392.012177,381.010162,394.015289,382.999878,372.700012,366.001831,711.377502,555.845642,419.499847,402.950043,409.999969,483.0,674.462097,383.000092,322.400177,21.34514,0.0,0.0,0.0,0.0,248.75563,379.982086,620.602051,618.903687,570.799927,410.000153,463.000183,458.380035,403.000214,381.870026,392.025635,383.017242,380.072876,371.008179,392.004913,459.508759,438.777191,447.523956,457.246216,373.999725,379.000061,357.903107,350.742981,356.528259,373.000214,405.494293,380.999939,370.000031,379.082031,363.03714,370.069244,380.000061,362.950043,360.01004,740.23584,790.572205,870.88899225,862.892273,870.88899225,870.88899225,870.88899225,558.349487,460.024445,413.483673,346.22995,317.96698,329.448975,335.562134,371.459015,729.886963,870.88899225,870.88899225,754.100952,433.560181,461.539734,402.832245,380.0,360.030487,377.689575,378.180206,377.457977,377.999939,377.999847,380.000153,429.999847,398.000183,400.000092,60.000034,7.912305,0.0,0.0,0.0,0.0,357.999939,378.000122,400.000153,399.960663,377.658752,761.216187,707.884155,410.999817,377.999939
2024-10-10,10,4,0,4,25868,10728.364,673.044,532.68866,25036,10635.758,627.064,442.548035,24600,10590.594,610.68,406.677826,24446,10533.467,621.961,402.60733,24796,10577.534,635.23,418.650146,25955,10665.694,653.36,514.250427,27686,11050.044,1678.596,572.487366,29210,12411.334,7009.75,362.949738,30518,14160.874,13394.99,317.577026,31486,15731.324,18139.503,80.571159,31835,15930.974,20626.587,79.56456,29870,15584.214,21399.119,39.999985,30534,16096.004,20828.366,59.559132,30523,16225.124,18993.621,59.999992,31231,15703.344,15229.066,133.083588,32183,13810.384,9632.226,362.541473,32500,13857.884,3566.285,600.0,31951,14918.184,317.972,744.398438,31643,14082.924,348.914,647.999878,31564,13695.254,467.087,579.999756,30789,13186.544,579.755,689.999878,29472,12465.938,674.208,700.000061,27923,11503.925,756.418,600.000061,26547,10929.984,779.867,482.000092,401.005585,382.000153,380.000153,372.69986,380.056976,388.000183,420.932495,361.045441,323.45636,3.862907,0.001238,0.0013,0.00125,0.00151,127.640869,359.999664,517.060303,571.847961,535.499634,459.599945,530.218079,440.941284,413.999817,379.999939,516.007324,498.735077,441.356018,472.813232,519.576355,670.593811,706.439392,546.348999,513.003784,362.784332,351.853394,322.894409,314.919891,337.179504,520.124512,870.88899225,870.88899225,593.938171,553.049927,446.141144,560.770081,532.96698,445.615204,382.696869,422.864929,403.02005,388.012695,382.965698,391.00705,403.007324,400.013733,460.236176,525.625,458.46994,455.245209,404.533234,382.52536,357.96109,347.558563,362.639191,363.794342,402.959259,392.012177,381.010162,394.015289,382.999878,372.700012,366.001831,392.025635,383.017242,380.072876,371.008179,392.004913,459.508759,438.777191,447.523956,457.246216,373.999725,379.000061,357.903107,350.742981,356.528259,373.000214,405.494293,380.999939,370.000031,379.082031,363.03714,370.069244,380.000061,362.950043,360.01004,380.658905,369.390137,359.061829,349.999847,358.000031,365.000153,366.000061,322.399963,0.0,0.0,0.0,0.0,0.0,0.0,0.0,0.0,509.999786,461.784363,450.059662,389.210907,419.223785,420.591949,381.000061,434.999908
2024-10-11,10,5,0,4,26622,10937.219,839.517,516.687012,25817,10376.533,740.361,497.567932,25182,10405.162,651.258,445.887146,24782,10345.982,569.462,440.046661,25197,10295.012,522.891,490.308411,26400,10729.732,521.893,553.994385,28246,11701.515,1399.238,594.404541,29768,11702.427,5674.254,511.084808,31485,13110.732,10563.685,362.316742,32109,14249.892,14311.435,317.945465,32262,14337.182,16530.973,314.502075,30260,13980.982,17276.094,277.999756,30787,14472.042,16575.018,270.494629,30433,14448.102,14404.395,289.609222,30360,13830.822,10756.653,343.351013,30439,12474.502,6803.423,490.369324,31059,13895.202,3008.54,585.553833,30362,14015.402,967.378,659.340637,30335,13380.242,1176.018,565.648987,30190,12974.452,1348.15,523.628845,29663,12485.612,1398.842,568.389465,27784,11190.002,1354.654,553.336975,26607,10537.998,1302.506,481.697632,25659,10528.572,1246.674,388.512878,711.377502,555.845642,419.499847,402.950043,409.999969,483.0,674.462097,383.000092,322.400177,21.34514,0.0,0.0,0.0,0.0,248.75563,379.982086,620.602051,618.903687,570.799927,410.000153,463.000183,458.380035,403.000214,381.870026,404.49527,383.780762,377.00943,369.716949,376.985718,404.843201,441.550629,367.453369,309.364014,302.795715,163.559906,78.037888,186.68898,231.007462,331.272034,482.982849,692.524719,507.593872,382.097321,368.72226,403.121307,373.247162,362.767517,355.836121,401.005585,382.000153,380.000153,372.69986,380.056976,388.000183,420.932495,361.045441,323.45636,3.862907,0.001238,0.0013,0.00125,0.00151,127.640869,359.999664,517.060303,571.847961,535.499634,459.599945,530.218079,440.941284,413.999817,379.999939,422.864929,403.02005,388.012695,382.965698,391.00705,403.007324,400.013733,460.236176,525.625,458.46994,455.245209,404.533234,382.52536,357.96109,347.558563,362.639191,363.794342,402.959259,392.012177,381.010162,394.015289,382.999878,372.700012,366.001831,510.079315,540.099915,499.000153,469.999908,483.000061,536.100037,581.242981,342.400024,0.0,0.127202,0.0,1.012249,0.0,2.396298,184.308884,383.604706,667.257141,739.261108,468.193481,390.656433,518.261963,409.258972,382.949951,405.999756
2024-10-12,10,6,1,4,26835,11149.573,1218.059,396.017944,25987,10879.119,1185.309,385.338837,25329,10509.873,1161.555,377.789886,24923,10419.122,1177.724,374.630493,25337,10413.566,1213.897,384.045532,26541,10794.672,1264.914,420.165466,28406,11629.082,2255.076,423.513519,29618,12120.352,7188.446,363.476593,31779,13625.691,12934.158,305.273987,32495,15044.772,17212.786,202.106918,32524,15157.542,19534.725,78.197868,30654,14774.892,20097.871,42.117516,30991,15178.802,19213.289,60.000019,30725,15035.622,16716.378,64.241135,30533,14418.012,12393.414,304.99881,30445,12762.212,7626.976,370.402954,31166,14077.552,3308.569,422.496582,30438,14048.404,1383.725,423.704193,30383,13411.554,1799.665,394.751465,29977,12975.682,2159.513,376.534637,29468,12006.112,2311.872,386.525513,27844,11105.163,2285.741,383.47464,26063,10711.033,2179.226,371.652832,25155,10665.982,2026.744,362.03421,516.007324,498.735077,441.356018,472.813232,519.576355,670.593811,706.439392,546.348999,513.003784,362.784332,351.853394,322.894409,314.919891,337.179504,520.124512,870.88899225,870.88899225,593.938171,553.049927,446.141144,560.770081,532.96698,445.615204,382.696869,390.488312,373.990051,364.960114,366.974396,369.501617,384.386322,427.215973,386.567017,373.850159,380.991669,351.734344,326.130157,350.262451,379.882141,512.210632,720.151855,582.602417,381.096588,370.08548,349.592072,366.626526,366.306702,374.725677,366.430817,711.377502,555.845642,419.499847,402.950043,409.999969,483.0,674.462097,383.000092,322.400177,21.34514,0.0,0.0,0.0,0.0,248.75563,379.982086,620.602051,618.903687,570.799927,410.000153,463.000183,458.380035,403.000214,381.870026,401.005585,382.000153,380.000153,372.69986,380.056976,388.000183,420.932495,361.045441,323.45636,3.862907,0.001238,0.0013,0.00125,0.00151,127.640869,359.999664,517.060303,571.847961,535.499634,459.599945,530.218079,440.941284,413.999817,379.999939,517.019653,539.938599,439.745911,480.452179,499.795013,716.959595,717.632446,419.11319,378.999512,315.999756,0.372052,0.0,0.0,0.40226,0.0,351.685425,870.88899225,870.88899225,696.833679,391.170959,396.542267,459.133606,564.85675,559.71698
2024-10-13,10,7,1,4,26935,10476.002,1900.139,384.947968,25932,10431.412,1814.607,364.786407,25410,10442.544,1747.381,363.994507,25200,10424.311,1689.904,360.138672,25461,10417.351,1660.868,363.70517,26832,10501.072,1641.236,384.11499,28440,11479.052,2039.779,411.396454,30027,11619.62,4138.189,382.532227,31463,11899.593,6642.468,371.015106,32100,12263.732,8767.309,358.355896,32434,12062.801,10267.874,342.759857,30253,11634.362,10867.416,320.000031,30581,12174.512,10254.959,322.000336,30382,12354.664,8551.58,330.949799,30562,12197.162,6217.982,358.326569,30904,13054.482,4049.946,403.010559,31242,14178.797,2161.57,422.355377,30697,13736.041,1366.36,408.98172,30654,13166.688,1545.863,394.189331,29725,12976.451,1643.019,372.541565,29222,11682.455,1609.695,384.497681,27535,11130.041,1501.58,381.270294,26248,10721.782,1371.223,372.062469,25460,10671.011,1200.845,354.959198,404.49527,383.780762,377.00943,369.716949,376.985718,404.843201,441.550629,367.453369,309.364014,302.795715,163.559906,78.037888,186.68898,231.007462,331.272034,482.982849,692.524719,507.593872,382.097321,368.72226,403.121307,373.247162,362.767517,355.836121,372.539368,378.039032,370.266235,370.479919,381.459167,407.257263,418.108643,397.393921,385.561462,549.420166,870.88899225,800.273743,870.88899225,739.848083,648.620605,561.742126,390.964752,394.815186,392.375183,379.525879,419.753296,462.404877,375.463196,375.812256,516.007324,498.735077,441.356018,472.813232,519.576355,670.593811,706.439392,546.348999,513.003784,362.784332,351.853394,322.894409,314.919891,337.179504,520.124512,870.88899225,870.88899225,593.938171,553.049927,446.141144,560.770081,532.96698,445.615204,382.696869,711.377502,555.845642,419.499847,402.950043,409.999969,483.0,674.462097,383.000092,322.400177,21.34514,0.0,0.0,0.0,0.0,248.75563,379.982086,620.602051,618.903687,570.799927,410.000153,463.000183,458.380035,403.000214,381.870026,740.23584,790.572205,870.88899225,862.892273,870.88899225,870.88899225,870.88899225,558.349487,460.024445,413.483673,346.22995,317.96698,329.448975,335.562134,371.459015,729.886963,870.88899225,870.88899225,754.100952,433.560181,461.539734,402.832245,380.0,360.030487
2024-10-14,10,1,0,4,26547,10671.366,1496.882,399.095886,25574,10575.96,1269.02,372.220978,25147,10575.66,1086.494,372.177673,24700,10554.96,937.726,372.254272,24959,10659.02,823.904,384.785797,25832,10743.644,744.82,416.253662,27294,11478.26,1078.722,442.419464,28938,11750.91,3026.69,413.22171,30610,12476.658,5283.913,383.38266,31033,12274.39,7238.384,426.999939,31500,12083.1,8623.558,501.869781,29583,11586.84,9004.219,372.699982,29828,12057.93,8386.14,371.999756,29435,12227.0,6824.69,380.999878,29550,12629.55,4755.783,424.000275,30034,13000.47,3008.325,486.999786,30467,13861.004,1351.407,487.23941,30173,13855.241,563.364,455.643005,30213,13090.12,639.548,396.805359,29244,12699.1,707.97,369.994476,28544,11528.978,729.4,389.823853,26817,10598.158,707.322,405.981079,25759,10363.93,665.784,376.069794,24829,10335.23,601.224,365.206543,390.488312,373.990051,364.960114,366.974396,369.501617,384.386322,427.215973,386.567017,373.850159,380.991669,351.734344,326.130157,350.262451,379.882141,512.210632,720.151855,582.602417,381.096588,370.08548,349.592072,366.626526,366.306702,374.725677,366.430817,442.233612,436.009644,416.570923,397.939819,399.858734,431.119446,611.959229,738.128052,870.88899225,870.88899225,395.271698,340.003174,349.752319,378.108459,383.796844,542.341858,723.333069,716.955627,533.035645,394.159851,418.546875,417.875153,399.096893,375.097839,404.49527,383.780762,377.00943,369.716949,376.985718,404.843201,441.550629,367.453369,309.364014,302.795715,163.559906,78.037888,186.68898,231.007462,331.272034,482.982849,692.524719,507.593872,382.097321,368.72226,403.121307,373.247162,362.767517,355.836121,516.007324,498.735077,441.356018,472.813232,519.576355,670.593811,706.439392,546.348999,513.003784,362.784332,351.853394,322.894409,314.919891,337.179504,520.124512,870.88899225,870.88899225,593.938171,553.049927,446.141144,560.770081,532.96698,445.615204,382.696869,392.025635,383.017242,380.072876,371.008179,392.004913,459.508759,438.777191,447.523956,457.246216,373.999725,379.000061,357.903107,350.742981,356.528259,373.000214,405.494293,380.999939,370.000031,379.082031,363.03714,370.069244,380.000061,362.950043,360.01004
2024-10-15,10,2,0,4,25882,10445.821,448.15,401.53183,25194,10420.37,398.356,401.716003,24616,10522.23,356.888,385.228973,24300,10509.81,302.436,380.192352,24875,10623.81,264.708,384.777802,26155,10681.94,249.598,421.457062,28183,11684.634,782.357,485.185852,29871,11940.54,3853.564,404.828796,31700,13309.99,7677.802,361.86438,32180,13763.81,10954.353,339.367645,32400,13858.469,13297.023,320.725098,30249,13655.729,14261.317,248.098343,30508,14073.33,13630.977,285.197144,30182,13996.41,11553.879,314.767395,30338,13536.23,8406.373,347.051758,30775,12873.02,5069.216,409.519043,31368,13957.947,1847.723,612.888245,30868,14209.234,334.474,605.173889,30712,13723.442,503.266,431.32074,29869,12867.38,680.62,383.461975,29214,12009.13,756.094,405.71756,27568,10912.876,740.67,401.399261,26044,10877.986,696.746,412.815826,24950,10576.29,667.63,384.212494,372.539368,378.039032,370.266235,370.479919,381.459167,407.257263,418.108643,397.393921,385.561462,549.420166,870.88899225,800.273743,870.88899225,739.848083,648.620605,561.742126,390.964752,394.815186,392.375183,379.525879,419.753296,462.404877,375.463196,375.812256,484.348907,501.782501,514.528992,536.410889,614.584961,736.252563,870.88899225,870.88899225,870.88899225,870.88899225,351.472809,326.292297,337.790375,339.471008,314.819794,542.653198,704.262939,564.999939,570.800049,391.305084,540.499878,411.000061,367.999908,372.700043,390.488312,373.990051,364.960114,366.974396,369.501617,384.386322,427.215973,386.567017,373.850159,380.991669,351.734344,326.130157,350.262451,379.882141,512.210632,720.151855,582.602417,381.096588,370.08548,349.592072,366.626526,366.306702,374.725677,366.430817,404.49527,383.780762,377.00943,369.716949,376.985718,404.843201,441.550629,367.453369,309.364014,302.795715,163.559906,78.037888,186.68898,231.007462,331.272034,482.982849,692.524719,507.593872,382.097321,368.72226,403.121307,373.247162,362.767517,355.836121,422.864929,403.02005,388.012695,382.965698,391.00705,403.007324,400.013733,460.236176,525.625,458.46994,455.245209,404.533234,382.52536,357.96109,347.558563,362.639191,363.794342,402.959259,392.012177,381.010162,394.015289,382.999878,372.700012,366.001831
2024-10-16,10,3,0,4,26525,11114.958,498.156,555.858948,25637,10591.969,381.844,532.018616,25304,10409.42,299.864,519.999939,24900,10384.775,258.822,446.783844,25380,10445.218,245.822,522.637024,26559,11118.332,257.756,565.049683,28426,12220.096,850.425,605.539856,29915,11715.511,4150.214,545.841248,31684,13219.969,8252.587,365.580353,32056,13739.863,11662.84,327.886261,32262,13785.459,13831.81,311.746796,30226,13551.416,14586.492,277.899139,30633,13978.149,13999.229,294.797852,30273,13985.07,12237.09,294.613342,30520,13591.359,9399.204,317.76358,30973,12351.149,6096.266,420.335052,31627,13697.935,2717.498,568.999756,31052,13379.302,1234.574,555.30011,31052,12813.8,1600.742,464.999817,30097,12789.93,1920.392,382.276245,29424,11424.206,2118.008,406.896454,27548,10696.37,2249.882,384.430969,26065,10602.489,2282.434,363.959839,25024,10575.65,2222.07,363.396881,442.233612,436.009644,416.570923,397.939819,399.858734,431.119446,611.959229,738.128052,870.88899225,870.88899225,395.271698,340.003174,349.752319,378.108459,383.796844,542.341858,723.333069,716.955627,533.035645,394.159851,418.546875,417.875153,399.096893,375.097839,439.999786,397.976105,382.296906,382.598724,383.328857,419.999969,465.000336,510.01297,517.514954,423.266907,384.327759,327.025482,332.471741,342.771179,361.836426,396.955688,456.336517,550.63501,476.249664,378.787628,437.359131,411.521271,365.58371,361.539642,372.539368,378.039032,370.266235,370.479919,381.459167,407.257263,418.108643,397.393921,385.561462,549.420166,870.88899225,800.273743,870.88899225,739.848083,648.620605,561.742126,390.964752,394.815186,392.375183,379.525879,419.753296,462.404877,375.463196,375.812256,390.488312,373.990051,364.960114,366.974396,369.501617,384.386322,427.215973,386.567017,373.850159,380.991669,351.734344,326.130157,350.262451,379.882141,512.210632,720.151855,582.602417,381.096588,370.08548,349.592072,366.626526,366.306702,374.725677,366.430817,401.005585,382.000153,380.000153,372.69986,380.056976,388.000183,420.932495,361.045441,323.45636,3.862907,0.001238,0.0013,0.00125,0.00151,127.640869,359.999664,517.060303,571.847961,535.499634,459.599945,530.218079,440.941284,413.999817,379.999939
2024-10-17,10,4,0,4,26717,10689.69,2045.594,459.270294,25757,10499.76,1978.97,409.837128,25272,10528.274,1992.76,393.186493,25026,10502.18,2113.298,381.5242,25350,10510.719,2291.92,388.595551,26579,10595.159,2468.034,451.822327,28608,11376.504,3115.034,510.239624,30122,11645.31,5846.336,462.428589,31882,12734.272,8762.038,408.701996,32253,12914.169,11090.629,383.520447,32496,12799.579,12428.486,383.473145,30463,12436.939,12644.844,345.755005,30648,12824.858,11684.69,365.120209,30519,12753.459,9566.741,374.121338,30618,12859.283,7018.037,398.598907,31200,13263.949,4754.004,516.671692,31668,13943.859,2637.23,534.503906,30957,13797.739,1783.858,514.025085,30834,13812.869,2017.196,479.955444,30216,12938.76,2159.172,381.620483,29567,11901.961,2137.766,499.71637,27930,11135.351,2066.98,460.563782,26818,10679.34,1929.528,381.785583,25892,10622.439,1813.518,370.11557,484.348907,501.782501,514.528992,536.410889,614.584961,736.252563,870.88899225,870.88899225,870.88899225,870.88899225,351.472809,326.292297,337.790375,339.471008,314.819794,542.653198,704.262939,564.999939,570.800049,391.305084,540.499878,411.000061,367.999908,372.700043,427.467712,438.126709,457.149658,488.781494,494.743042,523.820496,550.081909,506.711914,525.055481,585.334778,571.280029,453.728638,505.861328,501.647156,476.58963,481.412018,457.335815,428.669647,379.949799,351.240021,399.472046,350.999939,340.000153,340.000122,442.233612,436.009644,416.570923,397.939819,399.858734,431.119446,611.959229,738.128052,870.88899225,870.88899225,395.271698,340.003174,349.752319,378.108459,383.796844,542.341858,723.333069,716.955627,533.035645,394.159851,418.546875,417.875153,399.096893,375.097839,372.539368,378.039032,370.266235,370.479919,381.459167,407.257263,418.108643,397.393921,385.561462,549.420166,870.88899225,800.273743,870.88899225,739.848083,648.620605,561.742126,390.964752,394.815186,392.375183,379.525879,419.753296,462.404877,375.463196,375.812256,711.377502,555.845642,419.499847,402.950043,409.999969,483.0,674.462097,383.000092,322.400177,21.34514,0.0,0.0,0.0,0.0,248.75563,379.982086,620.602051,618.903687,570.799927,410.000153,463.000183,458.380035,403.000214,381.870026
2024-10-18,10,5,0,4,26867,10533.114,1671.494,475.83078,25874,10495.743,1660.408,461.510986,25362,10519.343,1685.558,456.841766,25100,10484.614,1728.782,475.850464,25474,10488.664,1800.324,500.515747,26728,10521.194,1882.172,532.630798,28631,10999.647,2223.177,559.097473,30049,11226.551,3464.355,496.23465,31763,12258.621,4790.049,524.239563,32241,12455.03,5797.969,531.219299,32531,12243.787,6537.993,523.88324,30175,10718.673,6761.939,445.951202,30539,10789.099,6553.86,488.406738,30440,10720.411,5920.714,520.962708,30274,11552.283,4985.691,527.870422,30869,12317.058,3903.53,597.7789310000001,31265,13228.049,2650.901,559.173706,30737,12883.303,1980.83,530.709778,30605,12991.298,1973.59,475.538177,29845,12889.702,2017.41,418.173187,29250,11028.114,2030.992,493.884918,27632,10846.984,2036.07,428.003326,26377,10698.604,2020.974,402.356445,25650,10557.324,2038.796,379.947235,439.999786,397.976105,382.296906,382.598724,383.328857,419.999969,465.000336,510.01297,517.514954,423.266907,384.327759,327.025482,332.471741,342.771179,361.836426,396.955688,456.336517,550.63501,476.249664,378.787628,437.359131,411.521271,365.58371,361.539642,344.050049,342.999939,344.049896,344.050018,350.000061,361.864105,387.556488,382.897919,359.836456,322.415527,273.394043,10.454558,10.527929,98.84864,0.0,329.720734,359.483032,397.959808,382.876953,345.000031,355.000061,340.459961,328.000031,315.999908,484.348907,501.782501,514.528992,536.410889,614.584961,736.252563,870.88899225,870.88899225,870.88899225,870.88899225,351.472809,326.292297,337.790375,339.471008,314.819794,542.653198,704.262939,564.999939,570.800049,391.305084,540.499878,411.000061,367.999908,372.700043,442.233612,436.009644,416.570923,397.939819,399.858734,431.119446,611.959229,738.128052,870.88899225,870.88899225,395.271698,340.003174,349.752319,378.108459,383.796844,542.341858,723.333069,716.955627,533.035645,394.159851,418.546875,417.875153,399.096893,375.097839,516.007324,498.735077,441.356018,472.813232,519.576355,670.593811,706.439392,546.348999,513.003784,362.784332,351.853394,322.894409,314.919891,337.179504,520.124512,870.88899225,870.88899225,593.938171,553.049927,446.141144,560.770081,532.96698,445.615204,382.696869
2024-10-19,10,6,1,4,26667,10955.974,2041.812,390.625,25674,10237.246,1893.713,388.27832,25162,9949.212,1727.895,382.870697,24900,9881.593,1565.09,372.261841,25274,10092.455,1448.214,390.547882,26728,11038.313,1364.254,409.594269,28631,12072.394,1714.134,411.32135,30049,12254.951,4304.843,400.758789,31763,12784.064,7685.772,372.621399,32241,13776.763,10730.199,342.999969,32531,13848.319,13076.754,328.574951,30145,14374.564,14245.067,226.867432,30539,14440.393,14100.35,278.884521,30440,14061.603,12838.634,303.622101,30289,13682.234,10294.895,304.999756,30927,12493.114,7137.573,387.770325,31226,13889.794,3859.483,405.278748,30836,13533.194,2794.77,408.569946,30598,12893.454,3650.96,395.850586,29894,12948.074,4391.614,350.493439,29203,11241.634,4911.735,370.999969,27632,11063.664,5322.163,350.277069,26377,11010.764,5651.546,335.558258,25521,10914.564,5891.717,327.714691,427.467712,438.126709,457.149658,488.781494,494.743042,523.820496,550.081909,506.711914,525.055481,585.334778,571.280029,453.728638,505.861328,501.647156,476.58963,481.412018,457.335815,428.669647,379.949799,351.240021,399.472046,350.999939,340.000153,340.000122,312.999786,313.000061,307.999939,302.522888,310.0,310.700378,313.0,302.000061,327.15451,331.668732,334.601288,305.223755,319.668365,326.035004,310.56424,320.000122,310.0,325.000031,303.300018,276.126801,305.000031,298.000031,240.000092,199.999985,439.999786,397.976105,382.296906,382.598724,383.328857,419.999969,465.000336,510.01297,517.514954,423.266907,384.327759,327.025482,332.471741,342.771179,361.836426,396.955688,456.336517,550.63501,476.249664,378.787628,437.359131,411.521271,365.58371,361.539642,484.348907,501.782501,514.528992,536.410889,614.584961,736.252563,870.88899225,870.88899225,870.88899225,870.88899225,351.472809,326.292297,337.790375,339.471008,314.819794,542.653198,704.262939,564.999939,570.800049,391.305084,540.499878,411.000061,367.999908,372.700043,404.49527,383.780762,377.00943,369.716949,376.985718,404.843201,441.550629,367.453369,309.364014,302.795715,163.559906,78.037888,186.68898,231.007462,331.272034,482.982849,692.524719,507.593872,382.097321,368.72226,403.121307,373.247162,362.767517,355.836121
2024-10-20,10,7,1,4,26943,11854.161,6019.928,309.999939,25978,11037.172,6197.418,308.10672,25568,10971.132,6358.711,288.296021,25104,10943.832,6495.308,268.300873,25404,10930.442,6601.705,284.088074,26315,10980.262,6686.029,309.999908,27691,11830.612,7066.936,315.000092,29220,11995.898,8812.143,310.700012,30650,12540.882,10734.422,309.720001,31083,12328.506,12236.864,309.734863,31547,12281.92,13126.012,299.141388,29774,12033.012,13287.587,179.147812,30070,12082.162,12852.876,198.472931,29558,11824.353,11870.058,237.160034,29484,12533.032,10479.472,214.164795,29719,13022.652,9081.203,320.000031,30301,14183.576,7526.394,319.999817,29977,13936.771,6963.1,321.999939,29827,13251.201,7008.809,311.973541,29226,13134.622,7026.855,295.000031,28571,11834.285,7005.224,310.0,27015,11343.562,6938.346,303.300201,25977,11177.702,6854.957,283.0,25022,11063.846,6670.111,275.800049,344.050049,342.999939,344.049896,344.050018,350.000061,361.864105,387.556488,382.897919,359.836456,322.415527,273.394043,10.454558,10.527929,98.84864,0.0,329.720734,359.483032,397.959808,382.876953,345.000031,355.000061,340.459961,328.000031,315.999908,257.20932,277.122131,255.4505,227.999924,239.500092,287.000122,308.499969,318.000031,327.166504,322.880371,314.119354,224.042969,300.010864,327.959259,331.747101,345.705109,330.700256,331.240021,330.700043,325.0,330.700226,335.450043,327.400055,322.999939,427.467712,438.126709,457.149658,488.781494,494.743042,523.820496,550.081909,506.711914,525.055481,585.334778,571.280029,453.728638,505.861328,501.647156,476.58963,481.412018,457.335815,428.669647,379.949799,351.240021,399.472046,350.999939,340.000153,340.000122,439.999786,397.976105,382.296906,382.598724,383.328857,419.999969,465.000336,510.01297,517.514954,423.266907,384.327759,327.025482,332.471741,342.771179,361.836426,396.955688,456.336517,550.63501,476.249664,378.787628,437.359131,411.521271,365.58371,361.539642,390.488312,373.990051,364.960114,366.974396,369.501617,384.386322,427.215973,386.567017,373.850159,380.991669,351.734344,326.130157,350.262451,379.882141,512.210632,720.151855,582.602417,381.096588,370.08548,349.592072,366.626526,366.306702,374.725677,366.430817
2024-10-21,10,1,0,4,25944,10956.47,6594.157,277.4971458367347,25012,10644.65,6484.959,279.1942426734694,24641,10335.84,6366.073,280.8913395102041,24200,10314.85,6215.803,282.58843634693875,24516,10303.17,6050.177,284.28553318367346,25310,10297.79,5881.653,285.9826300204082,26931,10654.07,5989.22,287.67972685714284,28468,11358.69,7300.716,289.37682369387755,29783,11904.24,8731.989,291.07392053061227,30431,12245.29,9764.783,292.77101736734693,30731,11848.61,10448.244,294.46811420408164,28954,12056.51,10577.34,296.1652110408163,28981,12077.07,10075.379,297.862307877551,28803,11832.65,8806.211,299.55940471428573,28640,11953.37,7222.58,301.2565015510204,29517,12465.864,5588.786,302.9535983877551,30160,13833.75,3907.298,304.65069522448977,29941,14225.4,3264.694,306.3477920612245,29769,13842.76,3171.488,308.0448888979592,29123,13237.18,2934.073,309.74198573469386,28271,12011.967,2564.248,311.43908257142857,26702,11968.42,2167.74,313.13617940816323,25268,11243.537,1849.438,314.83327624489795,24381,10985.37,1661.28,316.53037308163266,312.999786,313.000061,307.999939,302.522888,310.0,310.700378,313.0,302.000061,327.15451,331.668732,334.601288,305.223755,319.668365,326.035004,310.56424,320.000122,310.0,325.000031,303.300018,276.126801,305.000031,298.000031,240.000092,199.999985,348.849976,347.999878,351.000153,347.999878,359.606781,408.03183,481.417511,552.826172,684.919067,720.260315,726.28894,438.616882,480.631775,438.104767,500.354553,560.613831,502.914612,478.102539,446.300171,359.999817,418.52475,368.000061,331.000092,328.000061,344.050049,342.999939,344.049896,344.050018,350.000061,361.864105,387.556488,382.897919,359.836456,322.415527,273.394043,10.454558,10.527929,98.84864,0.0,329.720734,359.483032,397.959808,382.876953,345.000031,355.000061,340.459961,328.000031,315.999908,427.467712,438.126709,457.149658,488.781494,494.743042,523.820496,550.081909,506.711914,525.055481,585.334778,571.280029,453.728638,505.861328,501.647156,476.58963,481.412018,457.335815,428.669647,379.949799,351.240021,399.472046,350.999939,340.000153,340.000122,372.539368,378.039032,370.266235,370.479919,381.459167,407.257263,418.108643,397.393921,385.561462,549.420166,870.88899225,800.273743,870.88899225,739.848083,648.620605,561.742126,390.964752,394.815186,392.375183,379.525879,419.753296,462.404877,375.463196,375.812256
2024-10-22,10,2,0,4,25551,10444.11,1576.396,318.2274699183673,24784,10100.16,1476.767,319.92456675510203,24298,9836.74,1341.872,321.62166359183675,24000,9778.67,1218.251,323.3187604285714,24422,9772.82,1095.475,325.0158572653061,25774,9785.01,986.436,326.7129541020408,27973,10965.44,1190.783,328.4100509387755,29871,11557.21,2723.68,330.1071477755102,31315,11906.52,4783.938,331.8042446122449,31783,12043.99,6775.355,333.5013414489796,31912,11865.46,8639.054,335.19843828571425,30091,12191.2,9674.723,336.89553512244896,30288,12311.54,9511.51,338.5926319591837,29756,12046.56,8219.638,340.28972879591834,29754,12019.41,6139.803,341.98682563265305,30477,12571.306,3809.036,343.68392246938777,30999,14284.329,1430.011,345.3810193061224,30822,14141.686,622.233,347.07811614285714,30628,13175.271,847.763,348.7752129795918,29958,12867.48,1123.722,350.4723098163265,29223,11292.196,1386.624,352.1694066530612,27710,10782.74,1652.734,353.8665034897959,26220,10666.29,1934.138,355.5636003265306,24965,10589.97,2221.026,357.26069716326526,257.20932,277.122131,255.4505,227.999924,239.500092,287.000122,308.499969,318.000031,327.166504,322.880371,314.119354,224.042969,300.010864,327.959259,331.747101,345.705109,330.700256,331.240021,330.700043,325.0,330.700226,335.450043,327.400055,322.999939,339.453003,325.307465,323.771301,315.000061,327.745453,344.149628,363.679565,366.198456,350.128693,330.358551,304.691284,137.417603,66.390274,107.147354,15.54917,314.480133,330.999817,366.209625,379.567657,373.049744,382.443451,383.59549,367.690765,363.60379,312.999786,313.000061,307.999939,302.522888,310.0,310.700378,313.0,302.000061,327.15451,331.668732,334.601288,305.223755,319.668365,326.035004,310.56424,320.000122,310.0,325.000031,303.300018,276.126801,305.000031,298.000031,240.000092,199.999985,344.050049,342.999939,344.049896,344.050018,350.000061,361.864105,387.556488,382.897919,359.836456,322.415527,273.394043,10.454558,10.527929,98.84864,0.0,329.720734,359.483032,397.959808,382.876953,345.000031,355.000061,340.459961,328.000031,315.999908,442.233612,436.009644,416.570923,397.939819,399.858734,431.119446,611.959229,738.128052,870.88899225,870.88899225,395.271698,340.003174,349.752319,378.108459,383.796844,542.341858,723.333069,716.955627,533.035645,394.159851,418.546875,417.875153,399.096893,375.097839
2024-10-23,10,3,0,4,26136,10513.39,1948.786,358.957794,25272,10229.05,2218.652,344.142822,24799,9993.39,2423.772,334.06955,24493,9902.92,2572.646,328.719421,24852,9918.59,2687.682,334.071167,26080,9929.82,2791.866,346.273315,28082,11055.83,3061.442,366.282837,29703,11609.816,4321.014,368.728943,31074,12018.948,6110.881,367.87207,31385,12161.7,8009.361,364.119965,31748,12055.35,10067.581,334.911285,29514,12499.02,11533.331,285.536285,29826,12752.26,11963.042,279.923431,29398,12687.18,11445.715,265.744598,29368,12776.461,9745.755,262.341949,29870,11921.74,6957.921,349.000061,30534,13869.955,3592.218,369.000092,30485,13803.21,2207.363,368.178802,30487,13499.932,2173.762,366.252319,29736,12916.74,2108.421,363.868164,29224,11739.733,1972.316,368.198486,27661,11359.944,1801.401,366.221283,26178,10700.04,1618.534,364.096588,25414,10513.83,1426.086,353.51535,348.849976,347.999878,351.000153,347.999878,359.606781,408.03183,481.417511,552.826172,684.919067,720.260315,726.28894,438.616882,480.631775,438.104767,500.354553,560.613831,502.914612,478.102539,446.300171,359.999817,418.52475,368.000061,331.000092,328.000061,390.288818,387.359833,370.824005,364.994476,402.211823,436.027985,490.261963,438.524658,243.551117,4.028849,8.131559,4.371598,0.0,0.0,5.270006,291.906708,340.19989,451.155182,397.641113,384.292694,415.178802,419.05777,384.810181,360.000153,257.20932,277.122131,255.4505,227.999924,239.500092,287.000122,308.499969,318.000031,327.166504,322.880371,314.119354,224.042969,300.010864,327.959259,331.747101,345.705109,330.700256,331.240021,330.700043,325.0,330.700226,335.450043,327.400055,322.999939,312.999786,313.000061,307.999939,302.522888,310.0,310.700378,313.0,302.000061,327.15451,331.668732,334.601288,305.223755,319.668365,326.035004,310.56424,320.000122,310.0,325.000031,303.300018,276.126801,305.000031,298.000031,240.000092,199.999985,484.348907,501.782501,514.528992,536.410889,614.584961,736.252563,870.88899225,870.88899225,870.88899225,870.88899225,351.472809,326.292297,337.790375,339.471008,314.819794,542.653198,704.262939,564.999939,570.800049,391.305084,540.499878,411.000061,367.999908,372.700043
2024-10-24,10,4,0,4,25830,10652.319,1341.942,390.303955,24971,10633.979,1151.123,371.803772,24349,10599.41,983.283,359.999908,24100,10582.33,859.64,358.000092,24482,10579.01,777.702,370.82724,25706,10579.109,731.98,420.890717,27604,10988.66,1391.864,498.069122,29604,12072.23,5936.071,402.314819,31311,13892.819,11871.231,274.408417,31536,14574.66,16398.133,139.381302,31902,14581.13,18828.634,97.109077,29681,14809.169,19681.554,64.496216,29973,14817.739,19248.526,73.235588,29657,14514.239,17481.523,80.567505,29341,14635.8,13810.347,102.192574,29870,12929.959,8326.516,357.729156,30637,14647.15,2565.189,488.195923,30297,14820.173,753.532,477.445435,29959,13912.509,986.53,424.910095,29404,13288.84,1196.395,418.61731,28796,11972.222,1395.226,420.012573,27076,11481.817,1420.891,420.019653,25515,11022.829,1388.499,410.299957,24692,10768.739,1330.254,376.000061,339.453003,325.307465,323.771301,315.000061,327.745453,344.149628,363.679565,366.198456,350.128693,330.358551,304.691284,137.417603,66.390274,107.147354,15.54917,314.480133,330.999817,366.209625,379.567657,373.049744,382.443451,383.59549,367.690765,363.60379,362.864594,343.000031,342.999969,359.94342,370.633881,390.091797,481.380615,374.300049,221.879318,6.160452,5.535498,5.12831,5.633699,0.0,3.752641,306.375092,345.036774,416.838898,380.53064,332.099976,372.000031,363.000092,332.099976,320.000061,348.849976,347.999878,351.000153,347.999878,359.606781,408.03183,481.417511,552.826172,684.919067,720.260315,726.28894,438.616882,480.631775,438.104767,500.354553,560.613831,502.914612,478.102539,446.300171,359.999817,418.52475,368.000061,331.000092,328.000061,257.20932,277.122131,255.4505,227.999924,239.500092,287.000122,308.499969,318.000031,327.166504,322.880371,314.119354,224.042969,300.010864,327.959259,331.747101,345.705109,330.700256,331.240021,330.700043,325.0,330.700226,335.450043,327.400055,322.999939,439.999786,397.976105,382.296906,382.598724,383.328857,419.999969,465.000336,510.01297,517.514954,423.266907,384.327759,327.025482,332.471741,342.771179,361.836426,396.955688,456.336517,550.63501,476.249664,378.787628,437.359131,411.521271,365.58371,361.539642
2024-10-25,10,5,0,4,26130,11371.567,901.074,390.123138,25271,11061.573,774.599,370.645172,24706,10837.313,670.694,359.944275,24400,10664.764,590.707,370.636261,24782,10891.273,543.05,387.181274,26006,10962.004,533.083,414.591644,28105,11942.294,1220.861,467.331085,29904,12114.963,5726.694,359.946289,31311,13850.774,11620.837,216.680801,31610,14524.554,16083.014,82.658424,31902,14537.824,18494.47,84.594307,29683,14723.434,19292.426,41.846279,29973,14712.914,18833.366,43.314358,29657,14323.564,16975.807,60.923153,29478,14373.214,13189.205,83.670944,30105,12766.254,8032.473,331.655334,30637,14170.814,2988.595,387.21759,30367,14018.513,1707.459,372.000122,30045,13571.003,2243.675,345.0,29404,13129.314,2732.74,326.549957,28896,11437.913,3112.18,354.100006,27176,11033.423,3356.743,340.200073,25615,10981.533,3554.462,322.759949,24692,10774.034,3641.808,310.000092,390.288818,387.359833,370.824005,364.994476,402.211823,436.027985,490.261963,438.524658,243.551117,4.028849,8.131559,4.371598,0.0,0.0,5.270006,291.906708,340.19989,451.155182,397.641113,384.292694,415.178802,419.05777,384.810181,360.000153,331.900024,326.549988,317.999939,318.000031,312.000061,326.550079,326.549896,307.583405,4.392834,4.157375,4.180197,4.426917,5.461256,5.172663,3.626003,122.54277,272.636414,323.430511,306.550079,269.507629,302.759918,297.799866,281.000031,280.924957,339.453003,325.307465,323.771301,315.000061,327.745453,344.149628,363.679565,366.198456,350.128693,330.358551,304.691284,137.417603,66.390274,107.147354,15.54917,314.480133,330.999817,366.209625,379.567657,373.049744,382.443451,383.59549,367.690765,363.60379,348.849976,347.999878,351.000153,347.999878,359.606781,408.03183,481.417511,552.826172,684.919067,720.260315,726.28894,438.616882,480.631775,438.104767,500.354553,560.613831,502.914612,478.102539,446.300171,359.999817,418.52475,368.000061,331.000092,328.000061,427.467712,438.126709,457.149658,488.781494,494.743042,523.820496,550.081909,506.711914,525.055481,585.334778,571.280029,453.728638,505.861328,501.647156,476.58963,481.412018,457.335815,428.669647,379.949799,351.240021,399.472046,350.999939,340.000153,340.000122
2024-10-26,10,6,1,4,25846,11131.523,3683.792,320.0,25144,10917.074,3724.961,293.396423,24660,10529.054,3815.289,281.738708,24387,10505.693,3955.865,273.453522,24671,10489.634,4163.743,281.692169,25917,10736.588,4368.894,306.741882,28321,11968.894,5063.989,323.000275,30064,12136.213,9063.766,303.359741,31352,13694.983,14106.6,100.671387,31552,14300.074,18061.349,62.190105,31628,14372.503,20375.956,61.377693,29377,14717.263,21151.178,40.986858,29830,14721.793,20679.962,41.060062,29512,14245.614,18798.956,41.472832,29478,14324.203,15166.804,45.755974,29915,12915.314,10462.536,212.053513,30788,14719.613,5797.596,310.699982,30352,14426.524,4599.046,321.999908,30083,13488.294,5047.243,311.000092,29578,13253.304,5282.422,306.000031,29243,12400.264,5314.809,319.999969,27832,11742.24,5283.599,321.999786,25788,10869.354,5160.919,306.549957,24875,10775.534,5068.459,283.410004,362.864594,343.000031,342.999969,359.94342,370.633881,390.091797,481.380615,374.300049,221.879318,6.160452,5.535498,5.12831,5.633699,0.0,3.752641,306.375092,345.036774,416.838898,380.53064,332.099976,372.000031,363.000092,332.099976,320.000061,268.603058,261.910492,281.181519,244.063828,250.024689,294.320496,303.120636,278.186707,238.557007,165.111908,197.954941,38.607025,104.863579,223.443268,302.878906,317.472687,296.063599,305.999817,300.0,270.999878,302.836487,304.999878,303.300018,270.999939,390.288818,387.359833,370.824005,364.994476,402.211823,436.027985,490.261963,438.524658,243.551117,4.028849,8.131559,4.371598,0.0,0.0,5.270006,291.906708,340.19989,451.155182,397.641113,384.292694,415.178802,419.05777,384.810181,360.000153,339.453003,325.307465,323.771301,315.000061,327.745453,344.149628,363.679565,366.198456,350.128693,330.358551,304.691284,137.417603,66.390274,107.147354,15.54917,314.480133,330.999817,366.209625,379.567657,373.049744,382.443451,383.59549,367.690765,363.60379,344.050049,342.999939,344.049896,344.050018,350.000061,361.864105,387.556488,382.897919,359.836456,322.415527,273.394043,10.454558,10.527929,98.84864,0.0,329.720734,359.483032,397.959808,382.876953,345.000031,355.000061,340.459961,328.000031,315.999908
2024-10-27,10,7,1,4,26256,10990.164,5137.259,298.67923,25303,10816.894,5137.038,273.183167,24500,10889.254,5214.986,232.948654,24200,10816.814,5316.853,205.663895,24496,10826.404,5372.163,216.287064,25419,10837.204,5390.971,298.661591,27455,11291.183,5647.254,306.723938,28922,11706.794,7785.191,304.078308,30019,12505.914,10351.534,282.653442,30503,12609.444,12353.459,220.246262,30705,12317.154,13696.377,222.160309,28727,12557.924,14117.193,59.633308,29135,12615.724,13605.551,99.329956,28820,12252.674,12142.295,143.263367,28716,12746.434,10007.739,271.307159,29346,13104.348,7577.507,308.000061,30014,14528.64,5053.148,307.999939,29713,14289.104,4289.644,306.549744,29426,13592.214,4462.403,303.299988,28934,13161.795,4576.978,298.0,28463,12226.784,4578.438,306.549957,26965,11425.224,4557.512,306.000122,25202,10973.394,4564.359,300.000122,24347,10944.624,4576.897,274.592804,331.900024,326.549988,317.999939,318.000031,312.000061,326.550079,326.549896,307.583405,4.392834,4.157375,4.180197,4.426917,5.461256,5.172663,3.626003,122.54277,272.636414,323.430511,306.550079,269.507629,302.759918,297.799866,281.000031,280.924957,331.250092,319.999969,319.999817,306.0,317.999878,327.999969,348.663849,317.999878,312.999847,304.023651,299.601257,194.445526,139.704712,203.556915,298.178284,338.699158,331.57016,340.263092,356.697754,331.560577,340.029022,346.877014,330.325928,326.753235,362.864594,343.000031,342.999969,359.94342,370.633881,390.091797,481.380615,374.300049,221.879318,6.160452,5.535498,5.12831,5.633699,0.0,3.752641,306.375092,345.036774,416.838898,380.53064,332.099976,372.000031,363.000092,332.099976,320.000061,390.288818,387.359833,370.824005,364.994476,402.211823,436.027985,490.261963,438.524658,243.551117,4.028849,8.131559,4.371598,0.0,0.0,5.270006,291.906708,340.19989,451.155182,397.641113,384.292694,415.178802,419.05777,384.810181,360.000153,312.999786,313.000061,307.999939,302.522888,310.0,310.700378,313.0,302.000061,327.15451,331.668732,334.601288,305.223755,319.668365,326.035004,310.56424,320.000122,310.0,325.000031,303.300018,276.126801,305.000031,298.000031,240.000092,199.999985
2024-10-28,10,1,0,4,25864,10779.814,4261.872,277.70070108163264,24866,10698.095,4237.084,280.8085981632653,24260,10787.364,4228.762,283.916495244898,23985,10709.124,4205.943,287.02439232653063,24175,10693.754,4225.782,290.1322894081633,24747,10706.424,4215.728,293.2401864897959,26137,10777.56,4439.072,296.34808357142856,27972,11610.336,6322.896,299.4559806530612,29050,12282.604,8604.682,302.56387773469385,29887,12131.858,10474.107,305.67177481632655,30305,11970.414,12131.719,308.7796718979592,28333,12382.544,13037.235,311.88756897959183,28691,12495.014,12863.157,314.9954660612245,28757,12216.884,11587.55,318.1033631428571,28064,12728.784,9415.81,321.2112602244898,28378,12654.562,6860.394,324.31915730612246,29315,13863.984,3983.932,327.4270543877551,29139,14265.308,3121.057,330.5349514693877,28781,13510.975,3254.603,333.6428485510204,28378,13053.264,3320.386,336.75074563265304,27990,12533.543,3267.333,339.8586427142857,26271,11355.379,3143.363,342.9665397959184,24412,10893.674,2990.313,346.074436877551,23638,10802.304,2780.258,349.18233395918367,268.603058,261.910492,281.181519,244.063828,250.024689,294.320496,303.120636,278.186707,238.557007,165.111908,197.954941,38.607025,104.863579,223.443268,302.878906,317.472687,296.063599,305.999817,300.0,270.999878,302.836487,304.999878,303.300018,270.999939,330.814606,330.999969,331.475769,331.000153,331.249969,358.008759,420.000153,391.808075,316.591949,168.365402,118.824554,0.007558,1.076316,1.551557,184.51857,348.743713,403.286255,451.578979,471.539825,394.140747,493.046814,451.000244,380.963104,405.890137,331.900024,326.549988,317.999939,318.000031,312.000061,326.550079,326.549896,307.583405,4.392834,4.157375,4.180197,4.426917,5.461256,5.172663,3.626003,122.54277,272.636414,323.430511,306.550079,269.507629,302.759918,297.799866,281.000031,280.924957,362.864594,343.000031,342.999969,359.94342,370.633881,390.091797,481.380615,374.300049,221.879318,6.160452,5.535498,5.12831,5.633699,0.0,3.752641,306.375092,345.036774,416.838898,380.53064,332.099976,372.000031,363.000092,332.099976,320.000061,257.20932,277.122131,255.4505,227.999924,239.500092,287.000122,308.499969,318.000031,327.166504,322.880371,314.119354,224.042969,300.010864,327.959259,331.747101,345.705109,330.700256,331.240021,330.700043,325.0,330.700226,335.450043,327.400055,322.999939
2024-10-29,10,2,0,4,25329,10637.948,2401.39,352.2902310408163,24484,10621.563,2282.908,355.3981281224489,23934,10674.153,2208.21,358.50602520408165,23721,10624.893,2170.864,361.61392228571424,24097,10613.054,2118.296,364.7218193673469,25443,10660.893,2054.398,367.8297164489796,27612,10888.713,2364.064,370.9376135306122,29428,11786.302,5831.639,374.04551061224487,30709,13337.323,10581.293,377.1534076938775,30888,14017.074,14671.602,380.2613047755102,31084,14065.004,17106.364,383.36920185714285,28838,14385.444,17844.754,386.4770989387755,29155,14382.143,17230.277,389.58499602040814,28930,13830.094,15144.059,392.6928931020408,28810,13819.483,11196.857,395.8007901836735,29718,12754.548,6440.952,398.90868726530607,30248,14072.335,1881.848,402.0165843469388,30158,14088.709,596.348,405.1244814285714,29905,13567.457,750.153,408.23237851020406,29252,12734.055,866.496,411.3402755918367,29006,12271.263,923.898,414.4481726734693,27266,11225.943,924.487,417.5560697551021,25497,10619.141,887.724,420.6639668367346,24598,10508.564,817.449,423.7718639183673,331.250092,319.999969,319.999817,306.0,317.999878,327.999969,348.663849,317.999878,312.999847,304.023651,299.601257,194.445526,139.704712,203.556915,298.178284,338.699158,331.57016,340.263092,356.697754,331.560577,340.029022,346.877014,330.325928,326.753235,412.134766,380.531677,374.666748,384.295105,400.000061,437.826447,669.145081,440.000366,334.000031,34.699993,3.810114,2.313496,0.0,1.421324,88.136932,307.999603,370.999939,403.299957,391.000061,371.000214,413.999969,391.000092,342.760101,380.0,268.603058,261.910492,281.181519,244.063828,250.024689,294.320496,303.120636,278.186707,238.557007,165.111908,197.954941,38.607025,104.863579,223.443268,302.878906,317.472687,296.063599,305.999817,300.0,270.999878,302.836487,304.999878,303.300018,270.999939,331.900024,326.549988,317.999939,318.000031,312.000061,326.550079,326.549896,307.583405,4.392834,4.157375,4.180197,4.426917,5.461256,5.172663,3.626003,122.54277,272.636414,323.430511,306.550079,269.507629,302.759918,297.799866,281.000031,280.924957,348.849976,347.999878,351.000153,347.999878,359.606781,408.03183,481.417511,552.826172,684.919067,720.260315,726.28894,438.616882,480.631775,438.104767,500.354553,560.613831,502.914612,478.102539,446.300171,359.999817,418.52475,368.000061,331.000092,328.000061
2024-10-30,10,3,0,4,25705,10408.544,854.369,426.879761,24801,10375.603,775.673,381.600098,24243,10407.444,699.716,390.999939,23993,10363.954,631.845,380.0,24406,10357.453,586.758,403.299896,25659,10376.023,564.998,462.316925,27710,10869.594,1067.813,589.999939,29215,11776.864,5387.744,394.409088,30540,13625.854,11350.626,311.775024,30746,14988.644,16107.442,60.000015,30981,15063.273,18754.535,59.349785,29125,15387.274,19563.472,39.864166,29282,15410.784,19146.34,40.390575,29078,14912.223,17234.209,59.179073,29109,14269.994,13336.423,98.762115,29665,12757.624,7800.59,331.843842,30325,14045.213,2423.478,403.42807,30103,14041.664,1197.296,391.0,29848,13334.924,1604.113,378.000092,29130,12673.624,1907.042,370.999969,28512,11872.624,2063.082,403.450226,26939,11080.558,2072.666,381.600006,25362,10640.494,2042.896,351.25,24617,10553.424,2013.614,336.000092,330.814606,330.999969,331.475769,331.000153,331.249969,358.008759,420.000153,391.808075,316.591949,168.365402,118.824554,0.007558,1.076316,1.551557,184.51857,348.743713,403.286255,451.578979,471.539825,394.140747,493.046814,451.000244,380.963104,405.890137,338.000031,335.525208,328.000031,326.000122,328.000092,338.400208,398.0,326.550262,103.200005,0.0,0.0,1.936299,1.608548,2.865489,1.916289,270.999969,360.999725,420.000092,403.299835,335.031494,330.266602,326.000061,248.200012,248.19986,331.250092,319.999969,319.999817,306.0,317.999878,327.999969,348.663849,317.999878,312.999847,304.023651,299.601257,194.445526,139.704712,203.556915,298.178284,338.699158,331.57016,340.263092,356.697754,331.560577,340.029022,346.877014,330.325928,326.753235,268.603058,261.910492,281.181519,244.063828,250.024689,294.320496,303.120636,278.186707,238.557007,165.111908,197.954941,38.607025,104.863579,223.443268,302.878906,317.472687,296.063599,305.999817,300.0,270.999878,302.836487,304.999878,303.300018,270.999939,339.453003,325.307465,323.771301,315.000061,327.745453,344.149628,363.679565,366.198456,350.128693,330.358551,304.691284,137.417603,66.390274,107.147354,15.54917,314.480133,330.999817,366.209625,379.567657,373.049744,382.443451,383.59549,367.690765,363.60379
2024-10-31,10,4,0,4,25852,11162.882,1824.341,354.196411,25013,10890.195,1782.495,342.839996,24467,10760.201,1816.002,336.345306,24232,10424.252,1917.486,328.000092,24609,10461.862,2061.967,331.725647,25722,10623.262,2203.565,358.245056,27726,11406.896,2845.431,402.900024,29317,11879.672,7274.101,320.000092,30407,13692.486,13106.425,120.000092,30801,15040.122,17509.282,59.271606,30902,15161.742,19920.24,58.882927,28716,15155.102,20639.066,39.809891,29037,15308.602,20072.009,39.203075,28898,14951.542,18098.211,39.154594,28900,14309.202,14216.23,72.607796,29511,12570.162,8747.43,328.261566,30302,14030.072,3602.879,391.000061,30149,13736.582,2792.915,371.000122,29827,12709.292,3594.225,354.100067,29357,12135.712,4135.396,327.999939,28716,11022.072,4341.361,325.838135,27018,10708.402,4317.254,325.657074,25368,10693.862,4181.031,299.873962,24678,10627.582,3994.807,288.124969,412.134766,380.531677,374.666748,384.295105,400.000061,437.826447,669.145081,440.000366,334.000031,34.699993,3.810114,2.313496,0.0,1.421324,88.136932,307.999603,370.999939,403.299957,391.000061,371.000214,413.999969,391.000092,342.760101,380.0,299.0,299.0,297.599854,296.600006,299.000122,271.000031,328.000092,270.0,120.000023,0.0,0.0,0.0,0.0,0.0,0.0,151.466782,223.116531,290.145752,297.373199,247.821854,274.000031,259.399963,172.000031,119.999992,330.814606,330.999969,331.475769,331.000153,331.249969,358.008759,420.000153,391.808075,316.591949,168.365402,118.824554,0.007558,1.076316,1.551557,184.51857,348.743713,403.286255,451.578979,471.539825,394.140747,493.046814,451.000244,380.963104,405.890137,331.250092,319.999969,319.999817,306.0,317.999878,327.999969,348.663849,317.999878,312.999847,304.023651,299.601257,194.445526,139.704712,203.556915,298.178284,338.699158,331.57016,340.263092,356.697754,331.560577,340.029022,346.877014,330.325928,326.753235,390.288818,387.359833,370.824005,364.994476,402.211823,436.027985,490.261963,438.524658,243.551117,4.028849,8.131559,4.371598,0.0,0.0,5.270006,291.906708,340.19989,451.155182,397.641113,384.292694,415.178802,419.05777,384.810181,360.000153
2024-11-01,11,5,0,4,25687,11020.602,4178.887,304.999847,24876,10664.212,4038.41,300.000031,24298,10706.852,3934.691,296.600006,24103,10628.232,3858.013,291.999847,24455,10611.782,3794.234,299.999969,25672,10762.234,3744.82,303.300018,27690,11729.395,4099.172,337.999908,29245,11887.882,7901.297,304.999878,30583,13557.082,13034.019,215.634094,30764,14848.502,17235.829,59.17968,30868,14806.731,19698.648,56.532932,28763,15143.961,20622.847,39.230881,28822,15241.052,20285.34,39.175747,28687,14687.362,18427.924,39.130272,28747,14068.882,14810.016,59.171455,29420,13011.011,10227.326,230.30101,30071,14360.499,5967.352,270.650513,29991,14210.712,5148.829,261.660004,29581,12716.962,5533.515,297.462891,29037,11955.622,5746.116,232.54277,28598,11735.132,5859.027,271.390198,26955,11207.77,5857.659,270.0,25295,10886.182,5819.179,203.299973,24616,10907.382,5747.537,152.0,338.000031,335.525208,328.000031,326.000122,328.000092,338.400208,398.0,326.550262,103.200005,0.0,0.0,1.936299,1.608548,2.865489,1.916289,270.999969,360.999725,420.000092,403.299835,335.031494,330.266602,326.000061,248.200012,248.19986,202.331665,130.0,111.199966,100.000008,111.199974,161.000015,250.999878,161.250031,220.080444,91.436447,57.40427,0.139897,0.146623,0.372004,95.366623,217.547348,418.565643,407.833405,320.000183,303.300018,303.300049,302.000061,323.000061,302.0,412.134766,380.531677,374.666748,384.295105,400.000061,437.826447,669.145081,440.000366,334.000031,34.699993,3.810114,2.313496,0.0,1.421324,88.136932,307.999603,370.999939,403.299957,391.000061,371.000214,413.999969,391.000092,342.760101,380.0,330.814606,330.999969,331.475769,331.000153,331.249969,358.008759,420.000153,391.808075,316.591949,168.365402,118.824554,0.007558,1.076316,1.551557,184.51857,348.743713,403.286255,451.578979,471.539825,394.140747,493.046814,451.000244,380.963104,405.890137,362.864594,343.000031,342.999969,359.94342,370.633881,390.091797,481.380615,374.300049,221.879318,6.160452,5.535498,5.12831,5.633699,0.0,3.752641,306.375092,345.036774,416.838898,380.53064,332.099976,372.000031,363.000092,332.099976,320.000061
2024-11-02,11,6,1,4,25627,10155.292,5970.294,200.999985,24841,10110.562,5965.768,129.999985,24393,10147.043,5969.471,120.0,24133,10109.792,5966.074,119.999977,24540,10113.102,5959.723,122.999992,25656,10119.462,5937.489,203.299988,27804,10764.512,6280.876,247.997635,29375,11405.232,9974.586,129.591675,30674,13106.682,14994.659,98.71962,30678,14472.692,19095.825,45.669289,30852,14472.891,21468.957,48.29018,28994,14825.292,22181.326,27.653002,28988,14925.842,21632.244,30.562761,28796,14368.842,19696.798,27.897436,28794,13777.652,16044.852,41.450916,29503,12149.072,11113.621,122.718666,30123,13909.235,6252.682,264.000031,30102,13555.952,4950.521,251.000107,29748,12386.168,4958.42,229.999969,29063,11704.319,4921.75,220.000015,28562,11222.092,4792.734,223.0,27081,10562.355,4582.832,203.300064,25490,10308.82,4368.491,202.999985,24649,10215.022,4119.346,155.999985,299.0,299.0,297.599854,296.600006,299.000122,271.000031,328.000092,270.0,120.000023,0.0,0.0,0.0,0.0,0.0,0.0,151.466782,223.116531,290.145752,297.373199,247.821854,274.000031,259.399963,172.000031,119.999992,357.763794,341.068329,325.120758,319.506256,332.83963,359.26181,407.618683,337.782013,832.941589,291.053162,140.406693,20.392975,22.210552,55.264675,214.574127,366.889343,529.320068,527.310608,410.977905,380.770844,395.562073,367.177185,328.103363,309.453186,338.000031,335.525208,328.000031,326.000122,328.000092,338.400208,398.0,326.550262,103.200005,0.0,0.0,1.936299,1.608548,2.865489,1.916289,270.999969,360.999725,420.000092,403.299835,335.031494,330.266602,326.000061,248.200012,248.19986,412.134766,380.531677,374.666748,384.295105,400.000061,437.826447,669.145081,440.000366,334.000031,34.699993,3.810114,2.313496,0.0,1.421324,88.136932,307.999603,370.999939,403.299957,391.000061,371.000214,413.999969,391.000092,342.760101,380.0,331.900024,326.549988,317.999939,318.000031,312.000061,326.550079,326.549896,307.583405,4.392834,4.157375,4.180197,4.426917,5.461256,5.172663,3.626003,122.54277,272.636414,323.430511,306.550079,269.507629,302.759918,297.799866,281.000031,280.924957
2024-11-03,11,7,1,4,25266,10576.993,3868.64,311.527863,24416,10527.342,3670.99,293.831146,23856,10509.672,3472.632,264.000183,23600,10467.535,3286.348,259.912842,23903,10432.182,3125.097,297.965729,24753,10426.962,2961.922,332.285675,26367,10718.592,3099.83,373.620117,28212,11834.852,6829.069,259.141052,29453,13748.392,12186.773,96.024689,29653,15291.591,16635.378,35.980515,29925,15399.452,19238.14,38.665691,27951,15776.342,20060.669,21.88578,28324,15879.632,19502.653,21.735195,28218,15226.132,17341.346,21.794968,28197,14462.872,13168.393,40.768463,28867,13189.062,7453.926,261.723877,29543,14381.33,1983.15,370.096283,29595,13907.772,688.702,381.292664,29299,12691.681,812.298,375.555298,28496,12031.632,905.945,345.486633,28044,11711.392,901.671,360.828949,26374,10828.452,830.99,336.179871,24939,10699.452,744.872,315.313812,24063,10586.372,706.648,304.955658,202.331665,130.0,111.199966,100.000008,111.199974,161.000015,250.999878,161.250031,220.080444,91.436447,57.40427,0.139897,0.146623,0.372004,95.366623,217.547348,418.565643,407.833405,320.000183,303.300018,303.300049,302.000061,323.000061,302.0,359.209717,348.117218,319.344147,310.124603,324.961426,345.404633,392.782837,326.49118,123.000092,32.136944,5.594261,2.24929,2.344631,6.291302,60.17104,317.654327,445.153534,433.551697,383.798218,343.000031,371.442657,342.791412,249.575241,219.999893,299.0,299.0,297.599854,296.600006,299.000122,271.000031,328.000092,270.0,120.000023,0.0,0.0,0.0,0.0,0.0,0.0,151.466782,223.116531,290.145752,297.373199,247.821854,274.000031,259.399963,172.000031,119.999992,338.000031,335.525208,328.000031,326.000122,328.000092,338.400208,398.0,326.550262,103.200005,0.0,0.0,1.936299,1.608548,2.865489,1.916289,270.999969,360.999725,420.000092,403.299835,335.031494,330.266602,326.000061,248.200012,248.19986,268.603058,261.910492,281.181519,244.063828,250.024689,294.320496,303.120636,278.186707,238.557007,165.111908,197.954941,38.607025,104.863579,223.443268,302.878906,317.472687,296.063599,305.999817,300.0,270.999878,302.836487,304.999878,303.300018,270.999939
2024-11-04,11,1,0,4,24929,10913.862,423.727,325.501709,24097,10656.662,387.849,324.520905,23547,10304.272,359.418,302.214844,23255,10259.082,329.369,303.914459,23475,10227.142,309.528,304.602753,24229,10405.872,305.207,336.363159,25685,10917.333,755.648,361.220612,27329,12203.792,5461.88,301.634857,28411,14722.272,12164.915,105.289673,28732,16808.442,17602.794,41.531876,28944,17302.032,20697.407,41.247162,27091,17432.712,21697.323,21.778557,27482,17334.342,21118.504,21.097567,27101,16734.242,18804.901,21.606644,27290,15536.232,14169.147,41.297802,28023,13100.742,7834.934,231.000061,28918,14229.476,1761.153,259.999878,29300,13595.023,390.404,253.027466,28921,12045.504,567.484,254.160995,28169,11250.885,807.402,324.400146,27741,10855.532,1073.637,333.721436,25936,10448.672,1388.147,317.13855,24503,10421.772,1790.128,231.0,23702,10487.332,2306.532,183.800003,357.763794,341.068329,325.120758,319.506256,332.83963,359.26181,407.618683,337.782013,832.941589,291.053162,140.406693,20.392975,22.210552,55.264675,214.574127,366.889343,529.320068,527.310608,410.977905,380.770844,395.562073,367.177185,328.103363,309.453186,203.300049,213.0,143.256821,109.649414,104.554398,106.1138,144.500092,161.25,277.878418,199.881851,102.600578,66.173096,85.477173,190.199341,380.830322,339.2229,318.288849,221.086197,203.0,151.600037,155.999954,122.999947,99.999992,99.999977,202.331665,130.0,111.199966,100.000008,111.199974,161.000015,250.999878,161.250031,220.080444,91.436447,57.40427,0.139897,0.146623,0.372004,95.366623,217.547348,418.565643,407.833405,320.000183,303.300018,303.300049,302.000061,323.000061,302.0,299.0,299.0,297.599854,296.600006,299.000122,271.000031,328.000092,270.0,120.000023,0.0,0.0,0.0,0.0,0.0,0.0,151.466782,223.116531,290.145752,297.373199,247.821854,274.000031,259.399963,172.000031,119.999992,331.250092,319.999969,319.999817,306.0,317.999878,327.999969,348.663849,317.999878,312.999847,304.023651,299.601257,194.445526,139.704712,203.556915,298.178284,338.699158,331.57016,340.263092,356.697754,331.560577,340.029022,346.877014,330.325928,326.753235
2024-11-05,11,2,0,4,24856,10853.227,2243.062,200.000015,23833,10262.872,2801.755,151.59996,23318,10561.982,3316.846,110.086235,23126,10485.222,3787.751,98.846886,23385,10390.972,4215.177,98.800079,24643,10353.342,4576.302,118.609619,26839,10601.292,5186.097,199.999985,28553,12011.088,8732.012,161.689957,30038,13519.272,13548.12,120.000099,30324,15060.402,17776.729,54.466194,30476,15355.711,20351.014,48.262638,28400,15412.252,21094.734,26.335112,28743,15292.692,20329.84,26.025656,28301,14728.272,17936.59,51.068996,28748,13864.552,13943.352,90.016609,29324,13149.929,9562.443,200.000061,29956,14053.524,5673.114,203.299957,30074,13677.522,4934.251,151.599991,29500,12425.97,5212.225,199.999985,28814,11531.292,5343.891,144.500107,28688,11249.384,5312.336,159.799988,26619,10615.462,5114.901,120.000023,25117,10590.752,4873.056,90.000046,24084,10630.532,4585.593,89.999985,359.209717,348.117218,319.344147,310.124603,324.961426,345.404633,392.782837,326.49118,123.000092,32.136944,5.594261,2.24929,2.344631,6.291302,60.17104,317.654327,445.153534,433.551697,383.798218,343.000031,371.442657,342.791412,249.575241,219.999893,246.511429,222.834427,218.748016,199.0,210.869232,243.000046,316.277679,259.45575,120.000076,68.032181,6.215943,2.347397,6.471116,8.311929,61.407803,296.231323,340.866333,361.57663,367.59671,354.70401,351.240204,329.224548,303.47644,263.592255,357.763794,341.068329,325.120758,319.506256,332.83963,359.26181,407.618683,337.782013,832.941589,291.053162,140.406693,20.392975,22.210552,55.264675,214.574127,366.889343,529.320068,527.310608,410.977905,380.770844,395.562073,367.177185,328.103363,309.453186,202.331665,130.0,111.199966,100.000008,111.199974,161.000015,250.999878,161.250031,220.080444,91.436447,57.40427,0.139897,0.146623,0.372004,95.366623,217.547348,418.565643,407.833405,320.000183,303.300018,303.300049,302.000061,323.000061,302.0,330.814606,330.999969,331.475769,331.000153,331.249969,358.008759,420.000153,391.808075,316.591949,168.365402,118.824554,0.007558,1.076316,1.551557,184.51857,348.743713,403.286255,451.578979,471.539825,394.140747,493.046814,451.000244,380.963104,405.890137
2024-11-06,11,3,0,4,25645,10468.064,4419.197,222.830978,24538,10415.724,4156.269,222.999893,24022,10389.624,3937.003,219.000076,23815,10372.154,3732.676,210.860382,24038,10349.744,3538.068,223.000031,25308,10353.904,3330.918,278.137207,27346,10630.984,3476.581,317.963623,28872,11948.084,7334.775,226.000076,30458,14147.954,12927.814,95.498329,30717,15841.363,17331.193,56.478359,30744,16180.913,19888.223,41.888908,28454,16256.974,20617.026,22.237297,28798,16211.123,20028.998,29.719538,28384,15775.303,17836.259,41.600231,28847,14836.564,13569.624,49.752621,29345,12829.38,7670.489,251.000031,30035,13862.094,2057.997,326.061127,30283,13807.185,1046.206,333.80954,29734,12340.294,1346.859,357.304291,29053,11843.974,1584.886,332.952026,28830,11647.094,1741.559,332.807953,26754,10965.191,1807.618,320.513794,24829,10559.173,1818.482,298.532471,24091,10479.154,1809.256,250.901901,203.300049,213.0,143.256821,109.649414,104.554398,106.1138,144.500092,161.25,277.878418,199.881851,102.600578,66.173096,85.477173,190.199341,380.830322,339.2229,318.288849,221.086197,203.0,151.600037,155.999954,122.999947,99.999992,99.999977,304.599976,261.0,229.999939,230.000061,264.0,304.999969,333.819183,304.999908,122.999939,46.496017,3.050575,2.899074,3.040681,2.962382,69.313171,277.508575,379.754578,384.669922,342.414825,322.999908,322.999969,322.44397,304.706573,319.743439,359.209717,348.117218,319.344147,310.124603,324.961426,345.404633,392.782837,326.49118,123.000092,32.136944,5.594261,2.24929,2.344631,6.291302,60.17104,317.654327,445.153534,433.551697,383.798218,343.000031,371.442657,342.791412,249.575241,219.999893,357.763794,341.068329,325.120758,319.506256,332.83963,359.26181,407.618683,337.782013,832.941589,291.053162,140.406693,20.392975,22.210552,55.264675,214.574127,366.889343,529.320068,527.310608,410.977905,380.770844,395.562073,367.177185,328.103363,309.453186,412.134766,380.531677,374.666748,384.295105,400.000061,437.826447,669.145081,440.000366,334.000031,34.699993,3.810114,2.313496,0.0,1.421324,88.136932,307.999603,370.999939,403.299957,391.000061,371.000214,413.999969,391.000092,342.760101,380.0
2024-11-07,11,4,0,4,25507,10407.274,1786.379,284.23996,24563,10327.07,1780.146,252.090057,23958,10134.924,1772.173,230.000061,23644,10122.724,1728.945,222.999985,24086,10084.444,1690.992,260.600067,25318,10292.084,1670.641,316.627319,27360,10848.814,2009.269,320.979248,29112,11768.505,6223.653,277.999969,30356,14026.014,12377.515,91.568726,30479,15240.934,17286.514,55.587624,30590,15641.714,20136.127,39.794659,28442,15740.434,21046.34,22.590143,28598,15663.765,20484.87,22.909578,28490,15157.185,18267.546,39.696621,28656,14208.124,13883.415,42.387974,29279,13165.71,7886.993,247.063049,29964,13976.41,2276.004,340.432831,29986,13864.9,1393.762,322.999939,29569,12337.74,1735.369,322.999847,28898,11856.39,1934.769,303.299988,28580,11809.87,1975.281,303.299866,26945,11205.04,1874.527,284.240112,25419,10474.754,1748.974,284.240021,24697,10359.881,1641.377,281.249908,246.511429,222.834427,218.748016,199.0,210.869232,243.000046,316.277679,259.45575,120.000076,68.032181,6.215943,2.347397,6.471116,8.311929,61.407803,296.231323,340.866333,361.57663,367.59671,354.70401,351.240204,329.224548,303.47644,263.592255,319.531464,284.23999,278.000122,283.484711,284.23996,324.562653,369.228668,320.822418,222.896729,60.324257,25.292082,5.660396,6.40671,6.506916,82.142502,263.901917,357.602356,379.58197,343.421112,316.639618,322.66507,316.2742,273.000031,237.600082,203.300049,213.0,143.256821,109.649414,104.554398,106.1138,144.500092,161.25,277.878418,199.881851,102.600578,66.173096,85.477173,190.199341,380.830322,339.2229,318.288849,221.086197,203.0,151.600037,155.999954,122.999947,99.999992,99.999977,359.209717,348.117218,319.344147,310.124603,324.961426,345.404633,392.782837,326.49118,123.000092,32.136944,5.594261,2.24929,2.344631,6.291302,60.17104,317.654327,445.153534,433.551697,383.798218,343.000031,371.442657,342.791412,249.575241,219.999893,338.000031,335.525208,328.000031,326.000122,328.000092,338.400208,398.0,326.550262,103.200005,0.0,0.0,1.936299,1.608548,2.865489,1.916289,270.999969,360.999725,420.000092,403.299835,335.031494,330.266602,326.000061,248.200012,248.19986
2024-11-08,11,5,0,4,25623,10618.614,1813.231,304.697571,24722,10597.068,1661.752,281.0,24021,10349.224,1557.276,264.240021,23822,10343.034,1472.643,259.543121,24315,10333.494,1418.151,282.284912,25412,10529.074,1383.737,315.947662,27634,11044.796,1669.267,356.704315,29138,11910.744,5571.419,290.0,30473,13870.944,11275.832,198.891708,30501,14960.014,15930.647,64.378441,30672,15345.044,18785.95,42.830799,29023,15454.424,19734.124,42.383064,29170,15383.864,19133.597,42.323307,29505,14844.824,16805.146,38.500652,29568,13852.504,12461.335,60.992916,29790,13049.77,6871.556,222.749954,30229,14131.404,1778.955,316.887604,30127,14099.3,998.931,310.0,29554,12449.414,1307.053,322.750061,28970,12328.13,1526.468,263.899963,28667,11814.38,1602.674,298.999908,26816,11165.92,1563.176,264.240051,25041,10580.184,1476.639,225.999969,24316,10519.464,1377.694,215.600159,304.599976,261.0,229.999939,230.000061,264.0,304.999969,333.819183,304.999908,122.999939,46.496017,3.050575,2.899074,3.040681,2.962382,69.313171,277.508575,379.754578,384.669922,342.414825,322.999908,322.999969,322.44397,304.706573,319.743439,331.768463,320.328369,308.436462,307.767792,309.053711,317.04483,326.165436,303.473419,272.682037,231.583633,189.040619,79.707367,90.916344,252.972336,316.234955,331.247986,327.156433,318.169403,324.934082,298.503265,308.446838,295.705902,265.883514,257.043335,246.511429,222.834427,218.748016,199.0,210.869232,243.000046,316.277679,259.45575,120.000076,68.032181,6.215943,2.347397,6.471116,8.311929,61.407803,296.231323,340.866333,361.57663,367.59671,354.70401,351.240204,329.224548,303.47644,263.592255,203.300049,213.0,143.256821,109.649414,104.554398,106.1138,144.500092,161.25,277.878418,199.881851,102.600578,66.173096,85.477173,190.199341,380.830322,339.2229,318.288849,221.086197,203.0,151.600037,155.999954,122.999947,99.999992,99.999977,299.0,299.0,297.599854,296.600006,299.000122,271.000031,328.000092,270.0,120.000023,0.0,0.0,0.0,0.0,0.0,0.0,151.466782,223.116531,290.145752,297.373199,247.821854,274.000031,259.399963,172.000031,119.999992
2024-11-09,11,6,1,4,25715,10408.658,1527.144,316.740601,24800,10377.664,1445.352,307.752197,24118,10370.224,1361.864,300.0,23922,10355.794,1303.38,280.000031,24334,10350.844,1269.325,304.123047,25519,10443.634,1252.375,307.705963,27646,11103.44,1425.365,320.524231,29383,11552.174,3524.627,303.325409,30600,12391.214,6476.032,297.812744,30700,12157.724,8905.572,264.743591,30840,12126.584,10570.139,209.922012,28935,12163.544,11156.829,101.226547,29383,12141.254,10561.793,141.656586,29271,11902.434,8657.656,203.585358,29271,11890.114,6019.89,272.603363,29832,13033.373,3554.305,319.602936,30330,14510.43,1305.8,319.745422,30237,14411.01,982.644,319.775452,29676,12759.89,1210.168,313.764404,29044,12394.23,1393.427,303.300171,28731,11925.65,1468.643,307.793243,27019,11299.06,1477.038,301.999847,25283,10710.264,1448.282,250.193634,24427,10583.784,1374.012,246.999954,319.531464,284.23999,278.000122,283.484711,284.23996,324.562653,369.228668,320.822418,222.896729,60.324257,25.292082,5.660396,6.40671,6.506916,82.142502,263.901917,357.602356,379.58197,343.421112,316.639618,322.66507,316.2742,273.000031,237.600082,327.165924,325.326813,315.024414,310.19931,314.624512,319.965546,323.829163,328.036865,337.633026,334.496429,337.873047,320.858398,326.908813,322.175507,336.65155,347.132416,336.11264,338.971069,337.820099,327.372314,327.225311,333.561249,314.703491,309.588593,304.599976,261.0,229.999939,230.000061,264.0,304.999969,333.819183,304.999908,122.999939,46.496017,3.050575,2.899074,3.040681,2.962382,69.313171,277.508575,379.754578,384.669922,342.414825,322.999908,322.999969,322.44397,304.706573,319.743439,246.511429,222.834427,218.748016,199.0,210.869232,243.000046,316.277679,259.45575,120.000076,68.032181,6.215943,2.347397,6.471116,8.311929,61.407803,296.231323,340.866333,361.57663,367.59671,354.70401,351.240204,329.224548,303.47644,263.592255,202.331665,130.0,111.199966,100.000008,111.199974,161.000015,250.999878,161.250031,220.080444,91.436447,57.40427,0.139897,0.146623,0.372004,95.366623,217.547348,418.565643,407.833405,320.000183,303.300018,303.300049,302.000061,323.000061,302.0
2024-11-10,11,7,1,4,25689,10309.02,1293.711,323.458496,24832,10266.14,1222.471,315.687592,24303,10269.71,1138.234,310.680237,23890,10251.38,1039.382,305.407501,24165,10240.28,957.388,309.347412,25139,10842.12,893.794,317.639038,26702,11045.94,962.031,332.439819,28618,11617.93,2212.447,350.384491,29874,12183.61,4002.402,360.297394,30101,11829.923,5644.277,359.965149,30402,11475.68,7040.833,354.157562,28470,11408.48,7639.771,317.116577,28921,11526.94,7384.546,316.364868,28835,11409.74,6386.812,322.501556,28778,11553.636,4783.19,337.722198,29101,12649.272,2922.972,363.099701,29794,14252.069,912.597,355.060455,30062,14186.028,448.963,338.674866,29526,12800.488,524.64,346.558228,28785,12027.108,585.784,336.058075,28529,11923.213,591.45,335.570099,26684,10923.938,574.19,337.60907,24861,10363.49,529.728,322.143127,23955,10312.85,488.383,301.122284,331.768463,320.328369,308.436462,307.767792,309.053711,317.04483,326.165436,303.473419,272.682037,231.583633,189.040619,79.707367,90.916344,252.972336,316.234955,331.247986,327.156433,318.169403,324.934082,298.503265,308.446838,295.705902,265.883514,257.043335,396.310974,401.048767,398.284576,407.854919,457.761932,450.299866,482.246399,569.330383,287.137543,95.945473,14.471647,22.498646,24.018032,23.771542,61.395069,339.651154,448.367706,488.042145,472.490112,419.993317,423.142792,421.642029,383.713226,368.411682,319.531464,284.23999,278.000122,283.484711,284.23996,324.562653,369.228668,320.822418,222.896729,60.324257,25.292082,5.660396,6.40671,6.506916,82.142502,263.901917,357.602356,379.58197,343.421112,316.639618,322.66507,316.2742,273.000031,237.600082,304.599976,261.0,229.999939,230.000061,264.0,304.999969,333.819183,304.999908,122.999939,46.496017,3.050575,2.899074,3.040681,2.962382,69.313171,277.508575,379.754578,384.669922,342.414825,322.999908,322.999969,322.44397,304.706573,319.743439,357.763794,341.068329,325.120758,319.506256,332.83963,359.26181,407.618683,337.782013,832.941589,291.053162,140.406693,20.392975,22.210552,55.264675,214.574127,366.889343,529.320068,527.310608,410.977905,380.770844,395.562073,367.177185,328.103363,309.453186
2024-11-11,11,1,0,4,25654,10294.05,863.576,303.0438338979592,24707,10339.56,823.349,304.96538379591834,24173,10117.62,805.877,306.88693369387755,23675,10110.03,794.755,308.8084835918367,23948,10102.08,799.703,310.7300334897959,24813,10205.68,775.77,312.65158338775507,26427,10479.67,933.857,314.5731332857143,28108,11484.902,4290.116,316.49468318367343,29351,13440.36,9841.459,318.41623308163264,29682,14681.69,14935.097,320.3377829795918,29853,15206.45,18237.293,322.259332877551,27786,14938.06,19478.346,324.1808827755102,28455,15513.11,19109.297,326.10243267346937,28135,15492.1,16929.823,328.0239825714286,28001,13941.26,12598.525,329.94553246938773,28556,13323.578,6790.746,331.86708236734694,29300,14139.148,1442.547,333.7886322653061,29762,14003.452,629.426,335.7101821632653,29175,12448.368,925.57,337.6317320612245,28588,11800.373,1209.065,339.55328195918366,28481,11863.558,1383.177,341.4748318571429,26362,11130.874,1465.459,343.396381755102,24525,10509.33,1507.267,345.31793165306124,23632,10478.44,1541.627,347.2394815510204,327.165924,325.326813,315.024414,310.19931,314.624512,319.965546,323.829163,328.036865,337.633026,334.496429,337.873047,320.858398,326.908813,322.175507,336.65155,347.132416,336.11264,338.971069,337.820099,327.372314,327.225311,333.561249,314.703491,309.588593,347.049103,339.226135,328.308044,328.317139,342.531952,358.483765,395.110596,403.358734,297.000122,233.552536,22.146816,39.628586,21.197199,23.166325,262.592926,365.545349,534.402283,475.669525,479.31485,406.884674,381.858124,365.441467,351.788208,332.14212,331.768463,320.328369,308.436462,307.767792,309.053711,317.04483,326.165436,303.473419,272.682037,231.583633,189.040619,79.707367,90.916344,252.972336,316.234955,331.247986,327.156433,318.169403,324.934082,298.503265,308.446838,295.705902,265.883514,257.043335,319.531464,284.23999,278.000122,283.484711,284.23996,324.562653,369.228668,320.822418,222.896729,60.324257,25.292082,5.660396,6.40671,6.506916,82.142502,263.901917,357.602356,379.58197,343.421112,316.639618,322.66507,316.2742,273.000031,237.600082,359.209717,348.117218,319.344147,310.124603,324.961426,345.404633,392.782837,326.49118,123.000092,32.136944,5.594261,2.24929,2.344631,6.291302,60.17104,317.654327,445.153534,433.551697,383.798218,343.000031,371.442657,342.791412,249.575241,219.999893
2024-11-12,11,2,0,4,25328,10215.39,1464.641,349.1610314489796,24475,10344.38,1493.251,351.08258134693875,23877,10373.811,1532.788,353.004131244898,23529,10133.31,1574.218,354.9256811428571,24010,10145.31,1630.955,356.8472310408163,25219,10133.79,1664.605,358.76878093877554,27469,10470.341,1870.559,360.6903308367347,29278,11484.62,5429.365,362.6118807346939,30821,13607.264,11035.794,364.53343063265305,31193,14799.29,15914.31,366.45498053061226,31244,15204.27,18911.655,368.3765304285714,28981,14841.46,19849.4,370.2980803265306,29637,15372.62,19220.465,372.2196302244898,29095,15302.31,16786.693,374.141180122449,29164,13837.109,12223.82,376.06273002040814,29669,13184.388,6574.79,377.98427991836735,30157,14073.698,1608.917,379.90582981632656,30395,14028.554,1041.022,381.8273797142857,29763,12419.728,1498.179,383.7489296122449,29114,12182.938,1849.861,385.6704795102041,29045,11849.178,1974.696,387.5920294081633,27032,11110.768,1901.717,389.5135793061224,25207,10427.83,1775.765,391.4351292040817,24259,10503.86,1645.645,393.35667910204086,396.310974,401.048767,398.284576,407.854919,457.761932,450.299866,482.246399,569.330383,287.137543,95.945473,14.471647,22.498646,24.018032,23.771542,61.395069,339.651154,448.367706,488.042145,472.490112,419.993317,423.142792,421.642029,383.713226,368.411682,383.820313,375.940369,353.490906,351.282898,368.065887,377.766693,417.812408,407.341858,328.283966,255.445724,230.068924,145.95076,212.135117,313.311829,504.114685,503.045197,514.969971,484.946533,478.220703,403.92041,385.37439,341.472198,316.258392,300.084839,327.165924,325.326813,315.024414,310.19931,314.624512,319.965546,323.829163,328.036865,337.633026,334.496429,337.873047,320.858398,326.908813,322.175507,336.65155,347.132416,336.11264,338.971069,337.820099,327.372314,327.225311,333.561249,314.703491,309.588593,331.768463,320.328369,308.436462,307.767792,309.053711,317.04483,326.165436,303.473419,272.682037,231.583633,189.040619,79.707367,90.916344,252.972336,316.234955,331.247986,327.156433,318.169403,324.934082,298.503265,308.446838,295.705902,265.883514,257.043335,203.300049,213.0,143.256821,109.649414,104.554398,106.1138,144.500092,161.25,277.878418,199.881851,102.600578,66.173096,85.477173,190.199341,380.830322,339.2229,318.288849,221.086197,203.0,151.600037,155.999954,122.999947,99.999992,99.999977
2024-11-13,11,3,0,4,26061,10603.56,1587.149,395.278229,25059,10486.4,1459.199,382.514374,24604,10340.135,1367.486,367.431854,24459,10302.27,1305.297,363.420959,24984,10305.78,1278.927,381.847992,25829,10439.408,1276.076,400.181885,27891,10897.957,1491.288,420.248291,29914,11646.78,4710.979,406.131958,30980,13270.921,9624.864,354.278229,31449,14272.018,14059.883,282.151672,31760,14634.53,16923.056,238.005402,30241,14232.663,17830.906,143.808411,30341,14677.316,17067.573,202.067245,29995,14499.67,14352.888,272.837677,29616,12942.54,10022.922,326.568329,30000,12861.776,5653.895,412.854828,30690,14139.608,1909.113,439.345795,30650,14069.258,1623.231,415.24704,29622,12294.858,2099.685,417.245239,29406,12163.268,2471.815,393.564209,29020,11842.32,2613.664,388.233795,27251,11072.548,2579.626,357.756744,25510,10517.89,2483.136,350.640839,24456,10473.34,2363.042,314.330078,347.049103,339.226135,328.308044,328.317139,342.531952,358.483765,395.110596,403.358734,297.000122,233.552536,22.146816,39.628586,21.197199,23.166325,262.592926,365.545349,534.402283,475.669525,479.31485,406.884674,381.858124,365.441467,351.788208,332.14212,330.212311,333.238434,340.401154,353.453552,360.596344,393.564728,408.817322,387.605682,354.040924,311.536407,300.212555,307.524384,313.254395,362.670532,610.274658,529.078064,526.055237,468.038971,419.896179,399.132355,399.001862,386.441711,359.58786,326.866882,396.310974,401.048767,398.284576,407.854919,457.761932,450.299866,482.246399,569.330383,287.137543,95.945473,14.471647,22.498646,24.018032,23.771542,61.395069,339.651154,448.367706,488.042145,472.490112,419.993317,423.142792,421.642029,383.713226,368.411682,327.165924,325.326813,315.024414,310.19931,314.624512,319.965546,323.829163,328.036865,337.633026,334.496429,337.873047,320.858398,326.908813,322.175507,336.65155,347.132416,336.11264,338.971069,337.820099,327.372314,327.225311,333.561249,314.703491,309.588593,246.511429,222.834427,218.748016,199.0,210.869232,243.000046,316.277679,259.45575,120.000076,68.032181,6.215943,2.347397,6.471116,8.311929,61.407803,296.231323,340.866333,361.57663,367.59671,354.70401,351.240204,329.224548,303.47644,263.592255
2024-11-14,11,4,0,4,25988,10510.04,2239.041,361.494324,25224,10294.79,2149.19,353.730011,24687,10300.9,2130.385,353.477081,24190,10314.75,2114.215,351.115723,24603,10318.0,2104.797,354.440643,25685,10362.597,2103.574,377.941406,27913,10893.48,2210.885,405.966431,29760,11432.64,4773.397,381.028503,31269,12700.6,8465.033,307.162811,31529,13283.18,11703.848,262.396301,32071,13352.52,13888.891,168.269119,30410,12947.551,14741.024,60.723541,30641,13574.28,14308.44,95.843414,30196,13771.29,12552.19,132.680069,29952,12652.98,9363.264,297.796478,30416,12822.858,5472.613,384.361267,30877,14166.439,1851.911,424.541382,30635,14156.168,1439.683,418.123138,29822,12490.047,1741.315,405.584808,29456,12202.838,1919.884,386.286194,29111,12024.513,1921.213,397.686371,27199,11175.368,1838.234,379.435486,25492,10468.46,1748.133,361.569855,24441,10439.45,1691.373,337.196747,383.820313,375.940369,353.490906,351.282898,368.065887,377.766693,417.812408,407.341858,328.283966,255.445724,230.068924,145.95076,212.135117,313.311829,504.114685,503.045197,514.969971,484.946533,478.220703,403.92041,385.37439,341.472198,316.258392,300.084839,374.067596,370.348053,360.70694,349.075134,369.661346,402.120758,441.574005,432.146759,464.439026,385.845306,365.979492,393.485657,430.122498,494.417999,857.152344,851.625122,546.031677,466.793945,426.653107,405.501678,410.726746,384.401733,353.877747,349.749268,347.049103,339.226135,328.308044,328.317139,342.531952,358.483765,395.110596,403.358734,297.000122,233.552536,22.146816,39.628586,21.197199,23.166325,262.592926,365.545349,534.402283,475.669525,479.31485,406.884674,381.858124,365.441467,351.788208,332.14212,396.310974,401.048767,398.284576,407.854919,457.761932,450.299866,482.246399,569.330383,287.137543,95.945473,14.471647,22.498646,24.018032,23.771542,61.395069,339.651154,448.367706,488.042145,472.490112,419.993317,423.142792,421.642029,383.713226,368.411682,304.599976,261.0,229.999939,230.000061,264.0,304.999969,333.819183,304.999908,122.999939,46.496017,3.050575,2.899074,3.040681,2.962382,69.313171,277.508575,379.754578,384.669922,342.414825,322.999908,322.999969,322.44397,304.706573,319.743439
2024-11-15,11,5,0,4,26309,10520.41,1588.082,377.893219,25117,10350.885,1573.638,375.374451,24772,10357.06,1578.589,363.651794,24415,10324.913,1548.25,360.752686,24683,10317.694,1510.615,372.740417,25814,10330.126,1455.732,393.980896,28262,10930.504,1499.882,415.328857,29906,11430.645,4153.67,404.347992,31468,13099.749,8162.811,376.443451,32079,13837.839,11762.43,308.161377,32203,14335.409,14475.782,265.057983,30144,13989.059,15755.66,218.915665,30729,14210.709,15341.266,248.322403,30106,14320.974,13172.974,271.302704,30183,13006.879,9542.619,328.293396,30488,12969.952,5218.577,413.89798,30843,13931.718,1280.795,441.509155,30946,13994.086,733.476,438.430176,30094,12572.605,1020.383,412.298035,29495,12089.988,1301.499,407.370605,29228,11871.628,1485.989,406.04306,27308,11056.148,1594.164,403.619659,25752,10417.41,1660.371,391.525177,24606,10397.58,1730.709,352.510834,330.212311,333.238434,340.401154,353.453552,360.596344,393.564728,408.817322,387.605682,354.040924,311.536407,300.212555,307.524384,313.254395,362.670532,610.274658,529.078064,526.055237,468.038971,419.896179,399.132355,399.001862,386.441711,359.58786,326.866882,372.852264,352.390961,355.394226,351.952576,365.514496,390.533722,408.495148,410.198792,414.813049,413.010834,572.26123,852.726196,870.88899225,870.88899225,492.16571,489.144745,441.549072,404.608337,381.720306,377.329102,382.087646,386.911896,361.969116,357.680908,383.820313,375.940369,353.490906,351.282898,368.065887,377.766693,417.812408,407.341858,328.283966,255.445724,230.068924,145.95076,212.135117,313.311829,504.114685,503.045197,514.969971,484.946533,478.220703,403.92041,385.37439,341.472198,316.258392,300.084839,347.049103,339.226135,328.308044,328.317139,342.531952,358.483765,395.110596,403.358734,297.000122,233.552536,22.146816,39.628586,21.197199,23.166325,262.592926,365.545349,534.402283,475.669525,479.31485,406.884674,381.858124,365.441467,351.788208,332.14212,319.531464,284.23999,278.000122,283.484711,284.23996,324.562653,369.228668,320.822418,222.896729,60.324257,25.292082,5.660396,6.40671,6.506916,82.142502,263.901917,357.602356,379.58197,343.421112,316.639618,322.66507,316.2742,273.000031,237.600082
2024-11-16,11,6,1,4,26309,10367.57,1915.177,360.71991,25521,10347.38,1934.245,351.532166,24931,10286.043,1918.258,333.759857,24594,10252.051,1867.771,327.047058,24973,10339.19,1833.376,349.555267,26027,10349.701,1829.366,377.046051,28262,11223.138,1914.356,393.715271,30072,11651.974,3947.962,393.436462,31468,12287.973,6780.565,394.030396,32079,12612.266,9260.444,388.914276,32203,12865.66,11118.94,403.574738,30144,12237.45,11828.59,366.593018,30831,12580.09,11214.843,385.205048,30106,12830.251,9323.98,389.741425,30183,12093.898,6749.469,390.047089,30662,12874.504,4263.081,409.180939,30843,14379.028,1863.015,392.117706,30946,14015.868,1718.719,379.473938,30094,11900.27,2123.43,375.778503,29495,11233.718,2425.492,363.999878,29228,11191.578,2555.329,371.924011,27308,11103.202,2523.997,375.148438,25752,10430.265,2444.037,350.846283,24606,10373.604,2369.993,325.979675,374.067596,370.348053,360.70694,349.075134,369.661346,402.120758,441.574005,432.146759,464.439026,385.845306,365.979492,393.485657,430.122498,494.417999,857.152344,851.625122,546.031677,466.793945,426.653107,405.501678,410.726746,384.401733,353.877747,349.749268,375.393219,365.505371,336.764069,325.43576,315.692383,339.762695,356.636139,357.050659,421.941193,444.81781,474.620972,415.073547,427.266541,490.761749,420.905518,381.777069,324.059509,308.801727,302.820465,317.828735,312.858917,278.764771,198.39534,37.619987,330.212311,333.238434,340.401154,353.453552,360.596344,393.564728,408.817322,387.605682,354.040924,311.536407,300.212555,307.524384,313.254395,362.670532,610.274658,529.078064,526.055237,468.038971,419.896179,399.132355,399.001862,386.441711,359.58786,326.866882,383.820313,375.940369,353.490906,351.282898,368.065887,377.766693,417.812408,407.341858,328.283966,255.445724,230.068924,145.95076,212.135117,313.311829,504.114685,503.045197,514.969971,484.946533,478.220703,403.92041,385.37439,341.472198,316.258392,300.084839,331.768463,320.328369,308.436462,307.767792,309.053711,317.04483,326.165436,303.473419,272.682037,231.583633,189.040619,79.707367,90.916344,252.972336,316.234955,331.247986,327.156433,318.169403,324.934082,298.503265,308.446838,295.705902,265.883514,257.043335
2024-11-17,11,7,1,4,26236,10836.259,2342.581,324.494141,25246,10557.377,2345.184,326.030914,24844,10262.382,2381.755,313.856476,24676,10249.93,2426.737,306.441589,24739,10244.426,2481.268,306.400787,25586,10527.862,2540.244,316.393677,27251,11171.93,2685.059,317.795441,29378,11794.167,4596.124,318.077698,31093,12477.937,7220.246,323.989227,31469,12315.77,9478.737,315.021393,31788,11619.73,10972.638,326.324402,29868,10489.855,11633.523,304.232941,30326,10808.614,11330.468,314.563965,30021,11151.0,10123.038,309.236908,29651,11367.47,8516.73,314.095215,30106,12545.439,7065.034,330.472809,30413,14325.178,5625.991,296.876465,30458,14447.138,5681.718,287.0,29504,13037.223,5973.378,275.758942,28746,11668.568,6199.867,278.200897,28240,11633.668,6332.065,265.667297,26656,11227.428,6412.027,231.440247,25038,10613.43,6465.277,147.0,24322,10611.7,6487.4,79.999992,372.852264,352.390961,355.394226,351.952576,365.514496,390.533722,408.495148,410.198792,414.813049,413.010834,572.26123,852.726196,870.88899225,870.88899225,492.16571,489.144745,441.549072,404.608337,381.720306,377.329102,382.087646,386.911896,361.969116,357.680908,85.646553,80.670601,0.0,0.0,2.140613,15.403996,154.168823,195.500717,275.822754,282.203217,305.453918,298.426117,285.353058,282.764587,264.829895,273.344757,147.000122,116.343834,134.124283,184.612625,180.499878,133.370316,0.17373,0.001989,374.067596,370.348053,360.70694,349.075134,369.661346,402.120758,441.574005,432.146759,464.439026,385.845306,365.979492,393.485657,430.122498,494.417999,857.152344,851.625122,546.031677,466.793945,426.653107,405.501678,410.726746,384.401733,353.877747,349.749268,330.212311,333.238434,340.401154,353.453552,360.596344,393.564728,408.817322,387.605682,354.040924,311.536407,300.212555,307.524384,313.254395,362.670532,610.274658,529.078064,526.055237,468.038971,419.896179,399.132355,399.001862,386.441711,359.58786,326.866882,327.165924,325.326813,315.024414,310.19931,314.624512,319.965546,323.829163,328.036865,337.633026,334.496429,337.873047,320.858398,326.908813,322.175507,336.65155,347.132416,336.11264,338.971069,337.820099,327.372314,327.225311,333.561249,314.703491,309.588593
2024-11-18,11,1,0,4,26188,10671.94,6806.897,96.498268,25170,10666.2,6835.454,79.999962,24626,10669.59,6872.459,59.999992,24378,10667.27,6898.751,60.000015,24643,10651.87,6902.053,79.999969,25454,10648.15,6881.041,80.000015,27008,10656.98,6863.826,144.730423,29089,11088.135,7167.727,173.445084,30633,11355.64,7755.02,246.266907,31371,11109.44,8240.165,270.541626,31538,10247.058,8624.19,326.22113,30108,9456.124,8802.951,307.11142,30643,9962.03,8580.69,301.83667,30020,10382.012,8052.329,286.667297,29768,11060.06,7394.012,266.216064,29936,11877.748,6810.277,288.25827,30600,14565.446,6191.611,181.490448,30609,14757.428,6100.443,143.364304,29899,13234.788,6185.633,137.232346,29340,11848.868,6242.876,191.886459,28838,11795.928,6251.22,186.445511,26872,11352.578,6230.929,115.866516,25306,10732.42,6210.701,80.0,24521,10706.92,6164.478,39.999989,375.393219,365.505371,336.764069,325.43576,315.692383,339.762695,356.636139,357.050659,421.941193,444.81781,474.620972,415.073547,427.266541,490.761749,420.905518,381.777069,324.059509,308.801727,302.820465,317.828735,312.858917,278.764771,198.39534,37.619987,151.108292,145.30365,99.948097,93.180534,177.915665,274.850372,273.186981,302.230103,326.084076,371.341125,380.390015,354.830231,369.581268,355.092224,331.12619,338.193787,286.091888,261.243164,256.973419,276.895721,270.999969,259.999908,195.999954,132.999985,372.852264,352.390961,355.394226,351.952576,365.514496,390.533722,408.495148,410.198792,414.813049,413.010834,572.26123,852.726196,870.88899225,870.88899225,492.16571,489.144745,441.549072,404.608337,381.720306,377.329102,382.087646,386.911896,361.969116,357.680908,374.067596,370.348053,360.70694,349.075134,369.661346,402.120758,441.574005,432.146759,464.439026,385.845306,365.979492,393.485657,430.122498,494.417999,857.152344,851.625122,546.031677,466.793945,426.653107,405.501678,410.726746,384.401733,353.877747,349.749268,396.310974,401.048767,398.284576,407.854919,457.761932,450.299866,482.246399,569.330383,287.137543,95.945473,14.471647,22.498646,24.018032,23.771542,61.395069,339.651154,448.367706,488.042145,472.490112,419.993317,423.142792,421.642029,383.713226,368.411682
2024-11-19,11,2,0,4,25506,10682.93,5996.08,150.000046,24695,10673.7,5944.767,143.189529,24190,10679.02,5889.063,97.021568,23900,10682.35,5810.564,90.01429,24557,10680.38,5748.747,140.22377,25690,10690.38,5688.694,226.52243,27851,10682.55,5649.615,274.197174,29874,10928.96,6087.256,293.623322,31981,11353.58,6752.05,322.711487,32884,11240.57,7399.082,352.811401,33200,10567.825,7996.899,398.890594,31213,9500.37,8376.357,342.804596,31970,10185.44,8305.585,344.173035,31088,10563.73,7847.093,349.009125,30992,11148.95,7122.09,342.093262,31160,12042.498,6311.912,349.083282,31799,14551.788,5514.667,288.501068,31722,14713.998,5389.983,263.658356,31057,13353.868,5381.654,267.109253,30201,11991.368,5304.377,291.071564,29723,11859.594,5160.548,274.100037,27704,11329.125,4974.003,271.000061,26063,10685.93,4765.598,242.999954,24881,10665.15,4519.757,199.000015,85.646553,80.670601,0.0,0.0,2.140613,15.403996,154.168823,195.500717,275.822754,282.203217,305.453918,298.426117,285.353058,282.764587,264.829895,273.344757,147.000122,116.343834,134.124283,184.612625,180.499878,133.370316,0.17373,0.001989,266.492462,273.536621,259.06427,243.930023,246.84584,260.402802,303.956848,358.467346,366.279175,414.462036,426.923035,453.142853,489.872437,549.515991,516.453125,474.978668,377.242004,339.976471,330.723724,355.406464,349.18396,324.526306,297.186279,272.275452,375.393219,365.505371,336.764069,325.43576,315.692383,339.762695,356.636139,357.050659,421.941193,444.81781,474.620972,415.073547,427.266541,490.761749,420.905518,381.777069,324.059509,308.801727,302.820465,317.828735,312.858917,278.764771,198.39534,37.619987,372.852264,352.390961,355.394226,351.952576,365.514496,390.533722,408.495148,410.198792,414.813049,413.010834,572.26123,852.726196,870.88899225,870.88899225,492.16571,489.144745,441.549072,404.608337,381.720306,377.329102,382.087646,386.911896,361.969116,357.680908,347.049103,339.226135,328.308044,328.317139,342.531952,358.483765,395.110596,403.358734,297.000122,233.552536,22.146816,39.628586,21.197199,23.166325,262.592926,365.545349,534.402283,475.669525,479.31485,406.884674,381.858124,365.441467,351.788208,332.14212
2024-11-20,11,3,0,4,26528,10784.46,4191.134,252.018204,25506,10659.84,4061.549,252.81781,24923,10513.365,3973.975,221.630249,24612,10483.1,3879.921,227.012085,24975,10480.07,3733.997,226.689316,25985,10584.948,3536.039,268.188416,28216,10958.107,3344.604,304.231506,30157,10962.96,4221.307,342.505341,32437,11378.881,5616.636,378.802582,34067,11262.458,6691.133,409.656097,34307,10160.79,7322.191,414.005157,31986,9376.793,7439.927,382.802704,32381,9798.606,6999.933,376.240387,32209,10441.58,6035.212,378.495758,31715,10867.82,4602.206,395.105499,32406,11826.396,3068.754,413.568542,32832,14969.748,1580.86,374.5513,32783,15005.438,1323.284,323.324677,31668,13392.728,1420.195,328.649261,30872,11888.588,1501.463,354.478851,30527,11802.68,1497.27,359.507721,28501,10975.478,1428.777,332.189697,26579,10372.81,1354.622,294.379822,25101,10359.91,1274.644,273.554565,151.108292,145.30365,99.948097,93.180534,177.915665,274.850372,273.186981,302.230103,326.084076,371.341125,380.390015,354.830231,369.581268,355.092224,331.12619,338.193787,286.091888,261.243164,256.973419,276.895721,270.999969,259.999908,195.999954,132.999985,325.63208,315.018982,297.198944,294.470123,296.711823,315.18399,361.300354,384.807648,384.914368,386.872162,314.016907,256.908966,288.102478,312.52066,359.212891,408.563965,362.74115,340.607666,362.249481,374.225494,374.439056,367.426239,336.781036,311.5271,85.646553,80.670601,0.0,0.0,2.140613,15.403996,154.168823,195.500717,275.822754,282.203217,305.453918,298.426117,285.353058,282.764587,264.829895,273.344757,147.000122,116.343834,134.124283,184.612625,180.499878,133.370316,0.17373,0.001989,375.393219,365.505371,336.764069,325.43576,315.692383,339.762695,356.636139,357.050659,421.941193,444.81781,474.620972,415.073547,427.266541,490.761749,420.905518,381.777069,324.059509,308.801727,302.820465,317.828735,312.858917,278.764771,198.39534,37.619987,383.820313,375.940369,353.490906,351.282898,368.065887,377.766693,417.812408,407.341858,328.283966,255.445724,230.068924,145.95076,212.135117,313.311829,504.114685,503.045197,514.969971,484.946533,478.220703,403.92041,385.37439,341.472198,316.258392,300.084839
2024-11-21,11,4,0,4,26858,10027.998,1133.598,321.952484,25685,9780.569,1067.651,317.414307,25306,9761.332,1034.083,297.346191,25260,9865.5,993.564,296.944855,25351,10195.264,951.761,294.450531,26237,10346.495,879.225,314.813873,28529,10436.351,831.514,342.627625,30983,11077.454,2595.528,363.948151,33271,12166.766,5787.733,343.08847,33630,12704.76,8782.389,313.7677,33796,12633.76,11014.927,299.66394,31482,13006.864,12080.451,240.997253,31841,12902.325,11735.323,261.119598,31531,12379.746,10044.079,268.361816,31285,12204.54,7192.583,302.98114,31716,12667.883,3898.596,367.430908,32442,14655.928,782.392,384.292419,32768,14664.478,302.815,350.011932,32317,13497.322,341.817,350.237213,31364,12397.718,375.037,355.937836,30701,11854.508,388.25,359.538574,28805,11152.588,401.374,347.348114,26949,10330.031,416.598,317.178772,25579,10344.644,449.058,299.446777,266.492462,273.536621,259.06427,243.930023,246.84584,260.402802,303.956848,358.467346,366.279175,414.462036,426.923035,453.142853,489.872437,549.515991,516.453125,474.978668,377.242004,339.976471,330.723724,355.406464,349.18396,324.526306,297.186279,272.275452,331.32428,307.543121,302.932648,300.86499,304.368164,326.773529,358.619385,380.731812,314.120148,268.82251,44.523453,18.783686,21.37207,37.79921,200.544296,332.840271,382.317902,323.619568,335.512543,353.66290300000003,371.043823,356.039398,324.438751,307.908325,151.108292,145.30365,99.948097,93.180534,177.915665,274.850372,273.186981,302.230103,326.084076,371.341125,380.390015,354.830231,369.581268,355.092224,331.12619,338.193787,286.091888,261.243164,256.973419,276.895721,270.999969,259.999908,195.999954,132.999985,85.646553,80.670601,0.0,0.0,2.140613,15.403996,154.168823,195.500717,275.822754,282.203217,305.453918,298.426117,285.353058,282.764587,264.829895,273.344757,147.000122,116.343834,134.124283,184.612625,180.499878,133.370316,0.17373,0.001989,330.212311,333.238434,340.401154,353.453552,360.596344,393.564728,408.817322,387.605682,354.040924,311.536407,300.212555,307.524384,313.254395,362.670532,610.274658,529.078064,526.055237,468.038971,419.896179,399.132355,399.001862,386.441711,359.58786,326.866882
2024-11-22,11,5,0,4,26792,10725.857,372.165,324.857666,25844,10589.55,412.191,312.710632,25196,10446.777,459.892,302.235718,25045,10348.216,514.694,300.096985,24999,10351.459,562.286,299.476074,26369,10361.084,591.613,320.520355,28407,11090.237,669.983,359.140076,31079,11713.704,3360.26,346.25885,32314,13158.179,8242.324,297.374451,32620,14251.103,12886.394,197.809296,32451,13693.649,16058.814,89.723907,30369,13226.043,17254.149,40.999992,31063,13519.224,16594.388,67.035004,30390,13590.39,13993.097,80.215157,30052,13202.839,9558.487,253.225327,30311,12855.208,4833.281,342.466522,31448,14968.308,951.807,350.912231,31590,14676.368,432.327,345.365753,31122,13488.798,533.047,342.111053,30503,12813.544,609.9,353.662598,30203,12510.408,635.962,357.82962,28272,11743.576,627.692,335.794281,26222,10592.91,617.07,316.872711,25077,10526.73,641.641,298.381958,325.63208,315.018982,297.198944,294.470123,296.711823,315.18399,361.300354,384.807648,384.914368,386.872162,314.016907,256.908966,288.102478,312.52066,359.212891,408.563965,362.74115,340.607666,362.249481,374.225494,374.439056,367.426239,336.781036,311.5271,318.687866,315.305084,302.133881,293.477753,300.122589,315.627197,331.829651,336.10321,306.784424,261.644989,323.774567,327.740326,364.214905,395.524445,414.625885,403.981964,396.208466,339.631592,332.18927,362.77301,335.832611,316.141998,291.446075,259.556519,266.492462,273.536621,259.06427,243.930023,246.84584,260.402802,303.956848,358.467346,366.279175,414.462036,426.923035,453.142853,489.872437,549.515991,516.453125,474.978668,377.242004,339.976471,330.723724,355.406464,349.18396,324.526306,297.186279,272.275452,151.108292,145.30365,99.948097,93.180534,177.915665,274.850372,273.186981,302.230103,326.084076,371.341125,380.390015,354.830231,369.581268,355.092224,331.12619,338.193787,286.091888,261.243164,256.973419,276.895721,270.999969,259.999908,195.999954,132.999985,374.067596,370.348053,360.70694,349.075134,369.661346,402.120758,441.574005,432.146759,464.439026,385.845306,365.979492,393.485657,430.122498,494.417999,857.152344,851.625122,546.031677,466.793945,426.653107,405.501678,410.726746,384.401733,353.877747,349.749268
2024-11-23,11,6,1,4,26891,10921.28,552.719,299.29632932,25953,10612.602,642.104,300.21070064,25438,10631.71,783.504,301.12507196,25125,10386.47,971.444,302.03944328,25218,10387.61,1189.654,302.9538146,26488,10411.026,1414.541,303.86818592,28716,11325.12,1689.982,304.78255724,31102,11555.122,4028.054,305.69692856,32719,12728.568,7896.084,306.61129988,32971,13406.06,11310.512,307.5256712,33135,12643.98,13877.732,308.44004252,31113,12204.158,14973.406,309.35441384,31711,12502.65,14360.934,310.26878516,31268,12599.912,12083.162,311.18315648,30932,12509.3,8542.995,312.0975278,31187,13102.788,5014.336,313.01189912,31947,14951.348,2069.796,313.92627044,32071,14654.168,2011.528,314.84064176,31381,13432.598,2496.292,315.75501308,30947,12737.518,2840.268,316.6693844,30887,12242.627,2992.381,317.58375572,28941,11306.297,3001.164,318.49812704,26696,10705.56,2972.519,319.41249836,25600,10636.59,2846.449,320.32686968,331.32428,307.543121,302.932648,300.86499,304.368164,326.773529,358.619385,380.731812,314.120148,268.82251,44.523453,18.783686,21.37207,37.79921,200.544296,332.840271,382.317902,323.619568,335.512543,353.66290300000003,371.043823,356.039398,324.438751,307.908325,327.197357,321.211365,300.463715,290.562073,295.679321,305.41745,324.674866,322.12677,299.999908,216.804123,97.761543,91.463982,111.287582,240.78244,338.798553,354.293091,340.500275,336.359283,333.187256,337.284393,341.152832,340.641479,316.672516,296.260529,325.63208,315.018982,297.198944,294.470123,296.711823,315.18399,361.300354,384.807648,384.914368,386.872162,314.016907,256.908966,288.102478,312.52066,359.212891,408.563965,362.74115,340.607666,362.249481,374.225494,374.439056,367.426239,336.781036,311.5271,266.492462,273.536621,259.06427,243.930023,246.84584,260.402802,303.956848,358.467346,366.279175,414.462036,426.923035,453.142853,489.872437,549.515991,516.453125,474.978668,377.242004,339.976471,330.723724,355.406464,349.18396,324.526306,297.186279,272.275452,372.852264,352.390961,355.394226,351.952576,365.514496,390.533722,408.495148,410.198792,414.813049,413.010834,572.26123,852.726196,870.88899225,870.88899225,492.16571,489.144745,441.549072,404.608337,381.720306,377.329102,382.087646,386.911896,361.969116,357.680908
2024-11-24,11,7,1,4,26860,10887.174,2808.536,321.241241,25886,10626.443,2730.434,304.821564,25358,10594.974,2686.938,295.484497,24952,10576.386,2668.613,280.863007,25172,10542.424,2659.626,298.518372,26085,10618.544,2611.66,308.202301,27819,10754.842,2601.828,327.611725,30581,11589.894,5124.563,322.392151,31685,13232.514,9508.174,260.921295,31843,13970.85,13158.247,101.787453,32268,13401.94,15239.047,89.654968,29986,12776.49,15668.353,65.381233,30585,12852.969,14540.209,101.82885,30678,12683.28,11495.042,106.694885,30631,11581.39,7575.316,311.76767,30662,13231.74,4326.829,336.437775,31436,15006.52,1858.892,329.437073,31634,14878.25,1732.036,332.210815,30871,13689.17,2019.486,331.787445,30415,13172.04,2211.582,334.636108,30175,13083.993,2225.146,332.394745,28453,11696.09,2128.85,325.133606,26433,10845.704,1989.22,315.761627,24887,10738.674,1826.104,297.795441,318.687866,315.305084,302.133881,293.477753,300.122589,315.627197,331.829651,336.10321,306.784424,261.644989,323.774567,327.740326,364.214905,395.524445,414.625885,403.981964,396.208466,339.631592,332.18927,362.77301,335.832611,316.141998,291.446075,259.556519,324.290955,324.994324,319.995178,307.83197,314.160339,315.754181,313.482971,335.558075,359.01474,378.954132,470.665161,420.986664,639.246948,419.816742,433.122528,440.271942,358.307465,306.379852,311.284576,316.875641,329.982056,303.871979,274.992889,262.138489,331.32428,307.543121,302.932648,300.86499,304.368164,326.773529,358.619385,380.731812,314.120148,268.82251,44.523453,18.783686,21.37207,37.79921,200.544296,332.840271,382.317902,323.619568,335.512543,353.66290300000003,371.043823,356.039398,324.438751,307.908325,325.63208,315.018982,297.198944,294.470123,296.711823,315.18399,361.300354,384.807648,384.914368,386.872162,314.016907,256.908966,288.102478,312.52066,359.212891,408.563965,362.74115,340.607666,362.249481,374.225494,374.439056,367.426239,336.781036,311.5271,375.393219,365.505371,336.764069,325.43576,315.692383,339.762695,356.636139,357.050659,421.941193,444.81781,474.620972,415.073547,427.266541,490.761749,420.905518,381.777069,324.059509,308.801727,302.820465,317.828735,312.858917,278.764771,198.39534,37.619987
2024-11-25,11,1,0,4,26735,10183.114,1805.854,314.48407,25586,8877.946,1670.105,319.022919,24761,8771.427,1577.805,307.125,24400,8734.276,1526.35,302.608612,24727,8734.958,1517.011,315.216309,25455,9548.1,1504.414,315.102081,26830,10473.226,1522.561,303.183472,29279,10836.349,2336.946,326.040558,31007,11437.531,3522.721,342.435089,31447,11748.318,4384.492,322.996948,32100,11705.351,4924.261,340.377106,30228,11349.39,5038.083,304.420197,30731,11400.097,4701.37,324.030518,30337,11383.992,3949.184,323.661346,29889,11561.42,2987.467,323.34375,30329,12567.88,2132.13,346.545837,31072,14683.88,1389.357,317.839905,31639,14861.11,1496.651,287.503326,30731,13244.025,1804.37,305.033752,30386,12776.57,2036.736,300.416351,29889,12076.49,2129.505,319.950195,28059,11268.34,2133.665,300.17099,25993,10688.364,2174.197,265.970093,24739,10651.684,2310.445,225.762604,327.197357,321.211365,300.463715,290.562073,295.679321,305.41745,324.674866,322.12677,299.999908,216.804123,97.761543,91.463982,111.287582,240.78244,338.798553,354.293091,340.500275,336.359283,333.187256,337.284393,341.152832,340.641479,316.672516,296.260529,285.416077,293.2854,259.818542,238.875641,234.92041,236.579681,230.513733,283.711517,306.638977,347.496307,342.856659,243.849213,227.203064,173.658249,138.219315,247.308197,262.99707,278.421051,289.274139,287.200043,322.416473,294.136353,237.158859,221.744446,318.687866,315.305084,302.133881,293.477753,300.122589,315.627197,331.829651,336.10321,306.784424,261.644989,323.774567,327.740326,364.214905,395.524445,414.625885,403.981964,396.208466,339.631592,332.18927,362.77301,335.832611,316.141998,291.446075,259.556519,331.32428,307.543121,302.932648,300.86499,304.368164,326.773529,358.619385,380.731812,314.120148,268.82251,44.523453,18.783686,21.37207,37.79921,200.544296,332.840271,382.317902,323.619568,335.512543,353.66290300000003,371.043823,356.039398,324.438751,307.908325,85.646553,80.670601,0.0,0.0,2.140613,15.403996,154.168823,195.500717,275.822754,282.203217,305.453918,298.426117,285.353058,282.764587,264.829895,273.344757,147.000122,116.343834,134.124283,184.612625,180.499878,133.370316,0.17373,0.001989
2024-11-26,11,2,0,4,26394,10310.384,2678.905,279.141785,25426,9632.054,3065.767,282.315582,24700,9525.844,3479.741,249.696564,24422,9608.554,3869.084,238.273636,24658,10000.554,4279.686,224.554657,25972,10116.904,4655.565,232.780991,28262,11088.124,4953.3,255.529526,30804,11572.029,5564.913,284.694977,33000,12607.324,6476.862,306.734375,33656,11689.14,7562.72,316.219025,34000,11858.8,8877.101,327.759735,31820,12140.71,10105.842,202.892059,32258,12467.92,10645.116,185.325333,31724,12592.73,10625.169,179.054886,31558,12431.91,9617.239,217.663208,32128,12989.44,7435.585,280.625153,32718,14343.634,4889.415,254.519348,32794,14445.05,4346.271,249.082535,32089,14764.78,4144.035,254.909164,31676,14652.96,4007.875,256.293823,31522,14148.21,3880.865,288.283112,29226,12172.06,3771.398,270.113098,27197,11454.584,3701.904,242.014755,25896,11264.494,3622.139,217.402573,324.290955,324.994324,319.995178,307.83197,314.160339,315.754181,313.482971,335.558075,359.01474,378.954132,470.665161,420.986664,639.246948,419.816742,433.122528,440.271942,358.307465,306.379852,311.284576,316.875641,329.982056,303.871979,274.992889,262.138489,282.515961,278.494659,261.797607,290.058136,306.035797,312.609772,358.726593,413.537384,331.754578,157.446487,71.889008,64.674995,171.120956,124.050377,528.934082,463.836517,356.706512,355.766449,343.603058,332.835144,330.552307,350.868103,301.554718,279.893829,327.197357,321.211365,300.463715,290.562073,295.679321,305.41745,324.674866,322.12677,299.999908,216.804123,97.761543,91.463982,111.287582,240.78244,338.798553,354.293091,340.500275,336.359283,333.187256,337.284393,341.152832,340.641479,316.672516,296.260529,318.687866,315.305084,302.133881,293.477753,300.122589,315.627197,331.829651,336.10321,306.784424,261.644989,323.774567,327.740326,364.214905,395.524445,414.625885,403.981964,396.208466,339.631592,332.18927,362.77301,335.832611,316.141998,291.446075,259.556519,151.108292,145.30365,99.948097,93.180534,177.915665,274.850372,273.186981,302.230103,326.084076,371.341125,380.390015,354.830231,369.581268,355.092224,331.12619,338.193787,286.091888,261.243164,256.973419,276.895721,270.999969,259.999908,195.999954,132.999985
2024-11-27,11,3,0,4,27411,11040.044,3489.816,294.26944,26473,10954.584,3298.602,277.023773,25729,10926.797,3050.301,264.748932,25587,10903.914,2746.808,264.164795,25728,10844.064,2408.126,285.243225,26885,10917.15,2069.804,311.095673,28853,11070.924,1791.147,351.619019,32033,12153.644,4084.564,370.499939,33408,13554.755,8504.745,328.095764,33359,13371.604,12138.83,243.325516,34147,13578.094,14003.907,197.596909,31853,12827.034,14227.681,125.263962,32520,12902.874,13169.296,175.586533,32274,12828.334,10490.847,235.038055,32229,12419.034,6794.826,340.309021,32687,13310.829,3621.293,392.737762,33661,15165.225,1158.667,399.891296,33559,15312.26,1064.405,372.867676,32870,14074.07,1483.89,388.767059,32487,13417.48,1906.782,376.8302,32104,13005.32,2259.124,350.28421,30008,11715.19,2531.928,385.400604,27746,11075.074,2716.438,322.222015,26547,10994.694,2880.789,302.587341,285.416077,293.2854,259.818542,238.875641,234.92041,236.579681,230.513733,283.711517,306.638977,347.496307,342.856659,243.849213,227.203064,173.658249,138.219315,247.308197,262.99707,278.421051,289.274139,287.200043,322.416473,294.136353,237.158859,221.744446,291.660797,244.544174,232.427872,234.188141,241.127121,286.814453,353.193878,353.742188,222.02153,21.700306,52.408001,26.013577,28.291058,54.595921,57.004021,141.602081,387.518707,400.458862,389.087097,400.252319,444.351868,450.366913,369.702179,295.515869,324.290955,324.994324,319.995178,307.83197,314.160339,315.754181,313.482971,335.558075,359.01474,378.954132,470.665161,420.986664,639.246948,419.816742,433.122528,440.271942,358.307465,306.379852,311.284576,316.875641,329.982056,303.871979,274.992889,262.138489,327.197357,321.211365,300.463715,290.562073,295.679321,305.41745,324.674866,322.12677,299.999908,216.804123,97.761543,91.463982,111.287582,240.78244,338.798553,354.293091,340.500275,336.359283,333.187256,337.284393,341.152832,340.641479,316.672516,296.260529,266.492462,273.536621,259.06427,243.930023,246.84584,260.402802,303.956848,358.467346,366.279175,414.462036,426.923035,453.142853,489.872437,549.515991,516.453125,474.978668,377.242004,339.976471,330.723724,355.406464,349.18396,324.526306,297.186279,272.275452
2024-11-28,11,4,0,4,27337,11021.744,2674.394,288.977722,26490,11027.034,2747.223,268.359711,25823,11023.624,2895.045,237.889771,25644,10975.814,3084.968,204.672806,25995,10975.404,3247.093,222.7435,27122,11025.314,3277.64,279.673004,29659,11100.444,3273.356,326.587555,32167,12051.754,5829.466,314.483765,34352,13879.754,11037.632,231.758331,34290,14249.574,16067.358,74.641029,34369,15179.074,19912.927,55.459099,32617,15013.404,21666.973,38.700199,32534,15323.434,21350.197,40.219208,32257,15395.194,19090.41,39.651009,31987,13718.354,14276.971,80.769684,32711,13738.89,8012.085,299.994293,33695,15166.65,2715.342,386.400482,33964,15291.59,1871.342,385.359741,33499,14544.752,1888.003,388.266663,33045,13862.938,2063.127,398.831329,32538,13746.04,2302.992,390.978607,30513,11711.99,2606.826,382.180969,28120,11012.662,2916.025,331.337494,26898,10945.644,3137.758,287.004761,282.515961,278.494659,261.797607,290.058136,306.035797,312.609772,358.726593,413.537384,331.754578,157.446487,71.889008,64.674995,171.120956,124.050377,528.934082,463.836517,356.706512,355.766449,343.603058,332.835144,330.552307,350.868103,301.554718,279.893829,281.39093,220.430359,176.447815,169.219193,189.161301,235.050217,326.848907,409.768585,229.077927,39.882984,47.342091,23.859388,30.750837,32.112762,30.285545,132.902954,512.386475,486.974548,418.119049,439.329041,480.453796,455.772064,404.932159,377.1427,285.416077,293.2854,259.818542,238.875641,234.92041,236.579681,230.513733,283.711517,306.638977,347.496307,342.856659,243.849213,227.203064,173.658249,138.219315,247.308197,262.99707,278.421051,289.274139,287.200043,322.416473,294.136353,237.158859,221.744446,324.290955,324.994324,319.995178,307.83197,314.160339,315.754181,313.482971,335.558075,359.01474,378.954132,470.665161,420.986664,639.246948,419.816742,433.122528,440.271942,358.307465,306.379852,311.284576,316.875641,329.982056,303.871979,274.992889,262.138489,325.63208,315.018982,297.198944,294.470123,296.711823,315.18399,361.300354,384.807648,384.914368,386.872162,314.016907,256.908966,288.102478,312.52066,359.212891,408.563965,362.74115,340.607666,362.249481,374.225494,374.439056,367.426239,336.781036,311.5271
2024-11-29,11,5,0,4,27239,11014.444,3489.999,245.162949,26191,10991.014,3565.177,207.448914,25365,11004.054,3565.347,176.100006,25185,10952.234,3539.758,157.912689,25439,10957.484,3508.406,183.000061,26768,10963.844,3483.601,289.521515,29649,11196.964,3517.116,355.822906,31997,12156.354,6608.507,329.864288,33232,14515.234,13061.003,166.343414,33727,15141.584,18812.488,60.408993,33525,16014.344,22546.206,47.695225,31263,15759.924,24183.774,34.404068,31726,16083.364,24021.77,34.681957,31087,16142.364,21801.049,31.643274,31162,14393.124,16878.411,57.765377,31424,14127.51,10192.502,244.647095,32303,15271.42,4272.638,481.087067,32721,15491.79,3194.318,427.693817,32213,14282.47,2992.838,433.490967,31942,14037.7,2881.955,428.96228,31602,13858.5,2753.308,439.195435,29803,12701.074,2607.566,457.177948,27766,11401.304,2494.477,389.53064,26068,11120.964,2364.083,351.277863,291.660797,244.544174,232.427872,234.188141,241.127121,286.814453,353.193878,353.742188,222.02153,21.700306,52.408001,26.013577,28.291058,54.595921,57.004021,141.602081,387.518707,400.458862,389.087097,400.252319,444.351868,450.366913,369.702179,295.515869,355.458221,347.92038,311.693176,290.533478,311.771362,348.361938,574.151001,632.087219,298.450073,73.11084,22.348503,25.307955,30.988356,31.968224,26.147837,263.140228,404.955688,535.953064,426.357849,401.179535,411.395569,427.233887,355.881805,322.114471,282.515961,278.494659,261.797607,290.058136,306.035797,312.609772,358.726593,413.537384,331.754578,157.446487,71.889008,64.674995,171.120956,124.050377,528.934082,463.836517,356.706512,355.766449,343.603058,332.835144,330.552307,350.868103,301.554718,279.893829,285.416077,293.2854,259.818542,238.875641,234.92041,236.579681,230.513733,283.711517,306.638977,347.496307,342.856659,243.849213,227.203064,173.658249,138.219315,247.308197,262.99707,278.421051,289.274139,287.200043,322.416473,294.136353,237.158859,221.744446,331.32428,307.543121,302.932648,300.86499,304.368164,326.773529,358.619385,380.731812,314.120148,268.82251,44.523453,18.783686,21.37207,37.79921,200.544296,332.840271,382.317902,323.619568,335.512543,353.66290300000003,371.043823,356.039398,324.438751,307.908325
2024-11-30,11,6,1,4,27208,11087.65,2014.186,353.618317,26137,10855.104,1973.69,317.833801,25323,10874.074,1945.32,291.542145,25132,10836.404,1946.774,288.386627,25613,10819.444,1980.536,297.55484,26905,10883.934,2046.864,344.930359,29653,11138.984,2179.467,510.39151,31863,12208.834,5296.059,422.387054,33569,14359.794,11674.874,279.272675,33529,14966.834,17306.746,59.075016,33303,15722.944,20720.615,64.351723,30781,15522.884,22018.626,38.490986,31184,15889.714,21622.553,50.118862,31178,15888.554,19231.847,42.170876,30955,14143.144,14217.319,57.429298,31251,13859.54,7554.835,321.2677,32443,15248.53,1961.755,495.115021,32963,15445.69,1203.058,536.728516,32399,14304.509,1336.248,538.687073,32049,14062.159,1442.422,547.282166,31374,13831.629,1454.73,531.579407,29543,12209.512,1398.55,274.554962,27299,11110.123,1330.175,393.247345,26176,11035.143,1257.57,341.132111,281.39093,220.430359,176.447815,169.219193,189.161301,235.050217,326.848907,409.768585,229.077927,39.882984,47.342091,23.859388,30.750837,32.112762,30.285545,132.902954,512.386475,486.974548,418.119049,439.329041,480.453796,455.772064,404.932159,377.1427,348.155121,333.576355,332.840302,319.815948,328.373322,353.899841,379.7099,362.109589,287.068542,116.850929,67.028351,22.964933,26.125895,27.566494,16.322693,256.552704,354.585785,349.487823,323.859528,309.559479,319.724365,320.656799,295.893829,232.000092,291.660797,244.544174,232.427872,234.188141,241.127121,286.814453,353.193878,353.742188,222.02153,21.700306,52.408001,26.013577,28.291058,54.595921,57.004021,141.602081,387.518707,400.458862,389.087097,400.252319,444.351868,450.366913,369.702179,295.515869,282.515961,278.494659,261.797607,290.058136,306.035797,312.609772,358.726593,413.537384,331.754578,157.446487,71.889008,64.674995,171.120956,124.050377,528.934082,463.836517,356.706512,355.766449,343.603058,332.835144,330.552307,350.868103,301.554718,279.893829,318.687866,315.305084,302.133881,293.477753,300.122589,315.627197,331.829651,336.10321,306.784424,261.644989,323.774567,327.740326,364.214905,395.524445,414.625885,403.981964,396.208466,339.631592,332.18927,362.77301,335.832611,316.141998,291.446075,259.556519
2024-12-01,12,7,1,4,27096,10987.329,1246.351,350.456268,25979,10700.758,1145.591,328.080048,25168,10593.258,1083.354,307.547485,25153,10602.138,1041.681,294.81723,25122,10555.938,1053.072,314.691559,26402,10722.748,1106.896,344.341858,28480,11263.418,1203.238,414.690186,31021,12357.098,3610.169,359.400818,32178,13341.218,8506.721,291.455658,32312,13433.034,12865.931,141.352173,32071,13829.334,15589.383,83.569633,30646,13409.094,16519.137,56.123035,30762,13699.814,15957.613,56.936989,30182,13813.664,13761.982,61.528748,29925,12446.314,9834.956,147.281403,30675,13086.35,5457.334,332.85257,31091,15187.126,1692.325,360.859283,32081,15602.606,1339.664,338.288086,31691,14411.946,1669.145,343.015106,31052,13699.996,1973.408,350.952728,30987,13648.466,2140.887,357.946472,29219,11931.237,2219.115,351.808929,27069,10782.428,2221.498,329.530273,25660,10677.128,2163.518,289.754364,355.458221,347.92038,311.693176,290.533478,311.771362,348.361938,574.151001,632.087219,298.450073,73.11084,22.348503,25.307955,30.988356,31.968224,26.147837,263.140228,404.955688,535.953064,426.357849,401.179535,411.395569,427.233887,355.881805,322.114471,305.38559,272.434631,251.584503,265.45282,289.561401,313.94809,342.438904,346.02771,215.028595,48.000011,3.346484,0.261012,3.314331,3.615766,23.991646,255.465378,342.513062,321.45108,319.751587,335.03595,354.818878,352.886475,303.335541,274.578735,281.39093,220.430359,176.447815,169.219193,189.161301,235.050217,326.848907,409.768585,229.077927,39.882984,47.342091,23.859388,30.750837,32.112762,30.285545,132.902954,512.386475,486.974548,418.119049,439.329041,480.453796,455.772064,404.932159,377.1427,291.660797,244.544174,232.427872,234.188141,241.127121,286.814453,353.193878,353.742188,222.02153,21.700306,52.408001,26.013577,28.291058,54.595921,57.004021,141.602081,387.518707,400.458862,389.087097,400.252319,444.351868,450.366913,369.702179,295.515869,327.197357,321.211365,300.463715,290.562073,295.679321,305.41745,324.674866,322.12677,299.999908,216.804123,97.761543,91.463982,111.287582,240.78244,338.798553,354.293091,340.500275,336.359283,333.187256,337.284393,341.152832,340.641479,316.672516,296.260529
2024-12-02,12,1,0,4,26597,10662.624,2369.275,308.358826,25674,10581.152,2146.549,290.866669,25041,10572.941,1892.097,282.286194,24678,10571.663,1626.305,273.108337,24859,10523.572,1409.309,294.196869,25705,10589.647,1240.545,316.174438,27510,10880.178,1129.689,357.879181,30229,11768.528,3605.256,356.035217,31800,13726.989,9436.566,238.330933,31737,14182.146,14906.688,63.149269,31686,14993.075,18488.467,49.616283,29566,14673.634,19838.301,23.296396,30026,15059.744,19424.182,23.425114,29850,15144.784,17147.262,23.424458,29475,13440.764,12432.705,69.18956,30003,13408.771,6377.777,298.158478,31046,15195.946,1222.58,355.153564,31448,15459.416,587.682,339.982422,31166,14840.037,797.467,347.165436,30698,14179.827,1034.668,359.627258,30735,14146.191,1179.225,364.712219,28858,12271.908,1217.46,364.581757,26401,10814.042,1199.765,319.849121,25146,10714.455,1237.331,296.738525,348.155121,333.576355,332.840302,319.815948,328.373322,353.899841,379.7099,362.109589,287.068542,116.850929,67.028351,22.964933,26.125895,27.566494,16.322693,256.552704,354.585785,349.487823,323.859528,309.559479,319.724365,320.656799,295.893829,232.000092,307.245361,291.380219,274.716919,285.845032,288.0737,311.148865,368.899475,487.423523,333.369629,121.593094,40.681435,3.088067,10.361483,13.169268,129.790451,312.021301,355.552612,294.223297,271.048798,239.790756,179.64032,142.999985,80.59613,75.716118,355.458221,347.92038,311.693176,290.533478,311.771362,348.361938,574.151001,632.087219,298.450073,73.11084,22.348503,25.307955,30.988356,31.968224,26.147837,263.140228,404.955688,535.953064,426.357849,401.179535,411.395569,427.233887,355.881805,322.114471,281.39093,220.430359,176.447815,169.219193,189.161301,235.050217,326.848907,409.768585,229.077927,39.882984,47.342091,23.859388,30.750837,32.112762,30.285545,132.902954,512.386475,486.974548,418.119049,439.329041,480.453796,455.772064,404.932159,377.1427,324.290955,324.994324,319.995178,307.83197,314.160339,315.754181,313.482971,335.558075,359.01474,378.954132,470.665161,420.986664,639.246948,419.816742,433.122528,440.271942,358.307465,306.379852,311.284576,316.875641,329.982056,303.871979,274.992889,262.138489
2024-12-03,12,2,0,4,26449,11481.266,1001.785,313.823029,25512,11231.825,857.924,307.278809,24818,11177.027,692.821,301.749359,24677,11150.378,549.54,302.794891,24983,11147.554,469.69,302.636292,26325,11022.743,489.198,322.110962,29124,11835.711,671.183,393.728516,31702,12370.744,3263.451,407.609283,33800,13665.521,9020.118,305.069,33621,13963.697,14602.754,100.291962,33475,14739.657,18397.868,48.592911,31110,14394.462,20056.741,23.175507,31754,14730.471,19811.382,23.201284,30980,14781.025,17656.016,23.217541,30821,13149.623,13389.759,42.387226,31351,13404.607,8387.317,248.60173,32297,14809.861,4479.517,277.615601,32619,15192.606,4571.255,213.442673,32183,13823.113,5208.65,198.397537,31797,13317.203,5583.86,173.902054,31619,13273.262,5752.042,195.614243,29758,11952.955,5772.877,191.192719,27518,11096.668,5726.751,110.202538,26228,11017.406,5532.858,94.107552,305.38559,272.434631,251.584503,265.45282,289.561401,313.94809,342.438904,346.02771,215.028595,48.000011,3.346484,0.261012,3.314331,3.615766,23.991646,255.465378,342.513062,321.45108,319.751587,335.03595,354.818878,352.886475,303.335541,274.578735,142.870224,104.999954,86.0,81.000015,97.999977,145.000015,288.590179,299.657806,318.154266,295.324219,314.275574,175.34761,196.73999,257.779358,229.508224,319.051849,320.039612,175.999954,157.000046,225.15271,273.717743,234.999939,140.0,105.000008,348.155121,333.576355,332.840302,319.815948,328.373322,353.899841,379.7099,362.109589,287.068542,116.850929,67.028351,22.964933,26.125895,27.566494,16.322693,256.552704,354.585785,349.487823,323.859528,309.559479,319.724365,320.656799,295.893829,232.000092,355.458221,347.92038,311.693176,290.533478,311.771362,348.361938,574.151001,632.087219,298.450073,73.11084,22.348503,25.307955,30.988356,31.968224,26.147837,263.140228,404.955688,535.953064,426.357849,401.179535,411.395569,427.233887,355.881805,322.114471,285.416077,293.2854,259.818542,238.875641,234.92041,236.579681,230.513733,283.711517,306.638977,347.496307,342.856659,243.849213,227.203064,173.658249,138.219315,247.308197,262.99707,278.421051,289.274139,287.200043,322.416473,294.136353,237.158859,221.744446
2024-12-04,12,3,0,4,26812,10840.301,5286.034,162.704849,25961,10830.575,5209.68,136.362305,25465,10838.953,5184.242,108.884811,25146,10845.2,5159.712,98.13765,25365,10801.583,5139.449,104.003181,26521,10835.734,5109.52,148.061279,29333,11057.265,5048.343,256.938629,31897,12086.645,6423.38,278.444611,34103,12829.388,9552.351,262.71875,34174,12161.02,12355.29,164.690826,34919,12274.247,14257.18,148.53685,32335,11669.934,14855.216,58.722694,32786,11995.954,14254.174,86.067398,32699,12316.78,12285.837,100.374199,32411,11457.5,9213.557,164.027023,32858,14062.7,6156.796,292.768585,33589,14713.076,3640.188,315.433655,33163,15279.5,3444.99,258.490875,32469,15297.686,3640.163,228.74324,32054,13519.352,3731.698,271.298737,31980,14181.186,3694.777,297.409973,29761,12396.338,3579.518,257.355347,27297,11005.432,3468.45,187.399841,25968,10806.797,3319.381,143.237091,307.245361,291.380219,274.716919,285.845032,288.0737,311.148865,368.899475,487.423523,333.369629,121.593094,40.681435,3.088067,10.361483,13.169268,129.790451,312.021301,355.552612,294.223297,271.048798,239.790756,179.64032,142.999985,80.59613,75.716118,187.440475,177.756607,227.545319,267.8255,267.32016,294.333862,302.324036,302.218323,311.642914,325.945465,312.28125,292.409576,362.272461,385.404663,324.185944,313.164703,289.456055,278.4422,218.181,209.066895,301.496674,285.465057,163.002441,125.0,305.38559,272.434631,251.584503,265.45282,289.561401,313.94809,342.438904,346.02771,215.028595,48.000011,3.346484,0.261012,3.314331,3.615766,23.991646,255.465378,342.513062,321.45108,319.751587,335.03595,354.818878,352.886475,303.335541,274.578735,348.155121,333.576355,332.840302,319.815948,328.373322,353.899841,379.7099,362.109589,287.068542,116.850929,67.028351,22.964933,26.125895,27.566494,16.322693,256.552704,354.585785,349.487823,323.859528,309.559479,319.724365,320.656799,295.893829,232.000092,282.515961,278.494659,261.797607,290.058136,306.035797,312.609772,358.726593,413.537384,331.754578,157.446487,71.889008,64.674995,171.120956,124.050377,528.934082,463.836517,356.706512,355.766449,343.603058,332.835144,330.552307,350.868103,301.554718,279.893829
2024-12-05,12,4,0,4,26996,10790.098,3447.763,241.063065,26078,10273.93,3362.8,235.884491,25334,9086.392,3292.599,254.689774,24983,9032.267,3254.945,267.845032,25291,8942.158,3238.856,271.287506,26349,9235.54,3223.369,290.758636,28888,9940.358,3189.4,287.831238,31988,11235.047,3773.208,289.820282,33950,12753.638,4866.54,299.823944,34615,12139.005,5796.109,310.378021,35056,12066.304,6494.223,309.396973,33216,11575.254,6882.282,278.292267,33508,11566.504,6651.916,276.968781,32979,11334.226,5924.993,281.721832,32286,11297.604,4919.613,295.302582,32564,12319.442,3808.622,303.805573,33068,13346.544,2709.322,287.218567,33150,15289.846,2475.991,275.79306,32545,14965.439,2389.802,239.922043,32214,12973.27,2285.003,234.69902,31904,13027.458,2149.157,292.088715,29519,11511.589,2044.441,242.063965,27185,10693.468,1977.084,163.471832,25943,10691.458,1876.46,137.608521,142.870224,104.999954,86.0,81.000015,97.999977,145.000015,288.590179,299.657806,318.154266,295.324219,314.275574,175.34761,196.73999,257.779358,229.508224,319.051849,320.039612,175.999954,157.000046,225.15271,273.717743,234.999939,140.0,105.000008,257.983978,233.432739,235.517303,193.3573,199.194397,235.470963,300.808746,314.239258,295.072113,175.909271,77.485374,8.449865,8.556953,162.568787,311.476593,321.142303,320.000092,317.999969,304.999969,316.992523,332.000061,321.878418,258.0,185.999924,307.245361,291.380219,274.716919,285.845032,288.0737,311.148865,368.899475,487.423523,333.369629,121.593094,40.681435,3.088067,10.361483,13.169268,129.790451,312.021301,355.552612,294.223297,271.048798,239.790756,179.64032,142.999985,80.59613,75.716118,305.38559,272.434631,251.584503,265.45282,289.561401,313.94809,342.438904,346.02771,215.028595,48.000011,3.346484,0.261012,3.314331,3.615766,23.991646,255.465378,342.513062,321.45108,319.751587,335.03595,354.818878,352.886475,303.335541,274.578735,291.660797,244.544174,232.427872,234.188141,241.127121,286.814453,353.193878,353.742188,222.02153,21.700306,52.408001,26.013577,28.291058,54.595921,57.004021,141.602081,387.518707,400.458862,389.087097,400.252319,444.351868,450.366913,369.702179,295.515869
2024-12-06,12,5,0,4,27286,10671.134,1941.935,255.479065,26376,10076.924,1844.415,213.868591,25791,8983.359,1759.698,204.197937,25505,8869.486,1674.128,186.635208,25886,8803.524,1566.813,198.415771,26883,9043.23,1476.782,240.999924,29500,10582.021,1369.45,302.104553,32331,11542.284,1998.991,321.943024,34054,12445.412,3739.29,319.822876,34602,11959.746,5462.28,276.220947,35300,12365.39,6856.202,236.610153,33415,12525.624,7647.591,138.100021,33542,12527.444,7500.888,147.999969,32970,12171.554,6398.913,176.000031,32628,11754.814,4593.979,273.849915,33050,13075.09,2535.677,310.980011,33880,14477.15,672.709,320.381561,34131,14187.78,375.54,307.385284,33034,13558.61,383.6,305.000061,32626,13307.1,403.72,306.343842,32051,12680.54,412.76,324.35318,30044,11360.773,429.836,308.0,27697,10682.204,461.976,235.000015,26536,10567.644,601.943,186.0,187.440475,177.756607,227.545319,267.8255,267.32016,294.333862,302.324036,302.218323,311.642914,325.945465,312.28125,292.409576,362.272461,385.404663,324.185944,313.164703,289.456055,278.4422,218.181,209.066895,301.496674,285.465057,163.002441,125.0,320.000061,303.855316,273.464264,258.000031,283.531586,305.293945,318.886566,329.598572,321.773254,109.966164,0.003576,0.0,0.022294,36.601219,103.787186,237.954514,321.930878,321.999847,323.154663,325.334656,359.743744,321.999908,309.189087,197.999969,142.870224,104.999954,86.0,81.000015,97.999977,145.000015,288.590179,299.657806,318.154266,295.324219,314.275574,175.34761,196.73999,257.779358,229.508224,319.051849,320.039612,175.999954,157.000046,225.15271,273.717743,234.999939,140.0,105.000008,307.245361,291.380219,274.716919,285.845032,288.0737,311.148865,368.899475,487.423523,333.369629,121.593094,40.681435,3.088067,10.361483,13.169268,129.790451,312.021301,355.552612,294.223297,271.048798,239.790756,179.64032,142.999985,80.59613,75.716118,281.39093,220.430359,176.447815,169.219193,189.161301,235.050217,326.848907,409.768585,229.077927,39.882984,47.342091,23.859388,30.750837,32.112762,30.285545,132.902954,512.386475,486.974548,418.119049,439.329041,480.453796,455.772064,404.932159,377.1427
2024-12-07,12,6,1,4,27001,11639.934,573.895,305.908844,26146,11562.844,585.235,291.156128,25547,11598.244,580.593,265.260376,25028,11506.464,571.217,230.999985,25629,11508.204,563.615,270.833893,26534,11590.584,562.338,299.17852800000003,28969,12855.829,558.695,321.844238,31843,14083.396,1941.408,324.847382,33596,14536.874,5837.984,331.746979,33647,14381.604,9858.903,203.424927,33363,14672.864,13174.49,156.48877,31483,14387.594,14718.422,73.913727,31947,14625.914,14232.171,76.484238,30526,14442.864,11709.173,92.032524,30587,13079.614,7870.866,250.000031,31348,14089.725,4105.24,329.999969,32190,15948.06,1045.164,330.000122,32670,15660.22,702.567,322.999939,32007,14547.207,873.189,329.999908,31781,14265.419,1037.446,324.999878,31563,14939.773,1167.694,350.570343,29613,13123.943,1258.533,319.999908,27380,11890.075,1423.172,286.036072,25943,11684.615,1677.874,177.623077,257.983978,233.432739,235.517303,193.3573,199.194397,235.470963,300.808746,314.239258,295.072113,175.909271,77.485374,8.449865,8.556953,162.568787,311.476593,321.142303,320.000092,317.999969,304.999969,316.992523,332.000061,321.878418,258.0,185.999924,258.153992,196.836929,157.71489,125.204575,125.120392,133.259979,188.566605,201.764694,200.999893,159.999786,156.15033,45.116611,29.465511,73.795204,161.781235,219.673004,252.740997,287.831818,168.0,155.74469,250.499634,207.731293,139.120178,95.641701,187.440475,177.756607,227.545319,267.8255,267.32016,294.333862,302.324036,302.218323,311.642914,325.945465,312.28125,292.409576,362.272461,385.404663,324.185944,313.164703,289.456055,278.4422,218.181,209.066895,301.496674,285.465057,163.002441,125.0,142.870224,104.999954,86.0,81.000015,97.999977,145.000015,288.590179,299.657806,318.154266,295.324219,314.275574,175.34761,196.73999,257.779358,229.508224,319.051849,320.039612,175.999954,157.000046,225.15271,273.717743,234.999939,140.0,105.000008,355.458221,347.92038,311.693176,290.533478,311.771362,348.361938,574.151001,632.087219,298.450073,73.11084,22.348503,25.307955,30.988356,31.968224,26.147837,263.140228,404.955688,535.953064,426.357849,401.179535,411.395569,427.233887,355.881805,322.114471
2024-12-08,12,7,1,4,27159,11130.898,1513.212,221.877945,25888,10097.075,1823.45,194.559418,25303,9306.034,2190.304,171.985107,24911,8913.914,2594.538,171.370377,25129,8943.504,3050.393,169.840042,26139,9197.084,3473.269,151.91832,27623,10959.764,3829.613,195.203598,31144,11779.534,4885.6,237.194153,32686,12968.087,7043.4,223.999954,33232,12330.584,9106.593,207.000122,33447,12506.754,10531.022,212.571808,31849,12668.104,11137.747,104.753021,31925,12624.604,10833.939,111.308128,31526,12265.854,9630.814,116.673126,30765,11611.874,7870.488,201.970398,31494,13059.19,6036.3,200.000061,32346,14305.825,4425.97,210.999969,32532,13961.14,4260.181,186.000015,31926,13992.69,4396.738,157.000076,31745,13477.92,4397.707,139.821838,31421,12781.05,4295.791,203.000031,29455,11795.35,4122.266,188.099701,27132,10916.344,3914.887,126.573952,25793,10765.654,3648.414,87.000008,320.000061,303.855316,273.464264,258.000031,283.531586,305.293945,318.886566,329.598572,321.773254,109.966164,0.003576,0.0,0.022294,36.601219,103.787186,237.954514,321.930878,321.999847,323.154663,325.334656,359.743744,321.999908,309.189087,197.999969,151.214935,114.999992,100.999992,90.000008,100.064499,112.563568,163.102814,199.648529,202.192093,89.304764,7.090587,8.258181,104.95224,168.731949,323.007965,378.180664,430.255707,322.687683,276.000153,293.999634,347.258667,330.006531,297.281433,213.021881,257.983978,233.432739,235.517303,193.3573,199.194397,235.470963,300.808746,314.239258,295.072113,175.909271,77.485374,8.449865,8.556953,162.568787,311.476593,321.142303,320.000092,317.999969,304.999969,316.992523,332.000061,321.878418,258.0,185.999924,187.440475,177.756607,227.545319,267.8255,267.32016,294.333862,302.324036,302.218323,311.642914,325.945465,312.28125,292.409576,362.272461,385.404663,324.185944,313.164703,289.456055,278.4422,218.181,209.066895,301.496674,285.465057,163.002441,125.0,348.155121,333.576355,332.840302,319.815948,328.373322,353.899841,379.7099,362.109589,287.068542,116.850929,67.028351,22.964933,26.125895,27.566494,16.322693,256.552704,354.585785,349.487823,323.859528,309.559479,319.724365,320.656799,295.893829,232.000092
2024-12-09,12,1,0,4,26743,10704.844,4018.148,145.337814,25881,10712.794,3837.973,118.442734,25205,10695.114,3679.035,105.093979,24652,10690.804,3539.995,103.10006,24893,10676.894,3382.464,109.999939,25263,10662.824,3164.152,130.999985,26834,10658.054,2924.886,158.315704,29920,11235.854,4291.437,202.676254,32237,12884.554,8414.107,167.999969,33093,13846.914,12277.948,81.000008,33698,13455.144,14830.058,59.999981,31431,12766.324,15559.576,39.999989,31940,13261.034,14651.846,60.777836,31521,13016.734,11869.995,75.224854,31535,11634.034,7928.857,199.242432,31643,13170.095,4210.384,304.321106,32936,14882.072,1333.79,341.29184,32952,14788.796,1061.538,319.687042,32623,13559.19,1252.642,248.065918,33093,13781.468,1395.563,240.18811,32579,13162.28,1420.518,319.683228,30021,11692.052,1359.495,308.0,27214,10884.154,1288.467,243.981247,25924,10612.444,1190.286,175.0,258.153992,196.836929,157.71489,125.204575,125.120392,133.259979,188.566605,201.764694,200.999893,159.999786,156.15033,45.116611,29.465511,73.795204,161.781235,219.673004,252.740997,287.831818,168.0,155.74469,250.499634,207.731293,139.120178,95.641701,299.016998,257.011292,224.000031,201.849274,222.000061,255.819351,302.67514,358.686188,448.524994,531.031067,655.962097,516.6745,519.898621,455.621307,455.806183,445.226837,418.529694,357.786499,314.139526,327.486359,355.678162,335.703827,290.670227,230.215149,320.000061,303.855316,273.464264,258.000031,283.531586,305.293945,318.886566,329.598572,321.773254,109.966164,0.003576,0.0,0.022294,36.601219,103.787186,237.954514,321.930878,321.999847,323.154663,325.334656,359.743744,321.999908,309.189087,197.999969,257.983978,233.432739,235.517303,193.3573,199.194397,235.470963,300.808746,314.239258,295.072113,175.909271,77.485374,8.449865,8.556953,162.568787,311.476593,321.142303,320.000092,317.999969,304.999969,316.992523,332.000061,321.878418,258.0,185.999924,305.38559,272.434631,251.584503,265.45282,289.561401,313.94809,342.438904,346.02771,215.028595,48.000011,3.346484,0.261012,3.314331,3.615766,23.991646,255.465378,342.513062,321.45108,319.751587,335.03595,354.818878,352.886475,303.335541,274.578735
2024-12-10,12,2,0,4,27044,10491.474,1084.98,250.427994,25974,10353.584,974.607,202.398254,25213,9875.963,872.034,202.000015,24774,9800.184,781.874,197.999969,25112,9962.787,704.975,203.268341,26371,10140.182,647.721,258.836151,28961,10620.05,594.241,322.669098,32019,10844.558,1164.527,359.02243,34280,11914.062,2669.134,405.892426,34735,11702.293,4016.097,405.706848,35733,12215.133,4899.126,398.722565,33408,10732.421,5209.516,359.259888,34053,11019.674,4902.301,394.913361,33408,10829.712,3966.661,394.90567,33105,10953.734,2754.344,397.767242,33674,12861.782,1601.702,407.905884,34617,13786.11,516.029,387.896027,34166,14065.89,412.138,338.194214,33400,13894.366,547.035,315.99295,32966,13709.38,675.853,295.357056,33085,11994.839,752.251,355.634521,30900,11506.279,800.54,317.503113,28297,10828.159,844.276,273.651367,26550,10726.264,1021.755,196.807465,151.214935,114.999992,100.999992,90.000008,100.064499,112.563568,163.102814,199.648529,202.192093,89.304764,7.090587,8.258181,104.95224,168.731949,323.007965,378.180664,430.255707,322.687683,276.000153,293.999634,347.258667,330.006531,297.281433,213.021881,279.213196,289.317963,299.039978,290.408325,295.256409,294.185913,316.965942,347.575256,397.39209,449.716583,411.804108,387.789124,497.974365,434.684448,426.507782,478.054504,433.231445,362.095795,295.514313,301.600983,325.810181,274.410553,222.719147,177.533859,258.153992,196.836929,157.71489,125.204575,125.120392,133.259979,188.566605,201.764694,200.999893,159.999786,156.15033,45.116611,29.465511,73.795204,161.781235,219.673004,252.740997,287.831818,168.0,155.74469,250.499634,207.731293,139.120178,95.641701,320.000061,303.855316,273.464264,258.000031,283.531586,305.293945,318.886566,329.598572,321.773254,109.966164,0.003576,0.0,0.022294,36.601219,103.787186,237.954514,321.930878,321.999847,323.154663,325.334656,359.743744,321.999908,309.189087,197.999969,307.245361,291.380219,274.716919,285.845032,288.0737,311.148865,368.899475,487.423523,333.369629,121.593094,40.681435,3.088067,10.361483,13.169268,129.790451,312.021301,355.552612,294.223297,271.048798,239.790756,179.64032,142.999985,80.59613,75.716118
2024-12-11,12,3,0,4,27675,10782.442,878.137,276.970276,26551,9693.198,958.084,294.467438,25852,9280.636,1065.93,289.862061,25553,9284.454,1207.938,262.281708,25731,9280.64,1365.495,275.459961,26948,9517.785,1549.011,294.32663,29388,10255.209,1744.318,315.03653,32192,10989.371,2182.634,331.578674,35037,11330.928,2944.658,390.827515,36194,11168.094,3587.045,397.209381,37241,12239.574,4066.108,404.999817,35621,11166.757,4350.026,360.283356,36366,11884.174,4391.907,384.547028,35879,11274.58,4229.606,388.480652,35276,11010.394,3951.832,377.417786,35531,12115.239,3630.568,406.738556,36381,13704.474,3278.358,377.143036,36022,14409.568,3350.691,329.674103,34940,14325.92,3517.426,316.532715,34543,14063.5,3598.024,314.389984,34585,13229.69,3578.562,324.723816,32185,11933.966,3540.352,309.790527,29454,11256.534,3482.466,252.118301,27618,11058.183,3447.556,190.254089,299.016998,257.011292,224.000031,201.849274,222.000061,255.819351,302.67514,358.686188,448.524994,531.031067,655.962097,516.6745,519.898621,455.621307,455.806183,445.226837,418.529694,357.786499,314.139526,327.486359,355.678162,335.703827,290.670227,230.215149,272.264679,238.803482,196.591507,187.792725,217.823608,250.3228,288.764191,329.140747,343.254211,316.683899,402.493713,246.627472,255.088425,201.565079,243.848602,296.750977,328.17218,297.335968,306.415863,307.214294,314.464935,292.674927,280.93631,209.542221,151.214935,114.999992,100.999992,90.000008,100.064499,112.563568,163.102814,199.648529,202.192093,89.304764,7.090587,8.258181,104.95224,168.731949,323.007965,378.180664,430.255707,322.687683,276.000153,293.999634,347.258667,330.006531,297.281433,213.021881,258.153992,196.836929,157.71489,125.204575,125.120392,133.259979,188.566605,201.764694,200.999893,159.999786,156.15033,45.116611,29.465511,73.795204,161.781235,219.673004,252.740997,287.831818,168.0,155.74469,250.499634,207.731293,139.120178,95.641701,142.870224,104.999954,86.0,81.000015,97.999977,145.000015,288.590179,299.657806,318.154266,295.324219,314.275574,175.34761,196.73999,257.779358,229.508224,319.051849,320.039612,175.999954,157.000046,225.15271,273.717743,234.999939,140.0,105.000008
2024-12-12,12,4,0,4,28757,11224.929,3809.572,204.597626,27589,11061.68,3762.375,201.122162,26922,10642.949,3727.689,194.315063,26588,10609.429,3709.584,181.435455,26866,10609.523,3675.165,202.923309,28034,10783.138,3582.492,229.774887,30545,11235.634,3408.396,265.418243,34028,11698.222,4116.649,305.043396,36541,12914.42,7042.958,311.103546,37320,13283.861,10241.71,280.003784,37542,13600.774,12817.418,238.404907,35356,13660.734,13895.711,157.8311,36374,13650.277,13431.292,172.460999,35993,13086.032,11485.448,176.231522,35596,12131.254,8368.457,228.30307,36562,13936.309,5017.54,290.350555,37421,15248.26,2014.286,320.939697,37262,15129.714,1638.648,316.543518,36646,14598.275,1855.128,316.016022,36486,14418.435,2040.8,306.879547,36432,13623.891,2138.072,322.0755,33750,12212.328,2165.208,294.723999,30735,11287.378,2194.494,255.904312,28840,11150.21,2162.454,207.075378,279.213196,289.317963,299.039978,290.408325,295.256409,294.185913,316.965942,347.575256,397.39209,449.716583,411.804108,387.789124,497.974365,434.684448,426.507782,478.054504,433.231445,362.095795,295.514313,301.600983,325.810181,274.410553,222.719147,177.533859,258.463837,242.188339,260.964203,257.09024,278.432007,306.883636,321.556213,333.383911,354.546509,381.811829,403.854584,435.799286,497.878021,542.603516,609.900757,546.765686,431.633942,358.269958,319.686951,310.306274,336.622986,340.48233,305.957794,281.471466,299.016998,257.011292,224.000031,201.849274,222.000061,255.819351,302.67514,358.686188,448.524994,531.031067,655.962097,516.6745,519.898621,455.621307,455.806183,445.226837,418.529694,357.786499,314.139526,327.486359,355.678162,335.703827,290.670227,230.215149,151.214935,114.999992,100.999992,90.000008,100.064499,112.563568,163.102814,199.648529,202.192093,89.304764,7.090587,8.258181,104.95224,168.731949,323.007965,378.180664,430.255707,322.687683,276.000153,293.999634,347.258667,330.006531,297.281433,213.021881,187.440475,177.756607,227.545319,267.8255,267.32016,294.333862,302.324036,302.218323,311.642914,325.945465,312.28125,292.409576,362.272461,385.404663,324.185944,313.164703,289.456055,278.4422,218.181,209.066895,301.496674,285.465057,163.002441,125.0
2024-12-13,12,5,0,4,28914,10981.355,2072.634,232.473938,27646,9899.932,1999.971,242.279373,27114,9371.89,1875.266,245.865845,26742,9315.628,1769.567,244.369843,27010,9312.934,1735.243,246.380829,28235,9484.454,1731.308,280.401825,30387,10353.594,1751.759,315.444214,33756,11524.709,2681.845,320.382233,36537,12885.454,5035.115,347.187073,37076,13047.144,6914.061,323.061188,37533,13086.534,7993.873,315.38678,35813,12956.794,8209.975,324.95578,36019,12785.364,7621.045,313.424957,35662,12719.733,6142.389,300.453674,35466,12285.704,4301.715,334.204987,36309,13680.62,2764.152,376.058716,37020,14805.964,1469.513,373.338196,36983,14678.14,1335.487,326.258087,35999,14203.84,1434.198,316.19986,35802,13987.937,1498.41,314.581421,35683,13409.76,1496.881,337.474976,33032,11841.03,1487.427,318.648773,29934,10921.154,1524.998,286.872009,28141,10847.244,1657.714,247.653305,272.264679,238.803482,196.591507,187.792725,217.823608,250.3228,288.764191,329.140747,343.254211,316.683899,402.493713,246.627472,255.088425,201.565079,243.848602,296.750977,328.17218,297.335968,306.415863,307.214294,314.464935,292.674927,280.93631,209.542221,283.518188,233.264816,207.162933,190.545059,192.145996,222.610703,283.679108,295.200226,272.975189,193.999664,84.422585,75.257217,77.098488,90.856194,285.003082,272.89267,322.814087,300.71579,283.368622,275.939972,300.542572,280.882355,279.088257,237.392944,279.213196,289.317963,299.039978,290.408325,295.256409,294.185913,316.965942,347.575256,397.39209,449.716583,411.804108,387.789124,497.974365,434.684448,426.507782,478.054504,433.231445,362.095795,295.514313,301.600983,325.810181,274.410553,222.719147,177.533859,299.016998,257.011292,224.000031,201.849274,222.000061,255.819351,302.67514,358.686188,448.524994,531.031067,655.962097,516.6745,519.898621,455.621307,455.806183,445.226837,418.529694,357.786499,314.139526,327.486359,355.678162,335.703827,290.670227,230.215149,257.983978,233.432739,235.517303,193.3573,199.194397,235.470963,300.808746,314.239258,295.072113,175.909271,77.485374,8.449865,8.556953,162.568787,311.476593,321.142303,320.000092,317.999969,304.999969,316.992523,332.000061,321.878418,258.0,185.999924
2024-12-14,12,6,1,4,28962,10840.775,1731.992,270.734497,27903,10837.686,1944.575,202.268173,27319,10871.234,2201.889,175.476456,27021,10922.842,2537.755,162.566422,27261,10947.784,2873.487,155.461899,28286,11015.414,3199.836,169.804535,30922,11052.204,3550.815,260.67392,33975,11775.006,5281.742,277.430664,36158,13336.214,10101.396,229.369736,36145,14535.912,14840.766,100.511215,36058,14888.924,18700.367,60.146179,34069,14274.634,20367.692,43.726089,34579,14517.239,20106.034,44.376003,34308,14781.124,18050.266,44.156651,34372,13368.314,13914.787,99.102013,35432,14148.125,8588.126,241.031067,36290,15509.939,4029.13,284.557953,36116,15472.495,3352.085,282.989258,35900,14374.45,3472.826,279.368622,36022,14333.36,3542.883,282.909943,35714,13635.19,3435.958,296.437836,33721,12839.324,3246.137,293.713074,30709,11462.874,3050.493,274.152679,28650,11224.494,2790.421,224.210129,258.463837,242.188339,260.964203,257.09024,278.432007,306.883636,321.556213,333.383911,354.546509,381.811829,403.854584,435.799286,497.878021,542.603516,609.900757,546.765686,431.633942,358.269958,319.686951,310.306274,336.622986,340.48233,305.957794,281.471466,293.168793,259.667572,245.106628,234.357986,243.676163,278.332306,312.574554,329.565887,312.553162,176.131805,86.903969,2.474465,2.631229,3.174547,86.279678,291.882385,381.914246,367.004272,377.319641,371.514282,392.636108,387.119995,340.009552,296.151337,272.264679,238.803482,196.591507,187.792725,217.823608,250.3228,288.764191,329.140747,343.254211,316.683899,402.493713,246.627472,255.088425,201.565079,243.848602,296.750977,328.17218,297.335968,306.415863,307.214294,314.464935,292.674927,280.93631,209.542221,279.213196,289.317963,299.039978,290.408325,295.256409,294.185913,316.965942,347.575256,397.39209,449.716583,411.804108,387.789124,497.974365,434.684448,426.507782,478.054504,433.231445,362.095795,295.514313,301.600983,325.810181,274.410553,222.719147,177.533859,320.000061,303.855316,273.464264,258.000031,283.531586,305.293945,318.886566,329.598572,321.773254,109.966164,0.003576,0.0,0.022294,36.601219,103.787186,237.954514,321.930878,321.999847,323.154663,325.334656,359.743744,321.999908,309.189087,197.999969
2024-12-15,12,7,1,4,29728,11135.354,2354.96,280.555267,28180,11095.334,2151.94,246.806686,27412,11002.306,1976.582,247.061508,26950,10951.844,1810.276,240.948425,27091,10907.66,1643.653,251.654175,28076,10914.885,1486.324,279.556671,29825,10929.476,1333.722,319.366241,33137,11719.326,3088.611,346.713898,35286,13829.907,8983.211,307.677429,35355,15460.614,14950.421,187.627335,35297,15919.804,19016.576,90.256279,33662,15335.464,20783.444,40.938995,33964,15534.029,20531.323,39.135204,33284,15701.365,18170.485,58.775684,33586,13954.614,13351.654,141.089676,34218,14070.401,6934.746,312.296753,35294,14676.576,1338.044,386.484039,36077,14736.078,441.795,381.50827,35906,13782.356,461.463,386.731079,36097,13809.497,501.382,383.599457,36192,12852.926,547.828,405.531555,33860,12075.12,621.864,393.181366,30760,11119.614,713.499,337.958557,28457,10895.576,801.639,312.063873,283.518188,233.264816,207.162933,190.545059,192.145996,222.610703,283.679108,295.200226,272.975189,193.999664,84.422585,75.257217,77.098488,90.856194,285.003082,272.89267,322.814087,300.71579,283.368622,275.939972,300.542572,280.882355,279.088257,237.392944,332.003815,283.045074,282.826416,287.508392,290.424591,314.707245,339.474426,350.77182,318.997437,147.843414,67.007462,0.312871,20.77393,0.303346,79.965286,242.423767,348.16684,358.09491,350.375488,358.287354,380.137604,353.895264,293.329742,202.865204,258.463837,242.188339,260.964203,257.09024,278.432007,306.883636,321.556213,333.383911,354.546509,381.811829,403.854584,435.799286,497.878021,542.603516,609.900757,546.765686,431.633942,358.269958,319.686951,310.306274,336.622986,340.48233,305.957794,281.471466,272.264679,238.803482,196.591507,187.792725,217.823608,250.3228,288.764191,329.140747,343.254211,316.683899,402.493713,246.627472,255.088425,201.565079,243.848602,296.750977,328.17218,297.335968,306.415863,307.214294,314.464935,292.674927,280.93631,209.542221,258.153992,196.836929,157.71489,125.204575,125.120392,133.259979,188.566605,201.764694,200.999893,159.999786,156.15033,45.116611,29.465511,73.795204,161.781235,219.673004,252.740997,287.831818,168.0,155.74469,250.499634,207.731293,139.120178,95.641701
2024-12-16,12,1,0,4,29230,10138.793,968.372,342.3927,27833,10065.572,991.802,301.267365,27107,10067.001,997.201,298.294373,26691,10053.596,993.851,295.308655,26905,10029.135,989.404,300.552002,27788,10074.654,959.79,321.897675,29549,10099.504,948.419,340.214874,32668,11246.385,2849.616,356.421173,34285,12936.361,8835.035,316.756531,34880,14285.271,14807.744,164.081741,34998,15398.47,18873.777,61.304295,33244,15145.869,20679.442,42.263893,33311,15412.959,20479.113,41.670284,32708,15566.279,18163.556,41.098305,32397,13877.192,13513.449,129.461639,33728,14033.491,7207.056,295.310181,35309,15532.946,1585.947,367.964172,36257,15353.363,738.083,381.161774,36132,14888.893,884.158,381.30014,36009,14724.763,1062.748,378.052551,35746,14582.236,1196.661,390.02179,33092,12315.869,1307.417,369.254059,30312,10892.911,1407.86,340.356445,28576,10833.614,1464.951,292.433716,293.168793,259.667572,245.106628,234.357986,243.676163,278.332306,312.574554,329.565887,312.553162,176.131805,86.903969,2.474465,2.631229,3.174547,86.279678,291.882385,381.914246,367.004272,377.319641,371.514282,392.636108,387.119995,340.009552,296.151337,251.965866,226.563644,206.565704,225.954803,236.760605,239.867676,314.157166,362.141846,337.128418,220.512344,69.958626,2.896358,22.301367,27.479496,96.003632,266.346252,360.379608,357.303284,365.141205,355.727112,369.181854,366.545441,329.351471,254.002853,283.518188,233.264816,207.162933,190.545059,192.145996,222.610703,283.679108,295.200226,272.975189,193.999664,84.422585,75.257217,77.098488,90.856194,285.003082,272.89267,322.814087,300.71579,283.368622,275.939972,300.542572,280.882355,279.088257,237.392944,258.463837,242.188339,260.964203,257.09024,278.432007,306.883636,321.556213,333.383911,354.546509,381.811829,403.854584,435.799286,497.878021,542.603516,609.900757,546.765686,431.633942,358.269958,319.686951,310.306274,336.622986,340.48233,305.957794,281.471466,151.214935,114.999992,100.999992,90.000008,100.064499,112.563568,163.102814,199.648529,202.192093,89.304764,7.090587,8.258181,104.95224,168.731949,323.007965,378.180664,430.255707,322.687683,276.000153,293.999634,347.258667,330.006531,297.281433,213.021881
2024-12-17,12,2,0,4,28691,10755.296,1598.635,289.162811,27438,10736.054,1568.159,252.776108,26732,10683.623,1483.555,247.465149,26277,10664.308,1368.104,234.071152,26662,10644.627,1275.866,248.437073,27915,10690.236,1247.301,278.249054,30840,10838.691,1278.393,339.045746,34203,12009.629,3311.01,344.747498,36774,13807.405,9738.655,297.247131,36763,14662.774,16008.694,180.795395,36899,15778.454,20052.427,75.888062,34942,15506.248,21779.654,39.071217,35267,15762.004,21542.518,51.212719,34603,15924.233,19277.708,40.011963,34378,14215.924,14522.292,97.008423,35024,14192.861,7885.135,283.796051,36282,15714.631,2127.478,347.501312,36643,15511.681,1434.887,344.682007,36544,14964.844,1767.833,345.988495,36370,14670.845,1994.615,345.081512,35891,14571.366,2033.627,346.941742,33459,12285.046,1915.281,346.913879,30776,10885.621,1765.917,321.878418,28765,10791.954,1642.36,277.160095,332.003815,283.045074,282.826416,287.508392,290.424591,314.707245,339.474426,350.77182,318.997437,147.843414,67.007462,0.312871,20.77393,0.303346,79.965286,242.423767,348.16684,358.09491,350.375488,358.287354,380.137604,353.895264,293.329742,202.865204,296.090973,275.492279,284.59201,284.938843,294.036713,321.821136,347.790253,394.032471,377.269623,376.259155,358.102692,324.277679,280.899719,218.212463,259.051422,339.186279,371.42569,329.639923,323.041779,312.411041,339.166168,319.237213,256.216675,178.25444,293.168793,259.667572,245.106628,234.357986,243.676163,278.332306,312.574554,329.565887,312.553162,176.131805,86.903969,2.474465,2.631229,3.174547,86.279678,291.882385,381.914246,367.004272,377.319641,371.514282,392.636108,387.119995,340.009552,296.151337,283.518188,233.264816,207.162933,190.545059,192.145996,222.610703,283.679108,295.200226,272.975189,193.999664,84.422585,75.257217,77.098488,90.856194,285.003082,272.89267,322.814087,300.71579,283.368622,275.939972,300.542572,280.882355,279.088257,237.392944,299.016998,257.011292,224.000031,201.849274,222.000061,255.819351,302.67514,358.686188,448.524994,531.031067,655.962097,516.6745,519.898621,455.621307,455.806183,445.226837,418.529694,357.786499,314.139526,327.486359,355.678162,335.703827,290.670227,230.215149
2024-12-18,12,3,0,4,29095,10690.554,1350.262,301.135712,28010,10606.994,1067.698,277.735016,26931,10575.684,788.658,279.535858,26740,10537.884,580.198,283.049042,26832,10537.944,486.879,290.795776,28066,10599.684,480.885,322.919983,31200,11423.554,539.413,352.430176,34544,12460.194,2342.503,371.998901,36806,13726.994,7971.775,343.272003,37134,14088.454,13683.22,220.049774,35431,15061.664,17570.869,105.308487,34167,14733.374,19263.289,60.537697,34538,15024.009,19139.223,60.627792,34105,15212.564,17073.738,56.781475,34105,13590.724,12829.672,127.780319,35094,14049.185,7519.136,305.754822,35465,15176.9,3024.186,344.347137,36516,15044.761,2801.475,329.008606,36392,14155.993,3354.978,329.834503,36392,13965.79,3714.406,324.899109,35840,13627.28,3884.183,343.306122,33443,11763.144,3963.389,325.408661,30328,10960.124,4009.662,272.676544,28304,10924.884,4031.219,192.947632,251.965866,226.563644,206.565704,225.954803,236.760605,239.867676,314.157166,362.141846,337.128418,220.512344,69.958626,2.896358,22.301367,27.479496,96.003632,266.346252,360.379608,357.303284,365.141205,355.727112,369.181854,366.545441,329.351471,254.002853,230.912354,186.508301,183.557541,166.396759,159.504715,196.326691,255.224274,311.462677,343.318604,241.615387,105.187462,44.170868,48.519341,77.865273,174.492157,239.21254,269.112335,292.954681,288.231567,273.633118,308.099945,304.078278,253.843445,182.813324,332.003815,283.045074,282.826416,287.508392,290.424591,314.707245,339.474426,350.77182,318.997437,147.843414,67.007462,0.312871,20.77393,0.303346,79.965286,242.423767,348.16684,358.09491,350.375488,358.287354,380.137604,353.895264,293.329742,202.865204,293.168793,259.667572,245.106628,234.357986,243.676163,278.332306,312.574554,329.565887,312.553162,176.131805,86.903969,2.474465,2.631229,3.174547,86.279678,291.882385,381.914246,367.004272,377.319641,371.514282,392.636108,387.119995,340.009552,296.151337,279.213196,289.317963,299.039978,290.408325,295.256409,294.185913,316.965942,347.575256,397.39209,449.716583,411.804108,387.789124,497.974365,434.684448,426.507782,478.054504,433.231445,362.095795,295.514313,301.600983,325.810181,274.410553,222.719147,177.533859
2024-12-19,12,4,0,4,29491,10979.464,3980.7,274.872833,27933,11016.104,4068.216,202.248978,27225,11018.794,4151.249,192.266983,26917,10996.134,4208.896,187.569122,27101,10969.004,4235.529,189.519089,28254,10981.664,4271.192,233.73172,30934,11525.564,4327.052,287.803894,34109,12858.124,5982.64,302.161804,36659,13825.775,11537.169,287.464569,36654,14308.374,17103.069,161.91188,37223,15366.104,20978.945,75.179466,35399,14911.854,22739.062,62.484154,35666,15206.589,22488.903,63.372326,35169,15441.844,20165.988,57.161747,34598,13761.364,15528.457,111.004478,35092,14025.605,9813.223,232.0457,36413,16165.86,4968.88,274.415833,36552,15467.105,4510.948,275.169098,36271,14513.722,4930.231,258.63443,36365,14385.24,5225.942,268.830902,36213,14955.61,5312.086,289.205383,33496,12834.861,5278.772,279.509796,30536,11315.154,5163.011,239.423721,28474,11180.514,4838.909,181.017517,296.090973,275.492279,284.59201,284.938843,294.036713,321.821136,347.790253,394.032471,377.269623,376.259155,358.102692,324.277679,280.899719,218.212463,259.051422,339.186279,371.42569,329.639923,323.041779,312.411041,339.166168,319.237213,256.216675,178.25444,279.733093,288.301361,278.786041,308.957611,299.29425,281.568878,340.535034,373.261017,359.171631,313.727386,219.294647,157.681046,269.799255,331.848236,336.851929,362.255096,399.409332,388.203644,372.365692,391.608582,408.138977,392.865417,352.42984,318.706635,251.965866,226.563644,206.565704,225.954803,236.760605,239.867676,314.157166,362.141846,337.128418,220.512344,69.958626,2.896358,22.301367,27.479496,96.003632,266.346252,360.379608,357.303284,365.141205,355.727112,369.181854,366.545441,329.351471,254.002853,332.003815,283.045074,282.826416,287.508392,290.424591,314.707245,339.474426,350.77182,318.997437,147.843414,67.007462,0.312871,20.77393,0.303346,79.965286,242.423767,348.16684,358.09491,350.375488,358.287354,380.137604,353.895264,293.329742,202.865204,272.264679,238.803482,196.591507,187.792725,217.823608,250.3228,288.764191,329.140747,343.254211,316.683899,402.493713,246.627472,255.088425,201.565079,243.848602,296.750977,328.17218,297.335968,306.415863,307.214294,314.464935,292.674927,280.93631,209.542221
2024-12-20,12,5,0,4,29163,11198.314,4188.068,293.926117,28163,11139.874,3901.973,303.677032,27502,11120.744,3571.859,306.673706,27000,11073.334,3220.309,306.394226,27303,11036.334,2870.073,309.092377,28431,11006.984,2523.937,308.734528,31349,10991.864,2143.554,346.842865,34936,11396.237,2915.52,394.958405,37701,13190.644,6206.051,401.439209,38489,12840.634,9617.61,369.603333,39900,13433.414,12355.585,333.606567,37952,12867.554,13740.12,195.019913,38636,13299.529,13734.326,208.275818,37959,13946.764,12343.088,248.321533,37805,12920.564,9264.9,330.963715,37855,14588.035,5013.068,372.622467,38871,16612.934,942.974,447.972321,39080,15972.635,223.732,423.914673,38468,14799.87,278.008,382.979431,38152,14374.534,349.095,395.92218,38002,15253.43,418.487,425.174835,35407,12591.399,508.649,396.849487,31717,10981.674,592.96,364.687317,29451,10912.753,651.058,338.305328,230.912354,186.508301,183.557541,166.396759,159.504715,196.326691,255.224274,311.462677,343.318604,241.615387,105.187462,44.170868,48.519341,77.865273,174.492157,239.21254,269.112335,292.954681,288.231567,273.633118,308.099945,304.078278,253.843445,182.813324,345.38089,316.430573,308.027771,299.085785,306.641632,322.319031,369.184418,375.602417,382.196991,280.223328,137.453537,74.712036,91.060051,117.261322,309.249908,365.499573,376.608185,377.956879,368.961334,365.736176,371.952667,377.837891,368.516632,327.572449,296.090973,275.492279,284.59201,284.938843,294.036713,321.821136,347.790253,394.032471,377.269623,376.259155,358.102692,324.277679,280.899719,218.212463,259.051422,339.186279,371.42569,329.639923,323.041779,312.411041,339.166168,319.237213,256.216675,178.25444,251.965866,226.563644,206.565704,225.954803,236.760605,239.867676,314.157166,362.141846,337.128418,220.512344,69.958626,2.896358,22.301367,27.479496,96.003632,266.346252,360.379608,357.303284,365.141205,355.727112,369.181854,366.545441,329.351471,254.002853,258.463837,242.188339,260.964203,257.09024,278.432007,306.883636,321.556213,333.383911,354.546509,381.811829,403.854584,435.799286,497.878021,542.603516,609.900757,546.765686,431.633942,358.269958,319.686951,310.306274,336.622986,340.48233,305.957794,281.471466
2024-12-21,12,6,1,4,30175,10709.664,635.764,344.218628,28930,10712.264,617.519,318.284241,28139,10713.574,558.59,299.940796,27634,10679.514,500.985,297.261414,27913,10683.884,465.759,300.754456,29111,10698.904,468.582,321.58078,31862,10945.993,540.973,371.361908,36069,12747.814,2244.896,375.359406,37959,13829.83,7968.29,367.85611,38586,14409.712,13925.934,221.713928,38605,15495.781,18184.028,127.515373,35613,14992.584,20089.979,61.901031,35892,15306.519,19869.58,61.257679,35735,15613.314,17553.452,53.447083,35688,14019.516,12797.38,168.84848,36634,14882.105,6603.43,323.987091,37700,16489.491,1133.527,364.928192,37647,16161.385,220.218,365.17688,37449,15234.71,268.886,367.268768,37660,15291.746,343.599,386.186157,37550,15804.38,433.406,404.352844,35296,13543.704,568.222,384.089111,31674,11415.24,770.002,360.810486,29480,11414.21,1065.428,312.980469,279.733093,288.301361,278.786041,308.957611,299.29425,281.568878,340.535034,373.261017,359.171631,313.727386,219.294647,157.681046,269.799255,331.848236,336.851929,362.255096,399.409332,388.203644,372.365692,391.608582,408.138977,392.865417,352.42984,318.706635,337.009003,295.979309,254.909424,163.274948,153.208603,156.435318,185.828827,231.356079,251.423828,120.440773,40.807758,17.736311,20.196331,17.824539,137.880096,316.746887,372.990479,322.787659,281.02652,299.069794,338.565857,318.175385,310.986542,219.112991,230.912354,186.508301,183.557541,166.396759,159.504715,196.326691,255.224274,311.462677,343.318604,241.615387,105.187462,44.170868,48.519341,77.865273,174.492157,239.21254,269.112335,292.954681,288.231567,273.633118,308.099945,304.078278,253.843445,182.813324,296.090973,275.492279,284.59201,284.938843,294.036713,321.821136,347.790253,394.032471,377.269623,376.259155,358.102692,324.277679,280.899719,218.212463,259.051422,339.186279,371.42569,329.639923,323.041779,312.411041,339.166168,319.237213,256.216675,178.25444,283.518188,233.264816,207.162933,190.545059,192.145996,222.610703,283.679108,295.200226,272.975189,193.999664,84.422585,75.257217,77.098488,90.856194,285.003082,272.89267,322.814087,300.71579,283.368622,275.939972,300.542572,280.882355,279.088257,237.392944
2024-12-22,12,7,1,4,30078,11656.342,1463.292,257.418457,28571,10993.094,1989.954,211.652222,27695,11095.944,2513.674,187.536163,27326,11073.274,3055.141,159.393494,27630,11123.174,3556.329,150.892715,28591,11177.484,3946.939,162.593338,30334,11200.364,4251.256,204.080399,34055,11770.921,5822.185,253.746857,37132,13769.726,10918.346,222.549255,37546,14197.004,15996.62,101.937325,38010,15283.13,19658.487,55.118176,36051,14744.533,21142.116,40.44154,36833,15098.458,20721.284,41.500179,35985,15419.848,18460.347,40.35984,36003,13973.514,14153.521,98.185043,35827,14918.255,8672.308,238.325653,36830,16949.321,3903.773,299.917114,37179,16673.813,3393.6,290.219788,37313,15695.323,3810.299,283.704865,37365,15452.082,4097.369,290.328796,37243,15932.953,4098.681,295.874207,34756,13886.763,3945.582,279.921539,31545,11894.53,3739.251,237.5168,29412,11805.36,3382.905,181.901672,345.38089,316.430573,308.027771,299.085785,306.641632,322.319031,369.184418,375.602417,382.196991,280.223328,137.453537,74.712036,91.060051,117.261322,309.249908,365.499573,376.608185,377.956879,368.961334,365.736176,371.952667,377.837891,368.516632,327.572449,271.038422,256.118958,225.035767,218.819992,207.983749,184.08963,193.561066,243.75383,268.502197,200.957092,237.68399,280.039825,477.74472,429.708344,446.454285,451.554047,398.635773,380.84024,364.781097,365.149261,374.843597,362.444702,319.342926,273.14325,279.733093,288.301361,278.786041,308.957611,299.29425,281.568878,340.535034,373.261017,359.171631,313.727386,219.294647,157.681046,269.799255,331.848236,336.851929,362.255096,399.409332,388.203644,372.365692,391.608582,408.138977,392.865417,352.42984,318.706635,230.912354,186.508301,183.557541,166.396759,159.504715,196.326691,255.224274,311.462677,343.318604,241.615387,105.187462,44.170868,48.519341,77.865273,174.492157,239.21254,269.112335,292.954681,288.231567,273.633118,308.099945,304.078278,253.843445,182.813324,293.168793,259.667572,245.106628,234.357986,243.676163,278.332306,312.574554,329.565887,312.553162,176.131805,86.903969,2.474465,2.631229,3.174547,86.279678,291.882385,381.914246,367.004272,377.319641,371.514282,392.636108,387.119995,340.009552,296.151337
2024-12-23,12,1,0,4,29380,10088.123,3082.896,250.243683,28360,9041.639,2880.767,242.928848,27673,9029.554,2760.893,221.94696,27096,9070.674,2719.876,209.597763,27256,9065.614,2699.307,215.87793,27828,9907.174,2648.04,187.534348,29725,10934.465,2536.488,235.143707,33196,11190.19,3349.842,295.762695,35564,12475.07,6226.083,296.526886,36671,13168.15,9034.832,248.766098,37373,13989.09,11073.707,178.958282,35909,14154.897,11841.245,128.498093,36264,14003.944,11162.445,160.404129,35583,13287.378,8921.206,243.430222,35490,12688.164,6076.786,324.020142,36126,14265.481,3504.432,364.308197,37738,16351.537,1347.758,363.632355,38404,16284.759,1071.325,365.4263,38053,15071.863,1206.047,363.082245,38241,15135.216,1297.603,367.614502,37645,15459.134,1275.972,375.062225,34607,12595.068,1192.907,361.204437,31582,11444.97,1099.385,317.697113,29179,11390.7,977.419,275.604614,337.009003,295.979309,254.909424,163.274948,153.208603,156.435318,185.828827,231.356079,251.423828,120.440773,40.807758,17.736311,20.196331,17.824539,137.880096,316.746887,372.990479,322.787659,281.02652,299.069794,338.565857,318.175385,310.986542,219.112991,320.327972,318.489685,311.770355,300.687286,293.274445,291.178009,320.249603,376.267181,405.625122,445.772095,398.2341,347.17926,321.328705,306.669159,321.524231,370.722504,397.900574,385.6315,377.615814,391.359802,400.677795,383.804596,355.278625,314.890289,345.38089,316.430573,308.027771,299.085785,306.641632,322.319031,369.184418,375.602417,382.196991,280.223328,137.453537,74.712036,91.060051,117.261322,309.249908,365.499573,376.608185,377.956879,368.961334,365.736176,371.952667,377.837891,368.516632,327.572449,279.733093,288.301361,278.786041,308.957611,299.29425,281.568878,340.535034,373.261017,359.171631,313.727386,219.294647,157.681046,269.799255,331.848236,336.851929,362.255096,399.409332,388.203644,372.365692,391.608582,408.138977,392.865417,352.42984,318.706635,332.003815,283.045074,282.826416,287.508392,290.424591,314.707245,339.474426,350.77182,318.997437,147.843414,67.007462,0.312871,20.77393,0.303346,79.965286,242.423767,348.16684,358.09491,350.375488,358.287354,380.137604,353.895264,293.329742,202.865204
2024-12-24,12,2,0,4,30365,9774.424,767.202,332.487366,29030,8827.804,664.764,320.18573,28256,8829.174,582.458,314.142761,27534,8877.164,513.882,295.022919,27776,8873.904,470.741,307.37207,29177,10040.094,428.769,307.453369,32212,10930.854,389.895,335.574066,35648,11628.882,984.835,365.851288,39825,13926.104,3323.055,373.816589,41180,13787.154,6068.395,351.222351,40855,14012.874,8898.538,284.165314,37734,13854.684,10859.086,200.021637,38338,13712.204,11382.353,219.153885,37906,13463.034,10607.002,228.499573,37734,12612.264,8361.192,281.896179,38631,14092.615,4806.96,349.516174,39673,15995.16,1038.16,371.927368,39780,15918.462,396.337,374.193115,40084,15137.43,563.748,372.935608,40080,15196.714,714.481,378.676453,39781,15505.57,800.097,396.954529,36172,12633.519,850.22,396.751404,32640,11402.62,893.729,351.543732,30249,11382.03,921.353,314.42627,271.038422,256.118958,225.035767,218.819992,207.983749,184.08963,193.561066,243.75383,268.502197,200.957092,237.68399,280.039825,477.74472,429.708344,446.454285,451.554047,398.635773,380.84024,364.781097,365.149261,374.843597,362.444702,319.342926,273.14325,317.41684,314.37146,309.059601,280.223297,277.460052,294.484985,329.125397,376.704346,363.730011,249.505203,149.171982,80.021652,112.360954,120.693848,252.19574,322.689178,343.633881,355.950806,348.220978,366.891357,371.351471,365.37265,329.554779,278.854095,337.009003,295.979309,254.909424,163.274948,153.208603,156.435318,185.828827,231.356079,251.423828,120.440773,40.807758,17.736311,20.196331,17.824539,137.880096,316.746887,372.990479,322.787659,281.02652,299.069794,338.565857,318.175385,310.986542,219.112991,345.38089,316.430573,308.027771,299.085785,306.641632,322.319031,369.184418,375.602417,382.196991,280.223328,137.453537,74.712036,91.060051,117.261322,309.249908,365.499573,376.608185,377.956879,368.961334,365.736176,371.952667,377.837891,368.516632,327.572449,251.965866,226.563644,206.565704,225.954803,236.760605,239.867676,314.157166,362.141846,337.128418,220.512344,69.958626,2.896358,22.301367,27.479496,96.003632,266.346252,360.379608,357.303284,365.141205,355.727112,369.181854,366.545441,329.351471,254.002853
2024-12-25,12,3,0,4,30781,9767.784,746.908,319.988495,29427,9755.954,822.822,315.983063,28657,9789.454,930.145,297.648926,27930,9782.904,1072.153,273.367828,28120,9783.354,1162.404,278.278107,29479,10117.844,1201.453,284.971558,32612,11015.234,1184.058,318.185913,35940,11936.435,2569.856,365.05899,39913,14066.422,7856.021,330.655365,41213,15449.604,13454.185,239.384109,40713,16261.834,17450.239,136.114471,37225,15162.344,19322.278,60.295086,37240,15160.999,19080.671,73.720833,37225,15453.604,16709.577,82.424049,37941,14005.924,12094.936,176.357361,38396,14833.775,6354.501,313.848602,39507,16582.66,1288.409,350.630951,39530,16260.775,447.903,373.311829,39674,15603.855,589.366,367.140625,39638,15443.42,696.221,376.206787,39309,15699.6,730.114,387.097504,35831,13263.95,698.003,378.313873,32195,11584.05,675.432,346.096405,29601,11555.33,637.938,307.906311,320.327972,318.489685,311.770355,300.687286,293.274445,291.178009,320.249603,376.267181,405.625122,445.772095,398.2341,347.17926,321.328705,306.669159,321.524231,370.722504,397.900574,385.6315,377.615814,391.359802,400.677795,383.804596,355.278625,314.890289,355.987274,345.659729,332.901184,322.86557,327.009521,339.70993,366.28894,412.101959,456.881042,634.007446,674.20343,731.394958,870.88899225,813.892761,756.143982,568.083984,462.2005,459.002228,433.804138,419.544006,462.915436,435.689911,377.434662,337.183502,271.038422,256.118958,225.035767,218.819992,207.983749,184.08963,193.561066,243.75383,268.502197,200.957092,237.68399,280.039825,477.74472,429.708344,446.454285,451.554047,398.635773,380.84024,364.781097,365.149261,374.843597,362.444702,319.342926,273.14325,337.009003,295.979309,254.909424,163.274948,153.208603,156.435318,185.828827,231.356079,251.423828,120.440773,40.807758,17.736311,20.196331,17.824539,137.880096,316.746887,372.990479,322.787659,281.02652,299.069794,338.565857,318.175385,310.986542,219.112991,296.090973,275.492279,284.59201,284.938843,294.036713,321.821136,347.790253,394.032471,377.269623,376.259155,358.102692,324.277679,280.899719,218.212463,259.051422,339.186279,371.42569,329.639923,323.041779,312.411041,339.166168,319.237213,256.216675,178.25444
2024-12-26,12,4,0,4,30595,10769.054,347.489,357.988922,29178,9361.864,349.554,348.193634,28387,9456.47,353.637,337.74646,27892,9507.534,346.135,329.090668,27783,9505.564,325.439,332.069885,29313,10541.014,313.453,340.122925,31933,11441.904,296.049,372.183289,35536,12262.289,1091.627,423.218018,39282,14368.752,3981.237,372.925323,39689,13410.704,6672.794,346.993958,40101,12470.604,8507.265,323.802887,38041,12678.974,9278.32,276.034058,38642,12569.214,8867.09,293.888031,37832,12158.734,7215.07,301.593384,37060,11888.664,4907.101,368.396454,37009,14786.885,2699.131,381.151093,37722,16754.291,783.622,395.141876,38182,16055.596,430.631,428.647247,37629,14577.777,528.537,424.103912,38504,15171.679,623.839,409.423492,38210,15387.882,625.098,429.762543,35347,12807.012,624.849,410.548248,31813,11533.79,634.869,367.046509,29628,11521.64,716.207,321.764771,317.41684,314.37146,309.059601,280.223297,277.460052,294.484985,329.125397,376.704346,363.730011,249.505203,149.171982,80.021652,112.360954,120.693848,252.19574,322.689178,343.633881,355.950806,348.220978,366.891357,371.351471,365.37265,329.554779,278.854095,338.380188,327.600983,305.262054,289.712463,280.763214,297.591949,337.631256,364.242981,440.756134,516.479492,771.959839,720.815979,721.453857,585.659058,694.291443,552.84314,407.120758,380.703186,422.184967,393.86731,399.197479,376.422485,329.567047,279.816193,320.327972,318.489685,311.770355,300.687286,293.274445,291.178009,320.249603,376.267181,405.625122,445.772095,398.2341,347.17926,321.328705,306.669159,321.524231,370.722504,397.900574,385.6315,377.615814,391.359802,400.677795,383.804596,355.278625,314.890289,271.038422,256.118958,225.035767,218.819992,207.983749,184.08963,193.561066,243.75383,268.502197,200.957092,237.68399,280.039825,477.74472,429.708344,446.454285,451.554047,398.635773,380.84024,364.781097,365.149261,374.843597,362.444702,319.342926,273.14325,230.912354,186.508301,183.557541,166.396759,159.504715,196.326691,255.224274,311.462677,343.318604,241.615387,105.187462,44.170868,48.519341,77.865273,174.492157,239.21254,269.112335,292.954681,288.231567,273.633118,308.099945,304.078278,253.843445,182.813324
2024-12-27,12,5,0,4,29872,10935.704,634.968,337.714386,28655,9893.124,788.068,329.173706,27836,9953.199,1013.844,311.590271,27356,9932.154,1315.82,291.679718,27808,9960.496,1620.644,289.81897,29168,10672.654,1889.786,302.59906,31506,11636.204,2074.219,333.516876,34808,13176.535,3010.53,364.37558,38316,15330.697,6344.974,356.481201,38482,13902.871,9833.719,327.853455,38545,13142.988,12688.391,283.599274,36255,13099.991,14241.755,196.811783,36685,13906.734,14140.046,200.420258,35946,13968.704,12427.672,201.955872,35338,12902.014,9397.814,288.583862,35708,14989.119,5784.825,332.869202,36764,16906.271,2455.767,332.581757,37307,16887.712,2211.012,350.248871,37078,16205.407,2722.955,377.09903,37271,15365.176,3058.818,372.26709,37131,16058.342,3112.43,370.162079,34566,13683.55,2947.18,363.724701,31077,11774.45,2700.233,329.903168,28952,11661.88,2474.879,287.608063,355.987274,345.659729,332.901184,322.86557,327.009521,339.70993,366.28894,412.101959,456.881042,634.007446,674.20343,731.394958,870.88899225,813.892761,756.143982,568.083984,462.2005,459.002228,433.804138,419.544006,462.915436,435.689911,377.434662,337.183502,305.314056,304.782227,276.775513,274.305145,280.371765,295.088196,320.335144,345.123718,373.170837,388.003815,424.436493,359.595612,362.270508,319.540375,335.445374,380.674805,368.242035,336.318268,303.242737,305.768402,305.871185,308.19278,281.392212,241.05658,317.41684,314.37146,309.059601,280.223297,277.460052,294.484985,329.125397,376.704346,363.730011,249.505203,149.171982,80.021652,112.360954,120.693848,252.19574,322.689178,343.633881,355.950806,348.220978,366.891357,371.351471,365.37265,329.554779,278.854095,320.327972,318.489685,311.770355,300.687286,293.274445,291.178009,320.249603,376.267181,405.625122,445.772095,398.2341,347.17926,321.328705,306.669159,321.524231,370.722504,397.900574,385.6315,377.615814,391.359802,400.677795,383.804596,355.278625,314.890289,279.733093,288.301361,278.786041,308.957611,299.29425,281.568878,340.535034,373.261017,359.171631,313.727386,219.294647,157.681046,269.799255,331.848236,336.851929,362.255096,399.409332,388.203644,372.365692,391.608582,408.138977,392.865417,352.42984,318.706635
2024-12-28,12,6,1,4,29821,11341.084,2523.631,309.517517,28580,10470.994,2384.223,304.755096,27867,10494.284,2329.936,281.348969,27265,10479.744,2366.352,274.089722,27546,10459.344,2483.227,277.822601,28695,10917.974,2569.869,281.002533,31341,12026.394,2660.08,321.044434,34758,13754.952,3686.955,323.729492,37610,14945.966,7658.534,327.917938,37784,14632.59,12048.605,302.809235,37931,14118.166,16058.594,242.79924,35929,14066.301,18502.563,69.262451,35986,14914.181,19051.316,60.340408,35311,15088.04,17541.717,47.359753,35033,13871.484,14032.323,94.417778,35382,14663.373,9204.614,263.82724,36624,16269.962,4732.495,320.902222,37331,17087.956,3915.687,317.741547,37394,16489.018,4087.005,317.730347,37556,15966.13,4150.152,326.030792,37628,16984.746,4045.722,330.870361,35674,14964.05,3766.328,321.912628,31972,12234.6,3469.861,308.239807,29828,11981.24,3172.785,259.137878,338.380188,327.600983,305.262054,289.712463,280.763214,297.591949,337.631256,364.242981,440.756134,516.479492,771.959839,720.815979,721.453857,585.659058,694.291443,552.84314,407.120758,380.703186,422.184967,393.86731,399.197479,376.422485,329.567047,279.816193,286.106537,299.776794,284.176178,272.880981,280.286407,297.07666,317.770721,361.319672,349.775085,216.084824,143.729385,4.73596,3.279809,3.201313,77.776451,269.985626,363.381012,380.118134,369.74176,382.643585,382.698761,368.13028,337.746796,282.752045,355.987274,345.659729,332.901184,322.86557,327.009521,339.70993,366.28894,412.101959,456.881042,634.007446,674.20343,731.394958,870.88899225,813.892761,756.143982,568.083984,462.2005,459.002228,433.804138,419.544006,462.915436,435.689911,377.434662,337.183502,317.41684,314.37146,309.059601,280.223297,277.460052,294.484985,329.125397,376.704346,363.730011,249.505203,149.171982,80.021652,112.360954,120.693848,252.19574,322.689178,343.633881,355.950806,348.220978,366.891357,371.351471,365.37265,329.554779,278.854095,345.38089,316.430573,308.027771,299.085785,306.641632,322.319031,369.184418,375.602417,382.196991,280.223328,137.453537,74.712036,91.060051,117.261322,309.249908,365.499573,376.608185,377.956879,368.961334,365.736176,371.952667,377.837891,368.516632,327.572449
2024-12-29,12,7,1,4,30215,10953.104,3113.561,285.154266,28809,10576.424,2772.684,264.878174,28020,10507.904,2425.54,267.111877,27505,10442.454,2057.665,268.864319,27527,10396.324,1687.883,278.92276,28582,10795.544,1345.888,312.541687,30286,11679.294,1061.739,338.414856,33817,12686.604,2451.535,373.257141,36767,15082.778,8702.34,329.510956,37537,16208.854,15136.844,214.548416,38249,16090.684,19390.563,170.83403,36688,15637.784,21235.477,60.249798,36623,16056.179,21124.187,59.290909,35879,16413.044,19058.629,40.646172,35477,14874.634,14664.849,184.470016,35603,15179.4,8231.707,318.409576,36967,16760.373,1969.749,377.787903,37506,16904.74,749.723,382.142487,37683,16984.361,1024.431,367.214142,38023,16175.576,1327.295,379.499023,38115,16794.012,1573.113,384.36911,35606,14035.683,1732.562,383.014526,31955,12008.23,1838.649,348.586365,29633,11798.11,1876.24,296.376801,305.314056,304.782227,276.775513,274.305145,280.371765,295.088196,320.335144,345.123718,373.170837,388.003815,424.436493,359.595612,362.270508,319.540375,335.445374,380.674805,368.242035,336.318268,303.242737,305.768402,305.871185,308.19278,281.392212,241.05658,322.7789,295.384796,281.106537,267.004242,271.093994,279.510986,264.455475,311.685394,305.795135,167.277649,12.823355,5.808726,7.244118,3.84033,87.244034,298.373413,398.224976,393.87326,349.381134,377.699402,381.683044,389.825745,348.333832,299.460541,338.380188,327.600983,305.262054,289.712463,280.763214,297.591949,337.631256,364.242981,440.756134,516.479492,771.959839,720.815979,721.453857,585.659058,694.291443,552.84314,407.120758,380.703186,422.184967,393.86731,399.197479,376.422485,329.567047,279.816193,355.987274,345.659729,332.901184,322.86557,327.009521,339.70993,366.28894,412.101959,456.881042,634.007446,674.20343,731.394958,870.88899225,813.892761,756.143982,568.083984,462.2005,459.002228,433.804138,419.544006,462.915436,435.689911,377.434662,337.183502,337.009003,295.979309,254.909424,163.274948,153.208603,156.435318,185.828827,231.356079,251.423828,120.440773,40.807758,17.736311,20.196331,17.824539,137.880096,316.746887,372.990479,322.787659,281.02652,299.069794,338.565857,318.175385,310.986542,219.112991
2024-12-30,12,1,0,4,29642,10738.098,2081.465,333.181091,28081,10358.884,2080.922,306.512695,27431,10247.964,2042.135,282.09082,27089,10173.059,1970.257,275.113312,27091,10171.416,1933.653,279.852203,27993,10655.521,1945.607,284.640717,29481,11652.044,1961.421,285.537994,32347,12125.544,3351.421,328.273956,35411,14401.364,9173.508,294.829773,36331,15351.224,15045.823,179.874344,37107,15398.444,18750.507,70.464401,35602,14812.514,20239.155,39.999996,36168,15135.599,19627.56,39.999992,35376,15185.584,16633.105,40.000008,34824,13424.307,11453.114,166.449493,35399,14194.88,5963.48,333.321747,36098,15801.676,1457.316,390.362061,36628,16291.317,619.52,390.552399,36738,16287.451,771.916,369.215881,36835,15411.578,911.942,395.473236,37061,15931.92,989.839,395.926361,33767,13107.744,1034.483,407.8526,30264,11656.91,1069.562,361.697784,27881,11588.24,1113.209,317.999969,286.106537,299.776794,284.176178,272.880981,280.286407,297.07666,317.770721,361.319672,349.775085,216.084824,143.729385,4.73596,3.279809,3.201313,77.776451,269.985626,363.381012,380.118134,369.74176,382.643585,382.698761,368.13028,337.746796,282.752045,330.175079,313.30899,296.66806,288.323303,290.302094,306.782318,321.978119,382.585876,384.864838,408.087463,388.510834,339.377991,303.664246,252.103363,287.00473,351.34256,432.321655,420.868591,370.646606,406.585022,416.796906,389.521851,357.533325,300.223145,305.314056,304.782227,276.775513,274.305145,280.371765,295.088196,320.335144,345.123718,373.170837,388.003815,424.436493,359.595612,362.270508,319.540375,335.445374,380.674805,368.242035,336.318268,303.242737,305.768402,305.871185,308.19278,281.392212,241.05658,338.380188,327.600983,305.262054,289.712463,280.763214,297.591949,337.631256,364.242981,440.756134,516.479492,771.959839,720.815979,721.453857,585.659058,694.291443,552.84314,407.120758,380.703186,422.184967,393.86731,399.197479,376.422485,329.567047,279.816193,271.038422,256.118958,225.035767,218.819992,207.983749,184.08963,193.561066,243.75383,268.502197,200.957092,237.68399,280.039825,477.74472,429.708344,446.454285,451.554047,398.635773,380.84024,364.781097,365.149261,374.843597,362.444702,319.342926,273.14325
2024-12-31,12,2,0,4,29569,10792.844,1008.581,347.381958,27995,10417.864,986.216,324.029968,27361,10425.129,946.781,311.327332,26903,10351.565,928.241,299.046295,27195,10355.536,918.273,312.259399,28447,10858.114,916.596,331.498322,31392,11654.464,914.203,358.92804,34786,13098.879,1590.567,385.756927,38131,14928.834,4500.347,359.428406,38654,13777.436,7878.879,340.763489,38499,13385.082,11143.497,289.461395,36153,12958.47,13391.679,165.953735,35827,13403.934,13944.748,171.056686,34918,14242.514,13129.946,130.915741,34794,13379.578,10627.899,237.593536,34953,14573.575,6457.397,349.16745,35449,15355.815,1943.643,425.412109,36142,16214.44,865.325,407.798126,36039,16141.007,927.763,380.272797,36772,15239.389,1010.002,408.092041,37288,15737.255,1061.631,415.808044,34680,13472.44,1099.098,396.501312,31298,11697.534,1123.929,375.625946,28849,11582.78,1142.733,336.150757,322.7789,295.384796,281.106537,267.004242,271.093994,279.510986,264.455475,311.685394,305.795135,167.277649,12.823355,5.808726,7.244118,3.84033,87.244034,298.373413,398.224976,393.87326,349.381134,377.699402,381.683044,389.825745,348.333832,299.460541,336.748352,323.04303,294.746704,285.713043,293.243988,318.670929,354.624969,390.729462,385.983521,270.589539,125.629692,0.470041,1.878873,2.650286,68.50573,257.516418,357.602081,357.325134,322.377228,330.978546,336.294922,318.2146,314.889221,265.000122,286.106537,299.776794,284.176178,272.880981,280.286407,297.07666,317.770721,361.319672,349.775085,216.084824,143.729385,4.73596,3.279809,3.201313,77.776451,269.985626,363.381012,380.118134,369.74176,382.643585,382.698761,368.13028,337.746796,282.752045,305.314056,304.782227,276.775513,274.305145,280.371765,295.088196,320.335144,345.123718,373.170837,388.003815,424.436493,359.595612,362.270508,319.540375,335.445374,380.674805,368.242035,336.318268,303.242737,305.768402,305.871185,308.19278,281.392212,241.05658,320.327972,318.489685,311.770355,300.687286,293.274445,291.178009,320.249603,376.267181,405.625122,445.772095,398.2341,347.17926,321.328705,306.669159,321.524231,370.722504,397.900574,385.6315,377.615814,391.359802,400.677795,383.804596,355.278625,314.890289
2025-01-01,1,3,0,1,28622,10520.194,1317.213,324.661163,27227,10145.594,1270.764,310.752808,26381,10146.46,1218.169,288.954865,26094,10089.194,1176.96,284.163544,26203,10084.693,1154.069,292.105408,27118,10590.784,1124.444,317.352997,29315,11348.084,1054.513,360.239655,32775,12478.752,2419.768,378.186523,35311,14439.254,8305.079,347.853241,35730,15368.304,14545.984,222.278992,35938,15780.206,18945.971,126.953186,33394,15276.204,20904.794,59.619991,33345,15612.529,20917.001,59.547802,32764,16001.914,18972.423,39.083015,32199,14452.804,14726.807,144.029495,32641,14931.433,8543.446,312.094635,33950,15470.85,2415.487,381.863373,34691,16266.274,1149.605,380.433655,34907,16130.647,1541.212,365.736053,35194,15502.692,1911.606,371.46579,35171,15661.514,2139.427,376.926117,33159,13685.438,2264.952,360.021332,30033,11663.959,2375.509,348.209137,27689,11368.31,2470.395,309.022095,330.175079,313.30899,296.66806,288.323303,290.302094,306.782318,321.978119,382.585876,384.864838,408.087463,388.510834,339.377991,303.664246,252.103363,287.00473,351.34256,432.321655,420.868591,370.646606,406.585022,416.796906,389.521851,357.533325,300.223145,423.999908,309.999908,286.641968,280.249023,289.000092,319.000092,423.524109,433.825409,409.999512,22.5606,22.293886,2.753801,2.338512,2.670788,2.772504,323.830505,469.831787,470.324341,461.929626,478.477783,497.951447,508.416809,472.161865,448.000031,322.7789,295.384796,281.106537,267.004242,271.093994,279.510986,264.455475,311.685394,305.795135,167.277649,12.823355,5.808726,7.244118,3.84033,87.244034,298.373413,398.224976,393.87326,349.381134,377.699402,381.683044,389.825745,348.333832,299.460541,286.106537,299.776794,284.176178,272.880981,280.286407,297.07666,317.770721,361.319672,349.775085,216.084824,143.729385,4.73596,3.279809,3.201313,77.776451,269.985626,363.381012,380.118134,369.74176,382.643585,382.698761,368.13028,337.746796,282.752045,317.41684,314.37146,309.059601,280.223297,277.460052,294.484985,329.125397,376.704346,363.730011,249.505203,149.171982,80.021652,112.360954,120.693848,252.19574,322.689178,343.633881,355.950806,348.220978,366.891357,371.351471,365.37265,329.554779,278.854095
2025-01-02,1,4,0,1,28367,10564.963,2655.45,427.618042,26873,10175.223,2613.365,391.615997,25743,10114.113,2461.529,329.727631,25287,10006.733,2266.475,300.000031,25665,10040.483,2054.095,349.711609,26215,10479.913,1826.961,425.575836,27934,11416.963,1624.399,433.414551,30958,11927.233,2841.36,453.365967,33023,14040.533,8575.88,434.512421,33026,15001.813,14660.872,132.502945,32809,15336.653,18855.082,128.0,31355,14906.493,20646.83,19.563383,31201,15308.478,20551.845,0.0,30141,15825.023,18519.843,0.0,29702,14271.783,14163.569,129.999985,30271,14737.629,7862.028,433.999786,32215,14827.329,1749.758,502.381104,33561,15765.747,343.966,497.90155,34098,16248.599,440.812,486.710693,34476,15640.539,560.65,504.858704,34485,15446.339,662.773,507.205963,32069,13392.352,780.231,526.466553,29399,11718.52,902.909,487.70575,27148,11525.96,1096.59,454.999847,336.748352,323.04303,294.746704,285.713043,293.243988,318.670929,354.624969,390.729462,385.983521,270.589539,125.629692,0.470041,1.878873,2.650286,68.50573,257.516418,357.602081,357.325134,322.377228,330.978546,336.294922,318.2146,314.889221,265.000122,393.349884,353.350067,333.349976,313.350098,313.349915,313.350006,353.350189,426.000153,425.664612,347.842896,336.740112,116.241913,64.619225,152.050583,354.127136,393.286438,450.907562,448.299957,447.999847,448.104462,448.319397,449.395782,431.999969,391.000153,330.175079,313.30899,296.66806,288.323303,290.302094,306.782318,321.978119,382.585876,384.864838,408.087463,388.510834,339.377991,303.664246,252.103363,287.00473,351.34256,432.321655,420.868591,370.646606,406.585022,416.796906,389.521851,357.533325,300.223145,322.7789,295.384796,281.106537,267.004242,271.093994,279.510986,264.455475,311.685394,305.795135,167.277649,12.823355,5.808726,7.244118,3.84033,87.244034,298.373413,398.224976,393.87326,349.381134,377.699402,381.683044,389.825745,348.333832,299.460541,355.987274,345.659729,332.901184,322.86557,327.009521,339.70993,366.28894,412.101959,456.881042,634.007446,674.20343,731.394958,870.88899225,813.892761,756.143982,568.083984,462.2005,459.002228,433.804138,419.544006,462.915436,435.689911,377.434662,337.183502
2025-01-03,1,5,0,1,27760,11302.124,1384.242,432.000122,26382,11048.733,1817.089,393.349762,25605,10892.244,2318.066,373.350006,25000,10792.549,2831.001,353.350098,25656,10804.924,3293.933,353.349945,27014,10976.744,3648.061,353.350006,29986,11086.454,3859.929,393.349945,33587,11748.831,5088.823,450.972504,36802,13428.302,9902.178,424.416199,37820,14511.841,14827.002,332.267365,37760,14159.394,18119.758,312.281433,35304,13447.334,19403.129,78.430351,35664,13689.979,19016.257,71.333099,34298,14018.998,16758.967,189.194321,34405,12692.033,12927.089,353.417755,34585,14613.248,8348.665,411.020782,35484,15379.602,4198.18,448.212463,36082,16424.836,3496.54,430.341888,35962,16365.062,3846.554,432.488037,36441,15554.489,4066.942,448.931702,36501,15115.095,4085.368,450.765015,34345,13117.111,4017.479,450.980774,31229,11952.711,3868.63,427.032318,29013,11706.34,3641.786,373.349854,423.999908,309.999908,286.641968,280.249023,289.000092,319.000092,423.524109,433.825409,409.999512,22.5606,22.293886,2.753801,2.338512,2.670788,2.772504,323.830505,469.831787,470.324341,461.929626,478.477783,497.951447,508.416809,472.161865,448.000031,373.350098,373.349884,353.350037,353.350159,373.350037,373.349823,445.169891,489.342194,467.085358,395.337067,381.715759,333.349976,313.084869,333.159393,374.239594,432.955292,462.603699,449.246155,448.274811,457.65152,456.148682,443.90567,428.51828,373.349854,336.748352,323.04303,294.746704,285.713043,293.243988,318.670929,354.624969,390.729462,385.983521,270.589539,125.629692,0.470041,1.878873,2.650286,68.50573,257.516418,357.602081,357.325134,322.377228,330.978546,336.294922,318.2146,314.889221,265.000122,330.175079,313.30899,296.66806,288.323303,290.302094,306.782318,321.978119,382.585876,384.864838,408.087463,388.510834,339.377991,303.664246,252.103363,287.00473,351.34256,432.321655,420.868591,370.646606,406.585022,416.796906,389.521851,357.533325,300.223145,338.380188,327.600983,305.262054,289.712463,280.763214,297.591949,337.631256,364.242981,440.756134,516.479492,771.959839,720.815979,721.453857,585.659058,694.291443,552.84314,407.120758,380.703186,422.184967,393.86731,399.197479,376.422485,329.567047,279.816193
2025-01-04,1,6,1,1,28391,10827.563,3026.574,373.349945,26952,10188.423,2983.178,353.349884,26027,10143.573,2933.159,353.350128,25433,10048.473,2886.673,353.350098,25563,10048.593,2787.565,353.350037,26422,10785.453,2631.133,373.349976,29306,11497.613,2437.442,426.488495,32587,12594.203,3402.368,462.363586,35092,13631.805,8376.003,394.947388,36826,14575.653,13969.462,352.948212,36793,13960.108,18040.512,337.100525,35384,14232.603,19818.303,130.835785,34658,15343.393,19658.701,103.111885,33939,14868.883,17367.583,143.758591,33187,13479.363,12910.311,331.642944,33321,14651.99,7181.311,374.821564,34340,15608.413,2003.736,446.123657,35097,16200.15,855.843,446.45755,35248,15594.712,1123.927,447.128632,34859,15106.289,1350.955,450.474518,34645,14922.09,1425.792,448.214874,32921,13790.558,1371.73,444.598114,30134,11809.561,1311.022,431.098633,27781,11598.23,1342.413,392.869385,393.349884,353.350067,333.349976,313.350098,313.349915,313.350006,353.350189,426.000153,425.664612,347.842896,336.740112,116.241913,64.619225,152.050583,354.127136,393.286438,450.907562,448.299957,447.999847,448.104462,448.319397,449.395782,431.999969,391.000153,373.350098,373.243896,373.350006,373.32135,373.282135,373.350067,373.287079,382.452606,389.777313,391.020081,389.043762,393.536224,420.166992,393.864624,393.160553,391.832977,392.184998,392.095428,373.626434,372.967834,392.052673,373.520386,353.573792,353.349945,423.999908,309.999908,286.641968,280.249023,289.000092,319.000092,423.524109,433.825409,409.999512,22.5606,22.293886,2.753801,2.338512,2.670788,2.772504,323.830505,469.831787,470.324341,461.929626,478.477783,497.951447,508.416809,472.161865,448.000031,336.748352,323.04303,294.746704,285.713043,293.243988,318.670929,354.624969,390.729462,385.983521,270.589539,125.629692,0.470041,1.878873,2.650286,68.50573,257.516418,357.602081,357.325134,322.377228,330.978546,336.294922,318.2146,314.889221,265.000122,305.314056,304.782227,276.775513,274.305145,280.371765,295.088196,320.335144,345.123718,373.170837,388.003815,424.436493,359.595612,362.270508,319.540375,335.445374,380.674805,368.242035,336.318268,303.242737,305.768402,305.871185,308.19278,281.392212,241.05658
2025-01-05,1,7,1,1,28648,10445.713,1268.818,373.321106,27207,9796.753,1226.061,373.350067,26278,8928.244,1142.793,373.30896,25773,8320.048,1038.232,373.33078,25395,8821.019,953.215,373.350189,26571,10103.883,896.635,373.350067,28231,10756.143,845.197,372.937195,32188,12467.16,1624.41,396.54657,35623,14361.023,4915.418,392.607147,36660,14072.982,8105.18,387.953003,36886,13888.181,10107.189,376.500519,34840,13828.204,10711.565,361.263916,34544,13593.004,9983.493,362.030457,34690,12844.87,7907.023,375.821411,33542,11952.834,5320.241,380.046417,34075,13235.394,3289.897,393.118256,35231,14272.19,1880.268,393.47052,35896,15947.275,1766.175,389.766785,35631,15709.374,2069.293,388.413208,35455,14607.799,2310.467,381.658447,35009,13684.789,2371.128,392.391693,32628,12261.2,2358.541,391.682373,30178,11581.59,2285.679,372.368439,27916,11497.28,2131.782,353.350098,373.350098,373.349884,353.350037,353.350159,373.350037,373.349823,445.169891,489.342194,467.085358,395.337067,381.715759,333.349976,313.084869,333.159393,374.239594,432.955292,462.603699,449.246155,448.274811,457.65152,456.148682,443.90567,428.51828,373.349854,447.965546,446.000122,432.000153,427.999878,425.999969,426.000153,426.000153,443.899719,446.470154,427.874237,408.768219,167.383789,43.196926,44.918217,112.307518,316.050262,452.747101,451.426636,448.092468,451.130463,458.131195,456.198181,451.62912,445.999847,393.349884,353.350067,333.349976,313.350098,313.349915,313.350006,353.350189,426.000153,425.664612,347.842896,336.740112,116.241913,64.619225,152.050583,354.127136,393.286438,450.907562,448.299957,447.999847,448.104462,448.319397,449.395782,431.999969,391.000153,423.999908,309.999908,286.641968,280.249023,289.000092,319.000092,423.524109,433.825409,409.999512,22.5606,22.293886,2.753801,2.338512,2.670788,2.772504,323.830505,469.831787,470.324341,461.929626,478.477783,497.951447,508.416809,472.161865,448.000031,286.106537,299.776794,284.176178,272.880981,280.286407,297.07666,317.770721,361.319672,349.775085,216.084824,143.729385,4.73596,3.279809,3.201313,77.776451,269.985626,363.381012,380.118134,369.74176,382.643585,382.698761,368.13028,337.746796,282.752045
2025-01-06,1,1,0,1,28493,11362.014,2004.942,445.892181,27259,11329.354,2082.88,433.999878,26230,11301.321,2161.239,426.0,25750,10911.904,2254.874,426.000031,25691,10899.214,2314.033,426.000061,26643,10875.134,2324.491,425.999908,28039,10889.414,2287.98,434.000122,31747,11781.094,3298.287,447.889862,34134,13023.244,7963.684,434.441071,34801,14447.407,13471.442,164.578781,34490,13883.501,17946.938,103.715485,32553,14351.868,20193.163,0.625373,32752,15640.374,20422.09,0.0,31939,15431.994,18700.833,0.0,31623,13956.274,14757.077,60.875786,32015,14993.7,8742.513,424.601563,32912,15001.79,2764.976,450.367767,35014,16496.877,1295.535,448.447662,35055,15814.6,1536.611,448.725464,35876,15296.906,1701.388,453.8573,35761,14935.069,1688.902,452.074371,33018,12987.915,1547.03,457.061676,29885,11701.218,1363.527,448.000122,27723,11417.69,1254.276,434.000153,373.350098,373.243896,373.350006,373.32135,373.282135,373.350067,373.287079,382.452606,389.777313,391.020081,389.043762,393.536224,420.166992,393.864624,393.160553,391.832977,392.184998,392.095428,373.626434,372.967834,392.052673,373.520386,353.573792,353.349945,445.913147,444.000153,432.000061,426.000061,424.0,427.977142,444.000183,448.610718,448.920074,346.028595,313.323273,131.727081,46.184174,163.940002,454.417053,457.087921,450.908234,449.488068,443.44928,444.447815,443.397491,439.868408,419.970459,342.382507,373.350098,373.349884,353.350037,353.350159,373.350037,373.349823,445.169891,489.342194,467.085358,395.337067,381.715759,333.349976,313.084869,333.159393,374.239594,432.955292,462.603699,449.246155,448.274811,457.65152,456.148682,443.90567,428.51828,373.349854,393.349884,353.350067,333.349976,313.350098,313.349915,313.350006,353.350189,426.000153,425.664612,347.842896,336.740112,116.241913,64.619225,152.050583,354.127136,393.286438,450.907562,448.299957,447.999847,448.104462,448.319397,449.395782,431.999969,391.000153,322.7789,295.384796,281.106537,267.004242,271.093994,279.510986,264.455475,311.685394,305.795135,167.277649,12.823355,5.808726,7.244118,3.84033,87.244034,298.373413,398.224976,393.87326,349.381134,377.699402,381.683044,389.825745,348.333832,299.460541
2025-01-07,1,2,0,1,27947,11659.079,685.909,444.0,26741,11297.455,645.173,434.0,25804,11050.323,710.755,425.999878,25560,10792.743,921.291,414.0,25863,10816.663,1236.118,370.787537,26990,10811.743,1634.739,423.924591,29956,11463.453,2063.305,442.836639,33766,12355.735,3531.382,448.202606,36507,13339.164,8651.776,431.714325,37520,14592.523,14177.841,240.545105,37520,13705.158,17918.952,207.96875,35017,13991.073,19421.514,48.065121,35359,15101.343,19093.904,68.053864,34593,14687.343,16841.789,52.694153,33823,13147.193,12800.697,299.998383,33925,14368.839,7960.414,424.858337,34487,15071.724,3748.709,444.173828,35529,16593.339,3155.145,437.153687,35643,16076.484,3899.705,429.870239,36268,15297.339,4373.122,433.999756,35927,14686.91,4502.671,444.089752,33477,12888.247,4448.458,439.589722,30227,11822.8,4295.476,425.999969,28176,11750.96,3940.446,300.000061,447.965546,446.000122,432.000153,427.999878,425.999969,426.000153,426.000153,443.899719,446.470154,427.874237,408.768219,167.383789,43.196926,44.918217,112.307518,316.050262,452.747101,451.426636,448.092468,451.130463,458.131195,456.198181,451.62912,445.999847,328.342499,328.179169,328.024078,328.383698,325.519104,325.202667,348.096252,371.572876,391.102325,393.043091,391.976776,356.216522,352.213287,353.928436,353.93515,371.798676,372.7883,391.900238,372.491974,391.852844,391.816223,371.331726,367.493988,347.978027,373.350098,373.243896,373.350006,373.32135,373.282135,373.350067,373.287079,382.452606,389.777313,391.020081,389.043762,393.536224,420.166992,393.864624,393.160553,391.832977,392.184998,392.095428,373.626434,372.967834,392.052673,373.520386,353.573792,353.349945,373.350098,373.349884,353.350037,353.350159,373.350037,373.349823,445.169891,489.342194,467.085358,395.337067,381.715759,333.349976,313.084869,333.159393,374.239594,432.955292,462.603699,449.246155,448.274811,457.65152,456.148682,443.90567,428.51828,373.349854,330.175079,313.30899,296.66806,288.323303,290.302094,306.782318,321.978119,382.585876,384.864838,408.087463,388.510834,339.377991,303.664246,252.103363,287.00473,351.34256,432.321655,420.868591,370.646606,406.585022,416.796906,389.521851,357.533325,300.223145
2025-01-08,1,3,0,1,28329,10351.043,3574.401,333.349976,27278,10216.283,3361.009,333.349976,26403,9856.053,3204.328,333.349976,26000,8680.443,3042.355,333.349762,26372,9028.288,2926.953,333.349945,27287,10268.853,2863.115,333.349976,29702,10863.863,2779.062,353.350128,33787,11461.699,3115.802,397.610199,37111,12582.744,4714.644,397.915833,38135,12307.711,6393.165,395.865051,38408,13050.653,7983.616,394.441437,36869,13286.274,8788.731,361.625702,37188,13251.223,8392.275,379.118073,36794,12934.701,6994.894,369.729248,35481,12320.893,4968.96,379.174042,36175,14158.851,2947.361,375.694427,36925,15321.183,1039.385,388.906372,36774,16083.494,425.225,374.491425,36774,15386.923,444.98,374.351501,36965,14722.143,509.201,393.795929,36580,14198.33,558.087,393.715759,33805,12793.855,601.696,393.604523,30888,11500.28,645.775,374.084259,28728,11432.9,820.752,353.350006,445.913147,444.000153,432.000061,426.000061,424.0,427.977142,444.000183,448.610718,448.920074,346.028595,313.323273,131.727081,46.184174,163.940002,454.417053,457.087921,450.908234,449.488068,443.44928,444.447815,443.397491,439.868408,419.970459,342.382507,369.558411,350.419678,351.533356,332.055878,351.512634,351.620575,426.000214,443.852966,444.47052,424.393829,396.557343,347.64505,302.410126,301.259155,329.673004,342.847107,388.234955,428.008331,391.156097,426.024658,394.05719,373.429993,351.978668,328.676697,447.965546,446.000122,432.000153,427.999878,425.999969,426.000153,426.000153,443.899719,446.470154,427.874237,408.768219,167.383789,43.196926,44.918217,112.307518,316.050262,452.747101,451.426636,448.092468,451.130463,458.131195,456.198181,451.62912,445.999847,373.350098,373.243896,373.350006,373.32135,373.282135,373.350067,373.287079,382.452606,389.777313,391.020081,389.043762,393.536224,420.166992,393.864624,393.160553,391.832977,392.184998,392.095428,373.626434,372.967834,392.052673,373.520386,353.573792,353.349945,336.748352,323.04303,294.746704,285.713043,293.243988,318.670929,354.624969,390.729462,385.983521,270.589539,125.629692,0.470041,1.878873,2.650286,68.50573,257.516418,357.602081,357.325134,322.377228,330.978546,336.294922,318.2146,314.889221,265.000122
2025-01-09,1,4,0,1,29316,10767.583,761.584,371.1604,28021,10642.263,722.366,351.63269,27016,10217.003,659.642,351.54715,26600,9180.683,597.381,332.098175,26854,9682.658,561.64,333.349823,27869,10687.373,550.638,353.349915,30507,10989.863,579.275,400.013153,34422,12599.245,1298.236,436.274628,37690,13939.723,4064.183,432.413757,38216,13002.233,7206.679,388.0242,39200,12924.413,9999.62,387.008179,36619,12993.653,11644.51,328.806549,37024,12956.543,11713.305,309.651245,36357,12413.017,10253.891,309.544464,35694,11532.424,7765.822,349.027527,35994,14204.36,5124.282,368.815308,36852,14891.874,2777.614,426.323059,36850,16299.485,2293.75,394.060455,36792,16072.749,2655.515,372.504608,37139,15036.116,2970.288,374.426422,36797,14286.094,3142.64,374.539032,34306,12712.35,3245.12,372.880951,31225,11917.61,3365.449,350.21759,29004,11647.76,3333.1,318.53476,328.342499,328.179169,328.024078,328.383698,325.519104,325.202667,348.096252,371.572876,391.102325,393.043091,391.976776,356.216522,352.213287,353.928436,353.93515,371.798676,372.7883,391.900238,372.491974,391.852844,391.816223,371.331726,367.493988,347.978027,327.483032,317.219147,308.086395,327.380432,313.944275,308.347107,348.437347,370.412598,370.843109,361.980591,353.651581,308.927185,337.05423,334.50174,354.626953,371.590576,387.835938,422.80069,420.469879,428.081085,423.681641,388.197723,367.872009,347.476685,445.913147,444.000153,432.000061,426.000061,424.0,427.977142,444.000183,448.610718,448.920074,346.028595,313.323273,131.727081,46.184174,163.940002,454.417053,457.087921,450.908234,449.488068,443.44928,444.447815,443.397491,439.868408,419.970459,342.382507,447.965546,446.000122,432.000153,427.999878,425.999969,426.000153,426.000153,443.899719,446.470154,427.874237,408.768219,167.383789,43.196926,44.918217,112.307518,316.050262,452.747101,451.426636,448.092468,451.130463,458.131195,456.198181,451.62912,445.999847,423.999908,309.999908,286.641968,280.249023,289.000092,319.000092,423.524109,433.825409,409.999512,22.5606,22.293886,2.753801,2.338512,2.670788,2.772504,323.830505,469.831787,470.324341,461.929626,478.477783,497.951447,508.416809,472.161865,448.000031
2025-01-10,1,5,0,1,29634,10434.614,3408.714,328.322296,28331,10314.124,3391.877,327.379547,27394,9957.614,3325.553,327.17392,27262,8780.324,3240.212,327.237274,27367,9151.569,3166.558,327.112946,28466,10414.774,3131.739,327.325562,31052,10999.344,3097.188,367.956299,34781,11758.491,3508.481,399.772369,38278,13132.663,5311.451,427.271759,39445,13124.776,7054.817,420.43576,39842,13297.325,8698.939,393.706665,37442,13692.814,9648.908,356.423187,38639,13748.664,9792.156,356.528778,38078,13526.974,9037.466,354.689789,37139,12966.484,7444.175,369.130768,37362,14596.631,5043.166,388.535858,38077,15754.391,2425.85,422.765778,37989,16377.09,1662.663,396.372681,38420,15844.025,1946.45,375.297638,38728,15150.43,2158.379,409.144501,38720,14867.05,2185.757,405.343048,36479,13614.936,2101.184,417.829437,33313,12159.681,1969.871,368.117279,30419,11683.52,1801.693,347.277405,369.558411,350.419678,351.533356,332.055878,351.512634,351.620575,426.000214,443.852966,444.47052,424.393829,396.557343,347.64505,302.410126,301.259155,329.673004,342.847107,388.234955,428.008331,391.156097,426.024658,394.05719,373.429993,351.978668,328.676697,367.646637,347.533966,327.359436,337.977966,347.137939,367.208435,428.270508,453.306366,441.099426,349.386841,295.43161,91.040688,110.532486,178.468903,349.673462,424.161285,449.999939,448.235809,445.490692,452.000244,450.811096,448.661011,442.440674,424.101776,328.342499,328.179169,328.024078,328.383698,325.519104,325.202667,348.096252,371.572876,391.102325,393.043091,391.976776,356.216522,352.213287,353.928436,353.93515,371.798676,372.7883,391.900238,372.491974,391.852844,391.816223,371.331726,367.493988,347.978027,445.913147,444.000153,432.000061,426.000061,424.0,427.977142,444.000183,448.610718,448.920074,346.028595,313.323273,131.727081,46.184174,163.940002,454.417053,457.087921,450.908234,449.488068,443.44928,444.447815,443.397491,439.868408,419.970459,342.382507,393.349884,353.350067,333.349976,313.350098,313.349915,313.350006,353.350189,426.000153,425.664612,347.842896,336.740112,116.241913,64.619225,152.050583,354.127136,393.286438,450.907562,448.299957,447.999847,448.104462,448.319397,449.395782,431.999969,391.000153
2025-01-11,1,6,1,1,30147,10957.833,1890.274,370.738617,28690,10911.503,1653.087,353.944641,27720,10928.163,1458.305,347.025299,27472,10872.233,1313.418,346.956024,27903,10848.953,1181.279,347.056641,28994,10822.113,1071.671,367.110413,31516,10823.973,958.448,438.202118,35278,11772.852,2101.091,453.277679,39409,13555.173,7254.201,441.243622,40690,14941.163,12793.231,351.026001,40670,14004.248,16742.673,312.778351,37890,14109.788,18440.554,114.403023,38035,15263.18,18267.848,99.552162,37435,14775.413,16042.334,144.345779,37054,13324.633,11842.434,323.208099,37245,14982.419,6681.11,425.396027,38378,15319.454,1817.529,450.113525,38437,16608.449,309.973,447.267883,38934,16155.454,380.965,445.607544,39165,15584.259,457.431,452.102173,39116,15191.282,489.954,452.324524,37028,13597.045,491.925,450.695618,33735,11888.515,493.948,440.447113,31416,11485.28,564.081,420.059296,327.483032,317.219147,308.086395,327.380432,313.944275,308.347107,348.437347,370.412598,370.843109,361.980591,353.651581,308.927185,337.05423,334.50174,354.626953,371.590576,387.835938,422.80069,420.469879,428.081085,423.681641,388.197723,367.872009,347.476685,425.282074,377.459991,357.308167,353.960083,337.670685,356.39447,400.0,424.912201,431.395386,295.980255,138.845825,86.769089,49.184605,0.690829,3.778626,134.754715,370.324188,393.495758,361.442017,341.307068,365.983521,429.222809,427.243317,314.984924,369.558411,350.419678,351.533356,332.055878,351.512634,351.620575,426.000214,443.852966,444.47052,424.393829,396.557343,347.64505,302.410126,301.259155,329.673004,342.847107,388.234955,428.008331,391.156097,426.024658,394.05719,373.429993,351.978668,328.676697,328.342499,328.179169,328.024078,328.383698,325.519104,325.202667,348.096252,371.572876,391.102325,393.043091,391.976776,356.216522,352.213287,353.928436,353.93515,371.798676,372.7883,391.900238,372.491974,391.852844,391.816223,371.331726,367.493988,347.978027,373.350098,373.349884,353.350037,353.350159,373.350037,373.349823,445.169891,489.342194,467.085358,395.337067,381.715759,333.349976,313.084869,333.159393,374.239594,432.955292,462.603699,449.246155,448.274811,457.65152,456.148682,443.90567,428.51828,373.349854
2025-01-12,1,7,1,1,30270,11369.903,433.533,398.559265,28464,11239.453,458.39,378.235962,27521,11309.123,482.577,348.657959,27358,10789.213,528.999,347.437714,27461,10796.553,583.041,350.502625,28121,10743.663,634.611,373.451202,30311,10949.653,695.616,426.098419,34092,12504.339,1895.251,428.811066,36753,13387.927,7046.51,422.691101,36950,14980.443,13354.174,280.833649,36674,15572.363,18592.513,137.502243,34783,15624.293,21370.103,56.49773,35429,16446.063,21890.026,18.361124,34599,16656.523,20580.487,0.713232,34092,15280.403,17040.507,65.430176,34875,15489.439,11297.626,292.247314,36120,15213.798,5193.703,445.121246,36950,16226.762,3699.135,433.983032,37458,15550.38,4308.068,432.274292,38518,15255.735,4660.811,432.43927,38103,14701.564,4628.044,431.567596,35267,13048.84,4307.425,434.213287,31924,11807.7,3829.499,428.651306,29446,11694.88,3293.325,386.672394,367.646637,347.533966,327.359436,337.977966,347.137939,367.208435,428.270508,453.306366,441.099426,349.386841,295.43161,91.040688,110.532486,178.468903,349.673462,424.161285,449.999939,448.235809,445.490692,452.000244,450.811096,448.661011,442.440674,424.101776,393.35022,349.999969,333.350067,319.999878,333.349884,393.350281,427.999847,443.999451,424.6521,117.938141,111.312187,17.004772,0.885075,0.0,22.676985,291.0,443.999695,448.999786,444.000031,449.999786,447.060486,449.999817,444.000092,425.999847,327.483032,317.219147,308.086395,327.380432,313.944275,308.347107,348.437347,370.412598,370.843109,361.980591,353.651581,308.927185,337.05423,334.50174,354.626953,371.590576,387.835938,422.80069,420.469879,428.081085,423.681641,388.197723,367.872009,347.476685,369.558411,350.419678,351.533356,332.055878,351.512634,351.620575,426.000214,443.852966,444.47052,424.393829,396.557343,347.64505,302.410126,301.259155,329.673004,342.847107,388.234955,428.008331,391.156097,426.024658,394.05719,373.429993,351.978668,328.676697,373.350098,373.243896,373.350006,373.32135,373.282135,373.350067,373.287079,382.452606,389.777313,391.020081,389.043762,393.536224,420.166992,393.864624,393.160553,391.832977,392.184998,392.095428,373.626434,372.967834,392.052673,373.520386,353.573792,353.349945
2025-01-13,1,1,0,1,29832,11615.181,3597.086,426.902252,28450,11329.295,3181.64,423.999847,27402,11092.064,2837.154,373.349915,26849,10971.984,2650.066,373.350037,26836,10919.384,2629.851,373.349915,27600,11018.53,2517.212,424.34906,29327,10959.234,2342.45,430.000244,32726,11693.916,3548.25,446.117401,35480,13941.747,9353.65,422.90686,36457,15665.628,15537.822,113.814331,36457,15306.124,19976.285,50.11491,34799,15169.354,21846.567,0.0,35089,15847.124,21760.209,0.0,34343,16057.684,20030.286,0.0,33596,14631.744,16018.027,111.327614,34094,15419.27,9791.192,336.999969,35461,15201.365,3242.41,449.999939,36830,16865.05,1298.814,449.999969,37161,16373.545,1664.481,449.916229,37825,15619.1,2048.656,452.074005,37493,14906.955,2307.583,450.090973,35047,13259.48,2490.743,451.999878,31731,11952.644,2673.303,446.000061,29119,11651.74,2728.529,427.999939,425.282074,377.459991,357.308167,353.960083,337.670685,356.39447,400.0,424.912201,431.395386,295.980255,138.845825,86.769089,49.184605,0.690829,3.778626,134.754715,370.324188,393.495758,361.442017,341.307068,365.983521,429.222809,427.243317,314.984924,353.349854,353.350067,314.659882,314.659424,323.555634,353.349823,373.349792,445.999695,444.962006,338.722839,232.252228,132.529068,80.901932,82.844345,328.978668,424.53714,452.358276,444.000092,430.000092,445.859924,442.309631,446.000183,432.000031,393.350006,367.646637,347.533966,327.359436,337.977966,347.137939,367.208435,428.270508,453.306366,441.099426,349.386841,295.43161,91.040688,110.532486,178.468903,349.673462,424.161285,449.999939,448.235809,445.490692,452.000244,450.811096,448.661011,442.440674,424.101776,327.483032,317.219147,308.086395,327.380432,313.944275,308.347107,348.437347,370.412598,370.843109,361.980591,353.651581,308.927185,337.05423,334.50174,354.626953,371.590576,387.835938,422.80069,420.469879,428.081085,423.681641,388.197723,367.872009,347.476685,447.965546,446.000122,432.000153,427.999878,425.999969,426.000153,426.000153,443.899719,446.470154,427.874237,408.768219,167.383789,43.196926,44.918217,112.307518,316.050262,452.747101,451.426636,448.092468,451.130463,458.131195,456.198181,451.62912,445.999847
2025-01-14,1,2,0,1,29345,11110.929,2594.171,373.350037,27866,10852.719,2637.538,353.350128,26860,10882.579,2668.782,353.349945,26354,10816.779,2692.856,333.350037,26533,10814.859,2677.472,353.350006,27814,10817.759,2632.326,373.35022,30794,11508.989,2578.994,425.999878,34518,12971.412,3690.457,446.000031,38306,14667.348,8721.583,428.620697,38806,15063.66,14225.805,319.297485,38693,14605.318,18239.666,300.145111,36287,14470.097,20150.428,111.284958,36241,15214.896,20032.654,107.401405,35236,15252.75,17747.161,142.307098,34739,13583.744,13298.439,333.517242,35468,15143.16,7604.967,426.72641,36376,15850.802,2407.745,452.56723,36862,17496.943,815.436,446.512573,37188,16937.211,993.037,445.669128,37671,16306.817,1118.941,455.984924,37620,16221.039,1121.33,449.319275,35027,14052.416,1058.745,457.575317,31837,12126.449,969.656,445.999939,29210,11711.474,1056.99,393.349884,393.35022,349.999969,333.350067,319.999878,333.349884,393.350281,427.999847,443.999451,424.6521,117.938141,111.312187,17.004772,0.885075,0.0,22.676985,291.0,443.999695,448.999786,444.000031,449.999786,447.060486,449.999817,444.000092,425.999847,426.0,393.349915,373.349884,393.350128,393.35022,373.350098,393.350006,444.000458,444.322998,435.472382,421.373932,358.232971,338.762268,320.059753,356.252594,375.23349,369.673157,374.03537,353.350098,353.350037,353.349945,354.473846,316.618713,130.000092,425.282074,377.459991,357.308167,353.960083,337.670685,356.39447,400.0,424.912201,431.395386,295.980255,138.845825,86.769089,49.184605,0.690829,3.778626,134.754715,370.324188,393.495758,361.442017,341.307068,365.983521,429.222809,427.243317,314.984924,367.646637,347.533966,327.359436,337.977966,347.137939,367.208435,428.270508,453.306366,441.099426,349.386841,295.43161,91.040688,110.532486,178.468903,349.673462,424.161285,449.999939,448.235809,445.490692,452.000244,450.811096,448.661011,442.440674,424.101776,445.913147,444.000153,432.000061,426.000061,424.0,427.977142,444.000183,448.610718,448.920074,346.028595,313.323273,131.727081,46.184174,163.940002,454.417053,457.087921,450.908234,449.488068,443.44928,444.447815,443.397491,439.868408,419.970459,342.382507
2025-01-15,1,3,0,1,29360,11462.899,642.821,428.900116,28080,11442.979,587.606,393.350067,27181,9915.919,587.53,393.350037,26899,9147.119,641.008,393.35022,27174,9495.514,725.753,393.35022,28315,10449.7,815.736,373.35025,30472,11067.351,920.47,423.999878,34361,13441.129,1542.66,453.103394,37784,15063.309,3439.262,455.33252,38386,13511.473,5465.885,450.153748,39004,13434.563,7350.211,419.378235,37434,12854.629,8685.324,339.780609,37144,12934.861,9205.824,333.578888,36531,12627.459,8973.3,340.736359,35194,12136.05,8140.598,356.743103,36225,13502.989,6937.777,376.516785,36500,15090.175,5607.489,373.721161,37246,17204.564,5281.508,374.439941,36903,16975.989,5618.266,354.484863,36767,15846.531,5823.69,353.349854,36777,15054.74,5927.154,353.349945,34745,13586.806,5993.097,356.934296,31283,12109.189,6003.864,324.060516,28740,12000.429,5883.534,283.999969,353.349854,353.350067,314.659882,314.659424,323.555634,353.349823,373.349792,445.999695,444.962006,338.722839,232.252228,132.529068,80.901932,82.844345,328.978668,424.53714,452.358276,444.000092,430.000092,445.859924,442.309631,446.000183,432.000031,393.350006,126.0,40.000019,20.000002,21.411709,59.945953,137.186432,321.000183,444.000092,443.350708,141.261368,0.0,1.088363,2.668565,2.375529,0.583367,253.585983,446.0,449.912598,449.912689,452.000092,454.000122,449.975769,450.699982,446.000061,393.35022,349.999969,333.350067,319.999878,333.349884,393.350281,427.999847,443.999451,424.6521,117.938141,111.312187,17.004772,0.885075,0.0,22.676985,291.0,443.999695,448.999786,444.000031,449.999786,447.060486,449.999817,444.000092,425.999847,425.282074,377.459991,357.308167,353.960083,337.670685,356.39447,400.0,424.912201,431.395386,295.980255,138.845825,86.769089,49.184605,0.690829,3.778626,134.754715,370.324188,393.495758,361.442017,341.307068,365.983521,429.222809,427.243317,314.984924,328.342499,328.179169,328.024078,328.383698,325.519104,325.202667,348.096252,371.572876,391.102325,393.043091,391.976776,356.216522,352.213287,353.928436,353.93515,371.798676,372.7883,391.900238,372.491974,391.852844,391.816223,371.331726,367.493988,347.978027
2025-01-16,1,4,0,1,28990,11989.259,5677.228,170.000031,27377,11966.119,5503.191,135.617523,26596,11913.169,5271.743,131.364349,26264,11880.229,4996.599,126.000031,26502,11849.739,4678.569,135.999954,27671,11827.189,4354.833,280.921265,30244,11807.499,3968.433,427.999908,34607,13025.299,4896.656,448.600891,38024,15168.715,10187.616,444.813507,39014,15589.571,15869.584,156.111694,38470,15085.983,19986.542,126.669571,36524,15039.033,21806.194,24.036501,37041,15788.243,21657.324,23.745655,36527,15996.143,19771.312,4.311838,35749,14597.305,15664.1,85.777496,36192,15453.596,9484.302,422.828491,37133,15998.981,2917.781,452.239471,37717,17607.718,546.395,451.238892,37990,17142.574,595.702,450.924866,38113,16326.695,658.978,451.976593,37773,15439.991,677.541,464.365631,35354,14130.38,694.572,459.000031,32095,12037.914,726.666,452.243286,29788,11656.329,776.612,446.000244,426.0,393.349915,373.349884,393.350128,393.35022,373.350098,393.350006,444.000458,444.322998,435.472382,421.373932,358.232971,338.762268,320.059753,356.252594,375.23349,369.673157,374.03537,353.350098,353.350037,353.349945,354.473846,316.618713,130.000092,446.112732,434.278412,428.399323,426.606262,427.999969,434.856293,445.999969,451.999725,446.027863,297.802063,133.557037,20.765257,14.849124,0.522728,40.003513,291.796326,450.000061,458.000275,453.999969,465.051819,463.999817,461.886414,459.999939,450.000031,353.349854,353.350067,314.659882,314.659424,323.555634,353.349823,373.349792,445.999695,444.962006,338.722839,232.252228,132.529068,80.901932,82.844345,328.978668,424.53714,452.358276,444.000092,430.000092,445.859924,442.309631,446.000183,432.000031,393.350006,393.35022,349.999969,333.350067,319.999878,333.349884,393.350281,427.999847,443.999451,424.6521,117.938141,111.312187,17.004772,0.885075,0.0,22.676985,291.0,443.999695,448.999786,444.000031,449.999786,447.060486,449.999817,444.000092,425.999847,369.558411,350.419678,351.533356,332.055878,351.512634,351.620575,426.000214,443.852966,444.47052,424.393829,396.557343,347.64505,302.410126,301.259155,329.673004,342.847107,388.234955,428.008331,391.156097,426.024658,394.05719,373.429993,351.978668,328.676697
2025-01-17,1,5,0,1,29515,11856.669,860.085,446.177917,28167,11867.079,956.856,444.289001,27187,11639.469,1009.55,432.40451,26738,11513.899,1024.104,430.546997,26802,11477.219,1036.627,431.999939,27886,11450.079,1034.658,444.686279,29792,11497.729,1063.885,449.999847,33718,12850.719,2617.454,453.107605,38024,15193.309,8961.355,439.771667,38394,15826.251,15506.36,249.855865,38054,15410.449,19991.327,94.425278,36062,15318.993,22105.212,19.57604,35765,15984.113,22158.559,0.892129,35586,16237.663,20533.108,0.836268,34777,14983.553,16527.897,126.234337,35370,15912.149,10183.25,424.40332,36647,16182.695,3085.313,465.455658,36876,17616.466,441.839,466.277557,37028,17005.252,518.063,469.977478,37518,16332.015,624.654,483.033386,37659,16082.518,685.759,471.1315,35383,14038.896,704.585,466.261536,32042,12136.088,707.203,466.000092,29484,11587.696,688.512,450.699738,126.0,40.000019,20.000002,21.411709,59.945953,137.186432,321.000183,444.000092,443.350708,141.261368,0.0,1.088363,2.668565,2.375529,0.583367,253.585983,446.0,449.912598,449.912689,452.000092,454.000122,449.975769,450.699982,446.000061,451.000031,449.999908,446.000153,443.999939,446.000183,446.000061,451.000153,462.268677,453.999603,299.621521,134.980011,129.115906,41.105534,0.0,25.831953,283.14563,446.000153,450.0,450.000214,451.01297,462.03125,464.000122,452.0,448.000031,426.0,393.349915,373.349884,393.350128,393.35022,373.350098,393.350006,444.000458,444.322998,435.472382,421.373932,358.232971,338.762268,320.059753,356.252594,375.23349,369.673157,374.03537,353.350098,353.350037,353.349945,354.473846,316.618713,130.000092,353.349854,353.350067,314.659882,314.659424,323.555634,353.349823,373.349792,445.999695,444.962006,338.722839,232.252228,132.529068,80.901932,82.844345,328.978668,424.53714,452.358276,444.000092,430.000092,445.859924,442.309631,446.000183,432.000031,393.350006,327.483032,317.219147,308.086395,327.380432,313.944275,308.347107,348.437347,370.412598,370.843109,361.980591,353.651581,308.927185,337.05423,334.50174,354.626953,371.590576,387.835938,422.80069,420.469879,428.081085,423.681641,388.197723,367.872009,347.476685
2025-01-18,1,6,1,1,29215,11967.409,498.055,450.700073,27596,11899.197,529.048,449.999939,26819,11916.124,567.341,445.999939,26581,11498.489,615.218,445.999817,26994,11492.796,670.775,445.999847,28060,11461.449,748.424,449.999908,30158,11769.14,872.12,450.999939,33973,13623.976,2599.102,464.000183,37515,15194.789,9228.519,451.311157,37329,15836.833,15906.166,153.51738,37637,15460.163,20387.767,79.43309,35878,15308.293,22415.853,3.187573,35768,15919.723,22456.562,0.0,35021,16095.343,20739.871,0.0,34820,14744.073,16676.789,101.141937,35093,15639.469,10476.834,425.130737,36595,15909.026,3744.395,453.983978,36716,17266.199,1335.875,451.000061,37088,16654.754,1657.604,451.624878,37295,15985.036,1892.757,464.396851,36706,15251.051,1879.144,464.0,34310,13698.329,1742.114,464.000061,31435,11860.299,1594.433,452.000092,28933,11564.429,1445.781,445.999695,446.112732,434.278412,428.399323,426.606262,427.999969,434.856293,445.999969,451.999725,446.027863,297.802063,133.557037,20.765257,14.849124,0.522728,40.003513,291.796326,450.000061,458.000275,453.999969,465.051819,463.999817,461.886414,459.999939,450.000031,447.0,445.000275,444.000092,434.0,444.0,445.000153,447.000122,450.003998,448.356354,447.081909,446.467651,383.756378,274.594116,189.213135,299.084076,435.043701,452.394043,451.177246,451.379669,453.263092,453.26947,453.789337,448.765747,443.807007,126.0,40.000019,20.000002,21.411709,59.945953,137.186432,321.000183,444.000092,443.350708,141.261368,0.0,1.088363,2.668565,2.375529,0.583367,253.585983,446.0,449.912598,449.912689,452.000092,454.000122,449.975769,450.699982,446.000061,426.0,393.349915,373.349884,393.350128,393.35022,373.350098,393.350006,444.000458,444.322998,435.472382,421.373932,358.232971,338.762268,320.059753,356.252594,375.23349,369.673157,374.03537,353.350098,353.350037,353.349945,354.473846,316.618713,130.000092,367.646637,347.533966,327.359436,337.977966,347.137939,367.208435,428.270508,453.306366,441.099426,349.386841,295.43161,91.040688,110.532486,178.468903,349.673462,424.161285,449.999939,448.235809,445.490692,452.000244,450.811096,448.661011,442.440674,424.101776
2025-01-19,1,7,1,1,29082,12062.253,1133.209,447.999939,27589,11918.659,973.545,446.000031,26714,11889.449,840.894,443.999939,26103,11476.859,723.868,444.000092,26002,11503.309,640.725,444.999878,26686,11469.739,571.774,446.000122,28080,11501.499,520.411,448.000061,31819,12946.863,1712.457,451.999847,34423,14412.688,6727.736,442.193024,35129,14618.797,12032.221,204.19046,35085,13525.088,16216.339,163.617828,33583,13908.323,18332.088,27.408209,33413,15254.453,18528.676,0.0,32988,14998.703,16806.202,0.0,32304,13746.573,13105.195,81.167625,32605,15014.469,7983.826,423.823303,33455,15789.975,2665.758,452.670898,34688,17377.65,496.339,452.718231,35198,16777.884,678.461,453.14743,35793,16143.494,902.721,465.264343,35340,15513.95,1119.361,465.507477,33540,13887.036,1312.346,465.296936,30881,12001.959,1446.135,451.301971,28301,11552.609,1477.001,446.971405,451.000031,449.999908,446.000153,443.999939,446.000183,446.000061,451.000153,462.268677,453.999603,299.621521,134.980011,129.115906,41.105534,0.0,25.831953,283.14563,446.000153,450.0,450.000214,451.01297,462.03125,464.000122,452.0,448.000031,446.000153,444.000092,429.999908,430.000061,444.000122,444.000153,445.999969,452.000061,446.994385,164.110962,138.253647,20.139229,0.0,0.0,0.666277,269.348785,450.268982,451.192444,460.42511,469.579987,469.716949,472.999939,467.71228,449.150238,446.112732,434.278412,428.399323,426.606262,427.999969,434.856293,445.999969,451.999725,446.027863,297.802063,133.557037,20.765257,14.849124,0.522728,40.003513,291.796326,450.000061,458.000275,453.999969,465.051819,463.999817,461.886414,459.999939,450.000031,126.0,40.000019,20.000002,21.411709,59.945953,137.186432,321.000183,444.000092,443.350708,141.261368,0.0,1.088363,2.668565,2.375529,0.583367,253.585983,446.0,449.912598,449.912689,452.000092,454.000122,449.975769,450.699982,446.000061,425.282074,377.459991,357.308167,353.960083,337.670685,356.39447,400.0,424.912201,431.395386,295.980255,138.845825,86.769089,49.184605,0.690829,3.778626,134.754715,370.324188,393.495758,361.442017,341.307068,365.983521,429.222809,427.243317,314.984924
2025-01-20,1,1,0,1,27955,11838.85,1261.601,446.999847,26233,11808.54,1180.019,445.999969,25397,11792.58,1073.366,443.999878,24867,11392.94,968.928,444.000122,24955,11371.16,861.072,446.000092,25323,11327.61,740.631,446.000153,26760,11361.06,641.073,447.000061,30097,12670.135,2099.979,450.000031,33477,14909.23,8384.18,437.946228,33705,15642.845,15049.082,65.092239,34121,14655.779,19758.815,42.409428,32572,15090.874,21964.34,0.0,32178,16403.524,22068.069,0.0,31706,16172.534,20431.038,0.0,31003,14766.604,16428.443,2.011878,31753,15433.62,10187.695,281.578674,32945,15666.581,3346.456,452.856842,33638,17111.303,463.589,461.400879,34033,16505.955,514.684,466.75351,34464,15723.854,579.343,474.204346,34329,15139.233,603.696,475.696716,32350,13897.711,630.692,471.983368,29387,11743.715,641.168,465.759369,27067,11378.385,682.018,449.869995,447.0,445.000275,444.000092,434.0,444.0,445.000153,447.000122,450.003998,448.356354,447.081909,446.467651,383.756378,274.594116,189.213135,299.084076,435.043701,452.394043,451.177246,451.379669,453.263092,453.26947,453.789337,448.765747,443.807007,448.000031,447.000214,446.0,445.000092,446.000275,446.500061,448.000092,464.320374,464.000061,427.997284,131.999969,57.886761,94.983322,3.916776,21.834316,275.999969,447.999756,452.000092,451.999908,466.000061,468.296539,468.000061,455.000122,445.966156,451.000031,449.999908,446.000153,443.999939,446.000183,446.000061,451.000153,462.268677,453.999603,299.621521,134.980011,129.115906,41.105534,0.0,25.831953,283.14563,446.000153,450.0,450.000214,451.01297,462.03125,464.000122,452.0,448.000031,446.112732,434.278412,428.399323,426.606262,427.999969,434.856293,445.999969,451.999725,446.027863,297.802063,133.557037,20.765257,14.849124,0.522728,40.003513,291.796326,450.000061,458.000275,453.999969,465.051819,463.999817,461.886414,459.999939,450.000031,393.35022,349.999969,333.350067,319.999878,333.349884,393.350281,427.999847,443.999451,424.6521,117.938141,111.312187,17.004772,0.885075,0.0,22.676985,291.0,443.999695,448.999786,444.000031,449.999786,447.060486,449.999817,444.000092,425.999847
2025-01-21,1,2,0,1,26998,12320.725,457.414,447.999939,25380,11988.049,462.302,448.000092,24648,12026.399,468.651,446.000092,24262,11744.449,466.751,446.000031,24536,11545.199,484.864,446.999817,25303,11564.996,492.238,447.999908,27278,11707.339,518.08,452.000031,31323,13485.853,1956.612,467.01181,35186,15047.507,7803.809,450.399963,35220,15623.138,14288.834,310.876068,35623,14765.676,19244.924,88.715279,33718,15172.063,21617.102,4.808444,32901,16437.356,21813.751,1.559773,32557,16272.763,20326.79,1.059086,32026,15066.693,16651.34,5.705994,32622,15731.479,10623.367,290.404083,33742,15963.241,3854.41,452.671661,34100,17022.436,1102.162,460.246429,33992,16578.53,1507.496,466.360687,34455,15623.271,1876.001,470.926086,34251,14969.423,2141.848,472.637421,32264,13390.619,2305.334,468.963226,29368,11906.979,2417.292,460.529144,26957,11761.849,2448.304,445.984222,446.000153,444.000092,429.999908,430.000061,444.000122,444.000153,445.999969,452.000061,446.994385,164.110962,138.253647,20.139229,0.0,0.0,0.666277,269.348785,450.268982,451.192444,460.42511,469.579987,469.716949,472.999939,467.71228,449.150238,445.999939,444.000061,426.000092,428.000122,428.000214,444.000031,446.000122,450.400146,448.000244,296.237183,275.801422,20.046141,0.0,0.0,0.0,294.999908,444.000031,427.999969,429.999817,447.376343,447.854523,447.578125,445.649414,426.000214,447.0,445.000275,444.000092,434.0,444.0,445.000153,447.000122,450.003998,448.356354,447.081909,446.467651,383.756378,274.594116,189.213135,299.084076,435.043701,452.394043,451.177246,451.379669,453.263092,453.26947,453.789337,448.765747,443.807007,451.000031,449.999908,446.000153,443.999939,446.000183,446.000061,451.000153,462.268677,453.999603,299.621521,134.980011,129.115906,41.105534,0.0,25.831953,283.14563,446.000153,450.0,450.000214,451.01297,462.03125,464.000122,452.0,448.000031,353.349854,353.350067,314.659882,314.659424,323.555634,353.349823,373.349792,445.999695,444.962006,338.722839,232.252228,132.529068,80.901932,82.844345,328.978668,424.53714,452.358276,444.000092,430.000092,445.859924,442.309631,446.000183,432.000031,393.350006
2025-01-22,1,3,0,1,27535,12129.919,1925.092,448.000031,25959,11954.349,1870.276,446.000092,25126,11913.519,1743.306,444.000061,24763,11494.369,1617.258,444.000031,24927,11503.169,1555.134,444.000092,25538,11486.129,1572.666,446.000061,27341,11800.899,1653.691,445.999969,31259,13445.477,3078.976,450.0,34836,14754.229,8435.619,448.77536,35146,14934.123,14231.002,130.028854,35320,14479.963,18595.199,25.342018,33705,14395.553,20596.729,0.0,32980,15145.653,20687.866,0.0,32648,15356.893,18907.061,0.0,32017,14057.063,14944.367,0.0,32720,15138.611,9441.373,190.999954,33726,15829.076,3803.705,431.000122,34013,17214.393,1342.366,430.000122,34042,16626.681,1587.278,445.47345,34443,15713.499,1775.236,447.428894,34204,15027.096,1803.616,449.037323,32256,13466.542,1708.759,448.218262,29382,11832.069,1571.113,446.631866,26966,11581.969,1475.069,429.999939,448.000031,447.000214,446.0,445.000092,446.000275,446.500061,448.000092,464.320374,464.000061,427.997284,131.999969,57.886761,94.983322,3.916776,21.834316,275.999969,447.999756,452.000092,451.999908,466.000061,468.296539,468.000061,455.000122,445.966156,340.000092,311.999939,275.999969,189.609985,251.999939,278.700012,314.999908,352.611237,420.950775,432.951447,446.769287,426.934204,301.529541,277.119324,444.911255,444.000183,413.646881,347.070587,330.252899,379.227844,414.678497,313.43924,316.258972,145.695847,446.000153,444.000092,429.999908,430.000061,444.000122,444.000153,445.999969,452.000061,446.994385,164.110962,138.253647,20.139229,0.0,0.0,0.666277,269.348785,450.268982,451.192444,460.42511,469.579987,469.716949,472.999939,467.71228,449.150238,447.0,445.000275,444.000092,434.0,444.0,445.000153,447.000122,450.003998,448.356354,447.081909,446.467651,383.756378,274.594116,189.213135,299.084076,435.043701,452.394043,451.177246,451.379669,453.263092,453.26947,453.789337,448.765747,443.807007,426.0,393.349915,373.349884,393.350128,393.35022,373.350098,393.350006,444.000458,444.322998,435.472382,421.373932,358.232971,338.762268,320.059753,356.252594,375.23349,369.673157,374.03537,353.350098,353.350037,353.349945,354.473846,316.618713,130.000092
2025-01-23,1,4,0,1,25962,12191.429,1399.863,423.999969,24625,11544.859,1356.175,359.999817,23761,11202.339,1376.271,300.0,23342,10245.099,1460.039,277.999969,23489,10558.599,1659.911,278.000153,24400,11671.699,1907.967,295.000061,26377,11845.359,2155.35,399.999817,30055,14474.598,3297.27,416.299225,32956,15134.109,6766.377,353.172211,33540,13603.797,10182.058,291.82782,33856,13079.433,12773.228,277.947906,32328,13502.213,14033.26,110.093666,32259,13448.783,13964.523,52.873756,31548,12993.573,12620.599,40.347469,31041,12213.823,10074.944,276.000061,31362,14056.471,6914.431,423.999695,32162,15856.792,3651.099,418.981598,32370,15949.269,2403.988,389.415924,32765,16008.179,2941.485,327.232574,32899,15917.179,3396.962,417.212708,32921,14967.374,3641.518,420.71875,30947,14080.17,3780.301,356.277588,28193,11950.13,3818.566,333.473419,26100,11780.69,3773.194,193.231354,445.999939,444.000061,426.000092,428.000122,428.000214,444.000031,446.000122,450.400146,448.000244,296.237183,275.801422,20.046141,0.0,0.0,0.0,294.999908,444.000031,427.999969,429.999817,447.376343,447.854523,447.578125,445.649414,426.000214,125.999969,19.999998,0.0,53.999973,19.999998,0.0,0.0,163.162231,284.974884,303.540253,280.068054,320.826904,424.000488,423.999939,290.226196,423.668365,315.0,286.528534,267.023407,406.619781,418.02652,401.000031,427.999969,227.399963,448.000031,447.000214,446.0,445.000092,446.000275,446.500061,448.000092,464.320374,464.000061,427.997284,131.999969,57.886761,94.983322,3.916776,21.834316,275.999969,447.999756,452.000092,451.999908,466.000061,468.296539,468.000061,455.000122,445.966156,446.000153,444.000092,429.999908,430.000061,444.000122,444.000153,445.999969,452.000061,446.994385,164.110962,138.253647,20.139229,0.0,0.0,0.666277,269.348785,450.268982,451.192444,460.42511,469.579987,469.716949,472.999939,467.71228,449.150238,126.0,40.000019,20.000002,21.411709,59.945953,137.186432,321.000183,444.000092,443.350708,141.261368,0.0,1.088363,2.668565,2.375529,0.583367,253.585983,446.0,449.912598,449.912689,452.000092,454.000122,449.975769,450.699982,446.000061
2025-01-24,1,5,0,1,26344,11367.099,3647.256,150.000015,25012,10413.309,3576.736,146.0,24149,10011.889,3523.528,132.000015,23735,8892.139,3503.562,171.099991,23861,9293.139,3492.031,148.999954,24745,10710.379,3487.285,119.000015,26581,11652.619,3449.036,132.0,30292,12981.732,3759.048,289.879547,33368,14048.676,4975.234,423.538666,34119,13219.644,6391.251,438.111511,34578,13353.793,7918.138,445.983704,33211,12715.053,9034.234,444.672546,33153,12760.763,9186.365,444.175476,32469,12569.443,8491.744,444.096802,31982,12361.833,7175.593,420.310974,32365,13958.486,5588.732,428.4953,33157,15293.336,3921.51,432.0,33310,16159.449,3328.532,422.816406,33670,16394.319,3916.442,421.443542,33753,16356.099,4373.837,420.855652,33644,15203.814,4609.126,430.916382,31586,13322.669,4715.963,444.999817,28833,11950.679,4767.79,428.000061,26729,11856.429,4790.984,211.179962,340.000092,311.999939,275.999969,189.609985,251.999939,278.700012,314.999908,352.611237,420.950775,432.951447,446.769287,426.934204,301.529541,277.119324,444.911255,444.000183,413.646881,347.070587,330.252899,379.227844,414.678497,313.43924,316.258972,145.695847,190.999985,126.000015,124.0,171.000015,141.000076,96.000031,128.0,278.000183,427.999878,431.895905,446.000092,447.999969,449.469421,448.000061,445.999908,445.000336,424.544312,206.689957,143.28006,269.256775,430.000153,443.999969,348.000061,124.000015,445.999939,444.000061,426.000092,428.000122,428.000214,444.000031,446.000122,450.400146,448.000244,296.237183,275.801422,20.046141,0.0,0.0,0.0,294.999908,444.000031,427.999969,429.999817,447.376343,447.854523,447.578125,445.649414,426.000214,448.000031,447.000214,446.0,445.000092,446.000275,446.500061,448.000092,464.320374,464.000061,427.997284,131.999969,57.886761,94.983322,3.916776,21.834316,275.999969,447.999756,452.000092,451.999908,466.000061,468.296539,468.000061,455.000122,445.966156,446.112732,434.278412,428.399323,426.606262,427.999969,434.856293,445.999969,451.999725,446.027863,297.802063,133.557037,20.765257,14.849124,0.522728,40.003513,291.796326,450.000061,458.000275,453.999969,465.051819,463.999817,461.886414,459.999939,450.000031
2025-01-25,1,6,1,1,24824,11412.669,4713.072,233.869965,23527,10466.359,4746.142,132.0,22670,10077.779,4825.466,140.999985,22290,8996.569,4924.556,270.999969,22368,9417.959,5030.146,148.499969,23175,10834.909,5107.104,86.999969,24672,11794.299,5160.695,127.000023,28558,12727.669,5492.156,300.000061,31681,13887.839,6367.355,444.0,32477,13012.472,7286.078,448.000122,32815,13095.163,8128.514,447.999969,31625,12048.403,8662.752,448.005249,31289,11819.873,8723.211,447.950562,30623,11628.233,8393.871,445.007568,30309,11695.053,7878.952,430.000214,30936,13280.209,7251.605,443.999817,31827,14852.686,6569.441,366.519135,32138,16329.169,6308.372,250.141037,32537,16627.049,6510.45,170.090393,32574,16579.319,6644.327,208.940369,32325,15480.144,6714.02,431.054016,30267,13863.099,6744.156,428.000061,27754,12188.589,6728.469,424.0,25655,12077.769,6694.211,147.999985,125.999969,19.999998,0.0,53.999973,19.999998,0.0,0.0,163.162231,284.974884,303.540253,280.068054,320.826904,424.000488,423.999939,290.226196,423.668365,315.0,286.528534,267.023407,406.619781,418.02652,401.000031,427.999969,227.399963,80.0,39.999989,60.0,80.000015,66.999977,40.000004,20.000008,80.000008,389.903595,429.102448,443.082092,443.565735,447.704681,445.708435,443.864899,444.999969,444.999847,423.999908,382.708221,418.536041,445.000061,449.999939,445.999817,362.100128,340.000092,311.999939,275.999969,189.609985,251.999939,278.700012,314.999908,352.611237,420.950775,432.951447,446.769287,426.934204,301.529541,277.119324,444.911255,444.000183,413.646881,347.070587,330.252899,379.227844,414.678497,313.43924,316.258972,145.695847,445.999939,444.000061,426.000092,428.000122,428.000214,444.000031,446.000122,450.400146,448.000244,296.237183,275.801422,20.046141,0.0,0.0,0.0,294.999908,444.000031,427.999969,429.999817,447.376343,447.854523,447.578125,445.649414,426.000214,451.000031,449.999908,446.000153,443.999939,446.000183,446.000061,451.000153,462.268677,453.999603,299.621521,134.980011,129.115906,41.105534,0.0,25.831953,283.14563,446.000153,450.0,450.000214,451.01297,462.03125,464.000122,452.0,448.000031
2025-01-26,1,7,1,1,24565,11793.839,6703.882,80.000015,23246,10849.999,6718.442,39.999992,22375,10434.659,6748.088,45.0,22000,9348.629,6777.066,80.000031,22028,9771.389,6799.941,59.999992,22782,11200.419,6845.459,20.0,24116,12173.959,6869.737,20.000004,27904,13022.249,7033.684,91.999977,31362,13294.45,7462.357,429.999817,32544,12573.557,7863.959,444.303741,33210,13037.587,8161.091,446.000092,32364,12415.023,8312.681,448.270782,32063,12157.819,8184.601,445.731476,31507,11946.021,7871.844,444.548737,31053,12031.356,7474.38,445.002441,31525,13909.381,7068.641,446.00174,32548,15487.606,6613.947,445.999908,33181,16875.659,6330.407,423.999939,33516,17072.309,6280.149,424.399078,33464,16976.919,6206.989,434.311676,33004,15762.816,6124.982,444.512573,30855,13874.326,6022.546,448.627899,28380,12468.623,5908.625,444.936005,26191,12089.589,5690.981,295.000031,190.999985,126.000015,124.0,171.000015,141.000076,96.000031,128.0,278.000183,427.999878,431.895905,446.000092,447.999969,449.469421,448.000061,445.999908,445.000336,424.544312,206.689957,143.28006,269.256775,430.000153,443.999969,348.000061,124.000015,240.000031,77.999985,19.999994,21.100002,20.0,60.000008,80.000023,273.999969,423.999664,130.139587,62.27821,0.589553,0.0,0.0,0.0,0.0,282.999908,434.000122,446.300018,453.954224,467.638641,494.300262,484.000092,464.999969,125.999969,19.999998,0.0,53.999973,19.999998,0.0,0.0,163.162231,284.974884,303.540253,280.068054,320.826904,424.000488,423.999939,290.226196,423.668365,315.0,286.528534,267.023407,406.619781,418.02652,401.000031,427.999969,227.399963,340.000092,311.999939,275.999969,189.609985,251.999939,278.700012,314.999908,352.611237,420.950775,432.951447,446.769287,426.934204,301.529541,277.119324,444.911255,444.000183,413.646881,347.070587,330.252899,379.227844,414.678497,313.43924,316.258972,145.695847,447.0,445.000275,444.000092,434.0,444.0,445.000153,447.000122,450.003998,448.356354,447.081909,446.467651,383.756378,274.594116,189.213135,299.084076,435.043701,452.394043,451.177246,451.379669,453.263092,453.26947,453.789337,448.765747,443.807007
2025-01-27,1,1,0,1,24640,12517.784,5123.13,130.0,23133,12392.27,4961.315,59.999996,22271,12361.6,4817.661,20.00001,21678,11975.23,4768.337,19.999992,21550,11998.9,4735.282,39.999996,22467,11977.09,4684.24,40.000019,23848,12015.81,4633.158,80.0,27741,13385.593,5390.677,171.000076,31005,14081.009,8529.588,274.000122,32001,13698.737,12322.957,82.200867,32578,12839.314,16265.385,42.482368,31771,12836.974,18873.889,1.803698,31423,13834.144,19488.903,0.0,30546,14356.414,18386.127,0.0,30190,13469.924,15551.981,0.0,30685,15137.38,11223.762,65.827797,31561,15860.635,6498.575,447.08902,32263,17776.41,3831.335,446.733398,33032,17231.475,3752.284,454.39743,33611,16572.183,3724.426,460.465149,33218,16121.619,3587.762,465.990051,31113,14190.867,3378.068,484.846497,28055,12382.22,3150.05,471.888489,25774,11895.65,2837.149,453.955627,80.0,39.999989,60.0,80.000015,66.999977,40.000004,20.000008,80.000008,389.903595,429.102448,443.082092,443.565735,447.704681,445.708435,443.864899,444.999969,444.999847,423.999908,382.708221,418.536041,445.000061,449.999939,445.999817,362.100128,453.999908,444.000183,424.000122,320.000031,323.000183,320.000122,428.000397,447.999908,425.999969,0.0,0.0,0.0,0.0,0.0,0.0,0.0,426.000061,450.000153,447.999817,450.000092,466.000153,474.000061,489.999847,472.000122,190.999985,126.000015,124.0,171.000015,141.000076,96.000031,128.0,278.000183,427.999878,431.895905,446.000092,447.999969,449.469421,448.000061,445.999908,445.000336,424.544312,206.689957,143.28006,269.256775,430.000153,443.999969,348.000061,124.000015,125.999969,19.999998,0.0,53.999973,19.999998,0.0,0.0,163.162231,284.974884,303.540253,280.068054,320.826904,424.000488,423.999939,290.226196,423.668365,315.0,286.528534,267.023407,406.619781,418.02652,401.000031,427.999969,227.399963,446.000153,444.000092,429.999908,430.000061,444.000122,444.000153,445.999969,452.000061,446.994385,164.110962,138.253647,20.139229,0.0,0.0,0.666277,269.348785,450.268982,451.192444,460.42511,469.579987,469.716949,472.999939,467.71228,449.150238
2025-01-28,1,2,0,1,24600,11714.299,2550.771,446.299835,22918,11632.249,2276.865,443.999939,22006,11595.859,2004.889,425.999969,21584,11557.069,1757.584,375.000092,21426,11526.379,1562.016,423.999939,22241,11510.979,1360.57,425.999847,23766,11509.429,1222.265,444.999969,27441,12990.629,3022.59,451.999786,30616,15221.159,9454.276,430.000061,31777,16008.3,15945.444,0.377552,32207,15361.681,20365.576,0.0,31300,15170.023,22321.542,0.0,30557,15980.333,22431.404,0.0,29551,16336.433,21010.95,0.0,29193,15060.053,17375.747,0.0,29408,15996.889,11316.251,129.999954,30689,16015.056,4279.513,466.284576,31682,17682.765,691.137,470.999786,32751,16993.728,732.226,465.007416,33291,16447.675,805.378,468.289337,33405,16075.97,835.432,466.243622,31443,14558.911,869.455,470.968994,28422,12211.963,873.304,485.08725,25288,11886.529,899.186,470.999878,240.000031,77.999985,19.999994,21.100002,20.0,60.000008,80.000023,273.999969,423.999664,130.139587,62.27821,0.589553,0.0,0.0,0.0,0.0,282.999908,434.000122,446.300018,453.954224,467.638641,494.300262,484.000092,464.999969,467.999969,450.0,443.999939,431.999969,429.999969,430.000031,444.000061,452.499725,276.000092,0.0,0.909868,0.0,0.0,0.0,0.0,0.0,446.300354,494.300079,467.999695,465.031738,475.017456,473.984314,627.38147,677.737,80.0,39.999989,60.0,80.000015,66.999977,40.000004,20.000008,80.000008,389.903595,429.102448,443.082092,443.565735,447.704681,445.708435,443.864899,444.999969,444.999847,423.999908,382.708221,418.536041,445.000061,449.999939,445.999817,362.100128,190.999985,126.000015,124.0,171.000015,141.000076,96.000031,128.0,278.000183,427.999878,431.895905,446.000092,447.999969,449.469421,448.000061,445.999908,445.000336,424.544312,206.689957,143.28006,269.256775,430.000153,443.999969,348.000061,124.000015,448.000031,447.000214,446.0,445.000092,446.000275,446.500061,448.000092,464.320374,464.000061,427.997284,131.999969,57.886761,94.983322,3.916776,21.834316,275.999969,447.999756,452.000092,451.999908,466.000061,468.296539,468.000061,455.000122,445.966156
2025-01-29,1,3,0,1,23169,12100.739,747.486,465.999969,21350,11505.249,695.487,449.999786,20251,11467.499,652.191,444.999878,19743,11568.859,613.067,444.000061,19616,11435.349,591.799,433.999908,20166,11428.709,576.761,443.999817,21520,11597.859,614.373,446.299835,24904,14498.428,2527.882,453.999817,27780,16174.669,8985.476,282.999969,28119,15832.447,15656.537,0.0,28161,15247.203,20232.264,0.0,27442,15053.423,22224.271,0.0,26638,15890.393,22363.416,0.0,26065,16285.813,20959.121,0.0,25623,15027.243,17357.567,0.0,26215,16135.519,11335.428,0.0,27188,15772.73,4316.964,452.000061,28880,16578.229,725.158,473.999786,30826,18150.114,948.808,471.979858,31473,17363.309,1207.233,466.000031,31640,17260.069,1410.325,469.153137,30880,16776.569,1561.577,469.000092,29002,12322.479,1683.395,530.000061,27207,11718.689,1843.582,513.700195,453.999908,444.000183,424.000122,320.000031,323.000183,320.000122,428.000397,447.999908,425.999969,0.0,0.0,0.0,0.0,0.0,0.0,0.0,426.000061,450.000153,447.999817,450.000092,466.000153,474.000061,489.999847,472.000122,485.000153,449.999969,432.000061,390.000214,325.999939,391.999939,444.000397,446.29953,0.0,0.0,0.0,0.0,0.0,0.0,0.0,0.0,0.0,432.000153,0.0,0.0,81.0,132.999939,300.000061,299.999847,240.000031,77.999985,19.999994,21.100002,20.0,60.000008,80.000023,273.999969,423.999664,130.139587,62.27821,0.589553,0.0,0.0,0.0,0.0,282.999908,434.000122,446.300018,453.954224,467.638641,494.300262,484.000092,464.999969,80.0,39.999989,60.0,80.000015,66.999977,40.000004,20.000008,80.000008,389.903595,429.102448,443.082092,443.565735,447.704681,445.708435,443.864899,444.999969,444.999847,423.999908,382.708221,418.536041,445.000061,449.999939,445.999817,362.100128,445.999939,444.000061,426.000092,428.000122,428.000214,444.000031,446.000122,450.400146,448.000244,296.237183,275.801422,20.046141,0.0,0.0,0.0,294.999908,444.000031,427.999969,429.999817,447.376343,447.854523,447.578125,445.649414,426.000214
2025-01-30,1,4,0,1,23534,14134.407,1719.654,431.982971,21234,13696.14,1795.008,320.000031,19784,12775.82,1821.364,299.999969,19164,12171.358,1838.784,294.000153,18985,11952.37,1891.594,282.0,19378,11914.354,1979.1,276.000061,20377,12118.58,2110.022,320.000061,22835,13745.1,3982.855,424.000183,24499,14854.96,9806.766,0.0,24771,15339.804,16042.627,0.0,24329,14853.414,20765.842,0.0,23718,14775.444,23222.782,0.0,22700,15676.754,23638.719,0.0,22292,16016.244,22321.767,0.0,22063,14901.884,18808.29,0.0,22668,15781.56,13256.76,0.0,24092,14989.375,6972.882,0.0,25267,17107.25,3981.916,279.999939,26771,18521.205,4584.542,80.000031,27980,17857.576,5062.603,66.999992,28404,17578.16,5277.701,240.000122,27196,17071.8,5340.813,280.000031,24821,14251.9,5289.477,425.999939,22556,12703.695,5110.054,431.999969,467.999969,450.0,443.999939,431.999969,429.999969,430.000031,444.000061,452.499725,276.000092,0.0,0.909868,0.0,0.0,0.0,0.0,0.0,446.300354,494.300079,467.999695,465.031738,475.017456,473.984314,627.38147,677.737,139.999985,0.0,0.0,0.0,124.000023,147.000046,276.000153,430.000031,239.999832,0.0,0.0,0.0,0.0,0.0,0.0,143.999985,467.999939,464.000031,444.000031,434.000214,444.999939,446.299957,465.000153,449.999908,453.999908,444.000183,424.000122,320.000031,323.000183,320.000122,428.000397,447.999908,425.999969,0.0,0.0,0.0,0.0,0.0,0.0,0.0,426.000061,450.000153,447.999817,450.000092,466.000153,474.000061,489.999847,472.000122,240.000031,77.999985,19.999994,21.100002,20.0,60.000008,80.000023,273.999969,423.999664,130.139587,62.27821,0.589553,0.0,0.0,0.0,0.0,282.999908,434.000122,446.300018,453.954224,467.638641,494.300262,484.000092,464.999969,340.000092,311.999939,275.999969,189.609985,251.999939,278.700012,314.999908,352.611237,420.950775,432.951447,446.769287,426.934204,301.529541,277.119324,444.911255,444.000183,413.646881,347.070587,330.252899,379.227844,414.678497,313.43924,316.258972,145.695847
2025-01-31,1,5,0,1,20826,11824.729,4718.266,444.000031,19280,11795.899,4450.259,274.999969,18511,11734.069,4068.798,131.999954,18235,11672.739,3614.721,129.999985,18091,11689.859,3219.59,146.500015,18708,11632.126,2864.602,282.000061,19964,11942.691,2578.58,432.000244,22290,13509.884,3792.727,446.0,24295,14281.259,7934.242,183.999939,24585,14184.953,12257.223,0.0,23895,13237.953,15627.408,0.0,23114,12963.023,17358.186,0.0,22469,13770.173,17254.317,0.0,21875,13842.303,15045.874,0.0,21610,12759.043,11413.831,0.0,22505,14189.509,7209.84,0.0,24080,14922.61,3390.003,424.000061,25082,16080.279,1812.727,450.000122,26872,17141.144,2352.343,425.999786,28476,17099.577,2793.448,326.0,28766,16860.479,3106.604,433.941803,27159,15843.25,3324.696,444.000122,25142,13151.019,3483.487,452.0,23040,12344.679,3617.053,445.000244,485.000153,449.999969,432.000061,390.000214,325.999939,391.999939,444.000397,446.29953,0.0,0.0,0.0,0.0,0.0,0.0,0.0,0.0,0.0,432.000153,0.0,0.0,81.0,132.999939,300.000061,299.999847,424.000244,423.999939,425.999878,370.999847,280.0,126.0,53.499989,282.000092,443.999817,450.177399,466.35907,472.422638,467.999969,454.0,469.000214,474.000427,509.999939,474.216675,454.242279,466.072845,473.911346,473.84549,465.665588,463.999878,467.999969,450.0,443.999939,431.999969,429.999969,430.000031,444.000061,452.499725,276.000092,0.0,0.909868,0.0,0.0,0.0,0.0,0.0,446.300354,494.300079,467.999695,465.031738,475.017456,473.984314,627.38147,677.737,453.999908,444.000183,424.000122,320.000031,323.000183,320.000122,428.000397,447.999908,425.999969,0.0,0.0,0.0,0.0,0.0,0.0,0.0,426.000061,450.000153,447.999817,450.000092,466.000153,474.000061,489.999847,472.000122,125.999969,19.999998,0.0,53.999973,19.999998,0.0,0.0,163.162231,284.974884,303.540253,280.068054,320.826904,424.000488,423.999939,290.226196,423.668365,315.0,286.528534,267.023407,406.619781,418.02652,401.000031,427.999969,227.399963
2025-02-01,2,6,1,1,20662,12343.707,4753.312,274.000092,18929,10794.09,4787.51,274.000153,17866,9816.809,4859.326,277.999786,17590,9585.369,4960.137,241.999969,17590,9674.375,5067.387,146.999908,18023,10481.669,5149.991,60.000008,19835,11502.309,5203.632,19.999998,22395,12616.789,5442.678,424.0,24679,13318.085,6058.304,444.000336,25185,12109.533,6529.317,446.596771,24708,11738.647,6775.722,451.036469,24111,11199.047,6811.103,450.067261,23355,11118.043,6669.424,447.434235,22838,10961.623,6348.49,446.347687,22838,10949.64,5909.988,446.566498,23833,12917.106,5456.142,446.609253,24867,14352.259,5005.473,450.000092,26530,15415.064,4731.53,446.449371,27900,16602.619,4782.796,428.220642,28926,17212.009,4772.237,444.314423,29208,17075.214,4733.679,444.422028,27515,16082.904,4626.262,445.575867,25191,14256.419,4511.43,445.000061,22946,12470.37,4412.921,443.999786,139.999985,0.0,0.0,0.0,124.000023,147.000046,276.000153,430.000031,239.999832,0.0,0.0,0.0,0.0,0.0,0.0,143.999985,467.999939,464.000031,444.000031,434.000214,444.999939,446.299957,465.000153,449.999908,351.440094,371.440094,371.440063,351.440002,371.439941,351.439911,351.439941,371.440063,453.999908,454.000183,452.000153,425.999969,434.000153,451.999939,468.000092,555.000244,576.978943,554.15033,445.776855,449.49115,465.764465,467.389374,468.0,426.000214,485.000153,449.999969,432.000061,390.000214,325.999939,391.999939,444.000397,446.29953,0.0,0.0,0.0,0.0,0.0,0.0,0.0,0.0,0.0,432.000153,0.0,0.0,81.0,132.999939,300.000061,299.999847,467.999969,450.0,443.999939,431.999969,429.999969,430.000031,444.000061,452.499725,276.000092,0.0,0.909868,0.0,0.0,0.0,0.0,0.0,446.300354,494.300079,467.999695,465.031738,475.017456,473.984314,627.38147,677.737,190.999985,126.000015,124.0,171.000015,141.000076,96.000031,128.0,278.000183,427.999878,431.895905,446.000092,447.999969,449.469421,448.000061,445.999908,445.000336,424.544312,206.689957,143.28006,269.256775,430.000153,443.999969,348.000061,124.000015
2025-02-02,2,7,1,1,21582,12821.328,4393.88,331.439911,19529,11057.998,4299.6,331.440063,18720,10422.779,4235.509,331.440002,18315,10013.933,4144.775,331.439941,18072,9824.215,4064.865,331.440094,18518,10378.519,4007.527,331.439972,20073,11301.479,3881.361,331.440094,22575,12507.569,4118.775,371.439819,25117,12969.408,4996.332,391.923584,26586,12147.813,5807.146,371.440155,26666,12233.523,6218.314,371.449799,25355,11590.128,6223.692,372.406616,24561,11307.833,5867.55,371.009491,23886,11055.633,5264.49,370.999481,24005,11325.114,4599.614,372.052917,24601,12884.946,3992.838,371.440247,25395,13991.637,3437.573,371.439941,26547,14860.635,3129.252,371.43985,28175,16387.949,3286.107,351.877228,29764,16983.259,3400.737,351.439941,29526,16655.689,3421.907,371.440186,27415,15918.769,3353.924,371.440094,24946,12930.408,3255.012,391.440155,22723,11845.969,3201.5,371.440002,424.000244,423.999939,425.999878,370.999847,280.0,126.0,53.499989,282.000092,443.999817,450.177399,466.35907,472.422638,467.999969,454.0,469.000214,474.000427,509.999939,474.216675,454.242279,466.072845,473.911346,473.84549,465.665588,463.999878,371.439972,371.440033,371.440094,371.440155,371.439972,371.440155,351.440033,371.440033,384.968262,384.744324,364.571594,364.563477,344.796021,344.841095,364.388489,364.108215,365.485962,385.031036,365.700745,385.318146,370.697449,370.688629,390.136108,365.881897,139.999985,0.0,0.0,0.0,124.000023,147.000046,276.000153,430.000031,239.999832,0.0,0.0,0.0,0.0,0.0,0.0,143.999985,467.999939,464.000031,444.000031,434.000214,444.999939,446.299957,465.000153,449.999908,485.000153,449.999969,432.000061,390.000214,325.999939,391.999939,444.000397,446.29953,0.0,0.0,0.0,0.0,0.0,0.0,0.0,0.0,0.0,432.000153,0.0,0.0,81.0,132.999939,300.000061,299.999847,80.0,39.999989,60.0,80.000015,66.999977,40.000004,20.000008,80.000008,389.903595,429.102448,443.082092,443.565735,447.704681,445.708435,443.864899,444.999969,444.999847,423.999908,382.708221,418.536041,445.000061,449.999939,445.999817,362.100128
2025-02-03,2,1,0,1,21663,11760.029,3123.035,371.439819,20111,10800.449,3002.158,371.43988,19218,10074.019,2922.483,371.440002,18529,8963.129,2848.875,371.43988,18862,9361.759,2790.337,351.440063,19283,10465.429,2712.45,350.761475,20410,11407.189,2587.05,322.494873,23621,12514.969,2887.292,365.973267,26387,13247.278,3883.36,366.806946,27856,12601.155,4853.669,366.219971,28223,12999.315,5762.447,366.092041,27069,12140.203,6270.174,365.78302,26073,11980.723,6230.852,365.699646,25601,11855.303,5679.531,365.707153,25077,11671.483,4744.455,365.513397,25391,13209.639,3554.259,365.943451,26440,14814.277,2235.273,365.934052,28013,16233.853,1390.117,366.26944,29219,16645.139,1514.164,366.890045,30110,16920.951,1717.324,371.099823,30320,16646.563,1917.61,371.801178,28170,15602.609,2123.931,370.050629,26073,13297.9,2301.338,366.518036,23890,11789.949,2423.845,346.933044,351.440094,371.440094,371.440063,351.440002,371.439941,351.439911,351.439941,371.440063,453.999908,454.000183,452.000153,425.999969,434.000153,451.999939,468.000092,555.000244,576.978943,554.15033,445.776855,449.49115,465.764465,467.389374,468.0,426.000214,449.999939,423.999969,275.999878,136.0,144.000061,150.000015,280.000061,444.000458,427.086426,0.973122,0.0,0.626135,0.587762,0.53386,0.489324,0.892491,432.44397,466.044861,451.999969,452.0,464.141632,452.000092,451.999847,451.999939,424.000244,423.999939,425.999878,370.999847,280.0,126.0,53.499989,282.000092,443.999817,450.177399,466.35907,472.422638,467.999969,454.0,469.000214,474.000427,509.999939,474.216675,454.242279,466.072845,473.911346,473.84549,465.665588,463.999878,139.999985,0.0,0.0,0.0,124.000023,147.000046,276.000153,430.000031,239.999832,0.0,0.0,0.0,0.0,0.0,0.0,143.999985,467.999939,464.000031,444.000031,434.000214,444.999939,446.299957,465.000153,449.999908,240.000031,77.999985,19.999994,21.100002,20.0,60.000008,80.000023,273.999969,423.999664,130.139587,62.27821,0.589553,0.0,0.0,0.0,0.0,282.999908,434.000122,446.300018,453.954224,467.638641,494.300262,484.000092,464.999969
2025-02-04,2,2,0,1,22169,11763.569,3066.073,445.000122,20584,11728.739,3418.364,357.000061,19647,11742.859,3709.228,278.000031,19193,11750.599,3871.665,132.000076,19034,11710.239,3912.094,141.000061,19389,11690.899,3836.764,144.000015,21029,11668.609,3655.548,330.000122,24439,12879.687,4837.863,444.000031,27717,14370.919,8877.416,424.3396,29626,14505.73,13451.585,20.650928,29754,13686.671,17110.078,0.0,28059,13476.003,19000.953,0.0,27229,14404.993,19199.934,0.0,26653,14749.643,17681.518,0.0,26742,13748.363,14288.123,0.0,27495,15108.299,9510.798,357.000214,28780,15871.524,4210.323,453.999969,29754,17832.689,895.178,473.000122,30791,17897.32,801.312,471.999969,31659,18004.604,802.385,471.135406,31651,18170.509,761.275,474.000153,29216,16245.141,701.092,470.000153,26786,14892.429,663.714,470.000153,24660,12793.53,652.719,471.000153,371.439972,371.440033,371.440094,371.440155,371.439972,371.440155,351.440033,371.440033,384.968262,384.744324,364.571594,364.563477,344.796021,344.841095,364.388489,364.108215,365.485962,385.031036,365.700745,385.318146,370.697449,370.688629,390.136108,365.881897,451.000061,444.999939,432.000061,443.999908,444.000061,445.000275,452.000183,463.999878,444.168488,0.0,0.0,0.0,0.0,2.015705,0.540175,0.0,444.359863,464.000397,453.999939,455.190277,454.000061,453.999939,454.000061,452.000153,351.440094,371.440094,371.440063,351.440002,371.439941,351.439911,351.439941,371.440063,453.999908,454.000183,452.000153,425.999969,434.000153,451.999939,468.000092,555.000244,576.978943,554.15033,445.776855,449.49115,465.764465,467.389374,468.0,426.000214,424.000244,423.999939,425.999878,370.999847,280.0,126.0,53.499989,282.000092,443.999817,450.177399,466.35907,472.422638,467.999969,454.0,469.000214,474.000427,509.999939,474.216675,454.242279,466.072845,473.911346,473.84549,465.665588,463.999878,453.999908,444.000183,424.000122,320.000031,323.000183,320.000122,428.000397,447.999908,425.999969,0.0,0.0,0.0,0.0,0.0,0.0,0.0,426.000061,450.000153,447.999817,450.000092,466.000153,474.000061,489.999847,472.000122
2025-02-05,2,3,0,1,23119,13205.86,588.542,454.000214,21455,12203.09,606.323,447.999817,20534,12106.12,613.048,443.999878,19956,11560.91,605.818,443.999756,19974,11563.44,596.487,444.000061,20436,11479.44,583.956,443.999969,21855,12960.769,616.957,452.0,25385,14550.626,2742.078,454.000275,28641,15159.23,8895.343,390.25708,30446,15816.5,15314.502,0.42112,30938,15751.474,19691.594,0.0,30520,15840.264,21556.418,0.0,29336,14483.464,21666.649,0.0,28363,14356.069,20171.619,0.0,27982,14627.964,16500.78,0.0,28321,15689.45,10887.361,43.999989,29315,15925.1,4447.59,454.000366,30171,17195.616,710.217,464.999878,31178,17209.68,738.733,463.999939,31865,17268.7,902.269,464.000061,32066,17048.17,980.72,465.0,30021,16405.14,1016.759,465.000092,27219,14427.412,976.86,466.000183,24727,11979.796,869.631,465.000244,449.999939,423.999969,275.999878,136.0,144.000061,150.000015,280.000061,444.000458,427.086426,0.973122,0.0,0.626135,0.587762,0.53386,0.489324,0.892491,432.44397,466.044861,451.999969,452.0,464.141632,452.000092,451.999847,451.999939,351.43988,351.440094,351.439972,351.440125,351.440033,351.440033,351.439972,371.440094,371.439758,331.440155,313.964447,120.030273,160.245026,312.56427,373.060394,431.332092,447.572479,455.350861,446.979004,447.094421,434.937836,446.845154,391.440063,391.440063,371.439972,371.440033,371.440094,371.440155,371.439972,371.440155,351.440033,371.440033,384.968262,384.744324,364.571594,364.563477,344.796021,344.841095,364.388489,364.108215,365.485962,385.031036,365.700745,385.318146,370.697449,370.688629,390.136108,365.881897,351.440094,371.440094,371.440063,351.440002,371.439941,351.439911,351.439941,371.440063,453.999908,454.000183,452.000153,425.999969,434.000153,451.999939,468.000092,555.000244,576.978943,554.15033,445.776855,449.49115,465.764465,467.389374,468.0,426.000214,467.999969,450.0,443.999939,431.999969,429.999969,430.000031,444.000061,452.499725,276.000092,0.0,0.909868,0.0,0.0,0.0,0.0,0.0,446.300354,494.300079,467.999695,465.031738,475.017456,473.984314,627.38147,677.737
2025-02-06,2,4,0,1,23277,13383.217,760.15,368.195068,21618,12923.714,664.013,371.440186,20685,12436.774,626.46,351.440033,20117,11781.311,724.072,351.439972,20135,11714.299,987.118,351.440033,20598,11588.879,1402.761,331.440063,21973,11602.428,1964.747,351.440002,25497,12692.335,3393.973,371.439941,28741,13468.059,6073.263,372.445831,30445,12662.052,8635.603,372.427643,30976,11840.446,10707.957,373.811493,30599,11824.276,11941.328,353.769897,29549,11499.979,11842.863,362.528656,28611,11347.585,10837.653,353.89621,28218,11561.633,8915.858,354.025482,28585,13813.079,6396.711,371.439758,29598,15705.132,3588.834,371.440186,30406,17105.048,1811.034,391.440033,31332,17060.928,1926.344,371.43988,32048,17149.588,2039.899,391.439941,32191,17107.312,1929.957,391.440094,30167,16583.926,1758.229,391.43985,27341,14158.323,1625.547,391.440125,24830,11995.948,1601.699,391.440125,451.000061,444.999939,432.000061,443.999908,444.000061,445.000275,452.000183,463.999878,444.168488,0.0,0.0,0.0,0.0,2.015705,0.540175,0.0,444.359863,464.000397,453.999939,455.190277,454.000061,453.999939,454.000061,452.000153,351.440125,351.439941,351.440063,351.440186,351.440063,351.439941,351.439911,371.439911,371.440002,371.440033,344.529266,342.073029,323.97757,333.222839,351.586426,371.440063,391.440094,391.440186,374.480072,374.480042,391.440155,371.440125,371.439941,351.440186,449.999939,423.999969,275.999878,136.0,144.000061,150.000015,280.000061,444.000458,427.086426,0.973122,0.0,0.626135,0.587762,0.53386,0.489324,0.892491,432.44397,466.044861,451.999969,452.0,464.141632,452.000092,451.999847,451.999939,371.439972,371.440033,371.440094,371.440155,371.439972,371.440155,351.440033,371.440033,384.968262,384.744324,364.571594,364.563477,344.796021,344.841095,364.388489,364.108215,365.485962,385.031036,365.700745,385.318146,370.697449,370.688629,390.136108,365.881897,485.000153,449.999969,432.000061,390.000214,325.999939,391.999939,444.000397,446.29953,0.0,0.0,0.0,0.0,0.0,0.0,0.0,0.0,0.0,432.000153,0.0,0.0,81.0,132.999939,300.000061,299.999847
2025-02-07,2,5,0,1,24109,11602.567,1623.504,351.440033,22555,10965.559,1565.951,351.439911,21283,10937.249,1485.801,351.440002,20746,10909.079,1386.272,351.440094,20510,10897.829,1272.284,351.440155,21134,10889.779,1135.905,351.440125,23156,11554.729,997.327,351.439941,26956,12929.999,1812.201,351.439972,30748,14399.483,4163.051,371.440063,31968,13189.894,6546.958,373.55069,32157,12613.75,8515.614,376.434082,30770,11837.154,9690.537,360.026886,30060,10584.208,9760.489,344.787689,29250,10564.608,8718.074,341.77774,28811,11424.792,6932.468,353.086121,29586,13738.192,4654.122,372.537903,30580,15083.473,2155.718,371.805511,31332,15968.986,529.543,391.835266,32155,16678.967,587.743,371.485657,33392,17246.788,670.958,371.510742,33652,17106.971,709.792,372.879028,31653,14269.532,759.488,372.902618,28322,11939.01,863.258,371.440033,25459,10916.549,1013.177,351.439972,351.43988,351.440094,351.439972,351.440125,351.440033,351.440033,351.439972,371.440094,371.439758,331.440155,313.964447,120.030273,160.245026,312.56427,373.060394,431.332092,447.572479,455.350861,446.979004,447.094421,434.937836,446.845154,391.440063,391.440063,444.000092,350.999939,273.999847,40.000004,20.000013,39.999996,39.999996,146.5,124.828148,106.315918,214.072891,56.480213,26.841719,13.698497,49.478489,202.347824,444.0,451.328217,454.000183,463.999969,454.000214,451.999908,451.0,446.000061,451.000061,444.999939,432.000061,443.999908,444.000061,445.000275,452.000183,463.999878,444.168488,0.0,0.0,0.0,0.0,2.015705,0.540175,0.0,444.359863,464.000397,453.999939,455.190277,454.000061,453.999939,454.000061,452.000153,449.999939,423.999969,275.999878,136.0,144.000061,150.000015,280.000061,444.000458,427.086426,0.973122,0.0,0.626135,0.587762,0.53386,0.489324,0.892491,432.44397,466.044861,451.999969,452.0,464.141632,452.000092,451.999847,451.999939,139.999985,0.0,0.0,0.0,124.000023,147.000046,276.000153,430.000031,239.999832,0.0,0.0,0.0,0.0,0.0,0.0,143.999985,467.999939,464.000031,444.000031,434.000214,444.999939,446.299957,465.000153,449.999908
2025-02-08,2,6,1,1,25148,10425.283,2457.472,424.000275,23312,10373.243,3204.769,144.000031,22218,10445.123,3999.264,79.999977,21811,10511.723,4778.021,20.000008,21549,10581.413,5407.238,20.000004,22529,10630.653,5771.78,39.999985,24083,11947.839,5906.677,80.0,28276,13150.389,7524.184,132.000046,32530,14846.643,11790.495,81.401024,33661,14855.619,15846.091,44.577526,34250,14687.349,19108.466,63.812302,33299,14785.583,20526.889,67.885246,32452,13470.633,20365.522,65.021156,31720,13193.068,18588.59,49.458252,31273,13571.513,15340.544,139.801392,32213,15077.346,11123.083,436.136902,33405,15726.27,6360.084,454.900421,33702,16172.442,3242.356,469.068054,34174,17087.23,3205.957,465.704956,35083,17358.3,3235.321,466.831848,35158,17198.092,3114.816,466.000031,33536,14628.552,2899.746,465.268585,30023,12415.792,2621.853,464.999969,27050,11277.269,2322.048,452.000092,351.440125,351.439941,351.440063,351.440186,351.440063,351.439941,351.439911,371.439911,371.440002,371.440033,344.529266,342.073029,323.97757,333.222839,351.586426,371.440063,391.440094,391.440186,374.480072,374.480042,391.440155,371.440125,371.439941,351.440186,351.439972,351.440002,331.440033,331.440063,331.440002,351.440155,351.440033,391.43988,371.439972,328.083588,282.974731,210.719223,183.881882,153.642105,316.575256,344.013245,389.999725,454.622681,418.945404,443.025452,452.833313,442.925812,442.385132,389.512878,351.43988,351.440094,351.439972,351.440125,351.440033,351.440033,351.439972,371.440094,371.439758,331.440155,313.964447,120.030273,160.245026,312.56427,373.060394,431.332092,447.572479,455.350861,446.979004,447.094421,434.937836,446.845154,391.440063,391.440063,451.000061,444.999939,432.000061,443.999908,444.000061,445.000275,452.000183,463.999878,444.168488,0.0,0.0,0.0,0.0,2.015705,0.540175,0.0,444.359863,464.000397,453.999939,455.190277,454.000061,453.999939,454.000061,452.000153,424.000244,423.999939,425.999878,370.999847,280.0,126.0,53.499989,282.000092,443.999817,450.177399,466.35907,472.422638,467.999969,454.0,469.000214,474.000427,509.999939,474.216675,454.242279,466.072845,473.911346,473.84549,465.665588,463.999878
2025-02-09,2,7,1,1,26760,10782.355,1776.543,371.439819,25213,10345.129,1553.702,351.440186,24074,10357.704,1380.864,351.440002,23433,10228.224,1254.368,351.440063,23195,10213.374,1163.897,351.439941,23944,10206.654,1096.973,351.439972,25755,11504.383,1053.852,371.440002,29785,13428.774,3558.978,371.440033,34024,16956.021,10073.699,371.737061,36047,18647.594,16511.239,346.676605,36931,19441.619,21578.723,332.769745,36509,19532.556,24231.359,311.874054,35709,20108.518,24673.945,276.253479,34756,20691.694,22942.646,177.032944,34733,18749.763,19126.689,317.163513,35154,18716.143,12982.552,351.831116,36553,16738.21,5566.768,391.43985,36808,15926.71,728.152,446.352783,37287,16477.27,657.4,391.497467,37720,16530.811,829.668,424.058929,37602,16103.96,926.14,426.633087,35360,13992.901,1012.95,423.999908,31499,11995.66,1088.588,443.999878,28222,11095.293,1181.4,391.440033,444.000092,350.999939,273.999847,40.000004,20.000013,39.999996,39.999996,146.5,124.828148,106.315918,214.072891,56.480213,26.841719,13.698497,49.478489,202.347824,444.0,451.328217,454.000183,463.999969,454.000214,451.999908,451.0,446.000061,452.000031,447.999908,444.000061,432.000092,444.000031,446.000031,450.000122,453.999481,431.999908,2.188332,2.210684,1.536442,1.544974,1.617925,0.0,247.999924,460.925568,472.360016,467.850006,471.954895,514.578186,495.830383,484.697662,484.000092,351.440125,351.439941,351.440063,351.440186,351.440063,351.439941,351.439911,371.439911,371.440002,371.440033,344.529266,342.073029,323.97757,333.222839,351.586426,371.440063,391.440094,391.440186,374.480072,374.480042,391.440155,371.440125,371.439941,351.440186,351.43988,351.440094,351.439972,351.440125,351.440033,351.440033,351.439972,371.440094,371.439758,331.440155,313.964447,120.030273,160.245026,312.56427,373.060394,431.332092,447.572479,455.350861,446.979004,447.094421,434.937836,446.845154,391.440063,391.440063,351.440094,371.440094,371.440063,351.440002,371.439941,351.439911,351.439941,371.440063,453.999908,454.000183,452.000153,425.999969,434.000153,451.999939,468.000092,555.000244,576.978943,554.15033,445.776855,449.49115,465.764465,467.389374,468.0,426.000214
2025-02-10,2,1,0,1,27178,11049.613,1253.2,450.0,25555,10487.553,1271.966,446.0,24583,10458.063,1279.01,433.999817,23882,10352.703,1280.962,430.000092,23740,10277.593,1268.774,430.000092,24452,10302.823,1236.134,432.000183,25624,11591.963,1268.514,444.0,29955,14011.573,4622.04,447.999908,33415,18349.023,13150.73,424.874634,33835,20794.723,21269.438,111.716606,34695,21918.103,26994.174,47.915363,32973,21836.993,29174.158,2.088647,32693,22335.158,29175.606,2.170015,32196,22815.273,27631.032,2.240277,31796,20517.663,23072.157,21.492651,32591,19859.391,15871.961,429.7724,34827,17678.688,6943.991,485.758636,35593,16717.021,1465.735,566.21875,36167,17050.085,1484.886,485.187103,36852,16981.404,1785.332,485.206543,36482,16361.024,1919.213,510.420105,33692,14431.173,1924.745,498.550385,30984,11900.761,1881.85,524.843262,27919,11196.813,1886.916,486.68811,351.439972,351.440002,331.440033,331.440063,331.440002,351.440155,351.440033,391.43988,371.439972,328.083588,282.974731,210.719223,183.881882,153.642105,316.575256,344.013245,389.999725,454.622681,418.945404,443.025452,452.833313,442.925812,442.385132,389.512878,371.440033,371.439972,371.440002,371.439819,351.440063,371.439789,371.439911,391.43985,421.076538,366.234772,353.87027,331.144684,344.843933,345.136627,360.863678,394.995697,445.577667,482.859619,410.682526,412.943512,393.002686,380.448944,371.439972,351.440063,444.000092,350.999939,273.999847,40.000004,20.000013,39.999996,39.999996,146.5,124.828148,106.315918,214.072891,56.480213,26.841719,13.698497,49.478489,202.347824,444.0,451.328217,454.000183,463.999969,454.000214,451.999908,451.0,446.000061,351.440125,351.439941,351.440063,351.440186,351.440063,351.439941,351.439911,371.439911,371.440002,371.440033,344.529266,342.073029,323.97757,333.222839,351.586426,371.440063,391.440094,391.440186,374.480072,374.480042,391.440155,371.440125,371.439941,351.440186,371.439972,371.440033,371.440094,371.440155,371.439972,371.440155,351.440033,371.440033,384.968262,384.744324,364.571594,364.563477,344.796021,344.841095,364.388489,364.108215,365.485962,385.031036,365.700745,385.318146,370.697449,370.688629,390.136108,365.881897
2025-02-11,2,2,0,1,26843,11189.732,1644.528,373.000031,25058,10841.238,1575.194,371.440033,24163,10770.404,1472.808,371.440033,23678,10259.984,1387.222,371.440063,23702,10255.074,1332.288,371.43988,24901,10239.204,1285.682,371.439972,26941,11509.794,1258.408,371.439941,31536,13595.844,3271.01,388.000275,35653,16520.775,8287.199,371.865387,35253,17665.407,13052.586,347.447388,35660,18291.378,16356.056,332.597626,33487,18087.592,17837.944,308.466919,32654,18551.917,17750.395,309.192963,32135,19126.85,15763.874,313.577332,32177,17511.044,12384.04,337.095428,32773,17649.314,8540.712,372.158539,34108,15969.128,4518.035,391.707153,34631,16025.844,2166.827,391.440063,35899,16271.124,2487.656,391.440002,36441,16218.524,2854.704,391.439941,35682,15363.074,3033.316,391.440094,33442,13039.793,3098.681,391.440063,30613,11576.754,3119.753,389.999939,27809,11029.504,3140.957,371.439911,452.000031,447.999908,444.000061,432.000092,444.000031,446.000031,450.000122,453.999481,431.999908,2.188332,2.210684,1.536442,1.544974,1.617925,0.0,247.999924,460.925568,472.360016,467.850006,471.954895,514.578186,495.830383,484.697662,484.000092,351.439911,371.439819,351.440002,351.440063,351.43985,351.440216,351.43985,371.440063,421.727844,403.483551,483.538666,508.970612,870.88899225,870.88899225,870.88899225,870.88899225,870.88899225,785.240173,463.832306,444.065521,444.133057,391.439972,391.440033,351.439911,351.439972,351.440002,331.440033,331.440063,331.440002,351.440155,351.440033,391.43988,371.439972,328.083588,282.974731,210.719223,183.881882,153.642105,316.575256,344.013245,389.999725,454.622681,418.945404,443.025452,452.833313,442.925812,442.385132,389.512878,444.000092,350.999939,273.999847,40.000004,20.000013,39.999996,39.999996,146.5,124.828148,106.315918,214.072891,56.480213,26.841719,13.698497,49.478489,202.347824,444.0,451.328217,454.000183,463.999969,454.000214,451.999908,451.0,446.000061,449.999939,423.999969,275.999878,136.0,144.000061,150.000015,280.000061,444.000458,427.086426,0.973122,0.0,0.626135,0.587762,0.53386,0.489324,0.892491,432.44397,466.044861,451.999969,452.0,464.141632,452.000092,451.999847,451.999939
2025-02-12,2,3,0,1,26997,10447.933,3282.472,351.43988,25282,8784.283,3236.133,371.43985,24353,8743.813,3255.774,351.440155,23803,8530.893,3292.276,351.439972,23931,8487.543,3308.621,351.439697,25048,9268.933,3270.158,351.440155,26991,11424.003,3178.23,351.440002,31239,12577.123,3598.586,371.439819,35090,14260.089,4512.259,391.439758,35338,13088.007,5203.978,394.381256,35813,14612.341,5525.738,396.01651,33668,14269.279,5392.875,392.726898,32857,13992.498,5109.71,392.410034,32660,13765.98,4640.025,391.52887,32365,13416.273,3925.276,391.226257,32896,14122.164,2904.785,391.969238,34102,14637.147,1740.27,391.961639,34672,15301.143,873.655,391.749115,35813,15754.369,882.778,391.675751,36003,15819.691,1014.564,391.69342,35193,15292.986,1155.343,391.87262,32950,12775.071,1351.986,392.002228,30297,11528.586,1660.68,392.008759,27817,10973.223,2070.658,371.440002,371.440033,371.439972,371.440002,371.439819,351.440063,371.439789,371.439911,391.43985,421.076538,366.234772,353.87027,331.144684,344.843933,345.136627,360.863678,394.995697,445.577667,482.859619,410.682526,412.943512,393.002686,380.448944,371.439972,351.440063,351.439941,351.440033,340.000031,340.000031,331.440033,311.439941,311.439911,351.439911,363.581451,374.016632,375.378845,345.919739,317.226471,231.240204,223.868286,313.643555,372.997986,371.440033,371.370209,371.411224,371.366364,372.92688,371.439789,351.440063,452.000031,447.999908,444.000061,432.000092,444.000031,446.000031,450.000122,453.999481,431.999908,2.188332,2.210684,1.536442,1.544974,1.617925,0.0,247.999924,460.925568,472.360016,467.850006,471.954895,514.578186,495.830383,484.697662,484.000092,351.439972,351.440002,331.440033,331.440063,331.440002,351.440155,351.440033,391.43988,371.439972,328.083588,282.974731,210.719223,183.881882,153.642105,316.575256,344.013245,389.999725,454.622681,418.945404,443.025452,452.833313,442.925812,442.385132,389.512878,451.000061,444.999939,432.000061,443.999908,444.000061,445.000275,452.000183,463.999878,444.168488,0.0,0.0,0.0,0.0,2.015705,0.540175,0.0,444.359863,464.000397,453.999939,455.190277,454.000061,453.999939,454.000061,452.000153
2025-02-13,2,4,0,1,26899,10423.393,2667.392,351.43985,25255,8911.373,3247.629,351.440125,24237,8765.423,3795.048,351.440063,23684,8655.393,4263.869,331.440033,23775,8678.296,4652.717,331.440155,24740,9523.063,4920.564,331.440002,26520,11682.063,5112.358,331.439972,30452,12877.203,5826.056,351.439941,34140,14295.603,7043.033,371.440186,35417,13376.989,8237.537,383.241638,36075,13590.909,9422.496,394.084198,34819,13625.389,10383.682,374.29541,34879,13832.019,10847.051,368.84314,33851,13669.838,10725.369,364.669281,33610,13284.439,9853.155,361.745361,33845,14796.451,8102.721,371.457672,34520,14456.363,5895.327,390.831207,35238,15614.983,4142.087,371.439941,35716,15789.203,3650.893,391.383881,36733,16085.563,3260.34,383.064331,36195,15687.369,2819.535,391.355682,33742,13335.545,2365.758,391.368469,30990,12307.657,1988.088,391.371002,28239,11172.773,1651.194,371.440155,351.439911,371.439819,351.440002,351.440063,351.43985,351.440216,351.43985,371.440063,421.727844,403.483551,483.538666,508.970612,870.88899225,870.88899225,870.88899225,870.88899225,870.88899225,785.240173,463.832306,444.065521,444.133057,391.439972,391.440033,351.439911,351.440125,351.440033,331.440063,331.440186,340.000092,351.439941,351.43985,391.344147,371.439972,351.417175,343.546783,306.4198,337.075226,351.574127,371.8638,390.315765,390.945007,391.447632,391.440002,391.430389,390.950104,372.989441,371.440033,351.440002,371.440033,371.439972,371.440002,371.439819,351.440063,371.439789,371.439911,391.43985,421.076538,366.234772,353.87027,331.144684,344.843933,345.136627,360.863678,394.995697,445.577667,482.859619,410.682526,412.943512,393.002686,380.448944,371.439972,351.440063,452.000031,447.999908,444.000061,432.000092,444.000031,446.000031,450.000122,453.999481,431.999908,2.188332,2.210684,1.536442,1.544974,1.617925,0.0,247.999924,460.925568,472.360016,467.850006,471.954895,514.578186,495.830383,484.697662,484.000092,351.43988,351.440094,351.439972,351.440125,351.440033,351.440033,351.439972,371.440094,371.439758,331.440155,313.964447,120.030273,160.245026,312.56427,373.060394,431.332092,447.572479,455.350861,446.979004,447.094421,434.937836,446.845154,391.440063,391.440063
2025-02-14,2,5,0,1,27386,10391.903,1323.989,351.440094,25896,9452.693,1154.212,351.440063,24588,9378.153,1008.196,351.43985,24257,9285.483,893.763,351.440094,24438,9289.353,818.418,351.440033,25256,9269.303,776.662,351.43988,27539,11369.313,804.237,351.439911,32120,13838.253,2667.722,371.43988,35992,16564.283,6790.726,371.43985,36878,16774.21,10433.906,351.397766,37254,18047.421,12759.712,351.872131,35410,17462.279,13547.912,349.994965,35166,17608.199,13032.763,351.43985,34660,17528.449,11046.52,331.439941,34653,16104.459,8083.752,351.439941,35284,16294.541,5164.412,371.439789,36312,16015.363,2334.22,390.933411,36074,16264.463,657.264,391.439728,36934,16046.403,740.498,391.329254,37217,15936.673,916.486,390.942291,36656,15367.743,1028.25,390.531494,34591,12602.603,1088.844,390.933624,31560,11456.416,1068.878,387.970062,28520,10928.853,972.224,371.440155,351.439941,351.440033,340.000031,340.000031,331.440033,311.439941,311.439911,351.439911,363.581451,374.016632,375.378845,345.919739,317.226471,231.240204,223.868286,313.643555,372.997986,371.440033,371.370209,371.411224,371.366364,372.92688,371.439789,351.440063,351.439972,371.439819,371.439758,371.440002,371.439911,371.440155,371.440063,391.440338,442.757538,390.552399,390.871796,391.030853,383.010712,390.705414,391.439972,391.440033,391.034149,391.434814,391.460724,391.030975,391.43985,391.440216,391.460754,371.440155,351.439911,371.439819,351.440002,351.440063,351.43985,351.440216,351.43985,371.440063,421.727844,403.483551,483.538666,508.970612,870.88899225,870.88899225,870.88899225,870.88899225,870.88899225,785.240173,463.832306,444.065521,444.133057,391.439972,391.440033,351.439911,371.440033,371.439972,371.440002,371.439819,351.440063,371.439789,371.439911,391.43985,421.076538,366.234772,353.87027,331.144684,344.843933,345.136627,360.863678,394.995697,445.577667,482.859619,410.682526,412.943512,393.002686,380.448944,371.439972,351.440063,351.440125,351.439941,351.440063,351.440186,351.440063,351.439941,351.439911,371.439911,371.440002,371.440033,344.529266,342.073029,323.97757,333.222839,351.586426,371.440063,391.440094,391.440186,374.480072,374.480042,391.440155,371.440125,371.439941,351.440186
2025-02-15,2,6,1,1,27446,10273.064,955.124,371.439972,25855,8652.044,814.866,371.439941,24693,8602.904,694.669,351.439758,24148,8449.084,606.737,351.440125,24020,8455.524,547.234,351.439972,24966,9213.064,496.754,351.439972,27200,11355.874,471.903,371.440002,32484,12562.834,988.529,371.439941,36030,14934.978,2202.141,391.440002,37332,14673.494,3426.237,390.770386,38300,15777.73,4571.6,391.920349,36236,14679.09,5348.584,392.209534,36091,14533.072,5570.796,391.810974,35346,13969.94,5223.603,391.083313,34688,13271.66,4352.299,391.137329,34739,14713.014,3054.965,391.217804,35546,15017.324,1506.963,390.909332,35132,14775.609,343.318,391.443481,35754,15240.704,343.601,391.034515,36614,15261.408,448.04,390.699463,35976,14340.424,567.834,390.747986,33911,11907.833,664.935,391.439972,30594,10933.824,724.01,391.440155,27951,10848.944,762.57,371.439789,351.440125,351.440033,331.440063,331.440186,340.000092,351.439941,351.43985,391.344147,371.439972,351.417175,343.546783,306.4198,337.075226,351.574127,371.8638,390.315765,390.945007,391.447632,391.440002,391.430389,390.950104,372.989441,371.440033,351.440002,391.440277,371.439819,371.440002,351.439941,371.43988,391.439789,428.000183,447.999939,446.000061,371.741791,332.908386,176.137421,166.288376,78.903648,24.429968,127.938431,371.24472,448.000214,449.99054,449.769745,447.877014,448.233276,448.000122,427.999878,351.439941,351.440033,340.000031,340.000031,331.440033,311.439941,311.439911,351.439911,363.581451,374.016632,375.378845,345.919739,317.226471,231.240204,223.868286,313.643555,372.997986,371.440033,371.370209,371.411224,371.366364,372.92688,371.439789,351.440063,351.439911,371.439819,351.440002,351.440063,351.43985,351.440216,351.43985,371.440063,421.727844,403.483551,483.538666,508.970612,870.88899225,870.88899225,870.88899225,870.88899225,870.88899225,785.240173,463.832306,444.065521,444.133057,391.439972,391.440033,351.439911,444.000092,350.999939,273.999847,40.000004,20.000013,39.999996,39.999996,146.5,124.828148,106.315918,214.072891,56.480213,26.841719,13.698497,49.478489,202.347824,444.0,451.328217,454.000183,463.999969,454.000214,451.999908,451.0,446.000061
2025-02-16,2,7,1,1,27810,11153.733,644.717,391.440186,26014,10926.063,663.95,371.440002,24929,10809.823,689.083,371.440002,24377,10546.363,727.913,351.43988,24309,10485.263,747.814,371.439911,25049,10429.722,737.203,371.43988,26818,11644.813,743.501,391.440094,30215,13645.613,1999.275,448.000061,33265,16094.873,5140.656,449.989716,33938,16422.949,9039.078,429.293335,33609,17682.929,13292.619,371.678864,32278,17904.539,16330.889,302.335388,32125,18677.629,17471.255,141.891541,31494,19462.179,17241.785,48.487659,31244,18093.959,15272.889,132.000031,31728,18544.493,10833.587,331.440002,32781,16831.749,5031.63,428.740875,33031,16159.759,670.651,449.999786,34060,16284.629,466.394,449.756927,34803,16316.129,619.484,449.895569,34900,16020.49,757.788,447.907318,32770,13100.334,900.01,450.438507,29961,11863.228,1033.92,449.999756,27174,11138.904,1129.349,429.999817,351.439972,371.439819,371.439758,371.440002,371.439911,371.440155,371.440063,391.440338,442.757538,390.552399,390.871796,391.030853,383.010712,390.705414,391.439972,391.440033,391.034149,391.434814,391.460724,391.030975,391.43985,391.440216,391.460754,371.440155,448.000244,434.000061,430.0,428.000031,430.000153,446.000092,448.000183,450.000183,424.000244,62.246887,48.85603,1.421514,0.16888,1.996678,2.165072,283.018463,451.989746,465.911255,463.906128,463.908081,467.880524,463.954987,464.000153,449.984985,351.440125,351.440033,331.440063,331.440186,340.000092,351.439941,351.43985,391.344147,371.439972,351.417175,343.546783,306.4198,337.075226,351.574127,371.8638,390.315765,390.945007,391.447632,391.440002,391.430389,390.950104,372.989441,371.440033,351.440002,351.439941,351.440033,340.000031,340.000031,331.440033,311.439941,311.439911,351.439911,363.581451,374.016632,375.378845,345.919739,317.226471,231.240204,223.868286,313.643555,372.997986,371.440033,371.370209,371.411224,371.366364,372.92688,371.439789,351.440063,351.439972,351.440002,331.440033,331.440063,331.440002,351.440155,351.440033,391.43988,371.439972,328.083588,282.974731,210.719223,183.881882,153.642105,316.575256,344.013245,389.999725,454.622681,418.945404,443.025452,452.833313,442.925812,442.385132,389.512878
2025-02-17,2,1,0,1,26947,11474.06,1235.559,447.999786,25324,10928.052,1168.3,445.999969,24540,10425.394,1041.403,439.999939,23939,10401.244,915.201,429.999969,24118,10403.794,820.675,434.000061,24819,10440.064,762.919,445.999969,26218,12082.426,790.752,447.999939,29297,14197.924,3766.967,448.000031,31558,17914.844,10227.155,277.000061,32051,19585.18,16694.047,5.111506,32180,20781.58,20887.5,0.0,30934,20357.06,22664.284,0.0,31207,20627.96,22561.015,0.0,30454,20625.19,20685.931,0.0,30064,18399.91,16983.359,19.999994,30469,18505.804,11597.288,289.933685,31766,16675.334,5552.42,451.999847,32082,16330.271,1717.427,453.999756,33069,16182.212,1829.557,451.968323,33841,16171.659,2160.631,453.999786,33999,15924.431,2310.386,454.000031,31636,13065.472,2395.737,453.999969,28566,11599.614,2497.256,452.000092,26234,11099.604,2594.499,448.000153,391.440277,371.439819,371.440002,351.439941,371.43988,391.439789,428.000183,447.999939,446.000061,371.741791,332.908386,176.137421,166.288376,78.903648,24.429968,127.938431,371.24472,448.000214,449.99054,449.769745,447.877014,448.233276,448.000122,427.999878,351.439941,351.440002,351.43988,351.439819,351.440063,351.440216,351.440063,371.439728,391.440125,391.24353,372.148865,361.339935,355.908905,357.451782,347.274139,366.516602,366.565186,368.863831,367.344116,369.394775,369.874786,369.906464,347.084808,348.859436,351.439972,371.439819,371.439758,371.440002,371.439911,371.440155,371.440063,391.440338,442.757538,390.552399,390.871796,391.030853,383.010712,390.705414,391.439972,391.440033,391.034149,391.434814,391.460724,391.030975,391.43985,391.440216,391.460754,371.440155,351.440125,351.440033,331.440063,331.440186,340.000092,351.439941,351.43985,391.344147,371.439972,351.417175,343.546783,306.4198,337.075226,351.574127,371.8638,390.315765,390.945007,391.447632,391.440002,391.430389,390.950104,372.989441,371.440033,351.440002,452.000031,447.999908,444.000061,432.000092,444.000031,446.000031,450.000122,453.999481,431.999908,2.188332,2.210684,1.536442,1.544974,1.617925,0.0,247.999924,460.925568,472.360016,467.850006,471.954895,514.578186,495.830383,484.697662,484.000092
2025-02-18,2,2,0,1,26302,10512.553,3296.704,351.440002,24766,8823.783,3440.369,351.440033,23904,8489.643,3407.503,351.440186,23299,8385.653,3296.739,351.440063,23397,8390.753,3166.778,351.440094,24672,9125.533,2918.5,351.440125,27161,11565.683,2711.845,351.440063,30972,12663.233,3112.787,371.440002,34432,13924.522,3977.036,391.43988,35834,13512.709,4898.686,391.439972,36197,14223.361,5795.088,390.907898,34389,13594.439,6450.597,371.411285,34280,13738.537,6563.635,384.472107,33412,12838.183,6102.383,385.246552,33002,12420.265,5097.659,382.631378,33575,14343.432,3809.651,391.113464,34301,15197.399,2269.578,391.414612,34299,15271.689,994.965,390.078278,34800,15084.068,1082.118,371.858124,35336,15251.025,1286.521,372.026276,35003,14765.779,1335.282,372.146973,32930,12122.074,1307.458,372.193726,29831,11072.363,1246.432,371.440002,27571,11023.113,1162.897,351.440125,448.000244,434.000061,430.0,428.000031,430.000153,446.000092,448.000183,450.000183,424.000244,62.246887,48.85603,1.421514,0.16888,1.996678,2.165072,283.018463,451.989746,465.911255,463.906128,463.908081,467.880524,463.954987,464.000153,449.984985,351.43988,351.439972,331.440125,331.440063,351.440094,351.440094,371.440094,390.994629,351.440002,312.298218,129.693954,0.0,0.0,1.330582,29.317013,328.959656,370.800842,371.440216,391.021637,390.975739,390.947021,391.440002,371.440002,351.439941,391.440277,371.439819,371.440002,351.439941,371.43988,391.439789,428.000183,447.999939,446.000061,371.741791,332.908386,176.137421,166.288376,78.903648,24.429968,127.938431,371.24472,448.000214,449.99054,449.769745,447.877014,448.233276,448.000122,427.999878,351.439972,371.439819,371.439758,371.440002,371.439911,371.440155,371.440063,391.440338,442.757538,390.552399,390.871796,391.030853,383.010712,390.705414,391.439972,391.440033,391.034149,391.434814,391.460724,391.030975,391.43985,391.440216,391.460754,371.440155,371.440033,371.439972,371.440002,371.439819,351.440063,371.439789,371.439911,391.43985,421.076538,366.234772,353.87027,331.144684,344.843933,345.136627,360.863678,394.995697,445.577667,482.859619,410.682526,412.943512,393.002686,380.448944,371.439972,351.440063
2025-02-19,2,3,0,1,27017,11016.289,1205.812,351.439911,25562,10764.156,1136.236,351.440216,24568,10780.433,1048.744,351.440033,24000,10646.357,970.578,351.439941,24099,10379.753,926.524,351.439758,25148,10385.653,917.651,351.439911,27581,11586.153,966.064,385.75174,31350,13497.485,3084.099,390.647552,34948,14796.883,7003.976,371.592133,35881,14285.937,11080.714,352.948792,36077,14533.301,14407.628,331.825684,34156,13664.774,16164.276,311.912201,33996,13791.172,16063.338,293.282715,33257,14248.709,14177.172,294.436523,32883,13151.289,10995.788,339.566956,33458,15293.743,7394.873,371.440033,34298,15951.311,3569.686,391.439911,34433,16296.135,1118.599,423.343597,35061,16028.773,1180.365,403.12558,35495,15720.806,1420.112,419.6297,35042,15270.909,1479.589,416.731689,32842,12737.997,1433.708,423.276978,29858,11590.463,1352.179,391.439728,27589,11024.013,1313.326,371.439789,351.439941,351.440002,351.43988,351.439819,351.440063,351.440216,351.440063,371.439728,391.440125,391.24353,372.148865,361.339935,355.908905,357.451782,347.274139,366.516602,366.565186,368.863831,367.344116,369.394775,369.874786,369.906464,347.084808,348.859436,351.440063,369.261353,370.494049,369.217987,351.439789,351.439972,371.440094,371.439636,351.440033,306.31308,190.022614,250.089432,278.78595,347.59314,369.05249,391.674713,391.822327,391.849121,371.620178,371.620117,371.626831,351.426239,351.440125,331.440002,448.000244,434.000061,430.0,428.000031,430.000153,446.000092,448.000183,450.000183,424.000244,62.246887,48.85603,1.421514,0.16888,1.996678,2.165072,283.018463,451.989746,465.911255,463.906128,463.908081,467.880524,463.954987,464.000153,449.984985,391.440277,371.439819,371.440002,351.439941,371.43988,391.439789,428.000183,447.999939,446.000061,371.741791,332.908386,176.137421,166.288376,78.903648,24.429968,127.938431,371.24472,448.000214,449.99054,449.769745,447.877014,448.233276,448.000122,427.999878,351.439911,371.439819,351.440002,351.440063,351.43985,351.440216,351.43985,371.440063,421.727844,403.483551,483.538666,508.970612,870.88899225,870.88899225,870.88899225,870.88899225,870.88899225,785.240173,463.832306,444.065521,444.133057,391.439972,391.440033,351.439911
2025-02-20,2,4,0,1,27152,10296.603,1279.175,371.439972,25984,8899.383,1264.048,371.439972,25087,8373.233,1286.147,371.440002,24301,8236.223,1405.884,371.440094,24613,8298.183,1596.298,371.439972,25912,9089.143,1795.874,371.440094,29047,11534.673,1969.384,371.440002,32288,12893.733,2567.46,384.551666,35216,14398.138,3336.144,392.539825,35931,14367.162,4010.19,388.758759,37133,15275.884,4627.517,390.290527,35355,14143.469,5017.111,371.596619,35388,14100.432,5177.747,382.045624,34890,12511.271,5119.712,391.078003,34530,12324.223,4781.354,390.862427,34235,13958.69,4062.93,390.808441,34983,13954.712,3160.678,390.482025,35001,13518.708,2521.178,391.205902,35794,13707.374,2752.365,391.24585,36485,13787.139,2925.489,391.252808,36016,13330.524,2919.728,371.440002,33607,11393.69,2828.954,371.440063,30475,11143.143,2743.838,371.439819,28099,11089.643,2683.097,351.440033,351.43988,351.439972,331.440125,331.440063,351.440094,351.440094,371.440094,390.994629,351.440002,312.298218,129.693954,0.0,0.0,1.330582,29.317013,328.959656,370.800842,371.440216,391.021637,390.975739,390.947021,391.440002,371.440002,351.439941,331.439972,351.440094,351.440247,331.440125,331.439941,331.440125,351.439941,371.394897,382.094666,392.470276,401.546967,371.071442,372.259277,391.059265,392.749207,403.254059,393.270233,382.791046,382.178101,362.46637,371.368683,371.355377,351.440125,331.440125,351.439941,351.440002,351.43988,351.439819,351.440063,351.440216,351.440063,371.439728,391.440125,391.24353,372.148865,361.339935,355.908905,357.451782,347.274139,366.516602,366.565186,368.863831,367.344116,369.394775,369.874786,369.906464,347.084808,348.859436,448.000244,434.000061,430.0,428.000031,430.000153,446.000092,448.000183,450.000183,424.000244,62.246887,48.85603,1.421514,0.16888,1.996678,2.165072,283.018463,451.989746,465.911255,463.906128,463.908081,467.880524,463.954987,464.000153,449.984985,351.439941,351.440033,340.000031,340.000031,331.440033,311.439941,311.439911,351.439911,363.581451,374.016632,375.378845,345.919739,317.226471,231.240204,223.868286,313.643555,372.997986,371.440033,371.370209,371.411224,371.366364,372.92688,371.439789,351.440063
2025-02-21,2,5,0,1,27201,10416.311,2563.686,351.439819,26009,8775.991,2656.263,351.439941,25289,8436.571,2818.546,351.440002,24916,8362.761,2952.778,351.440033,25158,8410.891,3148.317,351.439972,26274,9185.171,3293.01,351.439941,29233,11628.621,3355.084,351.439758,32808,12709.391,4014.817,371.300537,36335,14368.962,5067.621,387.691742,37324,13936.474,6042.79,412.300354,37776,14846.681,7150.731,425.04657,35910,14809.101,8054.421,406.976013,36283,14919.793,8274.443,420.09729,35447,13151.463,7890.952,410.750641,35212,12808.064,6927.57,399.065063,35616,14834.42,5563.348,392.887482,36308,14811.227,4001.667,384.00412,35825,14694.609,2826.946,378.309662,36069,14232.29,2885.453,371.280792,36481,14427.705,3056.416,372.248535,35766,13814.248,3101.44,372.408356,33391,11670.171,3053.905,371.440033,30384,11339.741,2966.635,371.440002,27943,11279.711,2874.008,351.439911,351.440063,369.261353,370.494049,369.217987,351.439789,351.439972,371.440094,371.439636,351.440033,306.31308,190.022614,250.089432,278.78595,347.59314,369.05249,391.674713,391.822327,391.849121,371.620178,371.620117,371.626831,351.426239,351.440125,331.440002,351.440216,351.440216,331.440002,331.439972,350.000122,351.440033,390.627686,425.897797,409.194397,412.292175,412.623138,386.807831,392.110199,422.017792,456.65683,446.624908,449.037781,442.581512,425.599335,391.152466,422.352234,391.012238,390.684509,371.439911,351.43988,351.439972,331.440125,331.440063,351.440094,351.440094,371.440094,390.994629,351.440002,312.298218,129.693954,0.0,0.0,1.330582,29.317013,328.959656,370.800842,371.440216,391.021637,390.975739,390.947021,391.440002,371.440002,351.439941,351.439941,351.440002,351.43988,351.439819,351.440063,351.440216,351.440063,371.439728,391.440125,391.24353,372.148865,361.339935,355.908905,357.451782,347.274139,366.516602,366.565186,368.863831,367.344116,369.394775,369.874786,369.906464,347.084808,348.859436,351.440125,351.440033,331.440063,331.440186,340.000092,351.439941,351.43985,391.344147,371.439972,351.417175,343.546783,306.4198,337.075226,351.574127,371.8638,390.315765,390.945007,391.447632,391.440002,391.430389,390.950104,372.989441,371.440033,351.440002
2025-02-22,2,6,1,1,27552,10708.851,2773.61,371.439972,26012,10660.911,2606.345,351.440125,25443,10649.191,2521.852,351.439819,25070,10636.451,2441.368,331.439819,25263,10640.831,2364.456,351.439972,26680,10625.351,2233.595,370.753967,29395,12227.951,2077.292,390.653748,33096,13905.89,3766.295,390.8396,36021,15289.552,7036.589,391.38681,36542,14077.931,10424.985,375.543457,36974,13469.471,13076.334,370.556244,35010,12652.781,14035.625,347.762177,35319,12911.871,13489.835,362.768311,34729,13368.631,11576.782,348.646637,34455,13123.151,8824.482,371.440186,34812,15663.657,6204.044,400.026184,35495,16165.535,3466.377,432.643616,35161,16355.804,1642.12,441.265961,35498,16340.978,1955.743,391.267273,35498,15816.641,2504.088,392.102203,35275,15432.503,2786.627,391.733185,33106,12986.702,2932.948,401.195282,30559,11769.974,2993.844,391.104034,28209,11374.921,2933.165,371.186005,331.439972,351.440094,351.440247,331.440125,331.439941,331.440125,351.439941,371.394897,382.094666,392.470276,401.546967,371.071442,372.259277,391.059265,392.749207,403.254059,393.270233,382.791046,382.178101,362.46637,371.368683,371.355377,351.440125,331.440125,351.439819,351.43985,351.439941,351.43985,351.440063,351.440033,331.440002,351.440063,371.440125,371.403992,372.044128,371.897583,371.043121,371.439606,371.440277,391.296021,392.199585,371.342651,371.440277,371.395294,371.440247,371.440033,371.440033,351.440033,351.440063,369.261353,370.494049,369.217987,351.439789,351.439972,371.440094,371.439636,351.440033,306.31308,190.022614,250.089432,278.78595,347.59314,369.05249,391.674713,391.822327,391.849121,371.620178,371.620117,371.626831,351.426239,351.440125,331.440002,351.43988,351.439972,331.440125,331.440063,351.440094,351.440094,371.440094,390.994629,351.440002,312.298218,129.693954,0.0,0.0,1.330582,29.317013,328.959656,370.800842,371.440216,391.021637,390.975739,390.947021,391.440002,371.440002,351.439941,351.439972,371.439819,371.439758,371.440002,371.439911,371.440155,371.440063,391.440338,442.757538,390.552399,390.871796,391.030853,383.010712,390.705414,391.439972,391.440033,391.034149,391.434814,391.460724,391.030975,391.43985,391.440216,391.460754,371.440155
2025-02-23,2,7,1,1,27690,10427.821,2618.664,351.440033,26418,9012.358,2694.862,351.439972,25542,8491.131,2732.891,351.439789,25098,8347.911,2731.073,351.360809,25134,8346.351,2772.482,351.385162,25966,9121.371,2866.462,351.439941,27690,11780.667,3042.484,351.440125,31398,12907.492,3824.645,370.861572,34766,13861.032,4878.794,381.186432,35970,12831.708,5716.088,399.000061,36997,13633.401,6529.701,394.185059,34956,12681.381,7197.101,384.473419,35384,12617.18,7425.257,392.65567,35010,12409.171,7138.514,379.340393,34956,12682.061,6432.801,371.738007,35384,14595.707,5476.173,392.821442,35919,15410.62,4356.441,394.930481,35812,15993.484,3382.962,372.422455,36186,16300.332,3313.907,372.32547,35972,16053.191,3390.317,372.824829,35437,14207.709,3396.108,372.703888,33245,11901.626,3350.174,371.345612,30678,10679.059,3320.053,371.299713,28432,10636.659,3336.234,351.440094,351.440216,351.440216,331.440002,331.439972,350.000122,351.440033,390.627686,425.897797,409.194397,412.292175,412.623138,386.807831,392.110199,422.017792,456.65683,446.624908,449.037781,442.581512,425.599335,391.152466,422.352234,391.012238,390.684509,371.439911,434.0,371.024841,351.439941,331.43988,351.118103,371.439972,391.439911,435.999695,391.439941,311.722321,150.992889,12.676759,2.363056,47.872688,71.548286,224.726028,391.005066,452.81427,438.950867,448.804993,454.819946,454.570343,453.479309,435.999908,331.439972,351.440094,351.440247,331.440125,331.439941,331.440125,351.439941,371.394897,382.094666,392.470276,401.546967,371.071442,372.259277,391.059265,392.749207,403.254059,393.270233,382.791046,382.178101,362.46637,371.368683,371.355377,351.440125,331.440125,351.440063,369.261353,370.494049,369.217987,351.439789,351.439972,371.440094,371.439636,351.440033,306.31308,190.022614,250.089432,278.78595,347.59314,369.05249,391.674713,391.822327,391.849121,371.620178,371.620117,371.626831,351.426239,351.440125,331.440002,391.440277,371.439819,371.440002,351.439941,371.43988,391.439789,428.000183,447.999939,446.000061,371.741791,332.908386,176.137421,166.288376,78.903648,24.429968,127.938431,371.24472,448.000214,449.99054,449.769745,447.877014,448.233276,448.000122,427.999878
2025-02-24,2,1,0,1,27926,11670.975,3252.237,433.999939,26385,10832.584,3410.047,371.439941,25511,10445.424,3500.229,351.440094,25085,10476.854,3543.225,331.440033,25214,10527.414,3546.054,331.440094,26118,10496.684,3489.677,351.439972,27711,11942.212,3447.867,371.439972,31093,13497.555,4966.593,446.845001,33537,14776.953,7979.369,400.425934,34109,14158.85,11474.639,306.542084,34768,13788.948,14883.315,293.364899,33035,13326.794,16871.007,123.348656,32735,13608.764,16880.23,127.358101,32704,14253.194,15418.294,102.646835,32583,13332.534,12638.143,303.558411,33399,15682.799,9275.788,360.30304,34442,15785.002,5450.275,450.357239,34651,16481.208,2578.493,456.000549,35337,16396.323,2618.093,451.999969,35412,16052.602,2951.742,453.999878,34970,15581.054,3063.247,455.677124,32530,13083.284,3034.571,454.0,29963,11299.704,2960.78,451.999878,27742,10600.247,2888.966,436.456299,351.439819,351.43985,351.439941,351.43985,351.440063,351.440033,331.440002,351.440063,371.440125,371.403992,372.044128,371.897583,371.043121,371.439606,371.440277,391.296021,392.199585,371.342651,371.440277,371.395294,371.440247,371.440033,371.440033,351.440033,351.440094,350.521912,350.478271,330.774414,330.781097,351.43985,371.440002,390.592957,370.874329,303.375061,301.830627,270.596497,224.025604,210.626251,373.762756,472.08136,489.107635,453.03537,471.565643,449.037628,451.030945,436.381439,449.433868,391.440063,351.440216,351.440216,331.440002,331.439972,350.000122,351.440033,390.627686,425.897797,409.194397,412.292175,412.623138,386.807831,392.110199,422.017792,456.65683,446.624908,449.037781,442.581512,425.599335,391.152466,422.352234,391.012238,390.684509,371.439911,331.439972,351.440094,351.440247,331.440125,331.439941,331.440125,351.439941,371.394897,382.094666,392.470276,401.546967,371.071442,372.259277,391.059265,392.749207,403.254059,393.270233,382.791046,382.178101,362.46637,371.368683,371.355377,351.440125,331.440125,448.000244,434.000061,430.0,428.000031,430.000153,446.000092,448.000183,450.000183,424.000244,62.246887,48.85603,1.421514,0.16888,1.996678,2.165072,283.018463,451.989746,465.911255,463.906128,463.908081,467.880524,463.954987,464.000153,449.984985
2025-02-25,2,2,0,1,27383,10509.435,2842.131,351.439972,25918,10483.675,2604.09,350.523132,25147,10475.125,2395.658,330.796814,24905,10434.175,2210.55,330.780945,25207,10444.175,2052.768,348.070282,26594,10444.925,1917.463,351.440002,29130,11868.346,1880.541,383.49411,32847,13814.176,4382.03,382.291473,35677,15716.851,8634.174,360.603577,36300,15116.17,12458.921,342.668427,37065,14769.017,14800.27,341.234314,35110,13326.916,15235.52,340.869873,34659,13220.313,14160.421,345.572144,34454,13743.181,11348.566,361.670807,34400,12629.546,7735.837,381.211731,35095,15378.625,4763.533,420.29715,35890,16044.286,2145.829,454.94223,35478,16126.771,546.52,451.974609,36072,16144.415,446.836,423.691498,36116,15777.163,539.68,433.137817,35516,15177.58,607.939,432.743744,33063,12612.427,702.3,432.867493,30355,10626.945,804.835,449.880585,27982,10403.643,878.969,391.43988,434.0,371.024841,351.439941,331.43988,351.118103,371.439972,391.439911,435.999695,391.439941,311.722321,150.992889,12.676759,2.363056,47.872688,71.548286,224.726028,391.005066,452.81427,438.950867,448.804993,454.819946,454.570343,453.479309,435.999908,371.065857,351.230774,351.222076,351.206787,351.214691,351.440186,371.43988,371.10025,399.281128,370.957367,372.64212,334.224426,326.643738,171.772766,232.34433,314.887573,351.176636,370.631531,370.61615,370.630096,370.592468,368.439362,351.262268,351.440277,351.439819,351.43985,351.439941,351.43985,351.440063,351.440033,331.440002,351.440063,371.440125,371.403992,372.044128,371.897583,371.043121,371.439606,371.440277,391.296021,392.199585,371.342651,371.440277,371.395294,371.440247,371.440033,371.440033,351.440033,351.440216,351.440216,331.440002,331.439972,350.000122,351.440033,390.627686,425.897797,409.194397,412.292175,412.623138,386.807831,392.110199,422.017792,456.65683,446.624908,449.037781,442.581512,425.599335,391.152466,422.352234,391.012238,390.684509,371.439911,351.439941,351.440002,351.43988,351.439819,351.440063,351.440216,351.440063,371.439728,391.440125,391.24353,372.148865,361.339935,355.908905,357.451782,347.274139,366.516602,366.565186,368.863831,367.344116,369.394775,369.874786,369.906464,347.084808,348.859436
2025-02-26,2,3,0,1,28287,10876.795,866.436,370.624542,26934,10737.864,902.079,351.21579,26041,10430.101,903.564,350.767303,25509,10429.012,887.438,351.21344,25659,10608.411,878.765,351.440247,26908,10356.001,824.011,350.951324,29362,11865.997,764.337,382.21225,32869,13283.264,1819.525,390.396759,35880,14424.038,4108.089,390.989166,36099,13402.058,6979.412,391.156219,36777,13017.951,10390.71,385.375519,34818,12582.747,13102.798,351.172028,34433,13257.529,14261.034,326.624878,33933,14463.719,14259.947,266.667847,33264,14003.189,12743.058,331.78949,33799,15909.662,9338.633,361.818665,34555,15617.678,4740.231,382.413422,34781,15604.851,1022.84,390.311249,35562,16007.428,917.935,382.510162,35616,15715.298,1321.897,382.469086,35145,15104.136,1665.0,382.293091,33029,12613.006,1919.239,382.121429,30368,10640.899,2075.205,371.08316,28119,10474.041,2110.821,351.440125,351.440094,350.521912,350.478271,330.774414,330.781097,351.43985,371.440002,390.592957,370.874329,303.375061,301.830627,270.596497,224.025604,210.626251,373.762756,472.08136,489.107635,453.03537,471.565643,449.037628,451.030945,436.381439,449.433868,391.440063,370.231964,371.440063,350.778748,350.767792,350.747559,370.331238,449.963135,453.858124,352.203461,242.393219,238.236511,82.399857,66.220818,45.554539,47.455196,343.651245,454.524078,452.457458,435.214081,431.048462,432.847137,390.874603,370.378448,350.81192,434.0,371.024841,351.439941,331.43988,351.118103,371.439972,391.439911,435.999695,391.439941,311.722321,150.992889,12.676759,2.363056,47.872688,71.548286,224.726028,391.005066,452.81427,438.950867,448.804993,454.819946,454.570343,453.479309,435.999908,351.439819,351.43985,351.439941,351.43985,351.440063,351.440033,331.440002,351.440063,371.440125,371.403992,372.044128,371.897583,371.043121,371.439606,371.440277,391.296021,392.199585,371.342651,371.440277,371.395294,371.440247,371.440033,371.440033,351.440033,351.43988,351.439972,331.440125,331.440063,351.440094,351.440094,371.440094,390.994629,351.440002,312.298218,129.693954,0.0,0.0,1.330582,29.317013,328.959656,370.800842,371.440216,391.021637,390.975739,390.947021,391.440002,371.440002,351.439941
2025-02-27,2,4,0,1,27607,11009.573,2047.311,390.514374,26328,10784.522,1881.67,370.400116,25631,10641.182,1722.065,350.364655,25085,10400.922,1560.059,350.166656,25305,10585.582,1479.315,370.337494,26617,10399.752,1452.509,370.343414,28874,12166.227,1557.054,433.675842,32866,13965.665,3907.892,437.975494,35660,15188.921,7709.02,383.892853,36159,14512.85,11330.31,300.707855,36658,14329.377,14045.786,245.482971,33864,13649.748,15388.79,113.211891,34114,13769.228,15066.341,112.992607,33515,14172.468,13112.337,112.273369,32916,13162.648,10344.629,240.542572,33215,15035.944,7585.85,385.277954,33964,15355.75,4786.797,447.158234,34138,15540.954,2787.223,453.999634,34828,15794.302,2927.783,446.50415,35311,15583.115,3377.338,446.131378,35112,15038.951,3751.269,447.380127,33016,12656.957,4021.421,436.000031,30072,10640.722,4191.019,435.999969,27349,10588.24,4226.178,371.440216,371.065857,351.230774,351.222076,351.206787,351.214691,351.440186,371.43988,371.10025,399.281128,370.957367,372.64212,334.224426,326.643738,171.772766,232.34433,314.887573,351.176636,370.631531,370.61615,370.630096,370.592468,368.439362,351.262268,351.440277,448.305084,436.000122,291.346008,292.487091,372.884796,437.949036,456.000336,457.899933,268.821014,83.264847,106.865891,45.282875,26.520187,23.899544,0.71463,46.130138,469.088501,476.801086,474.036377,474.060974,476.038879,471.07132,475.317627,459.958435,351.440094,350.521912,350.478271,330.774414,330.781097,351.43985,371.440002,390.592957,370.874329,303.375061,301.830627,270.596497,224.025604,210.626251,373.762756,472.08136,489.107635,453.03537,471.565643,449.037628,451.030945,436.381439,449.433868,391.440063,434.0,371.024841,351.439941,331.43988,351.118103,371.439972,391.439911,435.999695,391.439941,311.722321,150.992889,12.676759,2.363056,47.872688,71.548286,224.726028,391.005066,452.81427,438.950867,448.804993,454.819946,454.570343,453.479309,435.999908,351.440063,369.261353,370.494049,369.217987,351.439789,351.439972,371.440094,371.439636,351.440033,306.31308,190.022614,250.089432,278.78595,347.59314,369.05249,391.674713,391.822327,391.849121,371.620178,371.620117,371.626831,351.426239,351.440125,331.440002
2025-02-28,2,5,0,1,27375,10456.272,4712.645,453.845612,26158,10312.532,4566.503,440.778503,25469,10309.302,4401.873,430.325439,25000,10243.755,4159.404,410.640442,25302,10277.41,3914.405,432.901489,26422,10284.912,3727.074,453.719879,29196,12137.132,3682.323,459.792938,32786,14042.394,6711.948,457.8927,34830,16066.878,11901.123,346.590851,35357,16173.578,17199.47,126.448959,35409,16094.598,21160.58,81.767715,33267,15637.158,22808.41,50.268532,33214,15925.768,22757.436,58.385036,32378,16460.388,21102.676,48.527767,31856,15272.378,17682.247,32.426346,32274,16622.404,12669.849,216.113556,32483,15820.574,6892.14,457.784363,32901,15708.194,2439.26,476.981934,33632,16158.391,2174.936,470.643555,33998,15890.546,2384.781,472.014984,34103,15597.723,2452.768,473.00592,32130,12791.367,2379.89,474.512756,29243,10902.105,2269.449,477.325562,27143,10476.881,2145.932,459.789185,370.231964,371.440063,350.778748,350.767792,350.747559,370.331238,449.963135,453.858124,352.203461,242.393219,238.236511,82.399857,66.220818,45.554539,47.455196,343.651245,454.524078,452.457458,435.214081,431.048462,432.847137,390.874603,370.378448,350.81192,371.439941,351.439972,351.440063,351.440125,351.456635,371.010498,371.440063,391.127838,389.364349,390.310486,752.8797,371.053009,391.814148,390.343018,399.524567,389.800781,391.138672,384.803772,370.388214,364.369904,371.440094,349.84552,359.369415,350.982635,371.065857,351.230774,351.222076,351.206787,351.214691,351.440186,371.43988,371.10025,399.281128,370.957367,372.64212,334.224426,326.643738,171.772766,232.34433,314.887573,351.176636,370.631531,370.61615,370.630096,370.592468,368.439362,351.262268,351.440277,351.440094,350.521912,350.478271,330.774414,330.781097,351.43985,371.440002,390.592957,370.874329,303.375061,301.830627,270.596497,224.025604,210.626251,373.762756,472.08136,489.107635,453.03537,471.565643,449.037628,451.030945,436.381439,449.433868,391.440063,331.439972,351.440094,351.440247,331.440125,331.439941,331.440125,351.439941,371.394897,382.094666,392.470276,401.546967,371.071442,372.259277,391.059265,392.749207,403.254059,393.270233,382.791046,382.178101,362.46637,371.368683,371.355377,351.440125,331.440125
2025-03-01,3,6,1,1,27171,11281.242,2214.933,371.440094,26072,10962.932,2073.048,351.439758,25277,10518.608,1967.253,351.440033,24774,10261.432,1903.805,351.440094,25065,10380.292,1907.644,351.439972,25756,10516.482,1940.835,351.440063,27874,12302.687,2125.165,371.43988,31686,14190.798,4912.615,371.439911,34327,15264.367,9069.857,370.509735,34787,14583.759,12857.171,361.160339,34620,14322.466,15563.662,370.789154,32609,13474.902,16641.592,351.14975,33070,13640.042,16591.856,351.126434,32357,14200.472,15329.626,349.984039,31603,13277.682,12728.926,360.992889,32009,15008.768,9618.558,370.552948,32483,15169.064,6148.432,371.366119,32399,15551.284,3323.276,371.44043,33375,15567.563,3224.509,371.439941,33572,15306.103,3527.662,370.665253,33007,14638.816,3765.741,371.439972,31192,12444.637,3951.411,371.439911,28689,10677.149,4073.334,371.440186,26532,10463.412,4101.281,351.440033,448.305084,436.000122,291.346008,292.487091,372.884796,437.949036,456.000336,457.899933,268.821014,83.264847,106.865891,45.282875,26.520187,23.899544,0.71463,46.130138,469.088501,476.801086,474.036377,474.060974,476.038879,471.07132,475.317627,459.958435,428.512115,427.084412,387.54657,386.760498,406.427307,431.490662,434.003052,434.287659,434.384766,424.889557,420.471649,330.534058,284.018219,227.240723,389.200989,453.527893,462.546173,440.202393,419.02597,405.100616,391.0,390.999939,390.346924,367.000061,370.231964,371.440063,350.778748,350.767792,350.747559,370.331238,449.963135,453.858124,352.203461,242.393219,238.236511,82.399857,66.220818,45.554539,47.455196,343.651245,454.524078,452.457458,435.214081,431.048462,432.847137,390.874603,370.378448,350.81192,371.065857,351.230774,351.222076,351.206787,351.214691,351.440186,371.43988,371.10025,399.281128,370.957367,372.64212,334.224426,326.643738,171.772766,232.34433,314.887573,351.176636,370.631531,370.61615,370.630096,370.592468,368.439362,351.262268,351.440277,351.440216,351.440216,331.440002,331.439972,350.000122,351.440033,390.627686,425.897797,409.194397,412.292175,412.623138,386.807831,392.110199,422.017792,456.65683,446.624908,449.037781,442.581512,425.599335,391.152466,422.352234,391.012238,390.684509,371.439911
2025-03-02,3,7,1,1,26692,11422.023,2303.832,430.599945,25356,10720.232,2291.812,412.700287,24541,10338.102,2267.844,407.000244,24089,10387.002,2260.064,391.0,24142,10402.362,2314.129,391.999969,25015,10421.012,2435.804,405.0,27346,11859.152,2690.934,411.000031,30676,12969.622,5109.965,419.846558,33001,14185.36,8694.099,412.722656,33495,13969.192,12073.709,340.345093,33786,13418.242,14869.309,288.402649,31934,12891.762,16380.946,130.752808,31902,13283.022,16518.814,120.751328,31406,13982.582,15208.418,103.328865,30772,13094.112,12490.176,199.782211,31188,14912.482,9044.527,341.998566,31878,15535.038,5401.274,429.667297,32146,16395.929,2718.482,429.19339,32676,16378.85,2508.262,433.045288,33031,16380.214,2660.337,433.620056,32793,15993.722,2740.64,433.64856,30762,13546.75,2834.003,428.738434,28436,11784.4,2992.142,430.993805,26680,10644.962,3188.434,390.999878,371.439941,351.439972,351.440063,351.440125,351.456635,371.010498,371.440063,391.127838,389.364349,390.310486,752.8797,371.053009,391.814148,390.343018,399.524567,389.800781,391.138672,384.803772,370.388214,364.369904,371.440094,349.84552,359.369415,350.982635,267.000061,248.0,211.999939,149.999985,167.000061,211.999954,149.999969,287.999969,390.831451,390.74704,410.685608,390.572693,362.406036,388.495239,389.914001,282.0,257.402679,181.519821,158.909439,159.679947,161.43779,129.834686,80.0,59.999996,448.305084,436.000122,291.346008,292.487091,372.884796,437.949036,456.000336,457.899933,268.821014,83.264847,106.865891,45.282875,26.520187,23.899544,0.71463,46.130138,469.088501,476.801086,474.036377,474.060974,476.038879,471.07132,475.317627,459.958435,370.231964,371.440063,350.778748,350.767792,350.747559,370.331238,449.963135,453.858124,352.203461,242.393219,238.236511,82.399857,66.220818,45.554539,47.455196,343.651245,454.524078,452.457458,435.214081,431.048462,432.847137,390.874603,370.378448,350.81192,351.439819,351.43985,351.439941,351.43985,351.440063,351.440033,331.440002,351.440063,371.440125,371.403992,372.044128,371.897583,371.043121,371.439606,371.440277,391.296021,392.199585,371.342651,371.440277,371.395294,371.440247,371.440033,371.440033,351.440033
2025-03-03,3,1,0,1,26203,12405.878,3506.021,364.539459,24985,11932.293,3565.358,285.999908,24454,11772.42,3728.499,217.0,23843,11042.93,3889.199,211.999924,23912,10966.14,4044.395,211.999878,24670,11423.361,4172.791,172.999969,26531,12981.888,4384.702,216.999939,29057,13992.83,6578.288,266.999817,31311,14956.751,9904.524,275.587616,32233,14774.355,13242.271,122.026207,32754,14102.156,15920.776,101.654083,31307,12864.073,17409.289,104.814758,31581,13043.387,17321.71,76.870941,31088,13436.85,15793.078,63.257473,30629,12471.16,13176.107,115.023636,30897,14650.54,10555.239,159.656891,31930,15077.909,8310.8,281.313263,32044,15542.753,6907.662,291.542999,32689,16231.852,6854.196,225.308411,32819,16030.018,6966.634,259.888336,32330,15297.477,7019.836,263.233582,30310,13276.424,7030.515,256.284424,28029,11440.985,7030.822,253.000092,26269,11158.45,6971.331,136.0,428.512115,427.084412,387.54657,386.760498,406.427307,431.490662,434.003052,434.287659,434.384766,424.889557,420.471649,330.534058,284.018219,227.240723,389.200989,453.527893,462.546173,440.202393,419.02597,405.100616,391.0,390.999939,390.346924,367.000061,212.0,285.999969,247.999954,231.0,287.999969,248.000092,364.999878,431.262756,474.222839,540.722229,552.232788,405.206726,424.766083,517.065369,522.480469,630.085632,628.612122,475.124176,475.17868,454.882538,465.743835,450.138306,387.720154,367.16568,371.439941,351.439972,351.440063,351.440125,351.456635,371.010498,371.440063,391.127838,389.364349,390.310486,752.8797,371.053009,391.814148,390.343018,399.524567,389.800781,391.138672,384.803772,370.388214,364.369904,371.440094,349.84552,359.369415,350.982635,448.305084,436.000122,291.346008,292.487091,372.884796,437.949036,456.000336,457.899933,268.821014,83.264847,106.865891,45.282875,26.520187,23.899544,0.71463,46.130138,469.088501,476.801086,474.036377,474.060974,476.038879,471.07132,475.317627,459.958435,434.0,371.024841,351.439941,331.43988,351.118103,371.439972,391.439911,435.999695,391.439941,311.722321,150.992889,12.676759,2.363056,47.872688,71.548286,224.726028,391.005066,452.81427,438.950867,448.804993,454.819946,454.570343,453.479309,435.999908
2025-03-04,3,2,0,1,26147,10335.712,6901.938,230.999954,25058,9019.562,6855.974,287.903717,24365,8919.302,6782.524,247.999985,23795,8837.112,6702.865,211.928345,24211,8834.682,6628.631,233.000046,25820,10493.302,6511.838,134.762985,28708,12357.689,6467.849,222.675385,32084,12697.82,6693.588,381.798615,35140,13712.702,7115.67,435.204529,36551,13052.539,7656.9,450.483337,37342,13601.959,8251.681,550.429382,35459,14034.522,8679.639,432.817322,35625,13797.702,8747.739,384.930084,34699,13338.68,8548.207,380.660828,34372,12800.332,8168.6,458.822876,35407,14368.381,7515.137,470.708557,36279,14263.286,6610.498,496.328094,35323,15151.368,5733.313,417.946808,35734,15706.898,5478.619,424.679474,36605,15825.488,5300.056,417.296692,35486,14774.208,5056.916,430.450073,32956,13246.708,4780.417,410.234314,30450,11295.192,4488.931,392.271393,28380,11039.252,4142.013,373.692688,267.000061,248.0,211.999939,149.999985,167.000061,211.999954,149.999969,287.999969,390.831451,390.74704,410.685608,390.572693,362.406036,388.495239,389.914001,282.0,257.402679,181.519821,158.909439,159.679947,161.43779,129.834686,80.0,59.999996,343.501587,343.410492,322.827393,340.268799,341.780396,342.684204,343.705505,375.172699,563.038269,582.749573,551.949219,430.333466,500.138916,503.680359,486.354706,480.92984,560.816589,428.265747,419.626343,392.123871,480.50412,419.611877,368.703369,357.248047,428.512115,427.084412,387.54657,386.760498,406.427307,431.490662,434.003052,434.287659,434.384766,424.889557,420.471649,330.534058,284.018219,227.240723,389.200989,453.527893,462.546173,440.202393,419.02597,405.100616,391.0,390.999939,390.346924,367.000061,371.439941,351.439972,351.440063,351.440125,351.456635,371.010498,371.440063,391.127838,389.364349,390.310486,752.8797,371.053009,391.814148,390.343018,399.524567,389.800781,391.138672,384.803772,370.388214,364.369904,371.440094,349.84552,359.369415,350.982635,351.440094,350.521912,350.478271,330.774414,330.781097,351.43985,371.440002,390.592957,370.874329,303.375061,301.830627,270.596497,224.025604,210.626251,373.762756,472.08136,489.107635,453.03537,471.565643,449.037628,451.030945,436.381439,449.433868,391.440063
2025-03-05,3,3,0,1,27565,10697.262,3901.521,325.08252,26468,9713.762,3672.154,324.692657,25992,9668.642,3534.976,324.875458,25415,9596.552,3368.376,324.772308,25464,9638.192,3141.246,324.391113,26926,9708.544,2777.686,324.909271,30067,12069.702,2476.19,348.40979,33726,12650.397,3761.273,372.994385,36730,14423.982,5990.943,426.545624,37224,13794.022,8425.601,491.782532,37832,15028.902,10656.616,451.304108,34589,13104.262,11950.122,363.151306,34230,13597.902,12118.143,362.667877,34481,14451.392,11382.896,360.421661,34177,14057.112,9842.432,355.615601,34489,15359.012,7312.845,373.699707,35549,15835.298,4142.854,392.530823,35159,15988.736,1423.997,383.679779,36072,16436.319,1180.695,376.196869,36530,16318.23,1443.296,376.601929,36114,15432.85,1610.885,393.21167,33284,13018.4,1758.112,395.350861,30172,11244.022,1848.84,371.720581,28268,10984.104,1831.5,364.939362,212.0,285.999969,247.999954,231.0,287.999969,248.000092,364.999878,431.262756,474.222839,540.722229,552.232788,405.206726,424.766083,517.065369,522.480469,630.085632,628.612122,475.124176,475.17868,454.882538,465.743835,450.138306,387.720154,367.16568,362.751129,365.608704,343.520935,343.786682,344.10788,343.202362,363.425812,364.18634,346.459534,358.162964,352.451813,308.566803,412.7211,425.924774,360.692413,377.53244,361.244965,363.82666,367.767334,364.680389,378.834625,374.322906,359.662689,335.258667,267.000061,248.0,211.999939,149.999985,167.000061,211.999954,149.999969,287.999969,390.831451,390.74704,410.685608,390.572693,362.406036,388.495239,389.914001,282.0,257.402679,181.519821,158.909439,159.679947,161.43779,129.834686,80.0,59.999996,428.512115,427.084412,387.54657,386.760498,406.427307,431.490662,434.003052,434.287659,434.384766,424.889557,420.471649,330.534058,284.018219,227.240723,389.200989,453.527893,462.546173,440.202393,419.02597,405.100616,391.0,390.999939,390.346924,367.000061,371.065857,351.230774,351.222076,351.206787,351.214691,351.440186,371.43988,371.10025,399.281128,370.957367,372.64212,334.224426,326.643738,171.772766,232.34433,314.887573,351.176636,370.631531,370.61615,370.630096,370.592468,368.439362,351.262268,351.440277
2025-03-06,3,4,0,1,28499,10371.052,1903.213,364.445374,27180,9299.918,1970.803,347.95639,26383,9095.812,2069.545,348.140076,25851,9014.002,2232.279,348.202759,25851,9026.612,2417.216,348.188354,27196,10105.062,2602.961,347.110046,30210,12255.462,2882.713,366.893738,33772,13262.632,4697.118,367.207642,36972,14436.624,6858.313,383.702271,37883,14113.962,8377.542,399.57724,38024,15468.476,9163.388,341.398773,35251,14427.272,9280.065,367.668884,35169,14201.102,8694.893,382.066772,34760,13665.014,7492.955,395.443146,34506,13217.695,6176.595,394.203247,34824,14727.172,5193.201,409.368744,35317,14736.415,4225.255,383.14859,34980,15150.252,3565.096,383.019684,36436,15756.882,3670.136,382.996674,36684,15739.602,3862.131,383.738647,35949,14802.412,3901.246,390.857452,33730,13084.883,3925.704,383.012329,30782,11078.002,4031.997,362.916504,28399,10818.112,4144.947,342.688354,343.501587,343.410492,322.827393,340.268799,341.780396,342.684204,343.705505,375.172699,563.038269,582.749573,551.949219,430.333466,500.138916,503.680359,486.354706,480.92984,560.816589,428.265747,419.626343,392.123871,480.50412,419.611877,368.703369,357.248047,386.813141,370.3797,335.263214,299.941315,303.917267,372.052551,392.58606,393.18222,183.686218,151.145935,91.825569,46.713612,44.690662,45.602421,125.987503,278.380157,394.073151,408.771851,409.480438,429.828094,424.152008,444.039246,443.727753,407.363129,212.0,285.999969,247.999954,231.0,287.999969,248.000092,364.999878,431.262756,474.222839,540.722229,552.232788,405.206726,424.766083,517.065369,522.480469,630.085632,628.612122,475.124176,475.17868,454.882538,465.743835,450.138306,387.720154,367.16568,267.000061,248.0,211.999939,149.999985,167.000061,211.999954,149.999969,287.999969,390.831451,390.74704,410.685608,390.572693,362.406036,388.495239,389.914001,282.0,257.402679,181.519821,158.909439,159.679947,161.43779,129.834686,80.0,59.999996,370.231964,371.440063,350.778748,350.767792,350.747559,370.331238,449.963135,453.858124,352.203461,242.393219,238.236511,82.399857,66.220818,45.554539,47.455196,343.651245,454.524078,452.457458,435.214081,431.048462,432.847137,390.874603,370.378448,350.81192
2025-03-07,3,5,0,1,28529,11685.682,3980.972,385.21524,27197,11457.942,4083.055,368.980927,26427,11351.682,4238.994,299.52594,25821,11333.672,4406.879,244.619385,26110,11396.072,4499.266,248.526489,27125,11394.892,4522.2,340.093201,30003,13113.4,4702.41,387.433838,33561,14923.56,7075.847,390.423767,36781,16559.84,10739.539,387.446899,37032,16018.692,14144.15,271.73172,37329,15169.952,16776.274,200.800888,35132,14575.452,18056.596,19.463938,35384,14896.832,17692.547,52.109756,34216,15283.982,15731.529,25.706711,34026,14263.592,12791.287,227.375992,34161,16265.51,9593.27,371.820984,34303,17939.726,5989.879,409.711212,34859,17745.773,3459.46,447.421997,35466,18027.013,3341.8,426.055237,35644,17621.433,3583.747,435.542419,35607,17404.926,3632.255,420.549957,32821,14768.498,3545.941,449.081299,29824,12271.482,3385.976,450.472961,27761,12133.458,3155.878,376.182404,362.751129,365.608704,343.520935,343.786682,344.10788,343.202362,363.425812,364.18634,346.459534,358.162964,352.451813,308.566803,412.7211,425.924774,360.692413,377.53244,361.244965,363.82666,367.767334,364.680389,378.834625,374.322906,359.662689,335.258667,415.251007,411.80304,405.571991,379.066498,400.793091,442.889771,460.290802,464.648621,424.818848,395.254089,175.947647,43.122772,12.395531,16.140705,63.385395,176.223984,389.32196,444.075195,444.13916,448.079498,445.106873,447.491058,444.904999,443.574127,343.501587,343.410492,322.827393,340.268799,341.780396,342.684204,343.705505,375.172699,563.038269,582.749573,551.949219,430.333466,500.138916,503.680359,486.354706,480.92984,560.816589,428.265747,419.626343,392.123871,480.50412,419.611877,368.703369,357.248047,212.0,285.999969,247.999954,231.0,287.999969,248.000092,364.999878,431.262756,474.222839,540.722229,552.232788,405.206726,424.766083,517.065369,522.480469,630.085632,628.612122,475.124176,475.17868,454.882538,465.743835,450.138306,387.720154,367.16568,448.305084,436.000122,291.346008,292.487091,372.884796,437.949036,456.000336,457.899933,268.821014,83.264847,106.865891,45.282875,26.520187,23.899544,0.71463,46.130138,469.088501,476.801086,474.036377,474.060974,476.038879,471.07132,475.317627,459.958435
2025-03-08,3,6,1,1,28404,11590.744,2451.847,443.562012,27039,11280.523,2120.882,426.839661,26291,11225.132,1793.485,403.750641,25666,11204.582,1540.933,386.968964,25918,11214.097,1296.335,403.601196,26827,11474.552,1059.982,441.686371,29668,13356.04,1055.003,446.776459,33408,14152.165,2976.943,447.8927,36568,15819.95,6279.529,430.22287,36601,14157.562,10137.268,407.36911,37343,15183.932,14490.869,157.038147,34747,15048.632,17393.993,21.065214,35007,15774.922,18440.054,13.362035,34344,16733.832,18290.602,0.0,34522,16914.262,16310.485,0.0,33788,17161.98,11862.621,125.553169,33902,17528.946,5981.478,390.77005,33780,17526.336,1238.784,463.564819,34909,17994.456,674.627,459.883728,34613,17394.186,899.14,474.436371,34903,17180.031,1139.383,471.377167,32907,14565.206,1449.812,473.234528,30138,12170.751,1724.262,462.97226,27588,11202.922,1825.837,447.194336,386.813141,370.3797,335.263214,299.941315,303.917267,372.052551,392.58606,393.18222,183.686218,151.145935,91.825569,46.713612,44.690662,45.602421,125.987503,278.380157,394.073151,408.771851,409.480438,429.828094,424.152008,444.039246,443.727753,407.363129,365.077393,356.12149,355.886597,355.664703,358.707642,360.762939,382.240601,384.56546,345.329773,244.726608,65.080299,0.0,1.814501,0.292118,2.580871,201.367844,364.999939,382.265747,380.322601,382.249268,370.310883,385.933685,382.851898,377.945953,362.751129,365.608704,343.520935,343.786682,344.10788,343.202362,363.425812,364.18634,346.459534,358.162964,352.451813,308.566803,412.7211,425.924774,360.692413,377.53244,361.244965,363.82666,367.767334,364.680389,378.834625,374.322906,359.662689,335.258667,343.501587,343.410492,322.827393,340.268799,341.780396,342.684204,343.705505,375.172699,563.038269,582.749573,551.949219,430.333466,500.138916,503.680359,486.354706,480.92984,560.816589,428.265747,419.626343,392.123871,480.50412,419.611877,368.703369,357.248047,371.439941,351.439972,351.440063,351.440125,351.456635,371.010498,371.440063,391.127838,389.364349,390.310486,752.8797,371.053009,391.814148,390.343018,399.524567,389.800781,391.138672,384.803772,370.388214,364.369904,371.440094,349.84552,359.369415,350.982635
2025-03-09,3,7,1,1,28532,12776.226,1859.283,369.679779,27126,12165.962,1745.756,370.899414,26137,11627.237,1547.026,358.782837,25550,11565.777,1326.426,354.97049,25648,11618.982,1145.362,356.477753,26756,11941.212,1018.563,372.785156,28780,13562.108,1271.031,380.532532,31395,14364.31,4605.197,402.59137,34408,16341.77,9430.817,382.491119,35691,15650.612,13638.644,366.138031,35691,16547.562,16409.765,321.368683,34414,15886.782,17533.449,179.560898,34636,16058.642,17159.501,159.850494,34025,16287.662,15167.795,122.970978,33415,16035.052,12009.735,146.515991,33248,16590.88,8682.62,319.515167,33970,17758.49,4823.505,365.000031,33637,17718.181,1875.632,385.330078,34603,17920.416,1636.064,386.34726,35084,17587.06,1903.83,388.847931,35580,17540.352,1972.956,380.845062,33205,14819.28,1881.46,389.500214,30330,12617.806,1736.413,387.162476,28009,11592.355,1583.117,385.382233,415.251007,411.80304,405.571991,379.066498,400.793091,442.889771,460.290802,464.648621,424.818848,395.254089,175.947647,43.122772,12.395531,16.140705,63.385395,176.223984,389.32196,444.075195,444.13916,448.079498,445.106873,447.491058,444.904999,443.574127,362.25708,359.478607,356.740112,356.719574,356.392578,356.57373,339.531647,359.675903,362.575012,362.958038,360.727661,361.177979,381.386047,381.753998,380.057434,379.993835,379.603363,379.199982,370.341125,385.3302,384.3255,382.565704,377.37796,359.611298,386.813141,370.3797,335.263214,299.941315,303.917267,372.052551,392.58606,393.18222,183.686218,151.145935,91.825569,46.713612,44.690662,45.602421,125.987503,278.380157,394.073151,408.771851,409.480438,429.828094,424.152008,444.039246,443.727753,407.363129,362.751129,365.608704,343.520935,343.786682,344.10788,343.202362,363.425812,364.18634,346.459534,358.162964,352.451813,308.566803,412.7211,425.924774,360.692413,377.53244,361.244965,363.82666,367.767334,364.680389,378.834625,374.322906,359.662689,335.258667,428.512115,427.084412,387.54657,386.760498,406.427307,431.490662,434.003052,434.287659,434.384766,424.889557,420.471649,330.534058,284.018219,227.240723,389.200989,453.527893,462.546173,440.202393,419.02597,405.100616,391.0,390.999939,390.346924,367.000061
2025-03-10,3,1,0,1,27858,11314.16,1541.033,362.328857,26371,10198.96,1389.856,359.640167,25463,9567.307,1262.105,357.125275,24969,9274.23,1181.535,356.649353,25034,9341.73,1125.809,356.589844,26090,10268.24,1070.246,356.602661,27685,12587.908,1128.976,334.598297,30932,13480.148,2041.75,357.242767,33621,15097.421,3052.045,365.330017,34534,14469.256,3992.851,372.257477,34762,14949.062,4784.43,385.849762,33697,13924.85,5175.659,371.38208,33811,13978.25,5174.032,401.013367,32974,13318.16,4848.545,405.902893,32403,12962.647,4212.903,382.318542,32708,14942.438,3141.086,381.848053,33621,16510.938,1800.164,381.375275,33354,16828.508,552.535,381.233856,34444,17637.638,317.293,365.336945,34800,17383.298,360.183,384.296204,34243,16528.988,368.544,383.571503,31741,13758.218,372.46,384.06601,28886,11423.02,386.632,380.036804,27262,11331.5,469.542,357.248901,365.077393,356.12149,355.886597,355.664703,358.707642,360.762939,382.240601,384.56546,345.329773,244.726608,65.080299,0.0,1.814501,0.292118,2.580871,201.367844,364.999939,382.265747,380.322601,382.249268,370.310883,385.933685,382.851898,377.945953,386.608124,385.130737,359.484802,369.48056,367.438263,387.207245,407.548004,446.271606,388.578552,300.313263,86.697441,146.894897,186.259125,141.638229,186.13945,284.079742,372.342194,391.000305,415.216095,406.805664,434.325775,425.087402,429.04425,387.590424,415.251007,411.80304,405.571991,379.066498,400.793091,442.889771,460.290802,464.648621,424.818848,395.254089,175.947647,43.122772,12.395531,16.140705,63.385395,176.223984,389.32196,444.075195,444.13916,448.079498,445.106873,447.491058,444.904999,443.574127,386.813141,370.3797,335.263214,299.941315,303.917267,372.052551,392.58606,393.18222,183.686218,151.145935,91.825569,46.713612,44.690662,45.602421,125.987503,278.380157,394.073151,408.771851,409.480438,429.828094,424.152008,444.039246,443.727753,407.363129,267.000061,248.0,211.999939,149.999985,167.000061,211.999954,149.999969,287.999969,390.831451,390.74704,410.685608,390.572693,362.406036,388.495239,389.914001,282.0,257.402679,181.519821,158.909439,159.679947,161.43779,129.834686,80.0,59.999996
2025-03-11,3,2,0,1,27496,12750.076,825.247,387.233429,26159,12419.271,873.128,375.589935,25323,12102.612,909.558,369.621948,24610,11322.558,940.316,375.074646,24972,11696.322,968.39,383.696472,26304,11955.633,915.836,387.159119,29118,13896.001,1184.135,405.592438,32775,15277.906,4112.359,405.15097,35385,16603.62,8419.457,373.327484,36061,15400.472,12679.407,293.577209,36360,16234.002,16063.256,98.563583,34370,15778.822,17853.435,58.144199,34370,16211.291,18176.035,63.828281,33652,17016.632,17561.106,14.444221,33102,17230.472,15474.704,49.341026,33356,17779.74,11856.937,149.999969,33821,18179.236,7108.85,370.189178,33356,17725.995,3042.277,391.400238,34032,17691.026,2764.187,425.428833,34624,17673.594,3196.449,414.999939,34328,17182.993,3342.151,423.756561,32224,14408.754,3325.076,413.999542,29508,12127.718,3242.598,424.822693,27226,11537.612,3160.984,387.635529,362.25708,359.478607,356.740112,356.719574,356.392578,356.57373,339.531647,359.675903,362.575012,362.958038,360.727661,361.177979,381.386047,381.753998,380.057434,379.993835,379.603363,379.199982,370.341125,385.3302,384.3255,382.565704,377.37796,359.611298,391.000153,386.629639,386.044312,386.581116,387.472321,421.862823,446.014832,474.501984,467.256866,470.430573,614.033813,459.396118,468.003296,425.724976,449.224182,552.658203,482.045227,464.711792,476.798157,533.460571,516.042175,502.605957,463.921448,443.828735,365.077393,356.12149,355.886597,355.664703,358.707642,360.762939,382.240601,384.56546,345.329773,244.726608,65.080299,0.0,1.814501,0.292118,2.580871,201.367844,364.999939,382.265747,380.322601,382.249268,370.310883,385.933685,382.851898,377.945953,415.251007,411.80304,405.571991,379.066498,400.793091,442.889771,460.290802,464.648621,424.818848,395.254089,175.947647,43.122772,12.395531,16.140705,63.385395,176.223984,389.32196,444.075195,444.13916,448.079498,445.106873,447.491058,444.904999,443.574127,212.0,285.999969,247.999954,231.0,287.999969,248.000092,364.999878,431.262756,474.222839,540.722229,552.232788,405.206726,424.766083,517.065369,522.480469,630.085632,628.612122,475.124176,475.17868,454.882538,465.743835,450.138306,387.720154,367.16568
2025-03-12,3,3,0,1,27243,12248.399,3101.771,405.761322,26021,11657.172,2873.379,388.037628,25437,11452.11,2593.965,387.079987,25116,11345.982,2371.051,385.657593,25222,11443.258,2279.178,387.357056,26348,11825.03,2232.14,388.0224,28789,13630.654,2606.465,446.212402,32457,15157.965,5955.135,425.362427,34756,16578.79,10674.608,390.845184,35620,16009.622,15090.792,369.000122,35853,16886.931,18473.582,150.546005,34347,16341.991,19880.935,0.0,34340,16464.582,19319.802,19.99999,33345,16596.872,16939.152,60.000034,32864,16172.072,13087.105,266.999939,33316,16626.16,8741.922,384.456177,33633,18296.265,4447.931,425.060883,32562,18103.269,1271.808,445.519409,33617,18381.981,896.082,445.461487,33316,18110.759,1229.473,445.519989,32905,17324.561,1583.006,445.574677,30668,14146.635,1997.626,447.900818,28459,12208.203,2406.533,446.246216,27013,11564.982,2897.246,404.726624,386.608124,385.130737,359.484802,369.48056,367.438263,387.207245,407.548004,446.271606,388.578552,300.313263,86.697441,146.894897,186.259125,141.638229,186.13945,284.079742,372.342194,391.000305,415.216095,406.805664,434.325775,425.087402,429.04425,387.590424,348.297546,331.624237,329.042877,313.820221,313.112946,353.938324,392.142944,399.433624,402.217041,387.515533,350.614197,345.632477,434.584564,435.934631,456.2995,433.718628,417.21579,396.586426,397.758331,358.98172,345.330017,299.336731,270.000031,215.000137,362.25708,359.478607,356.740112,356.719574,356.392578,356.57373,339.531647,359.675903,362.575012,362.958038,360.727661,361.177979,381.386047,381.753998,380.057434,379.993835,379.603363,379.199982,370.341125,385.3302,384.3255,382.565704,377.37796,359.611298,365.077393,356.12149,355.886597,355.664703,358.707642,360.762939,382.240601,384.56546,345.329773,244.726608,65.080299,0.0,1.814501,0.292118,2.580871,201.367844,364.999939,382.265747,380.322601,382.249268,370.310883,385.933685,382.851898,377.945953,343.501587,343.410492,322.827393,340.268799,341.780396,342.684204,343.705505,375.172699,563.038269,582.749573,551.949219,430.333466,500.138916,503.680359,486.354706,480.92984,560.816589,428.265747,419.626343,392.123871,480.50412,419.611877,368.703369,357.248047
2025-03-13,3,4,0,1,27001,11801.543,2866.502,315.076935,25811,10073.512,3229.075,312.499603,25088,9362.02,3526.552,299.02652,24653,9038.7,3837.903,286.82016,25115,9099.03,4097.396,296.149963,26187,9850.26,4311.41,309.245697,29016,12422.508,4628.43,322.005371,31553,13449.788,5723.942,323.723816,33996,14439.749,6898.972,326.364014,35173,14043.12,7859.819,316.2854,35562,14354.93,8841.038,281.516998,33717,13627.962,9669.594,207.009415,33982,13669.78,9721.963,175.212296,33291,13383.94,9147.199,205.992096,32934,12609.504,8269.165,275.482391,33325,14466.288,7355.728,272.188995,33423,15786.624,6496.366,324.133453,32640,16395.828,5747.962,316.092072,32983,17260.688,5673.903,320.497955,33472,17189.808,5752.54,324.462036,32934,16876.618,5704.891,320.46759,30880,13292.038,5601.296,291.252808,28484,11254.88,5451.13,269.660004,26626,11154.45,5409.05,215.0,391.000153,386.629639,386.044312,386.581116,387.472321,421.862823,446.014832,474.501984,467.256866,470.430573,614.033813,459.396118,468.003296,425.724976,449.224182,552.658203,482.045227,464.711792,476.798157,533.460571,516.042175,502.605957,463.921448,443.828735,293.349792,312.957794,309.309387,294.798767,301.486603,309.145294,311.77887,324.477844,338.306549,411.201263,870.88899225,548.231079,467.985504,467.042145,450.518127,576.288879,421.599365,382.69104,375.879395,377.999939,375.003876,365.790985,328.182953,307.196899,386.608124,385.130737,359.484802,369.48056,367.438263,387.207245,407.548004,446.271606,388.578552,300.313263,86.697441,146.894897,186.259125,141.638229,186.13945,284.079742,372.342194,391.000305,415.216095,406.805664,434.325775,425.087402,429.04425,387.590424,362.25708,359.478607,356.740112,356.719574,356.392578,356.57373,339.531647,359.675903,362.575012,362.958038,360.727661,361.177979,381.386047,381.753998,380.057434,379.993835,379.603363,379.199982,370.341125,385.3302,384.3255,382.565704,377.37796,359.611298,362.751129,365.608704,343.520935,343.786682,344.10788,343.202362,363.425812,364.18634,346.459534,358.162964,352.451813,308.566803,412.7211,425.924774,360.692413,377.53244,361.244965,363.82666,367.767334,364.680389,378.834625,374.322906,359.662689,335.258667
2025-03-14,3,5,0,1,26901,10675.35,4173.111,308.004639,25916,9951.815,4240.944,321.205353,25098,9413.02,4334.141,313.482849,24570,9279.37,4393.205,308.732178,24887,9322.33,4421.207,312.525818,26152,10086.98,4408.906,313.345367,28851,12269.494,4559.366,329.625763,31717,13585.924,5285.872,343.612244,34278,15040.094,6176.657,368.592041,35134,14857.918,6866.239,380.405853,35845,15315.834,7532.104,390.142273,34729,14436.4,7956.094,335.000122,34757,14293.89,8025.706,359.256226,33804,13687.88,7813.451,351.905457,33105,13369.257,7332.064,346.999939,33168,15057.494,6482.979,354.000214,33139,15184.554,5414.754,366.999847,33064,15213.357,4475.649,356.270782,33926,15623.674,4514.508,354.265381,34129,15612.934,4726.718,356.269958,33802,15313.404,4692.087,359.915283,31554,13034.768,4557.856,358.000092,28779,11380.17,4416.625,327.921356,26755,10945.86,4331.649,312.380768,348.297546,331.624237,329.042877,313.820221,313.112946,353.938324,392.142944,399.433624,402.217041,387.515533,350.614197,345.632477,434.584564,435.934631,456.2995,433.718628,417.21579,396.586426,397.758331,358.98172,345.330017,299.336731,270.000031,215.000137,322.190186,320.40802,314.717773,311.858276,311.659119,303.243195,318.743134,326.292999,344.079193,494.109497,502.880768,377.100433,361.744476,332.372284,319.489349,324.275909,341.872955,342.597229,336.632507,324.573334,320.551544,307.840485,275.064728,222.561417,391.000153,386.629639,386.044312,386.581116,387.472321,421.862823,446.014832,474.501984,467.256866,470.430573,614.033813,459.396118,468.003296,425.724976,449.224182,552.658203,482.045227,464.711792,476.798157,533.460571,516.042175,502.605957,463.921448,443.828735,386.608124,385.130737,359.484802,369.48056,367.438263,387.207245,407.548004,446.271606,388.578552,300.313263,86.697441,146.894897,186.259125,141.638229,186.13945,284.079742,372.342194,391.000305,415.216095,406.805664,434.325775,425.087402,429.04425,387.590424,386.813141,370.3797,335.263214,299.941315,303.917267,372.052551,392.58606,393.18222,183.686218,151.145935,91.825569,46.713612,44.690662,45.602421,125.987503,278.380157,394.073151,408.771851,409.480438,429.828094,424.152008,444.039246,443.727753,407.363129
2025-03-15,3,6,1,1,27117,11253.04,3326.273,321.568909,26147,9889.99,3432.98,332.807892,25496,9672.52,3582.322,322.079468,25044,9329.77,3786.32,317.269745,25342,9420.236,3973.242,317.517212,26520,10326.1,4102.231,316.565521,28985,12981.864,4290.104,323.208557,32131,14284.814,5117.037,334.08963,35036,15282.554,6020.706,335.543854,36076,14438.31,6681.655,396.3479,36646,15088.618,7147.288,398.534088,34735,14012.58,7516.047,378.336304,35358,14756.02,7701.099,413.334045,34504,13437.37,7691.513,362.378845,33734,13626.23,7506.354,336.801056,34396,15468.304,7175.595,333.866699,34785,15807.794,6655.224,336.761322,33884,16348.164,6145.063,332.97229,34735,17235.714,6106.461,330.324402,34273,17122.294,6146.316,327.620605,33888,16822.034,6178.984,331.219879,31733,14516.958,6221.619,321.384583,29115,12099.01,6254.093,286.741547,27267,11769.04,6230.523,238.938782,293.349792,312.957794,309.309387,294.798767,301.486603,309.145294,311.77887,324.477844,338.306549,411.201263,870.88899225,548.231079,467.985504,467.042145,450.518127,576.288879,421.599365,382.69104,375.879395,377.999939,375.003876,365.790985,328.182953,307.196899,246.735672,250.922287,242.625854,229.764099,243.195923,216.570526,170.383774,222.888672,271.845062,272.032043,291.696594,73.18084,5.278795,8.704485,8.147357,24.946527,178.434998,245.605682,318.761932,349.000061,369.999908,368.468689,338.223724,317.017609,348.297546,331.624237,329.042877,313.820221,313.112946,353.938324,392.142944,399.433624,402.217041,387.515533,350.614197,345.632477,434.584564,435.934631,456.2995,433.718628,417.21579,396.586426,397.758331,358.98172,345.330017,299.336731,270.000031,215.000137,391.000153,386.629639,386.044312,386.581116,387.472321,421.862823,446.014832,474.501984,467.256866,470.430573,614.033813,459.396118,468.003296,425.724976,449.224182,552.658203,482.045227,464.711792,476.798157,533.460571,516.042175,502.605957,463.921448,443.828735,415.251007,411.80304,405.571991,379.066498,400.793091,442.889771,460.290802,464.648621,424.818848,395.254089,175.947647,43.122772,12.395531,16.140705,63.385395,176.223984,389.32196,444.075195,444.13916,448.079498,445.106873,447.491058,444.904999,443.574127
2025-03-16,3,7,1,1,28064,11704.33,6215.5,254.001572,26663,10915.31,6128.445,271.007233,25872,10400.931,6084.597,253.07637,25420,10218.01,6077.76,250.473892,25376,10228.25,6184.388,252.459442,26369,10582.77,6275.862,245.573746,28550,13017.874,6444.323,248.341629,31341,14077.384,7262.277,282.837616,33618,15420.934,8273.592,331.405762,35038,14892.3,9434.355,330.096954,35501,15183.07,10705.259,318.529755,33782,14091.98,11796.793,134.119904,34351,14259.4,12354.596,115.962227,33790,15284.0,12502.302,84.410248,33344,15237.83,12076.333,63.702095,33886,17237.334,10668.377,160.614746,34354,17899.984,8340.514,280.726898,34004,17621.234,5840.208,300.000092,34524,17790.103,4832.354,330.057404,34485,17121.264,4408.5,360.0,34178,16617.308,4042.068,369.852417,32219,14492.301,3745.193,343.899841,29617,12693.84,3551.359,317.069366,27980,12386.14,3433.486,285.146027,322.190186,320.40802,314.717773,311.858276,311.659119,303.243195,318.743134,326.292999,344.079193,494.109497,502.880768,377.100433,361.744476,332.372284,319.489349,324.275909,341.872955,342.597229,336.632507,324.573334,320.551544,307.840485,275.064728,222.561417,305.868927,273.726776,244.082062,145.658081,85.787262,54.838039,85.378128,24.441431,0.0,6.184522,33.853561,21.170763,36.534092,37.683308,33.611256,120.094505,304.189362,346.641449,354.261841,376.684692,396.139526,366.33197,364.503082,360.0,293.349792,312.957794,309.309387,294.798767,301.486603,309.145294,311.77887,324.477844,338.306549,411.201263,870.88899225,548.231079,467.985504,467.042145,450.518127,576.288879,421.599365,382.69104,375.879395,377.999939,375.003876,365.790985,328.182953,307.196899,348.297546,331.624237,329.042877,313.820221,313.112946,353.938324,392.142944,399.433624,402.217041,387.515533,350.614197,345.632477,434.584564,435.934631,456.2995,433.718628,417.21579,396.586426,397.758331,358.98172,345.330017,299.336731,270.000031,215.000137,365.077393,356.12149,355.886597,355.664703,358.707642,360.762939,382.240601,384.56546,345.329773,244.726608,65.080299,0.0,1.814501,0.292118,2.580871,201.367844,364.999939,382.265747,380.322601,382.249268,370.310883,385.933685,382.851898,377.945953
2025-03-17,3,1,0,1,27530,11775.088,3658.593,300.078003,26368,11562.288,4005.588,278.460388,25477,11323.468,4499.504,180.99118,24808,11161.718,5073.057,139.067459,24960,11137.018,5620.095,98.393219,25961,11653.388,5999.68,81.31517,27797,13324.862,6969.483,142.343964,30814,15249.171,11946.49,46.864502,33591,17723.825,18764.924,0.0,34608,18003.411,24655.934,0.787011,35179,18664.038,27760.534,0.790029,33488,17868.868,28610.167,0.0,33757,18004.518,27982.772,0.808779,33018,18275.898,25439.931,0.0,32497,17277.118,20522.703,0.847592,32758,17411.252,14709.844,163.999985,33020,18527.372,8381.384,319.999969,33025,17561.551,3411.452,367.000153,33770,18212.202,2166.821,363.585999,34039,18324.917,1891.586,375.185089,33788,18193.059,1581.732,386.338959,31485,16071.343,1341.906,367.759399,28905,13129.238,1194.276,375.646576,27170,12074.763,1123.942,362.999878,246.735672,250.922287,242.625854,229.764099,243.195923,216.570526,170.383774,222.888672,271.845062,272.032043,291.696594,73.18084,5.278795,8.704485,8.147357,24.946527,178.434998,245.605682,318.761932,349.000061,369.999908,368.468689,338.223724,317.017609,352.0,343.047028,339.999725,320.029968,324.021088,334.012177,354.033447,311.814056,44.408424,7.330639,5.983966,6.368411,11.749853,28.26219,31.552099,182.47464,365.266174,381.606628,374.785278,369.548798,364.963928,321.574036,342.105164,320.416992,322.190186,320.40802,314.717773,311.858276,311.659119,303.243195,318.743134,326.292999,344.079193,494.109497,502.880768,377.100433,361.744476,332.372284,319.489349,324.275909,341.872955,342.597229,336.632507,324.573334,320.551544,307.840485,275.064728,222.561417,293.349792,312.957794,309.309387,294.798767,301.486603,309.145294,311.77887,324.477844,338.306549,411.201263,870.88899225,548.231079,467.985504,467.042145,450.518127,576.288879,421.599365,382.69104,375.879395,377.999939,375.003876,365.790985,328.182953,307.196899,362.25708,359.478607,356.740112,356.719574,356.392578,356.57373,339.531647,359.675903,362.575012,362.958038,360.727661,361.177979,381.386047,381.753998,380.057434,379.993835,379.603363,379.199982,370.341125,385.3302,384.3255,382.565704,377.37796,359.611298
2025-03-18,3,2,0,1,27249,12200.378,951.257,360.02243,26274,11835.388,960.448,354.017914,25370,11331.53,1008.154,343.012909,24831,10830.798,1115.379,339.008484,25096,10933.688,1271.975,340.00531,26784,11659.244,1397.065,350.003235,29592,14018.792,2291.089,360.034027,33009,14988.56,7546.616,323.47879,35575,17449.303,14710.876,169.587753,36296,17706.558,20763.783,13.073674,36707,18625.088,24343.863,1.625151,34933,17960.819,25721.987,1.681381,34621,18186.179,25557.226,3.775741,33869,18567.428,23572.478,1.879006,33373,17687.718,19289.768,3.854446,33668,17477.272,13457.608,200.843628,33780,18350.162,6827.491,325.669434,33634,17158.432,2335.892,359.999878,34539,18005.778,1777.308,367.727081,34740,17899.035,2059.713,368.182251,34730,17734.013,2216.857,386.150665,32418,15757.793,2311.466,357.000122,29652,12088.528,2400.6,376.560272,27477,11491.218,2447.866,354.432404,305.868927,273.726776,244.082062,145.658081,85.787262,54.838039,85.378128,24.441431,0.0,6.184522,33.853561,21.170763,36.534092,37.683308,33.611256,120.094505,304.189362,346.641449,354.261841,376.684692,396.139526,366.33197,364.503082,360.0,334.524078,318.148499,303.842773,299.059418,319.0849,337.033691,361.726166,236.174896,6.293861,3.49016,28.54331,29.684437,28.030029,35.464462,27.379641,50.780499,251.090591,326.171356,329.975159,328.51059,334.221039,330.236847,351.000092,347.000092,246.735672,250.922287,242.625854,229.764099,243.195923,216.570526,170.383774,222.888672,271.845062,272.032043,291.696594,73.18084,5.278795,8.704485,8.147357,24.946527,178.434998,245.605682,318.761932,349.000061,369.999908,368.468689,338.223724,317.017609,322.190186,320.40802,314.717773,311.858276,311.659119,303.243195,318.743134,326.292999,344.079193,494.109497,502.880768,377.100433,361.744476,332.372284,319.489349,324.275909,341.872955,342.597229,336.632507,324.573334,320.551544,307.840485,275.064728,222.561417,386.608124,385.130737,359.484802,369.48056,367.438263,387.207245,407.548004,446.271606,388.578552,300.313263,86.697441,146.894897,186.259125,141.638229,186.13945,284.079742,372.342194,391.000305,415.216095,406.805664,434.325775,425.087402,429.04425,387.590424
2025-03-19,3,3,0,1,27275,11056.048,2065.202,363.378021,26150,11024.093,2208.103,341.156982,25371,10898.858,2299.859,320.049225,25047,10904.008,2338.655,317.240967,25281,10934.248,2348.72,320.056763,26705,11151.338,2317.019,340.053894,29568,13848.523,3211.665,364.952789,32228,16504.895,8464.128,300.565735,35164,19101.138,15589.586,51.947201,36023,19458.881,21493.17,42.453621,35957,18751.508,24881.074,28.880367,33856,18004.778,26101.182,26.974421,34488,18274.758,25973.414,30.919094,33717,18799.368,24291.486,30.469385,33204,18160.118,20523.648,32.211174,33488,18968.271,14710.062,108.644379,33728,17477.466,7639.598,344.635803,33588,16788.146,2205.145,348.127411,34834,17941.314,1102.068,390.740173,35063,18514.185,1099.043,360.997833,35092,18570.199,1047.911,358.936584,32627,15760.314,1013.345,362.392731,29839,13438.058,1011.448,381.203766,27858,12389.252,1012.194,367.060547,352.0,343.047028,339.999725,320.029968,324.021088,334.012177,354.033447,311.814056,44.408424,7.330639,5.983966,6.368411,11.749853,28.26219,31.552099,182.47464,365.266174,381.606628,374.785278,369.548798,364.963928,321.574036,342.105164,320.416992,340.074036,337.127289,337.110138,323.322601,337.1315,340.055908,380.054504,321.1362,32.195087,16.44475,35.324589,25.866974,31.291512,35.020004,36.71743,22.52326,183.132446,329.532227,343.708221,240.651337,329.885254,326.867249,318.097443,317.149963,305.868927,273.726776,244.082062,145.658081,85.787262,54.838039,85.378128,24.441431,0.0,6.184522,33.853561,21.170763,36.534092,37.683308,33.611256,120.094505,304.189362,346.641449,354.261841,376.684692,396.139526,366.33197,364.503082,360.0,246.735672,250.922287,242.625854,229.764099,243.195923,216.570526,170.383774,222.888672,271.845062,272.032043,291.696594,73.18084,5.278795,8.704485,8.147357,24.946527,178.434998,245.605682,318.761932,349.000061,369.999908,368.468689,338.223724,317.017609,391.000153,386.629639,386.044312,386.581116,387.472321,421.862823,446.014832,474.501984,467.256866,470.430573,614.033813,459.396118,468.003296,425.724976,449.224182,552.658203,482.045227,464.711792,476.798157,533.460571,516.042175,502.605957,463.921448,443.828735
2025-03-20,3,4,0,1,27619,12521.96,1109.388,362.186554,26296,11786.157,1119.942,364.586853,25537,11423.645,1106.093,343.027374,25156,11274.991,1076.064,340.021698,25600,11398.642,1040.664,340.019531,26820,11938.33,1024.2,352.018219,29684,13995.212,1971.178,381.094421,32802,15367.805,7535.238,327.121643,34604,18038.862,15050.732,87.986679,34898,17676.93,21195.747,65.292831,34598,18506.6,24691.61,38.773739,32429,17802.54,25933.81,38.4156,32495,18110.29,26017.196,38.365223,31883,18824.27,24809.106,29.177547,31666,18436.93,21531.794,30.736975,32233,18061.522,16044.015,80.894875,32796,18696.796,8593.622,333.695679,32736,19737.536,2354.037,350.512756,33637,20427.935,1173.658,369.936432,33823,20321.136,1423.3,361.612183,33716,20000.947,1652.783,363.231354,31551,18520.389,1933.816,355.08548,28990,13990.274,2151.948,355.6651,27285,12766.342,2239.317,346.399048,334.524078,318.148499,303.842773,299.059418,319.0849,337.033691,361.726166,236.174896,6.293861,3.49016,28.54331,29.684437,28.030029,35.464462,27.379641,50.780499,251.090591,326.171356,329.975159,328.51059,334.221039,330.236847,351.000092,347.000092,340.697388,339.017395,331.02713,331.028259,337.019348,340.017487,357.056732,336.844727,80.454788,51.890007,24.629559,31.868912,29.26619,32.614971,38.865261,34.472336,317.291412,378.650787,401.006317,377.448395,376.27066,343.746735,337.000122,319.999908,352.0,343.047028,339.999725,320.029968,324.021088,334.012177,354.033447,311.814056,44.408424,7.330639,5.983966,6.368411,11.749853,28.26219,31.552099,182.47464,365.266174,381.606628,374.785278,369.548798,364.963928,321.574036,342.105164,320.416992,305.868927,273.726776,244.082062,145.658081,85.787262,54.838039,85.378128,24.441431,0.0,6.184522,33.853561,21.170763,36.534092,37.683308,33.611256,120.094505,304.189362,346.641449,354.261841,376.684692,396.139526,366.33197,364.503082,360.0,348.297546,331.624237,329.042877,313.820221,313.112946,353.938324,392.142944,399.433624,402.217041,387.515533,350.614197,345.632477,434.584564,435.934631,456.2995,433.718628,417.21579,396.586426,397.758331,358.98172,345.330017,299.336731,270.000031,215.000137
2025-03-21,3,5,0,1,27556,12066.34,2118.783,341.157684,26366,11333.34,2044.065,340.00885,25526,11007.505,1890.56,345.19751,25164,10888.49,1720.967,339.846893,25403,11064.722,1567.436,340.011475,26738,11781.938,1462.704,340.012146,29747,13952.442,2433.948,359.947571,31994,14990.088,8107.719,354.458893,34224,17835.312,15537.81,115.657715,34065,17473.98,21608.281,52.510155,33917,18232.09,25072.014,37.000832,31705,17605.16,26356.768,27.730669,31844,17856.61,26495.275,30.826973,31333,18530.5,25324.339,30.500326,30978,18088.57,22074.484,20.177629,31677,17679.132,16523.704,57.414814,32170,18652.896,9068.233,318.979706,32307,18896.106,2682.152,390.386078,33225,19785.905,1282.82,399.474121,33277,20062.067,1369.27,400.914001,33100,19928.115,1383.195,397.003754,31172,17845.338,1461.513,522.119141,28705,14401.808,1589.161,405.67038,26960,12635.511,1691.056,356.014587,340.074036,337.127289,337.110138,323.322601,337.1315,340.055908,380.054504,321.1362,32.195087,16.44475,35.324589,25.866974,31.291512,35.020004,36.71743,22.52326,183.132446,329.532227,343.708221,240.651337,329.885254,326.867249,318.097443,317.149963,331.029022,331.030548,340.027649,343.021729,357.020416,343.028778,406.326324,337.073669,62.507629,29.368679,30.779741,31.689173,33.985584,32.063873,39.210419,40.623177,398.605774,870.88899225,408.842926,359.232025,337.558777,316.424805,280.361786,301.051056,334.524078,318.148499,303.842773,299.059418,319.0849,337.033691,361.726166,236.174896,6.293861,3.49016,28.54331,29.684437,28.030029,35.464462,27.379641,50.780499,251.090591,326.171356,329.975159,328.51059,334.221039,330.236847,351.000092,347.000092,352.0,343.047028,339.999725,320.029968,324.021088,334.012177,354.033447,311.814056,44.408424,7.330639,5.983966,6.368411,11.749853,28.26219,31.552099,182.47464,365.266174,381.606628,374.785278,369.548798,364.963928,321.574036,342.105164,320.416992,293.349792,312.957794,309.309387,294.798767,301.486603,309.145294,311.77887,324.477844,338.306549,411.201263,870.88899225,548.231079,467.985504,467.042145,450.518127,576.288879,421.599365,382.69104,375.879395,377.999939,375.003876,365.790985,328.182953,307.196899
2025-03-22,3,6,1,1,26767,13030.882,1536.254,360.011963,25622,12702.392,1557.341,351.012604,24969,12471.452,1498.56,340.014099,24572,12376.532,1382.547,336.015961,24760,12560.944,1229.61,340.017578,26262,13515.922,1069.551,350.01944,29274,15334.616,2063.895,380.08313,31236,16222.706,7767.193,339.999908,32923,19062.036,15226.464,51.138519,33423,18681.629,21363.727,43.677029,33298,18622.94,24893.084,28.428602,31170,17986.61,26204.97,33.160053,31285,18275.89,26335.254,32.267437,30646,18929.96,25178.134,6.326394,30263,18516.14,21926.047,15.944643,30806,17999.082,16500.34,29.474691,31349,18805.302,9093.947,345.198944,31298,18843.992,2708.519,374.320496,32361,20559.932,1411.776,373.070435,32860,20846.92,1625.913,347.919556,32548,20318.78,1785.124,377.089935,30742,18262.581,1959.81,342.73288,28651,15789.361,2082.168,317.232697,26509,13993.005,2153.309,330.015137,340.697388,339.017395,331.02713,331.028259,337.019348,340.017487,357.056732,336.844727,80.454788,51.890007,24.629559,31.868912,29.26619,32.614971,38.865261,34.472336,317.291412,378.650787,401.006317,377.448395,376.27066,343.746735,337.000122,319.999908,337.019287,343.007843,340.000092,337.016968,343.000061,340.009735,351.000122,323.281036,63.999462,34.925121,30.016998,35.038246,32.854145,39.684433,34.872307,111.5382,350.899933,372.916656,364.340088,353.683136,362.673248,350.457153,342.999939,330.0,340.074036,337.127289,337.110138,323.322601,337.1315,340.055908,380.054504,321.1362,32.195087,16.44475,35.324589,25.866974,31.291512,35.020004,36.71743,22.52326,183.132446,329.532227,343.708221,240.651337,329.885254,326.867249,318.097443,317.149963,334.524078,318.148499,303.842773,299.059418,319.0849,337.033691,361.726166,236.174896,6.293861,3.49016,28.54331,29.684437,28.030029,35.464462,27.379641,50.780499,251.090591,326.171356,329.975159,328.51059,334.221039,330.236847,351.000092,347.000092,322.190186,320.40802,314.717773,311.858276,311.659119,303.243195,318.743134,326.292999,344.079193,494.109497,502.880768,377.100433,361.744476,332.372284,319.489349,324.275909,341.872955,342.597229,336.632507,324.573334,320.551544,307.840485,275.064728,222.561417
2025-03-23,3,7,1,1,26590,13820.717,2181.656,339.014404,25392,13366.9,2172.504,343.012573,24675,13201.287,2044.408,340.012329,24086,13069.717,1855.26,340.011169,24271,13122.267,1681.438,343.009857,25431,13436.127,1554.296,340.009644,27637,15514.671,2605.572,340.086731,30070,16234.311,8199.588,316.999878,31855,19035.691,15260.811,8.092468,31954,18753.095,21096.955,33.018631,31909,18710.53,24631.66,37.668388,30054,18143.15,25957.58,38.521839,29992,18333.47,25887.185,40.847771,29751,18779.77,24223.14,39.272686,29598,18144.03,20372.252,7.946026,30115,17494.342,14651.065,31.987469,30688,18434.0,7638.994,319.999725,30951,18934.95,2129.716,359.482635,31356,19775.841,1122.369,341.341431,31551,19702.211,1369.519,353.352814,31232,19152.6,1582.421,367.743134,29360,17579.353,1778.377,361.238892,27299,14401.767,1958.539,350.000092,25961,13910.097,2082.775,331.013489,331.029022,331.030548,340.027649,343.021729,357.020416,343.028778,406.326324,337.073669,62.507629,29.368679,30.779741,31.689173,33.985584,32.063873,39.210419,40.623177,398.605774,870.88899225,408.842926,359.232025,337.558777,316.424805,280.361786,301.051056,400.013763,440.023712,386.007568,380.005981,428.000153,330.0,326.999969,367.227875,519.902405,426.827087,325.539337,312.886139,293.771423,59.922611,23.63184,94.624504,163.299515,248.805954,215.213379,122.691643,107.990807,58.845905,56.420624,39.999977,340.697388,339.017395,331.02713,331.028259,337.019348,340.017487,357.056732,336.844727,80.454788,51.890007,24.629559,31.868912,29.26619,32.614971,38.865261,34.472336,317.291412,378.650787,401.006317,377.448395,376.27066,343.746735,337.000122,319.999908,340.074036,337.127289,337.110138,323.322601,337.1315,340.055908,380.054504,321.1362,32.195087,16.44475,35.324589,25.866974,31.291512,35.020004,36.71743,22.52326,183.132446,329.532227,343.708221,240.651337,329.885254,326.867249,318.097443,317.149963,246.735672,250.922287,242.625854,229.764099,243.195923,216.570526,170.383774,222.888672,271.845062,272.032043,291.696594,73.18084,5.278795,8.704485,8.147357,24.946527,178.434998,245.605682,318.761932,349.000061,369.999908,368.468689,338.223724,317.017609
2025-03-24,3,1,0,1,26269,14343.804,2160.888,420.016724,25228,13676.852,2239.002,445.012848,24317,13301.342,2317.115,408.010498,23970,12875.553,2395.228,430.008911,24230,13296.685,2473.342,420.007385,24924,13742.416,2551.455,323.007782,26746,15570.766,2629.569,320.031738,29331,15890.666,2707.682,339.999786,30926,16461.486,2785.795,360.813416,31239,14548.72,2863.909,492.80014,31500,13517.64,2942.022,436.470154,29548,13054.21,3020.135,305.024231,29721,13782.14,3098.249,258.398743,29158,15056.04,3176.362,281.258606,29071,15604.82,3254.476,251.8703,29678,16115.622,3332.589,292.742432,30253,18176.528,3410.702,300.0,30357,18304.848,3488.816,307.586029,31109,19376.498,3566.929,247.282669,31673,19182.638,3645.042,216.381866,31066,18957.878,3723.156,151.557327,29114,17109.581,3801.269,69.000008,27119,13227.595,3879.382,141.999939,25435,12714.582,3957.496,80.0,337.019287,343.007843,340.000092,337.016968,343.000061,340.009735,351.000122,323.281036,63.999462,34.925121,30.016998,35.038246,32.854145,39.684433,34.872307,111.5382,350.899933,372.916656,364.340088,353.683136,362.673248,350.457153,342.999939,330.0,141.043747,135.909225,81.294899,101.144211,112.584221,124.455971,194.343689,101.77478,33.917187,31.076042,41.926464,32.128841,34.911831,35.768185,33.373695,34.768784,50.444496,65.345306,109.571136,127.95018,114.750038,67.038795,78.390129,36.544621,331.029022,331.030548,340.027649,343.021729,357.020416,343.028778,406.326324,337.073669,62.507629,29.368679,30.779741,31.689173,33.985584,32.063873,39.210419,40.623177,398.605774,870.88899225,408.842926,359.232025,337.558777,316.424805,280.361786,301.051056,340.697388,339.017395,331.02713,331.028259,337.019348,340.017487,357.056732,336.844727,80.454788,51.890007,24.629559,31.868912,29.26619,32.614971,38.865261,34.472336,317.291412,378.650787,401.006317,377.448395,376.27066,343.746735,337.000122,319.999908,305.868927,273.726776,244.082062,145.658081,85.787262,54.838039,85.378128,24.441431,0.0,6.184522,33.853561,21.170763,36.534092,37.683308,33.611256,120.094505,304.189362,346.641449,354.261841,376.684692,396.139526,366.33197,364.503082,360.0
2025-03-25,3,2,0,1,25905,13067.472,4035.609,174.533691,24818,12621.222,4113.723,177.034927,24110,12303.141,4191.836,155.562927,23848,12155.452,4269.949,178.917908,24137,12424.582,4348.063,182.346451,25994,13817.492,4426.176,169.282394,28571,16171.99,4504.289,172.296951,30763,16572.409,4582.403,91.291954,32639,19496.396,4660.516,36.212635,32716,19258.429,4738.629,32.371574,32470,19266.774,4816.743,42.330547,30037,18609.08,4894.856,35.516075,30367,18840.46,4972.97,35.893353,30344,19318.23,5051.083,18.55479,30297,18838.399,5129.196,25.413116,30822,18232.402,5207.31,33.637001,31482,19488.53,5285.423,79.738571,31360,20772.924,5363.536,104.81826,31718,20995.48,5441.65,99.572113,31836,19911.98,5519.763,119.970177,31610,19290.314,5597.877,115.225929,29717,17974.813,5675.99,87.205193,27622,14864.231,5754.103,103.608978,26178,14116.258,5832.217,76.117012,400.013763,440.023712,386.007568,380.005981,428.000153,330.0,326.999969,367.227875,519.902405,426.827087,325.539337,312.886139,293.771423,59.922611,23.63184,94.624504,163.299515,248.805954,215.213379,122.691643,107.990807,58.845905,56.420624,39.999977,151.703079,123.000053,80.000015,60.999985,81.000023,80.999985,262.349548,89.73291,37.144588,30.500742,29.911535,29.421721,33.272266,37.975998,38.536549,68.505318,228.044617,323.876709,360.452484,323.435852,303.294983,117.572975,174.130997,76.964485,337.019287,343.007843,340.000092,337.016968,343.000061,340.009735,351.000122,323.281036,63.999462,34.925121,30.016998,35.038246,32.854145,39.684433,34.872307,111.5382,350.899933,372.916656,364.340088,353.683136,362.673248,350.457153,342.999939,330.0,331.029022,331.030548,340.027649,343.021729,357.020416,343.028778,406.326324,337.073669,62.507629,29.368679,30.779741,31.689173,33.985584,32.063873,39.210419,40.623177,398.605774,870.88899225,408.842926,359.232025,337.558777,316.424805,280.361786,301.051056,352.0,343.047028,339.999725,320.029968,324.021088,334.012177,354.033447,311.814056,44.408424,7.330639,5.983966,6.368411,11.749853,28.26219,31.552099,182.47464,365.266174,381.606628,374.785278,369.548798,364.963928,321.574036,342.105164,320.416992
2025-03-26,3,3,0,1,25905,13032.215,5910.33,203.897705,24818,12808.726,5815.201,164.318726,24110,12470.82,5670.505,150.351852,23848,12307.932,5547.525,137.416565,24137,12630.94,5361.927,160.578964,25994,13858.992,5185.687,210.285919,28571,16480.046,6427.692,278.226227,30763,16917.12,12315.587,141.723267,32639,20127.986,19181.174,4.87685,32716,19725.219,24435.511,2.118613,32470,19575.42,27404.541,1.582992,30037,18921.66,28500.269,1.7037,30367,19183.74,28535.62,2.366016,30344,19743.62,27353.78,12.089618,30297,19344.96,24288.354,4.24066,30822,18734.592,19136.97,29.710644,31482,19642.34,12116.744,236.328247,31360,20862.6,6171.263,304.664215,31718,21127.57,5280.298,320.776825,31836,20640.05,6005.685,299.457245,31610,19987.289,6403.289,309.52179,29717,18101.873,6574.076,284.536591,27622,14325.551,6675.743,301.053009,26178,13273.723,6702.91,240.404602,141.043747,135.909225,81.294899,101.144211,112.584221,124.455971,194.343689,101.77478,33.917187,31.076042,41.926464,32.128841,34.911831,35.768185,33.373695,34.768784,50.444496,65.345306,109.571136,127.95018,114.750038,67.038795,78.390129,36.544621,151.422943,89.880058,115.588982,112.375763,136.234695,172.541275,288.59787,70.949387,33.813267,33.561031,48.108116,33.75861,36.043095,48.667225,43.842964,154.978134,358.454956,340.123596,388.500031,359.999939,380.000061,364.999878,444.506042,345.000031,400.013763,440.023712,386.007568,380.005981,428.000153,330.0,326.999969,367.227875,519.902405,426.827087,325.539337,312.886139,293.771423,59.922611,23.63184,94.624504,163.299515,248.805954,215.213379,122.691643,107.990807,58.845905,56.420624,39.999977,337.019287,343.007843,340.000092,337.016968,343.000061,340.009735,351.000122,323.281036,63.999462,34.925121,30.016998,35.038246,32.854145,39.684433,34.872307,111.5382,350.899933,372.916656,364.340088,353.683136,362.673248,350.457153,342.999939,330.0,334.524078,318.148499,303.842773,299.059418,319.0849,337.033691,361.726166,236.174896,6.293861,3.49016,28.54331,29.684437,28.030029,35.464462,27.379641,50.780499,251.090591,326.171356,329.975159,328.51059,334.221039,330.236847,351.000092,347.000092
