日期,时段,年,月,日,星期,是否周末,季度,小时,是否高峰时段,是否夜间,系统负荷-日前,非市场化机组出力-日前,平均出清价格-日前（元/MWh）,平均出清价格-实时（元/MWh）,datetime,新能源出力-日前
2024-05-06,00:00-01:00,2024,5,6,1,0,2,0,0,1,23982,21201.609,398.611542,394.474182,2024-05-06 00:00:00,3231.942
2024-05-06,01:00-02:00,2024,5,6,1,0,2,1,0,1,23260,20848.809,395.199097,393.697174,2024-05-06 01:00:00,3355.554
2024-05-06,02:00-03:00,2024,5,6,1,0,2,2,0,1,22832,20466.569,386.097595,394.808929,2024-05-06 02:00:00,3258.882
2024-05-06,03:00-04:00,2024,5,6,1,0,2,3,0,1,22600,20130.219,386.633698,394.067474,2024-05-06 03:00:00,3033.466
2024-05-06,04:00-05:00,2024,5,6,1,0,2,4,0,1,23180,20579.159,396.921448,391.817169,2024-05-06 04:00:00,2750.662
2024-05-06,05:00-06:00,2024,5,6,1,0,2,5,0,1,24730,21361.748,409.065643,397.031677,2024-05-06 05:00:00,2770.762
2024-05-06,06:00-07:00,2024,5,6,1,0,2,6,0,1,26548,24127.906,402.346558,397.892609,2024-05-06 06:00:00,5018.743
2024-05-06,07:00-08:00,2024,5,6,1,0,2,7,0,0,27938,23946.951,384.603394,388.458466,2024-05-06 07:00:00,8894.932
2024-05-06,08:00-09:00,2024,5,6,1,0,2,8,1,0,29061,23204.982,377.029724,375.225616,2024-05-06 08:00:00,13104.155
2024-05-06,09:00-10:00,2024,5,6,1,0,2,9,1,0,29120,20818.968,64.124184,359.403839,2024-05-06 09:00:00,16420.692
2024-05-06,10:00-11:00,2024,5,6,1,0,2,10,1,0,29533,20083.168,61.887939,179.998184,2024-05-06 10:00:00,18423.203
2024-05-06,11:00-12:00,2024,5,6,1,0,2,11,1,0,27537,19975.85,40.330059,0.0,2024-05-06 11:00:00,19049.484
2024-05-06,12:00-13:00,2024,5,6,1,0,2,12,1,0,27163,19336.837,40.600414,0.0,2024-05-06 12:00:00,18678.798
2024-05-06,13:00-14:00,2024,5,6,1,0,2,13,1,0,27377,19054.195,63.799698,3.744239,2024-05-06 13:00:00,16837.425
2024-05-06,14:00-15:00,2024,5,6,1,0,2,14,1,0,28179,19513.839,369.833984,41.920948,2024-05-06 14:00:00,13740.416
2024-05-06,15:00-16:00,2024,5,6,1,0,2,15,1,0,29254,21317.868,396.672485,362.827454,2024-05-06 15:00:00,10032.247
2024-05-06,16:00-17:00,2024,5,6,1,0,2,16,1,0,30113,25241.542,407.114105,391.85788,2024-05-06 16:00:00,6056.581
2024-05-06,17:00-18:00,2024,5,6,1,0,2,17,1,0,29996,27618.388,416.174683,394.566681,2024-05-06 17:00:00,2883.209
2024-05-06,18:00-19:00,2024,5,6,1,0,2,18,1,0,30264,27701.12,419.535339,404.472626,2024-05-06 18:00:00,1663.511
2024-05-06,19:00-20:00,2024,5,6,1,0,2,19,1,0,29865,27411.47,417.711761,415.533661,2024-05-06 19:00:00,1826.006
2024-05-06,20:00-21:00,2024,5,6,1,0,2,20,1,0,28478,26535.4,416.993561,479.27829,2024-05-06 20:00:00,1860.967
2024-05-06,21:00-22:00,2024,5,6,1,0,2,21,0,0,26869,25255.29,417.899628,473.622986,2024-05-06 21:00:00,1750.426
2024-05-06,22:00-23:00,2024,5,6,1,0,2,22,0,1,26459,24259.435,413.43399,416.17215,2024-05-06 22:00:00,1565.479
2024-05-06,23:00-24:00,2024,5,6,1,0,2,23,0,1,25756,24013.1,407.895538,398.007874,2024-05-06 23:00:00,1287.759
2024-05-07,00:00-01:00,2024,5,7,2,0,2,0,0,1,25047,22519.895,408.582031,416.253204,2024-05-07 00:00:00,722.325
2024-05-07,01:00-02:00,2024,5,7,2,0,2,1,0,1,24171,21730.468,402.777557,402.942139,2024-05-07 01:00:00,598.874
2024-05-07,02:00-03:00,2024,5,7,2,0,2,2,0,1,23734,21554.446,402.296356,397.280304,2024-05-07 02:00:00,499.004
2024-05-07,03:00-04:00,2024,5,7,2,0,2,3,0,1,23500,21469.604,402.241486,397.188965,2024-05-07 03:00:00,468.805
2024-05-07,04:00-05:00,2024,5,7,2,0,2,4,0,1,24046,21886.391,401.97937,402.809235,2024-05-07 04:00:00,498.604
2024-05-07,05:00-06:00,2024,5,7,2,0,2,5,0,1,26006,23611.83,421.187225,432.695557,2024-05-07 05:00:00,832.951
2024-05-07,06:00-07:00,2024,5,7,2,0,2,6,0,1,27608,26275.425,401.102264,412.403503,2024-05-07 06:00:00,3261.448
2024-05-07,07:00-08:00,2024,5,7,2,0,2,7,0,0,28360,25557.876,377.115479,396.628754,2024-05-07 07:00:00,7313.491
2024-05-07,08:00-09:00,2024,5,7,2,0,2,8,1,0,29643,25687.579,376.940338,388.730225,2024-05-07 08:00:00,11756.982
2024-05-07,09:00-10:00,2024,5,7,2,0,2,9,1,0,30243,23094.312,44.51104,373.02594,2024-05-07 09:00:00,15341.046
2024-05-07,10:00-11:00,2024,5,7,2,0,2,10,1,0,30738,21155.435,42.157162,372.576477,2024-05-07 10:00:00,17594.225
2024-05-07,11:00-12:00,2024,5,7,2,0,2,11,1,0,28704,21068.226,40.430038,15.108058,2024-05-07 11:00:00,18480.627
2024-05-07,12:00-13:00,2024,5,7,2,0,2,12,1,0,28329,20695.344,40.419968,20.842295,2024-05-07 12:00:00,18281.441
2024-05-07,13:00-14:00,2024,5,7,2,0,2,13,1,0,28923,20747.754,40.628147,353.929993,2024-05-07 13:00:00,16884.533
2024-05-07,14:00-15:00,2024,5,7,2,0,2,14,1,0,29455,21303.723,44.520439,356.823273,2024-05-07 14:00:00,14127.213
2024-05-07,15:00-16:00,2024,5,7,2,0,2,15,1,0,30722,22795.579,387.207764,382.326202,2024-05-07 15:00:00,10411.843
2024-05-07,16:00-17:00,2024,5,7,2,0,2,16,1,0,31532,27055.025,401.281067,395.856934,2024-05-07 16:00:00,6323.686
2024-05-07,17:00-18:00,2024,5,7,2,0,2,17,1,0,30975,29605.68,402.24173,393.420349,2024-05-07 17:00:00,2939.912
2024-05-07,18:00-19:00,2024,5,7,2,0,2,18,1,0,31161,29518.664,407.302673,392.760468,2024-05-07 18:00:00,1606.689
2024-05-07,19:00-20:00,2024,5,7,2,0,2,19,1,0,30879,29233.324,400.191376,396.112457,2024-05-07 19:00:00,1902.432
2024-05-07,20:00-21:00,2024,5,7,2,0,2,20,1,0,29692,28435.688,396.767944,399.776184,2024-05-07 20:00:00,2122.384
2024-05-07,21:00-22:00,2024,5,7,2,0,2,21,0,0,28254,27196.524,393.206421,402.735992,2024-05-07 21:00:00,2271.797
2024-05-07,22:00-23:00,2024,5,7,2,0,2,22,0,1,27845,25657.967,397.74881,389.000031,2024-05-07 22:00:00,2324.162
2024-05-07,23:00-24:00,2024,5,7,2,0,2,23,0,1,27253,25237.861,396.527283,384.644867,2024-05-07 23:00:00,2283.797
2024-05-08,00:00-01:00,2024,5,8,3,0,2,0,0,1,25577,24783.839,,,2024-05-08 00:00:00,1342.4
2024-05-08,01:00-02:00,2024,5,8,3,0,2,1,0,1,24671,24560.628,,,2024-05-08 01:00:00,1226.445
2024-05-08,02:00-03:00,2024,5,8,3,0,2,2,0,1,24085,24248.228,,,2024-05-08 02:00:00,1160.561
2024-05-08,03:00-04:00,2024,5,8,3,0,2,3,0,1,23800,24140.283,,,2024-05-08 03:00:00,1181.367
2024-05-08,04:00-05:00,2024,5,8,3,0,2,4,0,1,24147,24057.328,,,2024-05-08 04:00:00,1282.381
2024-05-08,05:00-06:00,2024,5,8,3,0,2,5,0,1,25905,24673.398,,,2024-05-08 05:00:00,1802.595
2024-05-08,06:00-07:00,2024,5,8,3,0,2,6,0,1,27243,27621.707,,,2024-05-08 06:00:00,4863.449
2024-05-08,07:00-08:00,2024,5,8,3,0,2,7,0,0,28373,28627.808,,,2024-05-08 07:00:00,9850.841
2024-05-08,08:00-09:00,2024,5,8,3,0,2,8,1,0,29749,28110.518,,,2024-05-08 08:00:00,15030.936
2024-05-08,09:00-10:00,2024,5,8,3,0,2,9,1,0,30457,26241.568,,,2024-05-08 09:00:00,18843.322
2024-05-08,10:00-11:00,2024,5,8,3,0,2,10,1,0,30984,24500.45,,,2024-05-08 10:00:00,20925.126
2024-05-08,11:00-12:00,2024,5,8,3,0,2,11,1,0,29121,24542.359,,,2024-05-08 11:00:00,21604.763
2024-05-08,12:00-13:00,2024,5,8,3,0,2,12,1,0,28864,23869.334,,,2024-05-08 12:00:00,21432.779
2024-05-08,13:00-14:00,2024,5,8,3,0,2,13,1,0,29246,23885.079,,,2024-05-08 13:00:00,20321.213
2024-05-08,14:00-15:00,2024,5,8,3,0,2,14,1,0,29823,23852.157,,,2024-05-08 14:00:00,17666.264
2024-05-08,15:00-16:00,2024,5,8,3,0,2,15,1,0,31034,26081.271,,,2024-05-08 15:00:00,13423.829
2024-05-08,16:00-17:00,2024,5,8,3,0,2,16,1,0,31513,29706.112,,,2024-05-08 16:00:00,8315.738
2024-05-08,17:00-18:00,2024,5,8,3,0,2,17,1,0,30907,31074.409,,,2024-05-08 17:00:00,4125.634
2024-05-08,18:00-19:00,2024,5,8,3,0,2,18,1,0,30843,31088.098,,,2024-05-08 18:00:00,2466.543
2024-05-08,19:00-20:00,2024,5,8,3,0,2,19,1,0,30466,30827.685,,,2024-05-08 19:00:00,2709.386
2024-05-08,20:00-21:00,2024,5,8,3,0,2,20,1,0,29469,30191.489,,,2024-05-08 20:00:00,2846.414
2024-05-08,21:00-22:00,2024,5,8,3,0,2,21,0,0,27882,29032.357,,,2024-05-08 21:00:00,2840.876
2024-05-08,22:00-23:00,2024,5,8,3,0,2,22,0,1,27225,27492.675,,,2024-05-08 22:00:00,2691.519
2024-05-08,23:00-24:00,2024,5,8,3,0,2,23,0,1,26441,27172.08,,,2024-05-08 23:00:00,2542.916
2024-05-09,00:00-01:00,2024,5,9,4,0,2,0,0,1,25946,25833.455,,,2024-05-09 00:00:00,2390.255
2024-05-09,01:00-02:00,2024,5,9,4,0,2,1,0,1,25026,25235.462,,,2024-05-09 01:00:00,2236.786
2024-05-09,02:00-03:00,2024,5,9,4,0,2,2,0,1,24388,24984.092,,,2024-05-09 02:00:00,2127.732
2024-05-09,03:00-04:00,2024,5,9,4,0,2,3,0,1,24100,24916.552,,,2024-05-09 03:00:00,2069.681
2024-05-09,04:00-05:00,2024,5,9,4,0,2,4,0,1,24385,24946.82,,,2024-05-09 04:00:00,2039.411
2024-05-09,05:00-06:00,2024,5,9,4,0,2,5,0,1,26029,25300.273,,,2024-05-09 05:00:00,2300.317
2024-05-09,06:00-07:00,2024,5,9,4,0,2,6,0,1,27412,28165.2,,,2024-05-09 06:00:00,4245.421
2024-05-09,07:00-08:00,2024,5,9,4,0,2,7,0,0,28640,27908.416,,,2024-05-09 07:00:00,7398.787
2024-05-09,08:00-09:00,2024,5,9,4,0,2,8,1,0,29879,27349.811,,,2024-05-09 08:00:00,10832.066
2024-05-09,09:00-10:00,2024,5,9,4,0,2,9,1,0,30371,24956.104,,,2024-05-09 09:00:00,13851.111
2024-05-09,10:00-11:00,2024,5,9,4,0,2,10,1,0,30956,22839.523,,,2024-05-09 10:00:00,16103.497
2024-05-09,11:00-12:00,2024,5,9,4,0,2,11,1,0,29139,22661.628,,,2024-05-09 11:00:00,17166.959
2024-05-09,12:00-13:00,2024,5,9,4,0,2,12,1,0,28848,22177.6,,,2024-05-09 12:00:00,17293.659
2024-05-09,13:00-14:00,2024,5,9,4,0,2,13,1,0,29184,22239.603,,,2024-05-09 13:00:00,16240.698
2024-05-09,14:00-15:00,2024,5,9,4,0,2,14,1,0,29713,22931.896,,,2024-05-09 14:00:00,13957.361
2024-05-09,15:00-16:00,2024,5,9,4,0,2,15,1,0,30882,25370.954,,,2024-05-09 15:00:00,10840.335
2024-05-09,16:00-17:00,2024,5,9,4,0,2,16,1,0,31284,29451.923,,,2024-05-09 16:00:00,7306.002
2024-05-09,17:00-18:00,2024,5,9,4,0,2,17,1,0,30574,30825.512,,,2024-05-09 17:00:00,4310.11
2024-05-09,18:00-19:00,2024,5,9,4,0,2,18,1,0,30358,30836.278,,,2024-05-09 18:00:00,3158.437
2024-05-09,19:00-20:00,2024,5,9,4,0,2,19,1,0,30076,30258.989,,,2024-05-09 19:00:00,3575.023
2024-05-09,20:00-21:00,2024,5,9,4,0,2,20,1,0,29107,29597.215,,,2024-05-09 20:00:00,3917.478
2024-05-09,21:00-22:00,2024,5,9,4,0,2,21,0,0,27638,28148.388,,,2024-05-09 21:00:00,4148.541
2024-05-09,22:00-23:00,2024,5,9,4,0,2,22,0,1,27471,26696.03,,,2024-05-09 22:00:00,4341.659
2024-05-09,23:00-24:00,2024,5,9,4,0,2,23,0,1,26855,26246.14,,,2024-05-09 23:00:00,4473.989
2024-05-10,00:00-01:00,2024,5,10,5,0,2,0,0,1,25764,23142.102,,,2024-05-10 00:00:00,4755.794
2024-05-10,01:00-02:00,2024,5,10,5,0,2,1,0,1,24908,22879.78,,,2024-05-10 01:00:00,4795.211
2024-05-10,02:00-03:00,2024,5,10,5,0,2,2,0,1,24294,22453.239,,,2024-05-10 02:00:00,4800.378
2024-05-10,03:00-04:00,2024,5,10,5,0,2,3,0,1,24000,22262.551,,,2024-05-10 03:00:00,4801.37
2024-05-10,04:00-05:00,2024,5,10,5,0,2,4,0,1,24381,22657.002,,,2024-05-10 04:00:00,4789.262
2024-05-10,05:00-06:00,2024,5,10,5,0,2,5,0,1,25931,23259.816,,,2024-05-10 05:00:00,5105.844
2024-05-10,06:00-07:00,2024,5,10,5,0,2,6,0,1,27359,25652.358,,,2024-05-10 06:00:00,7658.134
2024-05-10,07:00-08:00,2024,5,10,5,0,2,7,0,0,28799,25960.315,,,2024-05-10 07:00:00,11743.869
2024-05-10,08:00-09:00,2024,5,10,5,0,2,8,1,0,30414,26141.129,,,2024-05-10 08:00:00,15986.434
2024-05-10,09:00-10:00,2024,5,10,5,0,2,9,1,0,30628,24158.495,,,2024-05-10 09:00:00,19225.596
2024-05-10,10:00-11:00,2024,5,10,5,0,2,10,1,0,31000,22180.139,,,2024-05-10 10:00:00,20897.028
2024-05-10,11:00-12:00,2024,5,10,5,0,2,11,1,0,28981,22024.854,,,2024-05-10 11:00:00,21328.936
2024-05-10,12:00-13:00,2024,5,10,5,0,2,12,1,0,28702,21263.857,,,2024-05-10 12:00:00,20804.173
2024-05-10,13:00-14:00,2024,5,10,5,0,2,13,1,0,28788,20933.461,,,2024-05-10 13:00:00,18490.315
2024-05-10,14:00-15:00,2024,5,10,5,0,2,14,1,0,29194,20543.181,,,2024-05-10 14:00:00,15011.246
2024-05-10,15:00-16:00,2024,5,10,5,0,2,15,1,0,29854,22673.05,,,2024-05-10 15:00:00,11502.482
2024-05-10,16:00-17:00,2024,5,10,5,0,2,16,1,0,30311,26193.381,,,2024-05-10 16:00:00,8153.067
2024-05-10,17:00-18:00,2024,5,10,5,0,2,17,1,0,29588,27443.098,,,2024-05-10 17:00:00,5704.138
2024-05-10,18:00-19:00,2024,5,10,5,0,2,18,1,0,29375,27889.748,,,2024-05-10 18:00:00,4595.226
2024-05-10,19:00-20:00,2024,5,10,5,0,2,19,1,0,29799,28099.681,,,2024-05-10 19:00:00,4501.859
2024-05-10,20:00-21:00,2024,5,10,5,0,2,20,1,0,29238,27681.549,,,2024-05-10 20:00:00,4326.945
2024-05-10,21:00-22:00,2024,5,10,5,0,2,21,0,0,27420,26545.022,,,2024-05-10 21:00:00,4076.873
2024-05-10,22:00-23:00,2024,5,10,5,0,2,22,0,1,25976,24758.684,,,2024-05-10 22:00:00,3766.843
2024-05-10,23:00-24:00,2024,5,10,5,0,2,23,0,1,24720,23821.762,,,2024-05-10 23:00:00,3293.505
2024-05-11,00:00-01:00,2024,5,11,6,1,2,0,0,1,25621,22550.122,369.822205,,2024-05-11 00:00:00,2652.628
2024-05-11,01:00-02:00,2024,5,11,6,1,2,1,0,1,24708,22119.192,370.326599,,2024-05-11 01:00:00,2294.035
2024-05-11,02:00-03:00,2024,5,11,6,1,2,2,0,1,24098,22032.84,353.602875,,2024-05-11 02:00:00,1982.174
2024-05-11,03:00-04:00,2024,5,11,6,1,2,3,0,1,23800,22019.905,351.076935,,2024-05-11 03:00:00,1753.703
2024-05-11,04:00-05:00,2024,5,11,6,1,2,4,0,1,24116,22168.242,368.798401,,2024-05-11 04:00:00,1656.589
2024-05-11,05:00-06:00,2024,5,11,6,1,2,5,0,1,25757,22969.537,385.198944,,2024-05-11 05:00:00,1845.429
2024-05-11,06:00-07:00,2024,5,11,6,1,2,6,0,1,27084,25584.381,397.338562,,2024-05-11 06:00:00,3094.314
2024-05-11,07:00-08:00,2024,5,11,6,1,2,7,0,0,28267,25740.983,391.090424,,2024-05-11 07:00:00,5078.446
2024-05-11,08:00-09:00,2024,5,11,6,1,2,8,1,0,29573,26420.0,341.896271,,2024-05-11 08:00:00,7545.287
2024-05-11,09:00-10:00,2024,5,11,6,1,2,9,1,0,30124,23265.645,359.59491,,2024-05-11 09:00:00,10228.205
2024-05-11,10:00-11:00,2024,5,11,6,1,2,10,1,0,30500,20806.732,299.062103,,2024-05-11 10:00:00,12809.751
2024-05-11,11:00-12:00,2024,5,11,6,1,2,11,1,0,28600,19069.627,118.732956,,2024-05-11 11:00:00,14289.497
2024-05-11,12:00-13:00,2024,5,11,6,1,2,12,1,0,28291,18509.42,287.612518,,2024-05-11 12:00:00,14706.082
2024-05-11,13:00-14:00,2024,5,11,6,1,2,13,1,0,28601,18947.701,283.115326,,2024-05-11 13:00:00,14403.431
2024-05-11,14:00-15:00,2024,5,11,6,1,2,14,1,0,29072,19473.891,121.310204,,2024-05-11 14:00:00,13241.039
2024-05-11,15:00-16:00,2024,5,11,6,1,2,15,1,0,29773,21656.48,126.592667,,2024-05-11 15:00:00,10853.545
2024-05-11,16:00-17:00,2024,5,11,6,1,2,16,1,0,29873,25644.206,47.928326,,2024-05-11 16:00:00,7664.501
2024-05-11,17:00-18:00,2024,5,11,6,1,2,17,1,0,29347,27343.887,58.682049,,2024-05-11 17:00:00,4533.472
2024-05-11,18:00-19:00,2024,5,11,6,1,2,18,1,0,29197,27001.036,291.889832,,2024-05-11 18:00:00,2823.627
2024-05-11,19:00-20:00,2024,5,11,6,1,2,19,1,0,29422,27108.759,364.317383,,2024-05-11 19:00:00,2622.872
2024-05-11,20:00-21:00,2024,5,11,6,1,2,20,1,0,28746,26564.475,370.936249,,2024-05-11 20:00:00,2404.053
2024-05-11,21:00-22:00,2024,5,11,6,1,2,21,0,0,27056,25488.034,364.711853,,2024-05-11 21:00:00,2162.872
2024-05-11,22:00-23:00,2024,5,11,6,1,2,22,0,1,25816,23651.516,369.909698,,2024-05-11 22:00:00,1897.285
2024-05-11,23:00-24:00,2024,5,11,6,1,2,23,0,1,24803,23376.021,370.73822,,2024-05-11 23:00:00,1663.068
2024-05-12,00:00-01:00,2024,5,12,7,1,2,0,0,1,25945,22632.432,382.305817,,2024-05-12 00:00:00,1471.656
2024-05-12,01:00-02:00,2024,5,12,7,1,2,1,0,1,24957,22091.131,371.171661,,2024-05-12 01:00:00,1294.088
2024-05-12,02:00-03:00,2024,5,12,7,1,2,2,0,1,24241,21618.052,379.062103,,2024-05-12 02:00:00,1132.396
2024-05-12,03:00-04:00,2024,5,12,7,1,2,3,0,1,23900,21446.532,374.810333,,2024-05-12 03:00:00,1009.089
2024-05-12,04:00-05:00,2024,5,12,7,1,2,4,0,1,24168,21704.502,387.048706,,2024-05-12 04:00:00,900.619
2024-05-12,05:00-06:00,2024,5,12,7,1,2,5,0,1,25515,22386.531,384.904907,,2024-05-12 05:00:00,1148.4
2024-05-12,06:00-07:00,2024,5,12,7,1,2,6,0,1,26351,24310.126,370.769318,,2024-05-12 06:00:00,3497.85
2024-05-12,07:00-08:00,2024,5,12,7,1,2,7,0,0,27626,24972.451,326.59668,,2024-05-12 07:00:00,7550.697
2024-05-12,08:00-09:00,2024,5,12,7,1,2,8,1,0,28719,25438.973,50.027512,,2024-05-12 08:00:00,12015.056
2024-05-12,09:00-10:00,2024,5,12,7,1,2,9,1,0,29133,23593.858,58.371246,,2024-05-12 09:00:00,15570.292
2024-05-12,10:00-11:00,2024,5,12,7,1,2,10,1,0,29579,21701.646,67.412941,,2024-05-12 10:00:00,17842.862
2024-05-12,11:00-12:00,2024,5,12,7,1,2,11,1,0,28128,21540.988,40.390663,,2024-05-12 11:00:00,18753.9
2024-05-12,12:00-13:00,2024,5,12,7,1,2,12,1,0,27871,21005.586,48.181297,,2024-05-12 12:00:00,18679.65
2024-05-12,13:00-14:00,2024,5,12,7,1,2,13,1,0,28045,21037.125,48.099106,,2024-05-12 13:00:00,17482.637
2024-05-12,14:00-15:00,2024,5,12,7,1,2,14,1,0,28510,20798.019,67.519447,,2024-05-12 14:00:00,14948.416
2024-05-12,15:00-16:00,2024,5,12,7,1,2,15,1,0,29439,22320.301,127.325012,,2024-05-12 15:00:00,11163.085
2024-05-12,16:00-17:00,2024,5,12,7,1,2,16,1,0,30000,25632.538,328.981628,,2024-05-12 16:00:00,6662.556
2024-05-12,17:00-18:00,2024,5,12,7,1,2,17,1,0,29373,27713.081,346.624146,,2024-05-12 17:00:00,2833.688
2024-05-12,18:00-19:00,2024,5,12,7,1,2,18,1,0,29234,27773.342,366.949829,,2024-05-12 18:00:00,1248.559
2024-05-12,19:00-20:00,2024,5,12,7,1,2,19,1,0,29652,27854.454,361.93045,,2024-05-12 19:00:00,1471.503
2024-05-12,20:00-21:00,2024,5,12,7,1,2,20,1,0,29327,27362.886,348.614166,,2024-05-12 20:00:00,1679.275
2024-05-12,21:00-22:00,2024,5,12,7,1,2,21,0,0,27419,25920.244,399.696167,,2024-05-12 21:00:00,1774.587
2024-05-12,22:00-23:00,2024,5,12,7,1,2,22,0,1,26165,23765.793,360.80188,,2024-05-12 22:00:00,1827.13
2024-05-12,23:00-24:00,2024,5,12,7,1,2,23,0,1,24980,22732.101,382.635925,,2024-05-12 23:00:00,1949.035
2024-05-13,00:00-01:00,2024,5,13,1,0,2,0,0,1,25425,21900.182,,,2024-05-13 00:00:00,2026.795
2024-05-13,01:00-02:00,2024,5,13,1,0,2,1,0,1,24660,21381.142,,,2024-05-13 01:00:00,1994.178
2024-05-13,02:00-03:00,2024,5,13,1,0,2,2,0,1,24062,20768.352,,,2024-05-13 02:00:00,1927.068
2024-05-13,03:00-04:00,2024,5,13,1,0,2,3,0,1,23835,20693.022,,,2024-05-13 03:00:00,1831.717
2024-05-13,04:00-05:00,2024,5,13,1,0,2,4,0,1,24207,20785.662,,,2024-05-13 04:00:00,1720.989
2024-05-13,05:00-06:00,2024,5,13,1,0,2,5,0,1,25814,22290.148,,,2024-05-13 05:00:00,2000.328
2024-05-13,06:00-07:00,2024,5,13,1,0,2,6,0,1,27562,25302.051,,,2024-05-13 06:00:00,4767.865
2024-05-13,07:00-08:00,2024,5,13,1,0,2,7,0,0,29098,24813.524,,,2024-05-13 07:00:00,9326.872
2024-05-13,08:00-09:00,2024,5,13,1,0,2,8,1,0,30752,25549.04,,,2024-05-13 08:00:00,14033.838
2024-05-13,09:00-10:00,2024,5,13,1,0,2,9,1,0,31706,23555.586,,,2024-05-13 09:00:00,17456.253
2024-05-13,10:00-11:00,2024,5,13,1,0,2,10,1,0,32342,21693.538,,,2024-05-13 10:00:00,19401.911
2024-05-13,11:00-12:00,2024,5,13,1,0,2,11,1,0,30340,21636.611,,,2024-05-13 11:00:00,20075.167
2024-05-13,12:00-13:00,2024,5,13,1,0,2,12,1,0,31119,21134.821,,,2024-05-13 12:00:00,20058.679
2024-05-13,13:00-14:00,2024,5,13,1,0,2,13,1,0,31106,21336.127,,,2024-05-13 13:00:00,19268.817
2024-05-13,14:00-15:00,2024,5,13,1,0,2,14,1,0,31119,21206.039,,,2024-05-13 14:00:00,17196.138
2024-05-13,15:00-16:00,2024,5,13,1,0,2,15,1,0,31647,22065.831,,,2024-05-13 15:00:00,13522.565
2024-05-13,16:00-17:00,2024,5,13,1,0,2,16,1,0,31784,25715.415,,,2024-05-13 16:00:00,8765.35
2024-05-13,17:00-18:00,2024,5,13,1,0,2,17,1,0,30664,28001.61,,,2024-05-13 17:00:00,4658.759
2024-05-13,18:00-19:00,2024,5,13,1,0,2,18,1,0,30428,27778.217,,,2024-05-13 18:00:00,2976.236
2024-05-13,19:00-20:00,2024,5,13,1,0,2,19,1,0,30811,27770.166,,,2024-05-13 19:00:00,3385.215
2024-05-13,20:00-21:00,2024,5,13,1,0,2,20,1,0,30062,27064.448,,,2024-05-13 20:00:00,3724.871
2024-05-13,21:00-22:00,2024,5,13,1,0,2,21,0,0,28305,26204.928,,,2024-05-13 21:00:00,3949.363
2024-05-13,22:00-23:00,2024,5,13,1,0,2,22,0,1,26923,23056.562,,,2024-05-13 22:00:00,4099.294
2024-05-13,23:00-24:00,2024,5,13,1,0,2,23,0,1,25937,21888.102,,,2024-05-13 23:00:00,4162.237
2024-05-14,00:00-01:00,2024,5,14,2,0,2,0,0,1,26395,21126.625,,,2024-05-14 00:00:00,3964.359
2024-05-14,01:00-02:00,2024,5,14,2,0,2,1,0,1,25625,20870.932,,,2024-05-14 01:00:00,3951.449
2024-05-14,02:00-03:00,2024,5,14,2,0,2,2,0,1,25280,20280.968,,,2024-05-14 02:00:00,3889.782
2024-05-14,03:00-04:00,2024,5,14,2,0,2,3,0,1,24767,20113.832,,,2024-05-14 03:00:00,3786.595
2024-05-14,04:00-05:00,2024,5,14,2,0,2,4,0,1,24792,20112.992,,,2024-05-14 04:00:00,3692.375
2024-05-14,05:00-06:00,2024,5,14,2,0,2,5,0,1,26465,21316.679,,,2024-05-14 05:00:00,3963.657
2024-05-14,06:00-07:00,2024,5,14,2,0,2,6,0,1,28049,24373.614,,,2024-05-14 06:00:00,6683.061
2024-05-14,07:00-08:00,2024,5,14,2,0,2,7,0,0,29626,24644.77,,,2024-05-14 07:00:00,11029.498
2024-05-14,08:00-09:00,2024,5,14,2,0,2,8,1,0,31221,25570.02,,,2024-05-14 08:00:00,15426.669
2024-05-14,09:00-10:00,2024,5,14,2,0,2,9,1,0,31789,23600.205,,,2024-05-14 09:00:00,18575.217
2024-05-14,10:00-11:00,2024,5,14,2,0,2,10,1,0,32550,21686.128,,,2024-05-14 10:00:00,20256.724
2024-05-14,11:00-12:00,2024,5,14,2,0,2,11,1,0,30826,21545.148,,,2024-05-14 11:00:00,20752.504
2024-05-14,12:00-13:00,2024,5,14,2,0,2,12,1,0,31909,20995.188,,,2024-05-14 12:00:00,20599.597
2024-05-14,13:00-14:00,2024,5,14,2,0,2,13,1,0,32128,21078.728,,,2024-05-14 13:00:00,19568.29
2024-05-14,14:00-15:00,2024,5,14,2,0,2,14,1,0,32346,20923.053,,,2024-05-14 14:00:00,17226.112
2024-05-14,15:00-16:00,2024,5,14,2,0,2,15,1,0,32313,21904.828,,,2024-05-14 15:00:00,13359.064
2024-05-14,16:00-17:00,2024,5,14,2,0,2,16,1,0,31829,26036.085,,,2024-05-14 16:00:00,8519.004
2024-05-14,17:00-18:00,2024,5,14,2,0,2,17,1,0,30817,28119.179,,,2024-05-14 17:00:00,4533.859
2024-05-14,18:00-19:00,2024,5,14,2,0,2,18,1,0,30857,28482.876,,,2024-05-14 18:00:00,3029.461
2024-05-14,19:00-20:00,2024,5,14,2,0,2,19,1,0,30917,28261.187,,,2024-05-14 19:00:00,3382.109
2024-05-14,20:00-21:00,2024,5,14,2,0,2,20,1,0,30430,28077.833,,,2024-05-14 20:00:00,3585.92
2024-05-14,21:00-22:00,2024,5,14,2,0,2,21,0,0,28325,26420.085,,,2024-05-14 21:00:00,3603.801
2024-05-14,22:00-23:00,2024,5,14,2,0,2,22,0,1,26866,23672.76,,,2024-05-14 22:00:00,3507.069
2024-05-14,23:00-24:00,2024,5,14,2,0,2,23,0,1,25958,22590.271,,,2024-05-14 23:00:00,3273.65
2024-05-15,00:00-01:00,2024,5,15,3,0,2,0,0,1,26211,21344.092,,,2024-05-15 00:00:00,3001.212
2024-05-15,01:00-02:00,2024,5,15,3,0,2,1,0,1,25317,21287.442,,,2024-05-15 01:00:00,2663.005
2024-05-15,02:00-03:00,2024,5,15,3,0,2,2,0,1,24726,20475.547,,,2024-05-15 02:00:00,2200.657
2024-05-15,03:00-04:00,2024,5,15,3,0,2,3,0,1,24400,20554.996,,,2024-05-15 03:00:00,1777.367
2024-05-15,04:00-05:00,2024,5,15,3,0,2,4,0,1,24738,20816.422,,,2024-05-15 04:00:00,1602.472
2024-05-15,05:00-06:00,2024,5,15,3,0,2,5,0,1,26460,21775.62,,,2024-05-15 05:00:00,2425.622
2024-05-15,06:00-07:00,2024,5,15,3,0,2,6,0,1,27571,24612.593,,,2024-05-15 06:00:00,5885.791
2024-05-15,07:00-08:00,2024,5,15,3,0,2,7,0,0,29145,24901.616,,,2024-05-15 07:00:00,10761.52
2024-05-15,08:00-09:00,2024,5,15,3,0,2,8,1,0,30718,25280.381,,,2024-05-15 08:00:00,15571.733
2024-05-15,09:00-10:00,2024,5,15,3,0,2,9,1,0,31312,23178.761,,,2024-05-15 09:00:00,19295.83
2024-05-15,10:00-11:00,2024,5,15,3,0,2,10,1,0,31663,21237.6,,,2024-05-15 10:00:00,21507.502
2024-05-15,11:00-12:00,2024,5,15,3,0,2,11,1,0,29566,21179.818,,,2024-05-15 11:00:00,22293.401
2024-05-15,12:00-13:00,2024,5,15,3,0,2,12,1,0,29998,20738.588,,,2024-05-15 12:00:00,22225.336
2024-05-15,13:00-14:00,2024,5,15,3,0,2,13,1,0,29815,20937.268,,,2024-05-15 13:00:00,21157.671
2024-05-15,14:00-15:00,2024,5,15,3,0,2,14,1,0,30091,20842.391,,,2024-05-15 14:00:00,18794.413
2024-05-15,15:00-16:00,2024,5,15,3,0,2,15,1,0,30523,21947.834,,,2024-05-15 15:00:00,14964.817
2024-05-15,16:00-17:00,2024,5,15,3,0,2,16,1,0,30853,26007.929,,,2024-05-15 16:00:00,10240.971
2024-05-15,17:00-18:00,2024,5,15,3,0,2,17,1,0,29858,27977.937,,,2024-05-15 17:00:00,6026.855
2024-05-15,18:00-19:00,2024,5,15,3,0,2,18,1,0,29510,27886.428,,,2024-05-15 18:00:00,3925.179
2024-05-15,19:00-20:00,2024,5,15,3,0,2,19,1,0,29936,28044.777,,,2024-05-15 19:00:00,3804.692
2024-05-15,20:00-21:00,2024,5,15,3,0,2,20,1,0,29287,27492.039,,,2024-05-15 20:00:00,3677.276
2024-05-15,21:00-22:00,2024,5,15,3,0,2,21,0,0,27467,26111.763,,,2024-05-15 21:00:00,3413.541
2024-05-15,22:00-23:00,2024,5,15,3,0,2,22,0,1,25982,23577.722,,,2024-05-15 22:00:00,3064.487
2024-05-15,23:00-24:00,2024,5,15,3,0,2,23,0,1,24962,22437.643,,,2024-05-15 23:00:00,2742.429
2024-05-16,00:00-01:00,2024,5,16,4,0,2,0,0,1,25878,21833.567,,,2024-05-16 00:00:00,2119.858
2024-05-16,01:00-02:00,2024,5,16,4,0,2,1,0,1,25023,21532.282,,,2024-05-16 01:00:00,1764.885
2024-05-16,02:00-03:00,2024,5,16,4,0,2,2,0,1,24458,21063.924,,,2024-05-16 02:00:00,1544.545
2024-05-16,03:00-04:00,2024,5,16,4,0,2,3,0,1,24200,20972.552,,,2024-05-16 03:00:00,1438.887
2024-05-16,04:00-05:00,2024,5,16,4,0,2,4,0,1,24562,21167.032,,,2024-05-16 04:00:00,1426.896
2024-05-16,05:00-06:00,2024,5,16,4,0,2,5,0,1,26283,22109.624,,,2024-05-16 05:00:00,1874.331
2024-05-16,06:00-07:00,2024,5,16,4,0,2,6,0,1,27503,24629.948,,,2024-05-16 06:00:00,4730.65
2024-05-16,07:00-08:00,2024,5,16,4,0,2,7,0,0,29089,25190.866,,,2024-05-16 07:00:00,9264.426
2024-05-16,08:00-09:00,2024,5,16,4,0,2,8,1,0,30561,25407.081,,,2024-05-16 08:00:00,13825.135
2024-05-16,09:00-10:00,2024,5,16,4,0,2,9,1,0,31119,23246.913,,,2024-05-16 09:00:00,17156.628
2024-05-16,10:00-11:00,2024,5,16,4,0,2,10,1,0,31460,21150.34,,,2024-05-16 10:00:00,19124.323
2024-05-16,11:00-12:00,2024,5,16,4,0,2,11,1,0,29378,21017.468,,,2024-05-16 11:00:00,19875.032
2024-05-16,12:00-13:00,2024,5,16,4,0,2,12,1,0,29428,20518.408,,,2024-05-16 12:00:00,19865.495
2024-05-16,13:00-14:00,2024,5,16,4,0,2,13,1,0,29609,20590.825,,,2024-05-16 13:00:00,18844.655
2024-05-16,14:00-15:00,2024,5,16,4,0,2,14,1,0,29614,20475.063,,,2024-05-16 14:00:00,16531.134
2024-05-16,15:00-16:00,2024,5,16,4,0,2,15,1,0,30061,21697.405,,,2024-05-16 15:00:00,12940.773
2024-05-16,16:00-17:00,2024,5,16,4,0,2,16,1,0,30482,25349.285,,,2024-05-16 16:00:00,8685.724
2024-05-16,17:00-18:00,2024,5,16,4,0,2,17,1,0,30035,27542.441,,,2024-05-16 17:00:00,5172.055
2024-05-16,18:00-19:00,2024,5,16,4,0,2,18,1,0,29614,27120.357,,,2024-05-16 18:00:00,3799.712
2024-05-16,19:00-20:00,2024,5,16,4,0,2,19,1,0,30245,27148.658,,,2024-05-16 19:00:00,4239.35
2024-05-16,20:00-21:00,2024,5,16,4,0,2,20,1,0,29641,26701.08,,,2024-05-16 20:00:00,4577.534
2024-05-16,21:00-22:00,2024,5,16,4,0,2,21,0,0,28090,25320.568,,,2024-05-16 21:00:00,4735.969
2024-05-16,22:00-23:00,2024,5,16,4,0,2,22,0,1,26575,23027.601,,,2024-05-16 22:00:00,4786.332
2024-05-16,23:00-24:00,2024,5,16,4,0,2,23,0,1,25383,21910.142,,,2024-05-16 23:00:00,4732.305
2024-05-17,00:00-01:00,2024,5,17,5,0,2,0,0,1,26977,22820.148,,,2024-05-17 00:00:00,4757.215
2024-05-17,01:00-02:00,2024,5,17,5,0,2,1,0,1,26086,22042.009,,,2024-05-17 01:00:00,4666.64
2024-05-17,02:00-03:00,2024,5,17,5,0,2,2,0,1,25515,21587.272,,,2024-05-17 02:00:00,4538.791
2024-05-17,03:00-04:00,2024,5,17,5,0,2,3,0,1,25200,21538.472,,,2024-05-17 03:00:00,4361.495
2024-05-17,04:00-05:00,2024,5,17,5,0,2,4,0,1,25772,21997.412,,,2024-05-17 04:00:00,4129.337
2024-05-17,05:00-06:00,2024,5,17,5,0,2,5,0,1,27391,22539.351,,,2024-05-17 05:00:00,4242.418
2024-05-17,06:00-07:00,2024,5,17,5,0,2,6,0,1,28351,24714.104,,,2024-05-17 06:00:00,6689.099
2024-05-17,07:00-08:00,2024,5,17,5,0,2,7,0,0,29754,25547.673,,,2024-05-17 07:00:00,10713.196
2024-05-17,08:00-09:00,2024,5,17,5,0,2,8,1,0,31506,25991.252,,,2024-05-17 08:00:00,15023.667
2024-05-17,09:00-10:00,2024,5,17,5,0,2,9,1,0,32578,23990.972,,,2024-05-17 09:00:00,18298.178
2024-05-17,10:00-11:00,2024,5,17,5,0,2,10,1,0,33283,22077.172,,,2024-05-17 10:00:00,20090.056
2024-05-17,11:00-12:00,2024,5,17,5,0,2,11,1,0,31354,21875.512,,,2024-05-17 11:00:00,20641.222
2024-05-17,12:00-13:00,2024,5,17,5,0,2,12,1,0,31775,21363.372,,,2024-05-17 12:00:00,20416.759
2024-05-17,13:00-14:00,2024,5,17,5,0,2,13,1,0,31850,21467.142,,,2024-05-17 13:00:00,19296.438
2024-05-17,14:00-15:00,2024,5,17,5,0,2,14,1,0,32015,21358.458,,,2024-05-17 14:00:00,16950.662
2024-05-17,15:00-16:00,2024,5,17,5,0,2,15,1,0,32658,22623.049,,,2024-05-17 15:00:00,13214.887
2024-05-17,16:00-17:00,2024,5,17,5,0,2,16,1,0,32876,26192.945,,,2024-05-17 16:00:00,8724.998
2024-05-17,17:00-18:00,2024,5,17,5,0,2,17,1,0,31982,28030.367,,,2024-05-17 17:00:00,4999.279
2024-05-17,18:00-19:00,2024,5,17,5,0,2,18,1,0,31584,27972.86,,,2024-05-17 18:00:00,3569.804
2024-05-17,19:00-20:00,2024,5,17,5,0,2,19,1,0,32247,28193.662,,,2024-05-17 19:00:00,4002.924
2024-05-17,20:00-21:00,2024,5,17,5,0,2,20,1,0,31661,27511.08,,,2024-05-17 20:00:00,4279.369
2024-05-17,21:00-22:00,2024,5,17,5,0,2,21,0,0,29709,26012.119,,,2024-05-17 21:00:00,4318.808
2024-05-17,22:00-23:00,2024,5,17,5,0,2,22,0,1,28010,23802.372,,,2024-05-17 22:00:00,4256.938
2024-05-17,23:00-24:00,2024,5,17,5,0,2,23,0,1,26554,22991.47,,,2024-05-17 23:00:00,4058.951
2024-05-18,00:00-01:00,2024,5,18,6,1,2,0,0,1,28102,21335.839,,,2024-05-18 00:00:00,4161.412
2024-05-18,01:00-02:00,2024,5,18,6,1,2,1,0,1,27255,20859.354,,,2024-05-18 01:00:00,3913.129
2024-05-18,02:00-03:00,2024,5,18,6,1,2,2,0,1,26424,20405.69,,,2024-05-18 02:00:00,3646.393
2024-05-18,03:00-04:00,2024,5,18,6,1,2,3,0,1,25781,19943.592,,,2024-05-18 03:00:00,3367.245
2024-05-18,04:00-05:00,2024,5,18,6,1,2,4,0,1,26034,20173.0,,,2024-05-18 04:00:00,3092.839
2024-05-18,05:00-06:00,2024,5,18,6,1,2,5,0,1,27286,20665.424,,,2024-05-18 05:00:00,3272.131
2024-05-18,06:00-07:00,2024,5,18,6,1,2,6,0,1,28159,21030.855,,,2024-05-18 06:00:00,5725.855
2024-05-18,07:00-08:00,2024,5,18,6,1,2,7,0,0,29900,21772.81,,,2024-05-18 07:00:00,9726.356
2024-05-18,08:00-09:00,2024,5,18,6,1,2,8,1,0,31397,22133.823,,,2024-05-18 08:00:00,14102.633
2024-05-18,09:00-10:00,2024,5,18,6,1,2,9,1,0,32337,21252.682,,,2024-05-18 09:00:00,17535.973
2024-05-18,10:00-11:00,2024,5,18,6,1,2,10,1,0,33318,18826.549,,,2024-05-18 10:00:00,19423.607
2024-05-18,11:00-12:00,2024,5,18,6,1,2,11,1,0,32259,18630.1,,,2024-05-18 11:00:00,20005.857
2024-05-18,12:00-13:00,2024,5,18,6,1,2,12,1,0,32579,18056.07,,,2024-05-18 12:00:00,19731.914
2024-05-18,13:00-14:00,2024,5,18,6,1,2,13,1,0,32919,18035.148,,,2024-05-18 13:00:00,18210.623
2024-05-18,14:00-15:00,2024,5,18,6,1,2,14,1,0,33123,17740.523,,,2024-05-18 14:00:00,15337.121
2024-05-18,15:00-16:00,2024,5,18,6,1,2,15,1,0,33251,19385.702,,,2024-05-18 15:00:00,11529.017
2024-05-18,16:00-17:00,2024,5,18,6,1,2,16,1,0,32964,23227.441,,,2024-05-18 16:00:00,7235.824
2024-05-18,17:00-18:00,2024,5,18,6,1,2,17,1,0,31626,24826.779,,,2024-05-18 17:00:00,3748.696
2024-05-18,18:00-19:00,2024,5,18,6,1,2,18,1,0,31545,24736.349,,,2024-05-18 18:00:00,2266.279
2024-05-18,19:00-20:00,2024,5,18,6,1,2,19,1,0,32611,24982.473,,,2024-05-18 19:00:00,2303.463
2024-05-18,20:00-21:00,2024,5,18,6,1,2,20,1,0,32761,24745.869,,,2024-05-18 20:00:00,2342.341
2024-05-18,21:00-22:00,2024,5,18,6,1,2,21,0,0,30994,23382.145,,,2024-05-18 21:00:00,2292.566
2024-05-18,22:00-23:00,2024,5,18,6,1,2,22,0,1,29235,20790.52,,,2024-05-18 22:00:00,2196.548
2024-05-18,23:00-24:00,2024,5,18,6,1,2,23,0,1,27747,18115.011,,,2024-05-18 23:00:00,2019.416
2024-05-19,00:00-01:00,2024,5,19,7,1,2,0,0,1,28176,16687.034,,,2024-05-19 00:00:00,1763.74
2024-05-19,01:00-02:00,2024,5,19,7,1,2,1,0,1,27142,16267.355,,,2024-05-19 01:00:00,1640.249
2024-05-19,02:00-03:00,2024,5,19,7,1,2,2,0,1,26240,15723.66,,,2024-05-19 02:00:00,1559.679
2024-05-19,03:00-04:00,2024,5,19,7,1,2,3,0,1,25826,15486.829,,,2024-05-19 03:00:00,1497.137
2024-05-19,04:00-05:00,2024,5,19,7,1,2,4,0,1,25828,15469.887,,,2024-05-19 04:00:00,1422.113
2024-05-19,05:00-06:00,2024,5,19,7,1,2,5,0,1,27008,16034.112,,,2024-05-19 05:00:00,1667.287
2024-05-19,06:00-07:00,2024,5,19,7,1,2,6,0,1,27944,17656.511,,,2024-05-19 06:00:00,3446.204
2024-05-19,07:00-08:00,2024,5,19,7,1,2,7,0,0,29363,17628.606,,,2024-05-19 07:00:00,6203.568
2024-05-19,08:00-09:00,2024,5,19,7,1,2,8,1,0,30866,17504.385,,,2024-05-19 08:00:00,9107.144
2024-05-19,09:00-10:00,2024,5,19,7,1,2,9,1,0,31795,15779.65,,,2024-05-19 09:00:00,11331.734
2024-05-19,10:00-11:00,2024,5,19,7,1,2,10,1,0,32500,15144.412,,,2024-05-19 10:00:00,12605.512
2024-05-19,11:00-12:00,2024,5,19,7,1,2,11,1,0,30754,14897.692,,,2024-05-19 11:00:00,12949.947
2024-05-19,12:00-13:00,2024,5,19,7,1,2,12,1,0,31208,14240.793,,,2024-05-19 12:00:00,12537.284
2024-05-19,13:00-14:00,2024,5,19,7,1,2,13,1,0,31208,14214.761,,,2024-05-19 13:00:00,10995.024
2024-05-19,14:00-15:00,2024,5,19,7,1,2,14,1,0,31213,15058.449,,,2024-05-19 14:00:00,8816.626
2024-05-19,15:00-16:00,2024,5,19,7,1,2,15,1,0,31579,15670.309,,,2024-05-19 15:00:00,6503.774
2024-05-19,16:00-17:00,2024,5,19,7,1,2,16,1,0,31789,18705.73,,,2024-05-19 16:00:00,4089.613
2024-05-19,17:00-18:00,2024,5,19,7,1,2,17,1,0,30741,21385.925,,,2024-05-19 17:00:00,2015.942
2024-05-19,18:00-19:00,2024,5,19,7,1,2,18,1,0,30570,21279.067,,,2024-05-19 18:00:00,1014.937
2024-05-19,19:00-20:00,2024,5,19,7,1,2,19,1,0,31393,21600.69,,,2024-05-19 19:00:00,1025.872
2024-05-19,20:00-21:00,2024,5,19,7,1,2,20,1,0,31093,21179.582,,,2024-05-19 20:00:00,1004.347
2024-05-19,21:00-22:00,2024,5,19,7,1,2,21,0,0,29628,19361.941,,,2024-05-19 21:00:00,932.772
2024-05-19,22:00-23:00,2024,5,19,7,1,2,22,0,1,28101,17828.005,,,2024-05-19 22:00:00,885.498
2024-05-19,23:00-24:00,2024,5,19,7,1,2,23,0,1,26682,17124.756,,,2024-05-19 23:00:00,839.295
2024-05-20,00:00-01:00,2024,5,20,1,0,2,0,0,1,27545,16888.198,,,2024-05-20 00:00:00,973.528
2024-05-20,01:00-02:00,2024,5,20,1,0,2,1,0,1,26439,15956.393,,,2024-05-20 01:00:00,970.931
2024-05-20,02:00-03:00,2024,5,20,1,0,2,2,0,1,25626,15318.094,,,2024-05-20 02:00:00,1002.556
2024-05-20,03:00-04:00,2024,5,20,1,0,2,3,0,1,25200,14909.141,,,2024-05-20 03:00:00,1068.987
2024-05-20,04:00-05:00,2024,5,20,1,0,2,4,0,1,25532,15148.288,,,2024-05-20 04:00:00,1155.985
2024-05-20,05:00-06:00,2024,5,20,1,0,2,5,0,1,27139,17065.232,,,2024-05-20 05:00:00,1385.19
2024-05-20,06:00-07:00,2024,5,20,1,0,2,6,0,1,28492,18057.305,,,2024-05-20 06:00:00,2299.979
2024-05-20,07:00-08:00,2024,5,20,1,0,2,7,0,0,30066,18675.811,,,2024-05-20 07:00:00,3662.649
2024-05-20,08:00-09:00,2024,5,20,1,0,2,8,1,0,31955,19421.062,,,2024-05-20 08:00:00,5029.772
2024-05-20,09:00-10:00,2024,5,20,1,0,2,9,1,0,32841,18444.839,,,2024-05-20 09:00:00,6273.686
2024-05-20,10:00-11:00,2024,5,20,1,0,2,10,1,0,33500,16703.385,,,2024-05-20 10:00:00,7502.337
2024-05-20,11:00-12:00,2024,5,20,1,0,2,11,1,0,31687,14888.223,,,2024-05-20 11:00:00,8316.063
2024-05-20,12:00-13:00,2024,5,20,1,0,2,12,1,0,32071,14939.917,,,2024-05-20 12:00:00,8620.422
2024-05-20,13:00-14:00,2024,5,20,1,0,2,13,1,0,32207,15377.701,,,2024-05-20 13:00:00,8527.566
2024-05-20,14:00-15:00,2024,5,20,1,0,2,14,1,0,32410,16511.589,,,2024-05-20 14:00:00,7886.255
2024-05-20,15:00-16:00,2024,5,20,1,0,2,15,1,0,32968,18023.818,,,2024-05-20 15:00:00,6535.986
2024-05-20,16:00-17:00,2024,5,20,1,0,2,16,1,0,32912,20819.1,,,2024-05-20 16:00:00,4744.43
2024-05-20,17:00-18:00,2024,5,20,1,0,2,17,1,0,31587,21195.243,,,2024-05-20 17:00:00,2996.333
2024-05-20,18:00-19:00,2024,5,20,1,0,2,18,1,0,31090,20953.166,,,2024-05-20 18:00:00,2092.171
2024-05-20,19:00-20:00,2024,5,20,1,0,2,19,1,0,31983,21561.677,,,2024-05-20 19:00:00,2154.417
2024-05-20,20:00-21:00,2024,5,20,1,0,2,20,1,0,31720,20981.901,,,2024-05-20 20:00:00,2161.444
2024-05-20,21:00-22:00,2024,5,20,1,0,2,21,0,0,30081,19416.422,,,2024-05-20 21:00:00,2082.574
2024-05-20,22:00-23:00,2024,5,20,1,0,2,22,0,1,28308,17688.206,,,2024-05-20 22:00:00,2010.012
2024-05-20,23:00-24:00,2024,5,20,1,0,2,23,0,1,27015,16896.532,,,2024-05-20 23:00:00,1915.574
2024-05-21,00:00-01:00,2024,5,21,2,0,2,0,0,1,27333,19433.03,,,2024-05-21 00:00:00,1763.285
2024-05-21,01:00-02:00,2024,5,21,2,0,2,1,0,1,26342,19059.034,,,2024-05-21 01:00:00,1694.388
2024-05-21,02:00-03:00,2024,5,21,2,0,2,2,0,1,25675,18583.942,,,2024-05-21 02:00:00,1672.184
2024-05-21,03:00-04:00,2024,5,21,2,0,2,3,0,1,25300,18396.55,,,2024-05-21 03:00:00,1680.828
2024-05-21,04:00-05:00,2024,5,21,2,0,2,4,0,1,25684,18391.563,,,2024-05-21 04:00:00,1691.095
2024-05-21,05:00-06:00,2024,5,21,2,0,2,5,0,1,27385,18903.432,,,2024-05-21 05:00:00,1955.46
2024-05-21,06:00-07:00,2024,5,21,2,0,2,6,0,1,28445,20626.956,,,2024-05-21 06:00:00,3557.816
2024-05-21,07:00-08:00,2024,5,21,2,0,2,7,0,0,30063,20485.232,,,2024-05-21 07:00:00,6072.948
2024-05-21,08:00-09:00,2024,5,21,2,0,2,8,1,0,31941,20343.826,,,2024-05-21 08:00:00,8863.269
2024-05-21,09:00-10:00,2024,5,21,2,0,2,9,1,0,32680,19389.652,,,2024-05-21 09:00:00,11303.17
2024-05-21,10:00-11:00,2024,5,21,2,0,2,10,1,0,33310,17875.63,,,2024-05-21 10:00:00,13257.046
2024-05-21,11:00-12:00,2024,5,21,2,0,2,11,1,0,31550,17208.075,,,2024-05-21 11:00:00,14215.406
2024-05-21,12:00-13:00,2024,5,21,2,0,2,12,1,0,31685,16469.599,,,2024-05-21 12:00:00,14257.562
2024-05-21,13:00-14:00,2024,5,21,2,0,2,13,1,0,31817,16567.81,,,2024-05-21 13:00:00,13344.311
2024-05-21,14:00-15:00,2024,5,21,2,0,2,14,1,0,32261,16742.617,,,2024-05-21 14:00:00,11472.169
2024-05-21,15:00-16:00,2024,5,21,2,0,2,15,1,0,32945,17940.871,,,2024-05-21 15:00:00,8845.396
2024-05-21,16:00-17:00,2024,5,21,2,0,2,16,1,0,33058,22505.435,,,2024-05-21 16:00:00,5788.247
2024-05-21,17:00-18:00,2024,5,21,2,0,2,17,1,0,31890,23202.014,,,2024-05-21 17:00:00,3017.514
2024-05-21,18:00-19:00,2024,5,21,2,0,2,18,1,0,31478,23361.196,,,2024-05-21 18:00:00,1533.848
2024-05-21,19:00-20:00,2024,5,21,2,0,2,19,1,0,32013,23819.108,,,2024-05-21 19:00:00,1531.57
2024-05-21,20:00-21:00,2024,5,21,2,0,2,20,1,0,31524,23321.885,,,2024-05-21 20:00:00,1514.99
2024-05-21,21:00-22:00,2024,5,21,2,0,2,21,0,0,29829,21874.041,,,2024-05-21 21:00:00,1400.739
2024-05-21,22:00-23:00,2024,5,21,2,0,2,22,0,1,28703,21037.526,,,2024-05-21 22:00:00,1252.704
2024-05-21,23:00-24:00,2024,5,21,2,0,2,23,0,1,27760,20664.202,,,2024-05-21 23:00:00,1072.455
2024-05-22,00:00-01:00,2024,5,22,3,0,2,0,0,1,28120,20845.802,,,2024-05-22 00:00:00,678.043
2024-05-22,01:00-02:00,2024,5,22,3,0,2,1,0,1,27057,20174.732,,,2024-05-22 01:00:00,586.03
2024-05-22,02:00-03:00,2024,5,22,3,0,2,2,0,1,26360,19176.392,,,2024-05-22 02:00:00,519.442
2024-05-22,03:00-04:00,2024,5,22,3,0,2,3,0,1,25900,19068.032,,,2024-05-22 03:00:00,465.446
2024-05-22,04:00-05:00,2024,5,22,3,0,2,4,0,1,26279,19114.062,,,2024-05-22 04:00:00,440.82
2024-05-22,05:00-06:00,2024,5,22,3,0,2,5,0,1,27859,20154.295,,,2024-05-22 05:00:00,788.857
2024-05-22,06:00-07:00,2024,5,22,3,0,2,6,0,1,28998,22011.906,,,2024-05-22 06:00:00,2950.996
2024-05-22,07:00-08:00,2024,5,22,3,0,2,7,0,0,30780,21938.899,,,2024-05-22 07:00:00,6307.618
2024-05-22,08:00-09:00,2024,5,22,3,0,2,8,1,0,32738,22639.838,,,2024-05-22 08:00:00,9964.671
2024-05-22,09:00-10:00,2024,5,22,3,0,2,9,1,0,33770,21736.734,,,2024-05-22 09:00:00,12894.642
2024-05-22,10:00-11:00,2024,5,22,3,0,2,10,1,0,34432,19314.478,,,2024-05-22 10:00:00,14876.432
2024-05-22,11:00-12:00,2024,5,22,3,0,2,11,1,0,32655,18549.639,,,2024-05-22 11:00:00,15682.528
2024-05-22,12:00-13:00,2024,5,22,3,0,2,12,1,0,32973,17740.237,,,2024-05-22 12:00:00,15497.909
2024-05-22,13:00-14:00,2024,5,22,3,0,2,13,1,0,32961,17767.005,,,2024-05-22 13:00:00,14264.801
2024-05-22,14:00-15:00,2024,5,22,3,0,2,14,1,0,33274,17386.362,,,2024-05-22 14:00:00,11980.636
2024-05-22,15:00-16:00,2024,5,22,3,0,2,15,1,0,33564,18097.748,,,2024-05-22 15:00:00,8995.268
2024-05-22,16:00-17:00,2024,5,22,3,0,2,16,1,0,33435,22719.426,,,2024-05-22 16:00:00,5485.495
2024-05-22,17:00-18:00,2024,5,22,3,0,2,17,1,0,32004,24458.595,,,2024-05-22 17:00:00,2328.578
2024-05-22,18:00-19:00,2024,5,22,3,0,2,18,1,0,31799,25021.412,,,2024-05-22 18:00:00,714.811
2024-05-22,19:00-20:00,2024,5,22,3,0,2,19,1,0,32432,25562.292,,,2024-05-22 19:00:00,757.51
2024-05-22,20:00-21:00,2024,5,22,3,0,2,20,1,0,32272,25149.637,,,2024-05-22 20:00:00,922.376
2024-05-22,21:00-22:00,2024,5,22,3,0,2,21,0,0,30534,23940.451,,,2024-05-22 21:00:00,1053.601
2024-05-22,22:00-23:00,2024,5,22,3,0,2,22,0,1,29026,22513.597,,,2024-05-22 22:00:00,1141.95
2024-05-22,23:00-24:00,2024,5,22,3,0,2,23,0,1,28010,21646.868,,,2024-05-22 23:00:00,1126.592
2024-05-23,00:00-01:00,2024,5,23,4,0,2,0,0,1,28116,21650.502,,,2024-05-23 00:00:00,1029.402
2024-05-23,01:00-02:00,2024,5,23,4,0,2,1,0,1,27176,20561.693,,,2024-05-23 01:00:00,984.061
2024-05-23,02:00-03:00,2024,5,23,4,0,2,2,0,1,26441,20007.952,,,2024-05-23 02:00:00,928.14
2024-05-23,03:00-04:00,2024,5,23,4,0,2,3,0,1,26000,19552.078,,,2024-05-23 03:00:00,869.705
2024-05-23,04:00-05:00,2024,5,23,4,0,2,4,0,1,26455,19904.578,,,2024-05-23 04:00:00,818.561
2024-05-23,05:00-06:00,2024,5,23,4,0,2,5,0,1,27822,20985.118,,,2024-05-23 05:00:00,1160.671
2024-05-23,06:00-07:00,2024,5,23,4,0,2,6,0,1,28925,22032.516,,,2024-05-23 06:00:00,3510.433
2024-05-23,07:00-08:00,2024,5,23,4,0,2,7,0,0,30592,22315.389,,,2024-05-23 07:00:00,7284.985
2024-05-23,08:00-09:00,2024,5,23,4,0,2,8,1,0,32823,23247.702,,,2024-05-23 08:00:00,11371.973
2024-05-23,09:00-10:00,2024,5,23,4,0,2,9,1,0,33742,22430.011,,,2024-05-23 09:00:00,14637.682
2024-05-23,10:00-11:00,2024,5,23,4,0,2,10,1,0,34600,20792.8,,,2024-05-23 10:00:00,16761.266
2024-05-23,11:00-12:00,2024,5,23,4,0,2,11,1,0,32742,20009.262,,,2024-05-23 11:00:00,17570.136
2024-05-23,12:00-13:00,2024,5,23,4,0,2,12,1,0,33398,19157.255,,,2024-05-23 12:00:00,17374.186
2024-05-23,13:00-14:00,2024,5,23,4,0,2,13,1,0,33317,19186.353,,,2024-05-23 13:00:00,16193.052
2024-05-23,14:00-15:00,2024,5,23,4,0,2,14,1,0,33196,18730.322,,,2024-05-23 14:00:00,13915.99
2024-05-23,15:00-16:00,2024,5,23,4,0,2,15,1,0,33448,19068.921,,,2024-05-23 15:00:00,10524.289
2024-05-23,16:00-17:00,2024,5,23,4,0,2,16,1,0,33448,23236.631,,,2024-05-23 16:00:00,6462.126
2024-05-23,17:00-18:00,2024,5,23,4,0,2,17,1,0,32047,24972.856,,,2024-05-23 17:00:00,2857.582
2024-05-23,18:00-19:00,2024,5,23,4,0,2,18,1,0,31502,25066.598,,,2024-05-23 18:00:00,1201.921
2024-05-23,19:00-20:00,2024,5,23,4,0,2,19,1,0,32531,25454.192,,,2024-05-23 19:00:00,1586.983
2024-05-23,20:00-21:00,2024,5,23,4,0,2,20,1,0,32531,25075.512,,,2024-05-23 20:00:00,2047.869
2024-05-23,21:00-22:00,2024,5,23,4,0,2,21,0,0,30595,23674.82,,,2024-05-23 21:00:00,2322.215
2024-05-23,22:00-23:00,2024,5,23,4,0,2,22,0,1,28872,21240.352,,,2024-05-23 22:00:00,2449.769
2024-05-23,23:00-24:00,2024,5,23,4,0,2,23,0,1,27511,20341.482,,,2024-05-23 23:00:00,2433.579
2024-05-24,00:00-01:00,2024,5,24,5,0,2,0,0,1,28374,19848.706,,,2024-05-24 00:00:00,2207.08
2024-05-24,01:00-02:00,2024,5,24,5,0,2,1,0,1,27414,19039.244,,,2024-05-24 01:00:00,2071.009
2024-05-24,02:00-03:00,2024,5,24,5,0,2,2,0,1,26797,18513.221,,,2024-05-24 02:00:00,1884.287
2024-05-24,03:00-04:00,2024,5,24,5,0,2,3,0,1,26400,18338.036,,,2024-05-24 03:00:00,1654.264
2024-05-24,04:00-05:00,2024,5,24,5,0,2,4,0,1,26884,18968.995,,,2024-05-24 04:00:00,1429.143
2024-05-24,05:00-06:00,2024,5,24,5,0,2,5,0,1,27994,20040.445,,,2024-05-24 05:00:00,1683.424
2024-05-24,06:00-07:00,2024,5,24,5,0,2,6,0,1,29470,21508.248,,,2024-05-24 06:00:00,4155.691
2024-05-24,07:00-08:00,2024,5,24,5,0,2,7,0,0,31401,21774.455,,,2024-05-24 07:00:00,8133.068
2024-05-24,08:00-09:00,2024,5,24,5,0,2,8,1,0,33687,23057.746,,,2024-05-24 08:00:00,12480.691
2024-05-24,09:00-10:00,2024,5,24,5,0,2,9,1,0,34873,22350.615,,,2024-05-24 09:00:00,15793.261
2024-05-24,10:00-11:00,2024,5,24,5,0,2,10,1,0,35600,19951.506,,,2024-05-24 10:00:00,17661.393
2024-05-24,11:00-12:00,2024,5,24,5,0,2,11,1,0,33625,19109.698,,,2024-05-24 11:00:00,18278.004
2024-05-24,12:00-13:00,2024,5,24,5,0,2,12,1,0,34293,18386.662,,,2024-05-24 12:00:00,18117.233
2024-05-24,13:00-14:00,2024,5,24,5,0,2,13,1,0,34277,18448.235,,,2024-05-24 13:00:00,17076.97
2024-05-24,14:00-15:00,2024,5,24,5,0,2,14,1,0,34446,18025.339,,,2024-05-24 14:00:00,14842.637
2024-05-24,15:00-16:00,2024,5,24,5,0,2,15,1,0,34241,19121.865,,,2024-05-24 15:00:00,11395.517
2024-05-24,16:00-17:00,2024,5,24,5,0,2,16,1,0,34030,23277.379,,,2024-05-24 16:00:00,7233.548
2024-05-24,17:00-18:00,2024,5,24,5,0,2,17,1,0,32909,25104.049,,,2024-05-24 17:00:00,3538.245
2024-05-24,18:00-19:00,2024,5,24,5,0,2,18,1,0,32480,25074.602,,,2024-05-24 18:00:00,1752.18
2024-05-24,19:00-20:00,2024,5,24,5,0,2,19,1,0,33448,25613.085,,,2024-05-24 19:00:00,1966.953
2024-05-24,20:00-21:00,2024,5,24,5,0,2,20,1,0,33391,25558.545,,,2024-05-24 20:00:00,2260.115
2024-05-24,21:00-22:00,2024,5,24,5,0,2,21,0,0,31918,24451.942,,,2024-05-24 21:00:00,2407.26
2024-05-24,22:00-23:00,2024,5,24,5,0,2,22,0,1,29969,22125.788,,,2024-05-24 22:00:00,2453.263
2024-05-24,23:00-24:00,2024,5,24,5,0,2,23,0,1,28666,20797.586,,,2024-05-24 23:00:00,2426.92
2024-05-25,00:00-01:00,2024,5,25,6,1,2,0,0,1,29654,20939.362,,,2024-05-25 00:00:00,2271.765
2024-05-25,01:00-02:00,2024,5,25,6,1,2,1,0,1,28674,19971.914,,,2024-05-25 01:00:00,2180.969
2024-05-25,02:00-03:00,2024,5,25,6,1,2,2,0,1,28033,19357.562,,,2024-05-25 02:00:00,2104.639
2024-05-25,03:00-04:00,2024,5,25,6,1,2,3,0,1,27450,18944.809,,,2024-05-25 03:00:00,2046.501
2024-05-25,04:00-05:00,2024,5,25,6,1,2,4,0,1,27469,19015.502,,,2024-05-25 04:00:00,1999.523
2024-05-25,05:00-06:00,2024,5,25,6,1,2,5,0,1,28405,19537.174,,,2024-05-25 05:00:00,2429.782
2024-05-25,06:00-07:00,2024,5,25,6,1,2,6,0,1,29300,20285.968,,,2024-05-25 06:00:00,5089.984
2024-05-25,07:00-08:00,2024,5,25,6,1,2,7,0,0,31125,21537.729,,,2024-05-25 07:00:00,9069.913
2024-05-25,08:00-09:00,2024,5,25,6,1,2,8,1,0,33828,23023.263,,,2024-05-25 08:00:00,13420.757
2024-05-25,09:00-10:00,2024,5,25,6,1,2,9,1,0,34822,22058.571,,,2024-05-25 09:00:00,16823.608
2024-05-25,10:00-11:00,2024,5,25,6,1,2,10,1,0,35979,18805.655,,,2024-05-25 10:00:00,18781.187
2024-05-25,11:00-12:00,2024,5,25,6,1,2,11,1,0,34496,18497.488,,,2024-05-25 11:00:00,19465.167
2024-05-25,12:00-13:00,2024,5,25,6,1,2,12,1,0,35448,17907.809,,,2024-05-25 12:00:00,19329.238
2024-05-25,13:00-14:00,2024,5,25,6,1,2,13,1,0,35395,18074.297,,,2024-05-25 13:00:00,18221.282
2024-05-25,14:00-15:00,2024,5,25,6,1,2,14,1,0,35776,18536.116,,,2024-05-25 14:00:00,15877.396
2024-05-25,15:00-16:00,2024,5,25,6,1,2,15,1,0,35765,19832.115,,,2024-05-25 15:00:00,12465.73
2024-05-25,16:00-17:00,2024,5,25,6,1,2,16,1,0,35633,24325.358,,,2024-05-25 16:00:00,8371.89
2024-05-25,17:00-18:00,2024,5,25,6,1,2,17,1,0,34340,25154.761,,,2024-05-25 17:00:00,4744.01
2024-05-25,18:00-19:00,2024,5,25,6,1,2,18,1,0,33685,24991.852,,,2024-05-25 18:00:00,2999.322
2024-05-25,19:00-20:00,2024,5,25,6,1,2,19,1,0,35168,25290.058,,,2024-05-25 19:00:00,3215.611
2024-05-25,20:00-21:00,2024,5,25,6,1,2,20,1,0,35628,25502.954,,,2024-05-25 20:00:00,3610.363
2024-05-25,21:00-22:00,2024,5,25,6,1,2,21,0,0,33814,24385.368,,,2024-05-25 21:00:00,3887.118
2024-05-25,22:00-23:00,2024,5,25,6,1,2,22,0,1,31863,21943.212,,,2024-05-25 22:00:00,4058.58
2024-05-25,23:00-24:00,2024,5,25,6,1,2,23,0,1,30280,20886.076,,,2024-05-25 23:00:00,3992.91
2024-05-26,00:00-01:00,2024,5,26,7,1,2,0,0,1,31289,19777.752,,,2024-05-26 00:00:00,4070.324
2024-05-26,01:00-02:00,2024,5,26,7,1,2,1,0,1,30018,18962.172,,,2024-05-26 01:00:00,3822.31
2024-05-26,02:00-03:00,2024,5,26,7,1,2,2,0,1,28995,18128.112,,,2024-05-26 02:00:00,3426.951
2024-05-26,03:00-04:00,2024,5,26,7,1,2,3,0,1,28304,17997.229,,,2024-05-26 03:00:00,3054.411
2024-05-26,04:00-05:00,2024,5,26,7,1,2,4,0,1,28295,18118.375,,,2024-05-26 04:00:00,2688.743
2024-05-26,05:00-06:00,2024,5,26,7,1,2,5,0,1,29092,18566.413,,,2024-05-26 05:00:00,2698.327
2024-05-26,06:00-07:00,2024,5,26,7,1,2,6,0,1,29819,19870.984,,,2024-05-26 06:00:00,4394.346
2024-05-26,07:00-08:00,2024,5,26,7,1,2,7,0,0,31718,20705.766,,,2024-05-26 07:00:00,7219.794
2024-05-26,08:00-09:00,2024,5,26,7,1,2,8,1,0,34002,21768.183,,,2024-05-26 08:00:00,10360.379
2024-05-26,09:00-10:00,2024,5,26,7,1,2,9,1,0,35427,20163.364,,,2024-05-26 09:00:00,12906.71
2024-05-26,10:00-11:00,2024,5,26,7,1,2,10,1,0,36393,16716.82,,,2024-05-26 10:00:00,14413.495
2024-05-26,11:00-12:00,2024,5,26,7,1,2,11,1,0,35213,16283.328,,,2024-05-26 11:00:00,14833.648
2024-05-26,12:00-13:00,2024,5,26,7,1,2,12,1,0,35821,15779.843,,,2024-05-26 12:00:00,14386.543
2024-05-26,13:00-14:00,2024,5,26,7,1,2,13,1,0,35635,15819.198,,,2024-05-26 13:00:00,12620.35
2024-05-26,14:00-15:00,2024,5,26,7,1,2,14,1,0,35662,17176.875,,,2024-05-26 14:00:00,10029.386
2024-05-26,15:00-16:00,2024,5,26,7,1,2,15,1,0,35673,19366.422,,,2024-05-26 15:00:00,7384.56
2024-05-26,16:00-17:00,2024,5,26,7,1,2,16,1,0,35507,23389.121,,,2024-05-26 16:00:00,4689.489
2024-05-26,17:00-18:00,2024,5,26,7,1,2,17,1,0,33878,24969.292,,,2024-05-26 17:00:00,2512.66
2024-05-26,18:00-19:00,2024,5,26,7,1,2,18,1,0,33213,24344.608,,,2024-05-26 18:00:00,1456.681
2024-05-26,19:00-20:00,2024,5,26,7,1,2,19,1,0,34609,25120.699,,,2024-05-26 19:00:00,1555.012
2024-05-26,20:00-21:00,2024,5,26,7,1,2,20,1,0,34766,24947.217,,,2024-05-26 20:00:00,1756.457
2024-05-26,21:00-22:00,2024,5,26,7,1,2,21,0,0,33047,23989.124,,,2024-05-26 21:00:00,1960.808
2024-05-26,22:00-23:00,2024,5,26,7,1,2,22,0,1,31253,21679.152,,,2024-05-26 22:00:00,2164.214
2024-05-26,23:00-24:00,2024,5,26,7,1,2,23,0,1,29724,20610.622,,,2024-05-26 23:00:00,2285.351
2024-05-27,00:00-01:00,2024,5,27,1,0,2,0,0,1,28278,21114.421,,,2024-05-27 00:00:00,2429.782
2024-05-27,01:00-02:00,2024,5,27,1,0,2,1,0,1,27654,20339.676,,,2024-05-27 01:00:00,2684.105
2024-05-27,02:00-03:00,2024,5,27,1,0,2,2,0,1,27087,19710.478,,,2024-05-27 02:00:00,2993.426
2024-05-27,03:00-04:00,2024,5,27,1,0,2,3,0,1,26860,18912.509,,,2024-05-27 03:00:00,3403.584
2024-05-27,04:00-05:00,2024,5,27,1,0,2,4,0,1,26974,18769.672,,,2024-05-27 04:00:00,3783.823
2024-05-27,05:00-06:00,2024,5,27,1,0,2,5,0,1,28108,19393.253,,,2024-05-27 05:00:00,4313.125
2024-05-27,06:00-07:00,2024,5,27,1,0,2,6,0,1,29469,21287.981,,,2024-05-27 06:00:00,5643.46
2024-05-27,07:00-08:00,2024,5,27,1,0,2,7,0,0,31341,21749.052,,,2024-05-27 07:00:00,7373.772
2024-05-27,08:00-09:00,2024,5,27,1,0,2,8,1,0,33327,22012.747,,,2024-05-27 08:00:00,9088.194
2024-05-27,09:00-10:00,2024,5,27,1,0,2,9,1,0,34405,19855.162,,,2024-05-27 09:00:00,10438.8
2024-05-27,10:00-11:00,2024,5,27,1,0,2,10,1,0,34915,16877.252,,,2024-05-27 10:00:00,11799.725
2024-05-27,11:00-12:00,2024,5,27,1,0,2,11,1,0,32930,16908.296,,,2024-05-27 11:00:00,12690.585
2024-05-27,12:00-13:00,2024,5,27,1,0,2,12,1,0,33781,16883.762,,,2024-05-27 12:00:00,12941.617
2024-05-27,13:00-14:00,2024,5,27,1,0,2,13,1,0,34007,16851.623,,,2024-05-27 13:00:00,12818.264
2024-05-27,14:00-15:00,2024,5,27,1,0,2,14,1,0,33894,17433.235,,,2024-05-27 14:00:00,12203.437
2024-05-27,15:00-16:00,2024,5,27,1,0,2,15,1,0,33951,19079.724,,,2024-05-27 15:00:00,10689.744
2024-05-27,16:00-17:00,2024,5,27,1,0,2,16,1,0,33951,23550.201,,,2024-05-27 16:00:00,8550.093
2024-05-27,17:00-18:00,2024,5,27,1,0,2,17,1,0,32589,24665.165,,,2024-05-27 17:00:00,6253.557
2024-05-27,18:00-19:00,2024,5,27,1,0,2,18,1,0,32306,24942.873,,,2024-05-27 18:00:00,4739.246
2024-05-27,19:00-20:00,2024,5,27,1,0,2,19,1,0,32589,24827.529,,,2024-05-27 19:00:00,4644.351
2024-05-27,20:00-21:00,2024,5,27,1,0,2,20,1,0,32338,24920.137,,,2024-05-27 20:00:00,4544.049
2024-05-27,21:00-22:00,2024,5,27,1,0,2,21,0,0,30412,23666.706,,,2024-05-27 21:00:00,4337.817
2024-05-27,22:00-23:00,2024,5,27,1,0,2,22,0,1,28862,22144.091,,,2024-05-27 22:00:00,4060.779
2024-05-27,23:00-24:00,2024,5,27,1,0,2,23,0,1,27852,20984.746,,,2024-05-27 23:00:00,3797.505
2024-05-28,00:00-01:00,2024,5,28,2,0,2,0,0,1,29996,21060.056,367.623444,362.968811,2024-05-28 00:00:00,2713.117
2024-05-28,01:00-02:00,2024,5,28,2,0,2,1,0,1,28760,19634.642,367.235016,350.777802,2024-05-28 01:00:00,2563.847
2024-05-28,02:00-03:00,2024,5,28,2,0,2,2,0,1,27910,18875.817,369.026947,350.483795,2024-05-28 02:00:00,2525.483
2024-05-28,03:00-04:00,2024,5,28,2,0,2,3,0,1,27332,18556.269,365.85849,350.237457,2024-05-28 03:00:00,2539.801
2024-05-28,04:00-05:00,2024,5,28,2,0,2,4,0,1,27496,18565.032,367.91983,365.245056,2024-05-28 04:00:00,2531.995
2024-05-28,05:00-06:00,2024,5,28,2,0,2,5,0,1,28807,19513.871,368.635071,361.123505,2024-05-28 05:00:00,2978.845
2024-05-28,06:00-07:00,2024,5,28,2,0,2,6,0,1,29789,20717.888,358.462006,344.90506,2024-05-28 06:00:00,5613.611
2024-05-28,07:00-08:00,2024,5,28,2,0,2,7,0,0,31549,21995.282,176.893311,85.257164,2024-05-28 07:00:00,9686.531
2024-05-28,08:00-09:00,2024,5,28,2,0,2,8,1,0,33795,23416.891,68.358467,24.358984,2024-05-28 08:00:00,13799.702
2024-05-28,09:00-10:00,2024,5,28,2,0,2,9,1,0,34813,22174.537,67.397842,4.445681,2024-05-28 09:00:00,16898.45
2024-05-28,10:00-11:00,2024,5,28,2,0,2,10,1,0,35644,18994.239,85.138023,4.364784,2024-05-28 10:00:00,18563.575
2024-05-28,11:00-12:00,2024,5,28,2,0,2,11,1,0,34157,18765.864,72.956093,41.661755,2024-05-28 11:00:00,19158.374
2024-05-28,12:00-13:00,2024,5,28,2,0,2,12,1,0,34492,18240.882,85.106621,45.719807,2024-05-28 12:00:00,18937.594
2024-05-28,13:00-14:00,2024,5,28,2,0,2,13,1,0,34530,18358.732,81.412193,43.002239,2024-05-28 13:00:00,17688.457
2024-05-28,14:00-15:00,2024,5,28,2,0,2,14,1,0,34805,18910.919,94.099998,51.352325,2024-05-28 14:00:00,15143.672
2024-05-28,15:00-16:00,2024,5,28,2,0,2,15,1,0,35256,19763.994,303.178558,93.410484,2024-05-28 15:00:00,11609.158
2024-05-28,16:00-17:00,2024,5,28,2,0,2,16,1,0,35225,23789.429,358.699066,90.294228,2024-05-28 16:00:00,7551.108
2024-05-28,17:00-18:00,2024,5,28,2,0,2,17,1,0,33806,25332.219,235.209747,204.069,2024-05-28 17:00:00,4197.814
2024-05-28,18:00-19:00,2024,5,28,2,0,2,18,1,0,33384,25281.514,365.990326,304.338165,2024-05-28 18:00:00,2564.032
2024-05-28,19:00-20:00,2024,5,28,2,0,2,19,1,0,33914,25412.078,368.861969,306.55896,2024-05-28 19:00:00,2648.614
2024-05-28,20:00-21:00,2024,5,28,2,0,2,20,1,0,34003,25612.549,369.830963,327.217499,2024-05-28 20:00:00,2796.683
2024-05-28,21:00-22:00,2024,5,28,2,0,2,21,0,0,32400,24595.761,368.561951,341.730774,2024-05-28 21:00:00,2805.592
2024-05-28,22:00-23:00,2024,5,28,2,0,2,22,0,1,31145,24010.971,366.827484,264.50058,2024-05-28 22:00:00,2745.403
2024-05-28,23:00-24:00,2024,5,28,2,0,2,23,0,1,30097,23177.435,349.228699,179.562943,2024-05-28 23:00:00,2613.453
2024-05-29,00:00-01:00,2024,5,29,3,0,2,0,0,1,28756,19161.68,375.326813,392.971344,2024-05-29 00:00:00,2613.429
2024-05-29,01:00-02:00,2024,5,29,3,0,2,1,0,1,27740,18365.92,376.476044,392.938416,2024-05-29 01:00:00,2485.49
2024-05-29,02:00-03:00,2024,5,29,3,0,2,2,0,1,26929,17615.586,367.608795,372.678375,2024-05-29 02:00:00,2379.43
2024-05-29,03:00-04:00,2024,5,29,3,0,2,3,0,1,26404,17110.84,367.575317,364.604675,2024-05-29 03:00:00,2291.965
2024-05-29,04:00-05:00,2024,5,29,3,0,2,4,0,1,26587,17158.71,367.048584,372.512878,2024-05-29 04:00:00,2166.329
2024-05-29,05:00-06:00,2024,5,29,3,0,2,5,0,1,27899,17633.848,376.52002,384.132507,2024-05-29 05:00:00,2424.902
2024-05-29,06:00-07:00,2024,5,29,3,0,2,6,0,1,28938,19318.427,365.121246,357.553192,2024-05-29 06:00:00,4330.632
2024-05-29,07:00-08:00,2024,5,29,3,0,2,7,0,0,30718,20177.701,325.454956,264.511932,2024-05-29 07:00:00,7277.452
2024-05-29,08:00-09:00,2024,5,29,3,0,2,8,1,0,33054,21190.032,148.673187,124.11821,2024-05-29 08:00:00,10415.114
2024-05-29,09:00-10:00,2024,5,29,3,0,2,9,1,0,33981,20182.37,107.856422,46.318604,2024-05-29 09:00:00,12795.742
2024-05-29,10:00-11:00,2024,5,29,3,0,2,10,1,0,34600,18590.895,165.904205,73.906151,2024-05-29 10:00:00,13989.381
2024-05-29,11:00-12:00,2024,5,29,3,0,2,11,1,0,32953,18466.614,120.458565,40.695194,2024-05-29 11:00:00,14182.042
2024-05-29,12:00-13:00,2024,5,29,3,0,2,12,1,0,33586,18237.959,188.494858,134.773987,2024-05-29 12:00:00,13401.537
2024-05-29,13:00-14:00,2024,5,29,3,0,2,13,1,0,33658,17647.41,288.326141,147.910477,2024-05-29 13:00:00,11208.952
2024-05-29,14:00-15:00,2024,5,29,3,0,2,14,1,0,33566,17037.128,354.614136,334.988556,2024-05-29 14:00:00,8485.728
2024-05-29,15:00-16:00,2024,5,29,3,0,2,15,1,0,33938,18921.791,389.762634,401.705231,2024-05-29 15:00:00,5873.868
2024-05-29,16:00-17:00,2024,5,29,3,0,2,16,1,0,33907,22581.763,404.894501,403.921204,2024-05-29 16:00:00,3502.56
2024-05-29,17:00-18:00,2024,5,29,3,0,2,17,1,0,32762,23224.88,399.01712,395.33374,2024-05-29 17:00:00,1772.208
2024-05-29,18:00-19:00,2024,5,29,3,0,2,18,1,0,32391,22616.3,399.936798,384.446259,2024-05-29 18:00:00,1052.943
2024-05-29,19:00-20:00,2024,5,29,3,0,2,19,1,0,33257,23117.683,404.269104,379.968811,2024-05-29 19:00:00,1147.581
2024-05-29,20:00-21:00,2024,5,29,3,0,2,20,1,0,33175,23146.015,404.511993,380.996643,2024-05-29 20:00:00,1272.849
2024-05-29,21:00-22:00,2024,5,29,3,0,2,21,0,0,30950,21949.838,389.500946,365.794739,2024-05-29 21:00:00,1366.03
2024-05-29,22:00-23:00,2024,5,29,3,0,2,22,0,1,28772,20211.153,376.938477,365.162384,2024-05-29 22:00:00,1473.213
2024-05-29,23:00-24:00,2024,5,29,3,0,2,23,0,1,27167,19705.422,367.100037,344.901367,2024-05-29 23:00:00,1527.13
2024-05-30,00:00-01:00,2024,5,30,4,0,2,0,0,1,27350,18001.21,381.740051,375.678894,2024-05-30 00:00:00,1797.847
2024-05-30,01:00-02:00,2024,5,30,4,0,2,1,0,1,26509,17133.63,368.086304,365.423309,2024-05-30 01:00:00,1877.774
2024-05-30,02:00-03:00,2024,5,30,4,0,2,2,0,1,25787,17067.73,358.221741,373.722382,2024-05-30 02:00:00,1916.554
2024-05-30,03:00-04:00,2024,5,30,4,0,2,3,0,1,25400,17080.02,358.410645,362.68692,2024-05-30 03:00:00,1904.14
2024-05-30,04:00-05:00,2024,5,30,4,0,2,4,0,1,25663,17078.6,375.299103,375.36557,2024-05-30 04:00:00,1831.81
2024-05-30,05:00-06:00,2024,5,30,4,0,2,5,0,1,27042,17274.998,382.094116,381.235809,2024-05-30 05:00:00,1802.564
2024-05-30,06:00-07:00,2024,5,30,4,0,2,6,0,1,28240,18780.148,383.404327,372.551575,2024-05-30 06:00:00,2187.205
2024-05-30,07:00-08:00,2024,5,30,4,0,2,7,0,0,29973,19549.904,385.296814,380.161652,2024-05-30 07:00:00,2920.393
2024-05-30,08:00-09:00,2024,5,30,4,0,2,8,1,0,32088,20722.66,381.224762,380.595886,2024-05-30 08:00:00,3807.917
2024-05-30,09:00-10:00,2024,5,30,4,0,2,9,1,0,32662,18424.144,381.014801,368.859314,2024-05-30 09:00:00,4653.791
2024-05-30,10:00-11:00,2024,5,30,4,0,2,10,1,0,33400,16104.019,391.229401,376.741699,2024-05-30 10:00:00,5387.363
2024-05-30,11:00-12:00,2024,5,30,4,0,2,11,1,0,32210,15986.822,347.406555,299.636627,2024-05-30 11:00:00,5832.035
2024-05-30,12:00-13:00,2024,5,30,4,0,2,12,1,0,32067,16042.234,511.744446,378.809418,2024-05-30 12:00:00,5731.331
2024-05-30,13:00-14:00,2024,5,30,4,0,2,13,1,0,31985,15860.444,530.395081,311.796997,2024-05-30 13:00:00,5105.675
2024-05-30,14:00-15:00,2024,5,30,4,0,2,14,1,0,31851,15639.934,389.706604,283.032288,2024-05-30 14:00:00,4257.787
2024-05-30,15:00-16:00,2024,5,30,4,0,2,15,1,0,31823,16696.656,390.304474,334.060394,2024-05-30 15:00:00,3358.758
2024-05-30,16:00-17:00,2024,5,30,4,0,2,16,1,0,31685,19637.819,395.32608,345.172913,2024-05-30 16:00:00,2370.794
2024-05-30,17:00-18:00,2024,5,30,4,0,2,17,1,0,30744,20618.794,393.319672,355.040619,2024-05-30 17:00:00,1488.524
2024-05-30,18:00-19:00,2024,5,30,4,0,2,18,1,0,30605,21008.008,397.96933,361.713501,2024-05-30 18:00:00,973.174
2024-05-30,19:00-20:00,2024,5,30,4,0,2,19,1,0,31219,21438.678,383.002747,345.239166,2024-05-30 19:00:00,1037.485
2024-05-30,20:00-21:00,2024,5,30,4,0,2,20,1,0,31011,21337.914,388.870544,354.649231,2024-05-30 20:00:00,1147.77
2024-05-30,21:00-22:00,2024,5,30,4,0,2,21,0,0,29485,21144.498,382.171082,264.611816,2024-05-30 21:00:00,1221.302
2024-05-30,22:00-23:00,2024,5,30,4,0,2,22,0,1,28029,19062.432,381.939362,263.491547,2024-05-30 22:00:00,1245.769
2024-05-30,23:00-24:00,2024,5,30,4,0,2,23,0,1,26849,18849.052,366.963409,149.489822,2024-05-30 23:00:00,1215.439
2024-05-31,00:00-01:00,2024,5,31,5,0,2,0,0,1,26937,18168.229,353.277924,345.409851,2024-05-31 00:00:00,1159.439
2024-05-31,01:00-02:00,2024,5,31,5,0,2,1,0,1,25991,17458.302,318.556702,337.346252,2024-05-31 01:00:00,1047.24
2024-05-31,02:00-03:00,2024,5,31,5,0,2,2,0,1,25273,17488.072,258.615051,246.477127,2024-05-31 02:00:00,918.397
2024-05-31,03:00-04:00,2024,5,31,5,0,2,3,0,1,25000,17510.352,248.860306,247.130905,2024-05-31 03:00:00,798.146
2024-05-31,04:00-05:00,2024,5,31,5,0,2,4,0,1,25439,17487.322,296.596771,327.020752,2024-05-31 04:00:00,700.188
2024-05-31,05:00-06:00,2024,5,31,5,0,2,5,0,1,26646,18045.373,351.227142,350.789398,2024-05-31 05:00:00,891.79
2024-05-31,06:00-07:00,2024,5,31,5,0,2,6,0,1,27862,19364.458,338.110779,344.86673,2024-05-31 06:00:00,2383.3
2024-05-31,07:00-08:00,2024,5,31,5,0,2,7,0,0,29413,20157.791,337.543579,341.447174,2024-05-31 07:00:00,4828.146
2024-05-31,08:00-09:00,2024,5,31,5,0,2,8,1,0,31546,21066.334,181.613693,215.559586,2024-05-31 08:00:00,7497.602
2024-05-31,09:00-10:00,2024,5,31,5,0,2,9,1,0,33001,19953.868,136.297577,65.504402,2024-05-31 09:00:00,9803.891
2024-05-31,10:00-11:00,2024,5,31,5,0,2,10,1,0,33600,17571.271,82.635605,41.441738,2024-05-31 10:00:00,11480.537
2024-05-31,11:00-12:00,2024,5,31,5,0,2,11,1,0,32007,16801.819,63.151081,36.47205,2024-05-31 11:00:00,12335.319
2024-05-31,12:00-13:00,2024,5,31,5,0,2,12,1,0,32521,15928.159,83.651176,42.593651,2024-05-31 12:00:00,12228.484
2024-05-31,13:00-14:00,2024,5,31,5,0,2,13,1,0,32232,16113.65,138.556793,77.101402,2024-05-31 13:00:00,11228.403
2024-05-31,14:00-15:00,2024,5,31,5,0,2,14,1,0,32389,16127.116,245.776276,149.058533,2024-05-31 14:00:00,9585.599
2024-05-31,15:00-16:00,2024,5,31,5,0,2,15,1,0,32684,17407.013,349.199677,169.648788,2024-05-31 15:00:00,7388.4
2024-05-31,16:00-17:00,2024,5,31,5,0,2,16,1,0,32782,21476.569,346.353912,182.404221,2024-05-31 16:00:00,4766.287
2024-05-31,17:00-18:00,2024,5,31,5,0,2,17,1,0,31612,22315.671,346.575195,244.723953,2024-05-31 17:00:00,2423.749
2024-05-31,18:00-19:00,2024,5,31,5,0,2,18,1,0,30906,21889.144,348.397003,304.972015,2024-05-31 18:00:00,1152.119
2024-05-31,19:00-20:00,2024,5,31,5,0,2,19,1,0,31662,22444.952,348.389343,336.092468,2024-05-31 19:00:00,1222.822
2024-05-31,20:00-21:00,2024,5,31,5,0,2,20,1,0,31778,22576.591,348.537964,342.058594,2024-05-31 20:00:00,1344.254
2024-05-31,21:00-22:00,2024,5,31,5,0,2,21,0,0,30009,21689.909,347.025696,326.564362,2024-05-31 21:00:00,1365.897
2024-05-31,22:00-23:00,2024,5,31,5,0,2,22,0,1,28190,19625.356,351.166718,254.131729,2024-05-31 22:00:00,1332.593
2024-05-31,23:00-24:00,2024,5,31,5,0,2,23,0,1,26749,18466.622,337.863068,244.415558,2024-05-31 23:00:00,1257.787
2024-06-01,00:00-01:00,2024,6,1,6,1,2,0,0,1,26893,19685.576,,,2024-06-01 00:00:00,1132.34
2024-06-01,01:00-02:00,2024,6,1,6,1,2,1,0,1,25969,18817.013,,,2024-06-01 01:00:00,1078.145
2024-06-01,02:00-03:00,2024,6,1,6,1,2,2,0,1,25333,18112.713,,,2024-06-01 02:00:00,1084.421
2024-06-01,03:00-04:00,2024,6,1,6,1,2,3,0,1,24974,17815.893,,,2024-06-01 03:00:00,1173.313
2024-06-01,04:00-05:00,2024,6,1,6,1,2,4,0,1,25313,17793.913,,,2024-06-01 04:00:00,1352.836
2024-06-01,05:00-06:00,2024,6,1,6,1,2,5,0,1,26602,18214.95,,,2024-06-01 05:00:00,1962.244
2024-06-01,06:00-07:00,2024,6,1,6,1,2,6,0,1,27286,19859.871,,,2024-06-01 06:00:00,4020.157
2024-06-01,07:00-08:00,2024,6,1,6,1,2,7,0,0,28837,20761.466,,,2024-06-01 07:00:00,6956.057
2024-06-01,08:00-09:00,2024,6,1,6,1,2,8,1,0,30697,21751.087,,,2024-06-01 08:00:00,9822.518
2024-06-01,09:00-10:00,2024,6,1,6,1,2,9,1,0,31784,20328.566,,,2024-06-01 09:00:00,12039.694
2024-06-01,10:00-11:00,2024,6,1,6,1,2,10,1,0,32503,17661.607,,,2024-06-01 10:00:00,13418.575
2024-06-01,11:00-12:00,2024,6,1,6,1,2,11,1,0,31126,17521.476,,,2024-06-01 11:00:00,13817.637
2024-06-01,12:00-13:00,2024,6,1,6,1,2,12,1,0,31515,16998.071,,,2024-06-01 12:00:00,13510.456
2024-06-01,13:00-14:00,2024,6,1,6,1,2,13,1,0,31380,17169.228,,,2024-06-01 13:00:00,12174.649
2024-06-01,14:00-15:00,2024,6,1,6,1,2,14,1,0,31375,17840.322,,,2024-06-01 14:00:00,10176.444
2024-06-01,15:00-16:00,2024,6,1,6,1,2,15,1,0,31560,19056.202,,,2024-06-01 15:00:00,7912.39
2024-06-01,16:00-17:00,2024,6,1,6,1,2,16,1,0,31600,22504.677,,,2024-06-01 16:00:00,5481.554
2024-06-01,17:00-18:00,2024,6,1,6,1,2,17,1,0,30507,23037.436,,,2024-06-01 17:00:00,3409.498
2024-06-01,18:00-19:00,2024,6,1,6,1,2,18,1,0,29903,22590.032,,,2024-06-01 18:00:00,2302.745
2024-06-01,19:00-20:00,2024,6,1,6,1,2,19,1,0,30838,23133.332,,,2024-06-01 19:00:00,2352.295
2024-06-01,20:00-21:00,2024,6,1,6,1,2,20,1,0,30686,23008.352,,,2024-06-01 20:00:00,2440.099
2024-06-01,21:00-22:00,2024,6,1,6,1,2,21,0,0,28827,21734.132,,,2024-06-01 21:00:00,2390.303
2024-06-01,22:00-23:00,2024,6,1,6,1,2,22,0,1,26927,19588.827,,,2024-06-01 22:00:00,2285.039
2024-06-01,23:00-24:00,2024,6,1,6,1,2,23,0,1,25883,18985.592,,,2024-06-01 23:00:00,2166.01
2024-06-02,00:00-01:00,2024,6,2,7,1,2,0,0,1,27083,20436.791,,,2024-06-02 00:00:00,2063.429
2024-06-02,01:00-02:00,2024,6,2,7,1,2,1,0,1,26101,19596.922,,,2024-06-02 01:00:00,1940.006
2024-06-02,02:00-03:00,2024,6,2,7,1,2,2,0,1,25405,19222.541,,,2024-06-02 02:00:00,1835.811
2024-06-02,03:00-04:00,2024,6,2,7,1,2,3,0,1,25000,19082.352,,,2024-06-02 03:00:00,1773.117
2024-06-02,04:00-05:00,2024,6,2,7,1,2,4,0,1,25262,19052.802,,,2024-06-02 04:00:00,1747.164
2024-06-02,05:00-06:00,2024,6,2,7,1,2,5,0,1,26446,19557.934,,,2024-06-02 05:00:00,1990.89
2024-06-02,06:00-07:00,2024,6,2,7,1,2,6,0,1,27117,20678.381,,,2024-06-02 06:00:00,3304.22
2024-06-02,07:00-08:00,2024,6,2,7,1,2,7,0,0,28517,21361.404,,,2024-06-02 07:00:00,5269.169
2024-06-02,08:00-09:00,2024,6,2,7,1,2,8,1,0,30173,22077.239,,,2024-06-02 08:00:00,7256.751
2024-06-02,09:00-10:00,2024,6,2,7,1,2,9,1,0,31160,20495.901,,,2024-06-02 09:00:00,8895.73
2024-06-02,10:00-11:00,2024,6,2,7,1,2,10,1,0,31858,17277.089,,,2024-06-02 10:00:00,10108.885
2024-06-02,11:00-12:00,2024,6,2,7,1,2,11,1,0,30356,16944.862,,,2024-06-02 11:00:00,10619.307
2024-06-02,12:00-13:00,2024,6,2,7,1,2,12,1,0,30562,16432.78,,,2024-06-02 12:00:00,10347.529
2024-06-02,13:00-14:00,2024,6,2,7,1,2,13,1,0,30459,16527.182,,,2024-06-02 13:00:00,9215.4
2024-06-02,14:00-15:00,2024,6,2,7,1,2,14,1,0,30407,17416.484,,,2024-06-02 14:00:00,7703.037
2024-06-02,15:00-16:00,2024,6,2,7,1,2,15,1,0,30665,19274.131,,,2024-06-02 15:00:00,6104.629
2024-06-02,16:00-17:00,2024,6,2,7,1,2,16,1,0,30871,22476.571,,,2024-06-02 16:00:00,4280.425
2024-06-02,17:00-18:00,2024,6,2,7,1,2,17,1,0,29827,23129.083,,,2024-06-02 17:00:00,2555.673
2024-06-02,18:00-19:00,2024,6,2,7,1,2,18,1,0,29184,22731.082,,,2024-06-02 18:00:00,1542.849
2024-06-02,19:00-20:00,2024,6,2,7,1,2,19,1,0,30007,23195.302,,,2024-06-02 19:00:00,1583.825
2024-06-02,20:00-21:00,2024,6,2,7,1,2,20,1,0,29809,22960.672,,,2024-06-02 20:00:00,1633.421
2024-06-02,21:00-22:00,2024,6,2,7,1,2,21,0,0,27985,21711.37,,,2024-06-02 21:00:00,1551.172
2024-06-02,22:00-23:00,2024,6,2,7,1,2,22,0,1,26324,20305.272,,,2024-06-02 22:00:00,1406.152
2024-06-02,23:00-24:00,2024,6,2,7,1,2,23,0,1,25221,20033.972,,,2024-06-02 23:00:00,1213.652
2024-06-03,00:00-01:00,2024,6,3,1,0,2,0,0,1,27105,20075.738,358.051666,349.729187,2024-06-03 00:00:00,1106.113
2024-06-03,01:00-02:00,2024,6,3,1,0,2,1,0,1,26220,19442.875,357.516968,344.860901,2024-06-03 01:00:00,988.305
2024-06-03,02:00-03:00,2024,6,3,1,0,2,2,0,1,25640,19425.677,348.070953,320.499908,2024-06-03 02:00:00,905.867
2024-06-03,03:00-04:00,2024,6,3,1,0,2,3,0,1,25282,19508.552,324.923981,321.4263,2024-06-03 03:00:00,869.12
2024-06-03,04:00-05:00,2024,6,3,1,0,2,4,0,1,25654,19449.882,347.83252,329.257568,2024-06-03 04:00:00,855.201
2024-06-03,05:00-06:00,2024,6,3,1,0,2,5,0,1,27038,20029.321,372.629181,349.898285,2024-06-03 05:00:00,1198.731
2024-06-03,06:00-07:00,2024,6,3,1,0,2,6,0,1,28104,21229.402,358.887817,349.266296,2024-06-03 06:00:00,3065.77
2024-06-03,07:00-08:00,2024,6,3,1,0,2,7,0,0,29935,22108.782,289.350037,201.858536,2024-06-03 07:00:00,5949.36
2024-06-03,08:00-09:00,2024,6,3,1,0,2,8,1,0,32245,23175.935,166.109253,154.317184,2024-06-03 08:00:00,9080.335
2024-06-03,09:00-10:00,2024,6,3,1,0,2,9,1,0,33350,22022.481,156.25264,4.691199,2024-06-03 09:00:00,11708.505
2024-06-03,10:00-11:00,2024,6,3,1,0,2,10,1,0,34012,18890.28,191.997284,0.0,2024-06-03 10:00:00,13647.633
2024-06-03,11:00-12:00,2024,6,3,1,0,2,11,1,0,32540,18841.243,92.820442,8.397483,2024-06-03 11:00:00,14617.143
2024-06-03,12:00-13:00,2024,6,3,1,0,2,12,1,0,32904,18330.366,154.720062,11.510437,2024-06-03 12:00:00,14438.501
2024-06-03,13:00-14:00,2024,6,3,1,0,2,13,1,0,32757,18315.383,196.828079,8.536797,2024-06-03 13:00:00,12896.239
2024-06-03,14:00-15:00,2024,6,3,1,0,2,14,1,0,32918,18772.206,275.590851,2.832244,2024-06-03 14:00:00,10586.045
2024-06-03,15:00-16:00,2024,6,3,1,0,2,15,1,0,33143,19727.002,352.623993,211.176483,2024-06-03 15:00:00,7973.894
2024-06-03,16:00-17:00,2024,6,3,1,0,2,16,1,0,33115,23502.997,342.95694,355.529236,2024-06-03 16:00:00,4985.265
2024-06-03,17:00-18:00,2024,6,3,1,0,2,17,1,0,31856,24059.029,328.949829,373.272491,2024-06-03 17:00:00,2601.417
2024-06-03,18:00-19:00,2024,6,3,1,0,2,18,1,0,31275,23214.192,352.240417,355.071198,2024-06-03 18:00:00,1482.742
2024-06-03,19:00-20:00,2024,6,3,1,0,2,19,1,0,32230,23930.571,348.324249,353.447601,2024-06-03 19:00:00,1513.305
2024-06-03,20:00-21:00,2024,6,3,1,0,2,20,1,0,32364,23465.487,329.368073,348.027374,2024-06-03 20:00:00,1598.494
2024-06-03,21:00-22:00,2024,6,3,1,0,2,21,0,0,30550,21944.092,315.324402,305.151489,2024-06-03 21:00:00,1586.629
2024-06-03,22:00-23:00,2024,6,3,1,0,2,22,0,1,28567,20754.346,288.327454,303.167572,2024-06-03 22:00:00,1554.771
2024-06-03,23:00-24:00,2024,6,3,1,0,2,23,0,1,27341,20351.022,207.657211,222.068863,2024-06-03 23:00:00,1478.488
2024-06-04,00:00-01:00,2024,6,4,2,0,2,0,0,1,27323,19449.06,365.655914,370.135315,2024-06-04 00:00:00,1185.721
2024-06-04,01:00-02:00,2024,6,4,2,0,2,1,0,1,26394,19127.68,357.232208,370.241302,2024-06-04 01:00:00,1083.5
2024-06-04,02:00-03:00,2024,6,4,2,0,2,2,0,1,25744,19051.77,350.982239,369.997803,2024-06-04 02:00:00,1005.245
2024-06-04,03:00-04:00,2024,6,4,2,0,2,3,0,1,25398,18999.72,356.34082,373.985474,2024-06-04 03:00:00,965.617
2024-06-04,04:00-05:00,2024,6,4,2,0,2,4,0,1,25768,19016.92,361.572723,369.783722,2024-06-04 04:00:00,957.875
2024-06-04,05:00-06:00,2024,6,4,2,0,2,5,0,1,27210,19152.06,373.667999,374.38205,2024-06-04 05:00:00,1140.507
2024-06-04,06:00-07:00,2024,6,4,2,0,2,6,0,1,28107,20735.964,374.484863,376.055206,2024-06-04 06:00:00,1989.651
2024-06-04,07:00-08:00,2024,6,4,2,0,2,7,0,0,29763,21202.945,375.538483,380.812103,2024-06-04 07:00:00,3176.322
2024-06-04,08:00-09:00,2024,6,4,2,0,2,8,1,0,31761,21709.933,370.999817,376.570404,2024-06-04 08:00:00,4348.796
2024-06-04,09:00-10:00,2024,6,4,2,0,2,9,1,0,32698,20669.154,390.296173,374.471558,2024-06-04 09:00:00,5126.703
2024-06-04,10:00-11:00,2024,6,4,2,0,2,10,1,0,33244,19173.99,390.058868,369.154572,2024-06-04 10:00:00,5587.426
2024-06-04,11:00-12:00,2024,6,4,2,0,2,11,1,0,31585,18464.94,367.116821,344.727051,2024-06-04 11:00:00,5752.303
2024-06-04,12:00-13:00,2024,6,4,2,0,2,12,1,0,31818,18456.012,377.924011,354.662048,2024-06-04 12:00:00,5558.416
2024-06-04,13:00-14:00,2024,6,4,2,0,2,13,1,0,31672,18434.329,382.066284,355.138611,2024-06-04 13:00:00,4841.69
2024-06-04,14:00-15:00,2024,6,4,2,0,2,14,1,0,31778,18718.107,375.764557,363.852295,2024-06-04 14:00:00,3969.99
2024-06-04,15:00-16:00,2024,6,4,2,0,2,15,1,0,32023,20382.624,383.690216,372.746582,2024-06-04 15:00:00,3216.127
2024-06-04,16:00-17:00,2024,6,4,2,0,2,16,1,0,32035,22785.701,372.964203,375.183899,2024-06-04 16:00:00,2357.215
2024-06-04,17:00-18:00,2024,6,4,2,0,2,17,1,0,30809,22650.035,367.31958,374.239899,2024-06-04 17:00:00,1677.014
2024-06-04,18:00-19:00,2024,6,4,2,0,2,18,1,0,30216,22518.512,344.995667,349.575836,2024-06-04 18:00:00,1284.463
2024-06-04,19:00-20:00,2024,6,4,2,0,2,19,1,0,30965,22841.211,359.398956,343.698059,2024-06-04 19:00:00,1322.365
2024-06-04,20:00-21:00,2024,6,4,2,0,2,20,1,0,30814,22828.042,376.111847,353.336151,2024-06-04 20:00:00,1340.115
2024-06-04,21:00-22:00,2024,6,4,2,0,2,21,0,0,28934,22111.985,355.948212,311.236725,2024-06-04 21:00:00,1272.261
2024-06-04,22:00-23:00,2024,6,4,2,0,2,22,0,1,27130,20683.042,315.515564,281.4729,2024-06-04 22:00:00,1191.039
2024-06-04,23:00-24:00,2024,6,4,2,0,2,23,0,1,26132,20221.832,247.108887,245.146027,2024-06-04 23:00:00,1094.964
2024-06-05,00:00-01:00,2024,6,5,3,0,2,0,0,1,26655,17583.921,364.212158,360.006165,2024-06-05 00:00:00,1063.266
2024-06-05,01:00-02:00,2024,6,5,3,0,2,1,0,1,25819,17471.86,358.891693,348.666504,2024-06-05 01:00:00,984.638
2024-06-05,02:00-03:00,2024,6,5,3,0,2,2,0,1,25286,17143.772,354.422913,332.187744,2024-06-05 02:00:00,922.535
2024-06-05,03:00-04:00,2024,6,5,3,0,2,3,0,1,25000,17074.023,350.327942,325.710876,2024-06-05 03:00:00,898.475
2024-06-05,04:00-05:00,2024,6,5,3,0,2,4,0,1,25410,16969.223,354.690155,333.314301,2024-06-05 04:00:00,895.169
2024-06-05,05:00-06:00,2024,6,5,3,0,2,5,0,1,26914,17928.345,370.823639,355.525787,2024-06-05 05:00:00,1060.267
2024-06-05,06:00-07:00,2024,6,5,3,0,2,6,0,1,28211,20123.566,362.46875,355.468719,2024-06-05 06:00:00,2006.649
2024-06-05,07:00-08:00,2024,6,5,3,0,2,7,0,0,29994,20737.56,356.111908,355.578369,2024-06-05 07:00:00,3591.178
2024-06-05,08:00-09:00,2024,6,5,3,0,2,8,1,0,31602,21021.017,346.002716,368.529602,2024-06-05 08:00:00,5573.174
2024-06-05,09:00-10:00,2024,6,5,3,0,2,9,1,0,32545,19133.275,306.386078,359.406342,2024-06-05 09:00:00,7360.641
2024-06-05,10:00-11:00,2024,6,5,3,0,2,10,1,0,32931,16607.636,313.515656,359.657379,2024-06-05 10:00:00,9180.934
2024-06-05,11:00-12:00,2024,6,5,3,0,2,11,1,0,31142,16528.784,86.843826,183.558807,2024-06-05 11:00:00,10359.097
2024-06-05,12:00-13:00,2024,6,5,3,0,2,12,1,0,31496,16582.011,87.315437,118.364853,2024-06-05 12:00:00,10520.236
2024-06-05,13:00-14:00,2024,6,5,3,0,2,13,1,0,31127,16401.424,149.178604,163.769791,2024-06-05 13:00:00,9958.773
2024-06-05,14:00-15:00,2024,6,5,3,0,2,14,1,0,31062,16036.185,287.138611,273.075256,2024-06-05 14:00:00,8660.441
2024-06-05,15:00-16:00,2024,6,5,3,0,2,15,1,0,31071,17016.83,355.326447,315.2724,2024-06-05 15:00:00,6831.918
2024-06-05,16:00-17:00,2024,6,5,3,0,2,16,1,0,31162,20648.737,361.581665,303.866333,2024-06-05 16:00:00,4662.05
2024-06-05,17:00-18:00,2024,6,5,3,0,2,17,1,0,29948,21290.523,365.408966,315.527588,2024-06-05 17:00:00,2486.494
2024-06-05,18:00-19:00,2024,6,5,3,0,2,18,1,0,29188,21070.608,359.067749,348.570587,2024-06-05 18:00:00,1107.218
2024-06-05,19:00-20:00,2024,6,5,3,0,2,19,1,0,30044,21627.58,365.806976,355.163635,2024-06-05 19:00:00,1258.416
2024-06-05,20:00-21:00,2024,6,5,3,0,2,20,1,0,29891,21583.774,369.955292,365.063629,2024-06-05 20:00:00,1422.183
2024-06-05,21:00-22:00,2024,6,5,3,0,2,21,0,0,28249,20281.597,365.37088,372.283813,2024-06-05 21:00:00,1427.208
2024-06-05,22:00-23:00,2024,6,5,3,0,2,22,0,1,26580,18850.341,350.840942,354.542175,2024-06-05 22:00:00,1346.444
2024-06-05,23:00-24:00,2024,6,5,3,0,2,23,0,1,25427,18068.616,288.019592,315.710663,2024-06-05 23:00:00,1150.718
2024-06-06,00:00-01:00,2024,6,6,4,0,2,0,0,1,27180,18808.146,358.641022,349.672699,2024-06-06 00:00:00,873.492
2024-06-06,01:00-02:00,2024,6,6,4,0,2,1,0,1,26279,17985.273,358.357269,342.861145,2024-06-06 01:00:00,735.845
2024-06-06,02:00-03:00,2024,6,6,4,0,2,2,0,1,25665,17229.793,316.530151,304.950562,2024-06-06 02:00:00,601.291
2024-06-06,03:00-04:00,2024,6,6,4,0,2,3,0,1,25300,16894.653,311.360504,305.955627,2024-06-06 03:00:00,502.412
2024-06-06,04:00-05:00,2024,6,6,4,0,2,4,0,1,25680,16857.783,310.835693,303.619537,2024-06-06 04:00:00,442.906
2024-06-06,05:00-06:00,2024,6,6,4,0,2,5,0,1,27183,17414.128,348.375183,352.541382,2024-06-06 05:00:00,935.366
2024-06-06,06:00-07:00,2024,6,6,4,0,2,6,0,1,28272,19256.144,315.846649,355.306152,2024-06-06 06:00:00,3620.143
2024-06-06,07:00-08:00,2024,6,6,4,0,2,7,0,0,30015,20116.856,128.077927,173.075806,2024-06-06 07:00:00,7605.748
2024-06-06,08:00-09:00,2024,6,6,4,0,2,8,1,0,32119,21378.082,48.128006,25.917019,2024-06-06 08:00:00,11758.447
2024-06-06,09:00-10:00,2024,6,6,4,0,2,9,1,0,33228,20171.783,42.956547,5.555615,2024-06-06 09:00:00,14848.679
2024-06-06,10:00-11:00,2024,6,6,4,0,2,10,1,0,33751,17072.899,59.999989,36.788921,2024-06-06 10:00:00,16310.316
2024-06-06,11:00-12:00,2024,6,6,4,0,2,11,1,0,32135,16685.631,63.347069,8.733951,2024-06-06 11:00:00,16655.567
2024-06-06,12:00-13:00,2024,6,6,4,0,2,12,1,0,32646,16026.67,59.999977,17.15028,2024-06-06 12:00:00,16189.56
2024-06-06,13:00-14:00,2024,6,6,4,0,2,13,1,0,32351,16055.715,60.000046,17.732357,2024-06-06 13:00:00,14466.861
2024-06-06,14:00-15:00,2024,6,6,4,0,2,14,1,0,32296,16474.415,74.401207,14.918705,2024-06-06 14:00:00,11721.07
2024-06-06,15:00-16:00,2024,6,6,4,0,2,15,1,0,32306,17817.005,269.0,162.419052,2024-06-06 15:00:00,8766.556
2024-06-06,16:00-17:00,2024,6,6,4,0,2,16,1,0,32287,21816.242,307.632324,240.119568,2024-06-06 16:00:00,5504.249
2024-06-06,17:00-18:00,2024,6,6,4,0,2,17,1,0,31010,22842.232,277.262512,225.853821,2024-06-06 17:00:00,2693.089
2024-06-06,18:00-19:00,2024,6,6,4,0,2,18,1,0,30349,22361.52,278.477295,250.995605,2024-06-06 18:00:00,1287.44
2024-06-06,19:00-20:00,2024,6,6,4,0,2,19,1,0,31421,22714.91,278.979553,245.772003,2024-06-06 19:00:00,1374.909
2024-06-06,20:00-21:00,2024,6,6,4,0,2,20,1,0,31614,22284.19,255.176178,282.460205,2024-06-06 20:00:00,1520.802
2024-06-06,21:00-22:00,2024,6,6,4,0,2,21,0,0,29713,21183.84,281.000031,306.620667,2024-06-06 21:00:00,1534.02
2024-06-06,22:00-23:00,2024,6,6,4,0,2,22,0,1,27655,18987.115,281.0,299.582062,2024-06-06 22:00:00,1485.932
2024-06-06,23:00-24:00,2024,6,6,4,0,2,23,0,1,26173,18154.2,281.0,338.980255,2024-06-06 23:00:00,1348.325
2024-06-07,00:00-01:00,2024,6,7,5,0,2,0,0,1,27683,17577.438,377.041748,373.876648,2024-06-07 00:00:00,1040.601
2024-06-07,01:00-02:00,2024,6,7,5,0,2,1,0,1,26742,16763.29,376.648987,373.642792,2024-06-07 01:00:00,930.127
2024-06-07,02:00-03:00,2024,6,7,5,0,2,2,0,1,26075,16423.68,368.571777,369.91391,2024-06-07 02:00:00,819.63
2024-06-07,03:00-04:00,2024,6,7,5,0,2,3,0,1,25700,16295.21,368.062561,369.326294,2024-06-07 03:00:00,746.112
2024-06-07,04:00-05:00,2024,6,7,5,0,2,4,0,1,26091,16444.863,373.342865,373.662628,2024-06-07 04:00:00,683.535
2024-06-07,05:00-06:00,2024,6,7,5,0,2,5,0,1,27475,17127.751,382.021667,383.992096,2024-06-07 05:00:00,957.396
2024-06-07,06:00-07:00,2024,6,7,5,0,2,6,0,1,28573,18334.98,373.50589,373.973694,2024-06-07 06:00:00,2682.484
2024-06-07,07:00-08:00,2024,6,7,5,0,2,7,0,0,30215,18814.16,359.781342,326.127716,2024-06-07 07:00:00,5302.234
2024-06-07,08:00-09:00,2024,6,7,5,0,2,8,1,0,32405,19520.548,337.933472,149.995499,2024-06-07 08:00:00,8050.124
2024-06-07,09:00-10:00,2024,6,7,5,0,2,9,1,0,33358,18307.418,204.045181,42.474854,2024-06-07 09:00:00,10194.738
2024-06-07,10:00-11:00,2024,6,7,5,0,2,10,1,0,33969,15920.095,223.218689,42.568806,2024-06-07 10:00:00,11576.509
2024-06-07,11:00-12:00,2024,6,7,5,0,2,11,1,0,32344,15824.224,79.731239,41.49173,2024-06-07 11:00:00,12044.061
2024-06-07,12:00-13:00,2024,6,7,5,0,2,12,1,0,32748,15686.475,114.700859,40.896904,2024-06-07 12:00:00,11824.775
2024-06-07,13:00-14:00,2024,6,7,5,0,2,13,1,0,32582,15350.611,124.465172,69.149445,2024-06-07 13:00:00,10629.414
2024-06-07,14:00-15:00,2024,6,7,5,0,2,14,1,0,32552,14976.894,309.122681,139.643753,2024-06-07 14:00:00,8716.442
2024-06-07,15:00-16:00,2024,6,7,5,0,2,15,1,0,32623,17754.933,358.544586,277.472015,2024-06-07 15:00:00,6587.974
2024-06-07,16:00-17:00,2024,6,7,5,0,2,16,1,0,32587,20797.682,379.010223,349.931061,2024-06-07 16:00:00,4204.294
2024-06-07,17:00-18:00,2024,6,7,5,0,2,17,1,0,31191,21370.126,377.503326,365.010651,2024-06-07 17:00:00,2069.363
2024-06-07,18:00-19:00,2024,6,7,5,0,2,18,1,0,30463,20580.57,377.666473,373.718872,2024-06-07 18:00:00,789.53
2024-06-07,19:00-20:00,2024,6,7,5,0,2,19,1,0,31553,21084.351,377.512085,374.461548,2024-06-07 19:00:00,894.031
2024-06-07,20:00-21:00,2024,6,7,5,0,2,20,1,0,31405,21292.278,377.522644,370.56427,2024-06-07 20:00:00,1186.717
2024-06-07,21:00-22:00,2024,6,7,5,0,2,21,0,0,29698,20464.26,368.969849,359.858154,2024-06-07 21:00:00,1408.248
2024-06-07,22:00-23:00,2024,6,7,5,0,2,22,0,1,27965,17687.97,368.600189,355.869659,2024-06-07 22:00:00,1546.78
2024-06-07,23:00-24:00,2024,6,7,5,0,2,23,0,1,26809,16835.0,353.570007,355.098816,2024-06-07 23:00:00,1498.675
2024-06-08,00:00-01:00,2024,6,8,6,1,2,0,0,1,27413,16339.237,378.424408,395.856293,2024-06-08 00:00:00,1166.223
2024-06-08,01:00-02:00,2024,6,8,6,1,2,1,0,1,26418,15481.666,377.968475,385.950653,2024-06-08 01:00:00,985.371
2024-06-08,02:00-03:00,2024,6,8,6,1,2,2,0,1,25668,15512.94,373.962708,385.669586,2024-06-08 02:00:00,798.701
2024-06-08,03:00-04:00,2024,6,8,6,1,2,3,0,1,25234,15423.77,369.208618,395.514923,2024-06-08 03:00:00,654.624
2024-06-08,04:00-05:00,2024,6,8,6,1,2,4,0,1,25435,15416.88,378.250458,395.485229,2024-06-08 04:00:00,555.486
2024-06-08,05:00-06:00,2024,6,8,6,1,2,5,0,1,26196,15677.813,383.499847,400.682007,2024-06-08 05:00:00,911.857
2024-06-08,06:00-07:00,2024,6,8,6,1,2,6,0,1,27273,16441.532,368.276001,380.104858,2024-06-08 06:00:00,3078.852
2024-06-08,07:00-08:00,2024,6,8,6,1,2,7,0,0,28492,17128.847,267.606903,274.133698,2024-06-08 07:00:00,6339.517
2024-06-08,08:00-09:00,2024,6,8,6,1,2,8,1,0,29971,18204.324,108.400833,149.759537,2024-06-08 08:00:00,9682.829
2024-06-08,09:00-10:00,2024,6,8,6,1,2,9,1,0,31085,18320.558,69.287727,123.07415,2024-06-08 09:00:00,12337.009
2024-06-08,10:00-11:00,2024,6,8,6,1,2,10,1,0,31766,15385.698,147.282059,177.042007,2024-06-08 10:00:00,14117.003
2024-06-08,11:00-12:00,2024,6,8,6,1,2,11,1,0,30701,15106.7,84.772812,149.064499,2024-06-08 11:00:00,14712.377
2024-06-08,12:00-13:00,2024,6,8,6,1,2,12,1,0,30920,15503.167,82.564354,323.057068,2024-06-08 12:00:00,14488.086
2024-06-08,13:00-14:00,2024,6,8,6,1,2,13,1,0,30775,15676.586,242.129959,373.046783,2024-06-08 13:00:00,13222.332
2024-06-08,14:00-15:00,2024,6,8,6,1,2,14,1,0,30451,15857.254,347.590118,400.647766,2024-06-08 14:00:00,11113.813
2024-06-08,15:00-16:00,2024,6,8,6,1,2,15,1,0,30536,16559.374,389.116364,873.5066612500001,2024-06-08 15:00:00,8463.493
2024-06-08,16:00-17:00,2024,6,8,6,1,2,16,1,0,30608,20218.161,397.360565,873.5066612500001,2024-06-08 16:00:00,5329.452
2024-06-08,17:00-18:00,2024,6,8,6,1,2,17,1,0,29641,21748.664,377.63208,385.520355,2024-06-08 17:00:00,2578.193
2024-06-08,18:00-19:00,2024,6,8,6,1,2,18,1,0,29015,20827.622,365.374603,369.515015,2024-06-08 18:00:00,1011.597
2024-06-08,19:00-20:00,2024,6,8,6,1,2,19,1,0,30337,21782.325,369.710052,365.860565,2024-06-08 19:00:00,1042.389
2024-06-08,20:00-21:00,2024,6,8,6,1,2,20,1,0,30634,21678.446,383.946106,376.598785,2024-06-08 20:00:00,1183.48
2024-06-08,21:00-22:00,2024,6,8,6,1,2,21,0,0,28880,19504.74,384.022522,380.864655,2024-06-08 21:00:00,1260.028
2024-06-08,22:00-23:00,2024,6,8,6,1,2,22,0,1,26844,17890.52,378.948639,379.582153,2024-06-08 22:00:00,1282.486
2024-06-08,23:00-24:00,2024,6,8,6,1,2,23,0,1,25490,17026.25,376.98703,379.86911,2024-06-08 23:00:00,1236.797
2024-06-09,00:00-01:00,2024,6,9,7,1,2,0,0,1,26989,16879.3,426.708099,420.566101,2024-06-09 00:00:00,775.496
2024-06-09,01:00-02:00,2024,6,9,7,1,2,1,0,1,26126,16297.06,424.489258,416.361725,2024-06-09 01:00:00,726.521
2024-06-09,02:00-03:00,2024,6,9,7,1,2,2,0,1,25432,15755.621,420.223114,415.556763,2024-06-09 02:00:00,656.007
2024-06-09,03:00-04:00,2024,6,9,7,1,2,3,0,1,24857,15419.897,409.25589,405.282715,2024-06-09 03:00:00,604.699
2024-06-09,04:00-05:00,2024,6,9,7,1,2,4,0,1,25075,15572.602,420.085052,416.180695,2024-06-09 04:00:00,570.257
2024-06-09,05:00-06:00,2024,6,9,7,1,2,5,0,1,26099,15976.705,419.881042,415.543182,2024-06-09 05:00:00,812.311
2024-06-09,06:00-07:00,2024,6,9,7,1,2,6,0,1,26854,16154.589,418.738708,395.212372,2024-06-09 06:00:00,2214.876
2024-06-09,07:00-08:00,2024,6,9,7,1,2,7,0,0,28229,16532.701,389.130127,376.241028,2024-06-09 07:00:00,4385.707
2024-06-09,08:00-09:00,2024,6,9,7,1,2,8,1,0,29881,17408.116,383.293701,365.4534,2024-06-09 08:00:00,6651.702
2024-06-09,09:00-10:00,2024,6,9,7,1,2,9,1,0,31165,17440.794,387.115692,265.631561,2024-06-09 09:00:00,8612.034
2024-06-09,10:00-11:00,2024,6,9,7,1,2,10,1,0,32005,14575.501,418.347778,349.771362,2024-06-09 10:00:00,10417.647
2024-06-09,11:00-12:00,2024,6,9,7,1,2,11,1,0,31088,14264.518,376.954865,230.93811,2024-06-09 11:00:00,11530.243
2024-06-09,12:00-13:00,2024,6,9,7,1,2,12,1,0,31844,14600.539,383.352844,204.695679,2024-06-09 12:00:00,11789.938
2024-06-09,13:00-14:00,2024,6,9,7,1,2,13,1,0,31804,15025.85,387.985291,173.964966,2024-06-09 13:00:00,11479.366
2024-06-09,14:00-15:00,2024,6,9,7,1,2,14,1,0,31655,15545.356,392.270752,107.850243,2024-06-09 14:00:00,10323.888
2024-06-09,15:00-16:00,2024,6,9,7,1,2,15,1,0,31736,16490.046,418.341675,150.175171,2024-06-09 15:00:00,8255.591
2024-06-09,16:00-17:00,2024,6,9,7,1,2,16,1,0,31761,20234.325,418.97403,274.069427,2024-06-09 16:00:00,5469.604
2024-06-09,17:00-18:00,2024,6,9,7,1,2,17,1,0,30639,20051.653,420.198822,325.332947,2024-06-09 17:00:00,2686.39
2024-06-09,18:00-19:00,2024,6,9,7,1,2,18,1,0,29969,19635.12,399.509064,274.782684,2024-06-09 18:00:00,935.116
2024-06-09,19:00-20:00,2024,6,9,7,1,2,19,1,0,31547,20684.25,410.004974,274.931,2024-06-09 19:00:00,1047.409
2024-06-09,20:00-21:00,2024,6,9,7,1,2,20,1,0,32344,21251.23,430.27478,275.291504,2024-06-09 20:00:00,1314.163
2024-06-09,21:00-22:00,2024,6,9,7,1,2,21,0,0,30833,20284.541,429.639038,286.316528,2024-06-09 21:00:00,1476.303
2024-06-09,22:00-23:00,2024,6,9,7,1,2,22,0,1,28552,18182.318,420.317322,304.988434,2024-06-09 22:00:00,1561.279
2024-06-09,23:00-24:00,2024,6,9,7,1,2,23,0,1,26638,17127.33,390.138947,316.919403,2024-06-09 23:00:00,1488.686
2024-06-10,00:00-01:00,2024,6,10,1,0,2,0,0,1,28005,16188.206,393.18988,350.871613,2024-06-10 00:00:00,1315.984
2024-06-10,01:00-02:00,2024,6,10,1,0,2,1,0,1,26785,15657.298,384.873718,306.112762,2024-06-10 01:00:00,1149.404
2024-06-10,02:00-03:00,2024,6,10,1,0,2,2,0,1,26054,15155.002,384.794983,325.957397,2024-06-10 02:00:00,987.938
2024-06-10,03:00-04:00,2024,6,10,1,0,2,3,0,1,25581,15161.25,384.523926,305.324066,2024-06-10 03:00:00,866.892
2024-06-10,04:00-05:00,2024,6,10,1,0,2,4,0,1,25598,15331.161,384.594757,325.274414,2024-06-10 04:00:00,746.948
2024-06-10,05:00-06:00,2024,6,10,1,0,2,5,0,1,26115,15517.346,383.746033,361.664948,2024-06-10 05:00:00,996.978
2024-06-10,06:00-07:00,2024,6,10,1,0,2,6,0,1,26793,15798.608,383.771179,350.147827,2024-06-10 06:00:00,2807.275
2024-06-10,07:00-08:00,2024,6,10,1,0,2,7,0,0,28257,16950.266,291.957733,160.530655,2024-06-10 07:00:00,5597.937
2024-06-10,08:00-09:00,2024,6,10,1,0,2,8,1,0,30195,18070.619,154.916412,55.813644,2024-06-10 08:00:00,8529.02
2024-06-10,09:00-10:00,2024,6,10,1,0,2,9,1,0,31601,18118.68,90.70797,45.511349,2024-06-10 09:00:00,10888.908
2024-06-10,10:00-11:00,2024,6,10,1,0,2,10,1,0,32729,15150.411,328.110962,86.188683,2024-06-10 10:00:00,12555.46
2024-06-10,11:00-12:00,2024,6,10,1,0,2,11,1,0,32242,14855.664,158.118271,28.739479,2024-06-10 11:00:00,13261.534
2024-06-10,12:00-13:00,2024,6,10,1,0,2,12,1,0,32729,15259.423,168.118683,29.12393,2024-06-10 12:00:00,13207.673
2024-06-10,13:00-14:00,2024,6,10,1,0,2,13,1,0,32699,15434.009,228.731659,10.91779,2024-06-10 13:00:00,12392.037
2024-06-10,14:00-15:00,2024,6,10,1,0,2,14,1,0,32424,15661.604,338.735809,30.761129,2024-06-10 14:00:00,10720.513
2024-06-10,15:00-16:00,2024,6,10,1,0,2,15,1,0,32455,16556.033,380.128876,50.035362,2024-06-10 15:00:00,8369.182
2024-06-10,16:00-17:00,2024,6,10,1,0,2,16,1,0,32790,19719.887,327.134521,73.273262,2024-06-10 16:00:00,5432.779
2024-06-10,17:00-18:00,2024,6,10,1,0,2,17,1,0,32165,20231.01,328.660797,150.894531,2024-06-10 17:00:00,2730.466
2024-06-10,18:00-19:00,2024,6,10,1,0,2,18,1,0,31747,20020.869,329.467865,150.000015,2024-06-10 18:00:00,1136.341
2024-06-10,19:00-20:00,2024,6,10,1,0,2,19,1,0,33553,20843.997,329.893372,87.738075,2024-06-10 19:00:00,1229.099
2024-06-10,20:00-21:00,2024,6,10,1,0,2,20,1,0,34598,22228.493,370.558411,66.666603,2024-06-10 20:00:00,1427.44
2024-06-10,21:00-22:00,2024,6,10,1,0,2,21,0,0,33065,20950.723,364.394287,66.476204,2024-06-10 21:00:00,1512.201
2024-06-10,22:00-23:00,2024,6,10,1,0,2,22,0,1,30535,18472.35,368.518433,130.000061,2024-06-10 22:00:00,1524.391
2024-06-10,23:00-24:00,2024,6,10,1,0,2,23,0,1,28541,16674.26,367.798248,130.000015,2024-06-10 23:00:00,1468.174
2024-06-11,00:00-01:00,2024,6,11,2,0,2,0,0,1,28087,15980.217,330.656342,325.838623,2024-06-11 00:00:00,1388.673
2024-06-11,01:00-02:00,2024,6,11,2,0,2,1,0,1,26998,15440.07,329.611206,305.805908,2024-06-11 01:00:00,1244.128
2024-06-11,02:00-03:00,2024,6,11,2,0,2,2,0,1,26014,15421.92,290.582214,265.707153,2024-06-11 02:00:00,1089.106
2024-06-11,03:00-04:00,2024,6,11,2,0,2,3,0,1,25828,15390.6,278.6698,274.493225,2024-06-11 03:00:00,958.384
2024-06-11,04:00-05:00,2024,6,11,2,0,2,4,0,1,26110,15368.75,278.099487,305.312286,2024-06-11 04:00:00,832.52
2024-06-11,05:00-06:00,2024,6,11,2,0,2,5,0,1,27423,15603.254,328.976074,345.397583,2024-06-11 05:00:00,1043.945
2024-06-11,06:00-07:00,2024,6,11,2,0,2,6,0,1,28863,17423.986,309.893799,305.655487,2024-06-11 06:00:00,2712.041
2024-06-11,07:00-08:00,2024,6,11,2,0,2,7,0,0,30813,18156.223,315.767883,286.457581,2024-06-11 07:00:00,5485.522
2024-06-11,08:00-09:00,2024,6,11,2,0,2,8,1,0,33658,19060.93,275.627777,274.21347,2024-06-11 08:00:00,8656.492
2024-06-11,09:00-10:00,2024,6,11,2,0,2,9,1,0,35657,17968.155,186.972382,184.873444,2024-06-11 09:00:00,11495.588
2024-06-11,10:00-11:00,2024,6,11,2,0,2,10,1,0,36600,15132.756,309.696167,322.577881,2024-06-11 10:00:00,13853.811
2024-06-11,11:00-12:00,2024,6,11,2,0,2,11,1,0,34975,14917.088,92.043457,303.139984,2024-06-11 11:00:00,15252.753
2024-06-11,12:00-13:00,2024,6,11,2,0,2,12,1,0,35905,15404.266,92.458099,186.845184,2024-06-11 12:00:00,15443.725
2024-06-11,13:00-14:00,2024,6,11,2,0,2,13,1,0,35828,15684.502,88.111038,305.512054,2024-06-11 13:00:00,14623.543
2024-06-11,14:00-15:00,2024,6,11,2,0,2,14,1,0,35750,16140.047,176.699341,328.430939,2024-06-11 14:00:00,12771.5
2024-06-11,15:00-16:00,2024,6,11,2,0,2,15,1,0,35595,17988.165,348.233093,363.40567,2024-06-11 15:00:00,9970.23
2024-06-11,16:00-17:00,2024,6,11,2,0,2,16,1,0,35673,21660.741,363.906464,407.987152,2024-06-11 16:00:00,6375.488
2024-06-11,17:00-18:00,2024,6,11,2,0,2,17,1,0,34278,22223.136,366.827698,401.196869,2024-06-11 17:00:00,3005.597
2024-06-11,18:00-19:00,2024,6,11,2,0,2,18,1,0,33231,21329.748,370.41098,394.467987,2024-06-11 18:00:00,1067.134
2024-06-11,19:00-20:00,2024,6,11,2,0,2,19,1,0,34510,22030.683,371.713745,381.0224,2024-06-11 19:00:00,1259.199
2024-06-11,20:00-21:00,2024,6,11,2,0,2,20,1,0,34820,22446.611,372.306641,380.438019,2024-06-11 20:00:00,1577.312
2024-06-11,21:00-22:00,2024,6,11,2,0,2,21,0,0,33270,21072.044,386.443146,379.867401,2024-06-11 21:00:00,1807.446
2024-06-11,22:00-23:00,2024,6,11,2,0,2,22,0,1,31100,18324.205,385.871735,384.668518,2024-06-11 22:00:00,1966.5
2024-06-11,23:00-24:00,2024,6,11,2,0,2,23,0,1,29511,17101.789,357.79541,384.549774,2024-06-11 23:00:00,2012.235
2024-06-12,00:00-01:00,2024,6,12,3,0,2,0,0,1,28719,16427.746,379.260223,381.928375,2024-06-12 00:00:00,1921.724
2024-06-12,01:00-02:00,2024,6,12,3,0,2,1,0,1,27572,15566.64,380.47049,389.539032,2024-06-12 01:00:00,1762.418
2024-06-12,02:00-03:00,2024,6,12,3,0,2,2,0,1,26850,15351.22,352.202148,370.306061,2024-06-12 02:00:00,1580.058
2024-06-12,03:00-04:00,2024,6,12,3,0,2,3,0,1,26085,15299.266,331.582733,366.258331,2024-06-12 03:00:00,1396.086
2024-06-12,04:00-05:00,2024,6,12,3,0,2,4,0,1,26000,15293.56,350.793945,365.945801,2024-06-12 04:00:00,1213.818
2024-06-12,05:00-06:00,2024,6,12,3,0,2,5,0,1,26425,15522.522,371.255554,395.376038,2024-06-12 05:00:00,1517.032
2024-06-12,06:00-07:00,2024,6,12,3,0,2,6,0,1,27912,17510.78,329.77359,365.43103,2024-06-12 06:00:00,3837.128
2024-06-12,07:00-08:00,2024,6,12,3,0,2,7,0,0,31090,18579.022,259.154724,275.140808,2024-06-12 07:00:00,7499.574
2024-06-12,08:00-09:00,2024,6,12,3,0,2,8,1,0,33979,20083.274,149.346725,199.254776,2024-06-12 08:00:00,11593.921
2024-06-12,09:00-10:00,2024,6,12,3,0,2,9,1,0,35678,19170.568,159.281235,68.024582,2024-06-12 09:00:00,14927.03
2024-06-12,10:00-11:00,2024,6,12,3,0,2,10,1,0,36953,16310.79,249.093002,203.047043,2024-06-12 10:00:00,17195.236
2024-06-12,11:00-12:00,2024,6,12,3,0,2,11,1,0,35678,15897.458,145.129929,90.914978,2024-06-12 11:00:00,18159.104
2024-06-12,12:00-13:00,2024,6,12,3,0,2,12,1,0,36698,16327.48,198.066879,110.911758,2024-06-12 12:00:00,18059.874
2024-06-12,13:00-14:00,2024,6,12,3,0,2,13,1,0,36613,16548.356,200.973038,130.861786,2024-06-12 13:00:00,17084.378
2024-06-12,14:00-15:00,2024,6,12,3,0,2,14,1,0,36358,16701.93,198.73642,107.403053,2024-06-12 14:00:00,14936.04
2024-06-12,15:00-16:00,2024,6,12,3,0,2,15,1,0,36443,18142.198,354.94693,364.011078,2024-06-12 15:00:00,11577.563
2024-06-12,16:00-17:00,2024,6,12,3,0,2,16,1,0,36023,21772.57,370.320068,384.865234,2024-06-12 16:00:00,7449.793
2024-06-12,17:00-18:00,2024,6,12,3,0,2,17,1,0,34833,22114.737,351.180847,382.230621,2024-06-12 17:00:00,3617.018
2024-06-12,18:00-19:00,2024,6,12,3,0,2,18,1,0,33813,21172.147,370.52832,391.620453,2024-06-12 18:00:00,1586.422
2024-06-12,19:00-20:00,2024,6,12,3,0,2,19,1,0,35768,22088.91,380.934784,389.043518,2024-06-12 19:00:00,1896.029
2024-06-12,20:00-21:00,2024,6,12,3,0,2,20,1,0,36873,23283.601,380.140076,382.648438,2024-06-12 20:00:00,2335.122
2024-06-12,21:00-22:00,2024,6,12,3,0,2,21,0,0,35131,21459.93,380.06897,395.08493,2024-06-12 21:00:00,2553.133
2024-06-12,22:00-23:00,2024,6,12,3,0,2,22,0,1,32917,18694.12,379.227417,399.991394,2024-06-12 22:00:00,2600.745
2024-06-12,23:00-24:00,2024,6,12,3,0,2,23,0,1,31175,17662.39,349.914581,383.859497,2024-06-12 23:00:00,2467.47
2024-06-13,00:00-01:00,2024,6,13,4,0,2,0,0,1,31587,15956.262,541.608521,785.999939,2024-06-13 00:00:00,2542.538
2024-06-13,01:00-02:00,2024,6,13,4,0,2,1,0,1,30256,14680.759,555.067444,800.000122,2024-06-13 01:00:00,2217.439
2024-06-13,02:00-03:00,2024,6,13,4,0,2,2,0,1,29305,14483.81,562.195129,792.000366,2024-06-13 02:00:00,1871.634
2024-06-13,03:00-04:00,2024,6,13,4,0,2,3,0,1,28624,14441.37,541.865906,779.999878,2024-06-13 03:00:00,1574.901
2024-06-13,04:00-05:00,2024,6,13,4,0,2,4,0,1,28557,14378.07,547.568542,769.078918,2024-06-13 04:00:00,1330.666
2024-06-13,05:00-06:00,2024,6,13,4,0,2,5,0,1,29332,14625.93,559.346069,873.5066612500001,2024-06-13 05:00:00,1616.337
2024-06-13,06:00-07:00,2024,6,13,4,0,2,6,0,1,30565,15339.076,434.266083,543.072021,2024-06-13 06:00:00,3693.21
2024-06-13,07:00-08:00,2024,6,13,4,0,2,7,0,0,33078,16100.903,385.7948,382.95166,2024-06-13 07:00:00,6830.136
2024-06-13,08:00-09:00,2024,6,13,4,0,2,8,1,0,35805,17367.681,386.100281,374.169067,2024-06-13 08:00:00,10177.871
2024-06-13,09:00-10:00,2024,6,13,4,0,2,9,1,0,37493,16834.258,374.937653,369.616119,2024-06-13 09:00:00,12826.512
2024-06-13,10:00-11:00,2024,6,13,4,0,2,10,1,0,38667,14183.699,390.737274,415.771759,2024-06-13 10:00:00,14599.509
2024-06-13,11:00-12:00,2024,6,13,4,0,2,11,1,0,37390,14081.815,368.07077,371.490936,2024-06-13 11:00:00,15246.889
2024-06-13,12:00-13:00,2024,6,13,4,0,2,12,1,0,38596,14477.703,390.426361,387.153107,2024-06-13 12:00:00,14985.322
2024-06-13,13:00-14:00,2024,6,13,4,0,2,13,1,0,38466,14648.557,395.128113,399.476501,2024-06-13 13:00:00,13687.619
2024-06-13,14:00-15:00,2024,6,13,4,0,2,14,1,0,38244,14820.448,449.93576,435.621552,2024-06-13 14:00:00,11498.133
2024-06-13,15:00-16:00,2024,6,13,4,0,2,15,1,0,38072,14663.046,549.294128,505.267944,2024-06-13 15:00:00,8907.836
2024-06-13,16:00-17:00,2024,6,13,4,0,2,16,1,0,37775,18010.991,549.020386,518.871155,2024-06-13 16:00:00,5793.493
2024-06-13,17:00-18:00,2024,6,13,4,0,2,17,1,0,36133,20535.88,513.821106,583.375366,2024-06-13 17:00:00,2895.169
2024-06-13,18:00-19:00,2024,6,13,4,0,2,18,1,0,35420,19970.761,513.97113,624.295959,2024-06-13 18:00:00,1233.809
2024-06-13,19:00-20:00,2024,6,13,4,0,2,19,1,0,37107,20965.543,541.082947,749.829224,2024-06-13 19:00:00,1180.987
2024-06-13,20:00-21:00,2024,6,13,4,0,2,20,1,0,38349,21582.922,564.966248,789.763855,2024-06-13 20:00:00,1340.438
2024-06-13,21:00-22:00,2024,6,13,4,0,2,21,0,0,36730,19899.45,558.407959,782.619995,2024-06-13 21:00:00,1375.527
2024-06-13,22:00-23:00,2024,6,13,4,0,2,22,0,1,34308,16746.169,549.612122,803.055603,2024-06-13 22:00:00,1375.343
2024-06-13,23:00-24:00,2024,6,13,4,0,2,23,0,1,32224,16088.532,501.346893,768.853699,2024-06-13 23:00:00,1317.128
2024-06-14,00:00-01:00,2024,6,14,5,0,2,0,0,1,33609,15224.918,650.939514,867.533569,2024-06-14 00:00:00,1325.1
2024-06-14,01:00-02:00,2024,6,14,5,0,2,1,0,1,32185,13993.568,652.572449,799.697266,2024-06-14 01:00:00,1251.65
2024-06-14,02:00-03:00,2024,6,14,5,0,2,2,0,1,31106,13753.498,581.179688,714.363281,2024-06-14 02:00:00,1125.03
2024-06-14,03:00-04:00,2024,6,14,5,0,2,3,0,1,30352,13691.368,539.243835,649.580566,2024-06-14 03:00:00,981.74
2024-06-14,04:00-05:00,2024,6,14,5,0,2,4,0,1,30246,13689.318,516.067505,696.387451,2024-06-14 04:00:00,882.7
2024-06-14,05:00-06:00,2024,6,14,5,0,2,5,0,1,30975,13911.676,530.040833,751.38501,2024-06-14 05:00:00,1195.249
2024-06-14,06:00-07:00,2024,6,14,5,0,2,6,0,1,31852,14467.343,421.938965,494.299683,2024-06-14 06:00:00,3119.056
2024-06-14,07:00-08:00,2024,6,14,5,0,2,7,0,0,34030,15408.42,385.480316,394.844116,2024-06-14 07:00:00,5950.256
2024-06-14,08:00-09:00,2024,6,14,5,0,2,8,1,0,36961,16537.024,383.649628,394.092896,2024-06-14 08:00:00,8958.027
2024-06-14,09:00-10:00,2024,6,14,5,0,2,9,1,0,38785,15833.16,376.113403,365.557892,2024-06-14 09:00:00,11573.715
2024-06-14,10:00-11:00,2024,6,14,5,0,2,10,1,0,40024,13370.93,384.285858,395.686249,2024-06-14 10:00:00,13703.953
2024-06-14,11:00-12:00,2024,6,14,5,0,2,11,1,0,39292,13440.749,415.118683,398.729309,2024-06-14 11:00:00,14842.837
2024-06-14,12:00-13:00,2024,6,14,5,0,2,12,1,0,40521,13930.079,428.499847,438.246338,2024-06-14 12:00:00,15001.741
2024-06-14,13:00-14:00,2024,6,14,5,0,2,13,1,0,40282,14191.522,409.928101,412.764526,2024-06-14 13:00:00,14476.534
2024-06-14,14:00-15:00,2024,6,14,5,0,2,14,1,0,40050,14525.479,436.631622,546.297058,2024-06-14 14:00:00,12927.117
2024-06-14,15:00-16:00,2024,6,14,5,0,2,15,1,0,39980,14291.948,480.930603,726.606262,2024-06-14 15:00:00,10222.756
2024-06-14,16:00-17:00,2024,6,14,5,0,2,16,1,0,39674,18124.039,556.577881,851.897644,2024-06-14 16:00:00,6755.505
2024-06-14,17:00-18:00,2024,6,14,5,0,2,17,1,0,37831,20469.581,530.167786,768.332947,2024-06-14 17:00:00,3384.251
2024-06-14,18:00-19:00,2024,6,14,5,0,2,18,1,0,37087,19618.832,505.818115,787.090698,2024-06-14 18:00:00,1276.787
2024-06-14,19:00-20:00,2024,6,14,5,0,2,19,1,0,38736,21235.036,578.635559,786.20343,2024-06-14 19:00:00,1187.074
2024-06-14,20:00-21:00,2024,6,14,5,0,2,20,1,0,39899,21427.167,690.272339,873.5066612500001,2024-06-14 20:00:00,1313.127
2024-06-14,21:00-22:00,2024,6,14,5,0,2,21,0,0,38308,19963.241,643.353455,873.5066612500001,2024-06-14 21:00:00,1271.911
2024-06-14,22:00-23:00,2024,6,14,5,0,2,22,0,1,35955,16625.279,589.659851,873.5066612500001,2024-06-14 22:00:00,1207.692
2024-06-14,23:00-24:00,2024,6,14,5,0,2,23,0,1,34118,15610.282,470.995483,873.5066612500001,2024-06-14 23:00:00,1102.137
2024-06-15,00:00-01:00,2024,6,15,6,1,2,0,0,1,35351,15353.331,694.593018,873.5066612500001,2024-06-15 00:00:00,993.649
2024-06-15,01:00-02:00,2024,6,15,6,1,2,1,0,1,33766,13539.066,647.718323,873.5066612500001,2024-06-15 01:00:00,869.231
2024-06-15,02:00-03:00,2024,6,15,6,1,2,2,0,1,32583,12417.561,687.140808,873.5066612500001,2024-06-15 02:00:00,762.962
2024-06-15,03:00-04:00,2024,6,15,6,1,2,3,0,1,31655,12312.746,637.702576,873.5066612500001,2024-06-15 03:00:00,702.067
2024-06-15,04:00-05:00,2024,6,15,6,1,2,4,0,1,31300,12287.81,579.686951,873.5066612500001,2024-06-15 04:00:00,705.942
2024-06-15,05:00-06:00,2024,6,15,6,1,2,5,0,1,31649,12543.198,561.678589,873.5066612500001,2024-06-15 05:00:00,1239.494
2024-06-15,06:00-07:00,2024,6,15,6,1,2,6,0,1,32301,14365.133,416.306549,454.761414,2024-06-15 06:00:00,3887.613
2024-06-15,07:00-08:00,2024,6,15,6,1,2,7,0,0,34288,15941.432,378.366302,383.287506,2024-06-15 07:00:00,7868.593
2024-06-15,08:00-09:00,2024,6,15,6,1,2,8,1,0,37707,17520.65,361.879791,362.725433,2024-06-15 08:00:00,12005.397
2024-06-15,09:00-10:00,2024,6,15,6,1,2,9,1,0,39698,17478.668,363.212128,341.457642,2024-06-15 09:00:00,15202.482
2024-06-15,10:00-11:00,2024,6,15,6,1,2,10,1,0,41567,15910.121,386.240082,359.049072,2024-06-15 10:00:00,17259.713
2024-06-15,11:00-12:00,2024,6,15,6,1,2,11,1,0,41283,15748.359,368.777863,354.81781,2024-06-15 11:00:00,18047.998
2024-06-15,12:00-13:00,2024,6,15,6,1,2,12,1,0,42645,16104.873,401.966187,418.917877,2024-06-15 12:00:00,17883.467
2024-06-15,13:00-14:00,2024,6,15,6,1,2,13,1,0,42517,16272.975,416.150238,466.25824,2024-06-15 13:00:00,16765.326
2024-06-15,14:00-15:00,2024,6,15,6,1,2,14,1,0,42220,15450.003,454.511169,622.265625,2024-06-15 14:00:00,14493.934
2024-06-15,15:00-16:00,2024,6,15,6,1,2,15,1,0,42196,15223.558,474.843506,534.626892,2024-06-15 15:00:00,11239.638
2024-06-15,16:00-17:00,2024,6,15,6,1,2,16,1,0,41904,18133.647,526.080322,656.674316,2024-06-15 16:00:00,7195.573
2024-06-15,17:00-18:00,2024,6,15,6,1,2,17,1,0,39942,19991.557,470.913635,573.273376,2024-06-15 17:00:00,3514.843
2024-06-15,18:00-19:00,2024,6,15,6,1,2,18,1,0,39129,19670.65,487.271332,599.695923,2024-06-15 18:00:00,1376.491
2024-06-15,19:00-20:00,2024,6,15,6,1,2,19,1,0,40876,20118.906,590.027161,575.646301,2024-06-15 19:00:00,1267.141
2024-06-15,20:00-21:00,2024,6,15,6,1,2,20,1,0,41973,21020.098,683.845703,578.60437,2024-06-15 20:00:00,1366.926
2024-06-15,21:00-22:00,2024,6,15,6,1,2,21,0,0,40551,19273.554,680.811218,605.963196,2024-06-15 21:00:00,1409.987
2024-06-15,22:00-23:00,2024,6,15,6,1,2,22,0,1,38241,16601.616,638.258545,686.743042,2024-06-15 22:00:00,1399.112
2024-06-15,23:00-24:00,2024,6,15,6,1,2,23,0,1,35883,16045.038,502.385986,527.968567,2024-06-15 23:00:00,1336.733
2024-06-16,00:00-01:00,2024,6,16,7,1,2,0,0,1,37405,16234.77,475.780548,511.833923,2024-06-16 00:00:00,1374.927
2024-06-16,01:00-02:00,2024,6,16,7,1,2,1,0,1,35802,15009.334,475.646118,502.007782,2024-06-16 01:00:00,1233.995
2024-06-16,02:00-03:00,2024,6,16,7,1,2,2,0,1,34421,14473.222,460.37442,473.278564,2024-06-16 02:00:00,1110.268
2024-06-16,03:00-04:00,2024,6,16,7,1,2,3,0,1,33430,14364.592,445.511108,457.689148,2024-06-16 03:00:00,1022.758
2024-06-16,04:00-05:00,2024,6,16,7,1,2,4,0,1,33000,14352.062,431.606537,439.210449,2024-06-16 04:00:00,975.028
2024-06-16,05:00-06:00,2024,6,16,7,1,2,5,0,1,33128,14520.116,418.663666,430.20462,2024-06-16 05:00:00,1387.645
2024-06-16,06:00-07:00,2024,6,16,7,1,2,6,0,1,33584,17837.287,385.913422,382.757538,2024-06-16 06:00:00,3584.532
2024-06-16,07:00-08:00,2024,6,16,7,1,2,7,0,0,35231,19058.46,365.565002,363.014954,2024-06-16 07:00:00,6775.264
2024-06-16,08:00-09:00,2024,6,16,7,1,2,8,1,0,38077,20178.667,365.187347,354.434906,2024-06-16 08:00:00,10091.754
2024-06-16,09:00-10:00,2024,6,16,7,1,2,9,1,0,40571,19128.626,363.144867,342.958282,2024-06-16 09:00:00,12656.815
2024-06-16,10:00-11:00,2024,6,16,7,1,2,10,1,0,42208,15518.166,384.208557,361.126831,2024-06-16 10:00:00,14188.363
2024-06-16,11:00-12:00,2024,6,16,7,1,2,11,1,0,41409,15016.496,383.170624,362.16449,2024-06-16 11:00:00,14745.723
2024-06-16,12:00-13:00,2024,6,16,7,1,2,12,1,0,42448,15359.546,401.645966,388.139771,2024-06-16 12:00:00,14518.514
2024-06-16,13:00-14:00,2024,6,16,7,1,2,13,1,0,42408,15479.935,412.421631,437.902771,2024-06-16 13:00:00,13229.513
2024-06-16,14:00-15:00,2024,6,16,7,1,2,14,1,0,42043,15598.293,427.639771,526.544495,2024-06-16 14:00:00,11102.299
2024-06-16,15:00-16:00,2024,6,16,7,1,2,15,1,0,42077,15419.125,458.066101,529.603271,2024-06-16 15:00:00,8800.275
2024-06-16,16:00-17:00,2024,6,16,7,1,2,16,1,0,41825,18217.098,451.729156,435.03363,2024-06-16 16:00:00,6314.265
2024-06-16,17:00-18:00,2024,6,16,7,1,2,17,1,0,39931,20511.384,426.266724,410.702301,2024-06-16 17:00:00,4279.683
2024-06-16,18:00-19:00,2024,6,16,7,1,2,18,1,0,39292,20599.189,407.475006,367.454254,2024-06-16 18:00:00,3147.238
2024-06-16,19:00-20:00,2024,6,16,7,1,2,19,1,0,41204,21206.312,407.735962,362.440979,2024-06-16 19:00:00,3110.976
2024-06-16,20:00-21:00,2024,6,16,7,1,2,20,1,0,42395,21437.2,438.100922,363.497864,2024-06-16 20:00:00,3072.793
2024-06-16,21:00-22:00,2024,6,16,7,1,2,21,0,0,40909,20288.242,416.723724,346.903656,2024-06-16 21:00:00,2867.455
2024-06-16,22:00-23:00,2024,6,16,7,1,2,22,0,1,38538,17502.12,415.157562,336.527893,2024-06-16 22:00:00,2571.242
2024-06-16,23:00-24:00,2024,6,16,7,1,2,23,0,1,36425,17175.313,396.823883,334.202026,2024-06-16 23:00:00,2362.134
2024-06-17,00:00-01:00,2024,6,17,1,0,2,0,0,1,35130,17033.33,414.014252,357.765106,2024-06-17 00:00:00,2906.62
2024-06-17,01:00-02:00,2024,6,17,1,0,2,1,0,1,33609,15946.55,413.717072,357.088776,2024-06-17 01:00:00,2665.877
2024-06-17,02:00-03:00,2024,6,17,1,0,2,2,0,1,32402,14937.521,412.320587,369.37912,2024-06-17 02:00:00,2497.044
2024-06-17,03:00-04:00,2024,6,17,1,0,2,3,0,1,31641,14933.25,402.397858,363.036774,2024-06-17 03:00:00,2497.386
2024-06-17,04:00-05:00,2024,6,17,1,0,2,4,0,1,31500,14936.39,402.680878,362.296265,2024-06-17 04:00:00,2553.618
2024-06-17,05:00-06:00,2024,6,17,1,0,2,5,0,1,31887,15046.186,400.23114,357.354614,2024-06-17 05:00:00,2884.338
2024-06-17,06:00-07:00,2024,6,17,1,0,2,6,0,1,32719,18414.154,372.301941,339.90097,2024-06-17 06:00:00,4420.978
2024-06-17,07:00-08:00,2024,6,17,1,0,2,7,0,0,34996,19613.074,371.222198,341.860321,2024-06-17 07:00:00,6623.415
2024-06-17,08:00-09:00,2024,6,17,1,0,2,8,1,0,38753,20471.213,382.599365,343.155518,2024-06-17 08:00:00,9023.03
2024-06-17,09:00-10:00,2024,6,17,1,0,2,9,1,0,40616,20249.812,378.016235,340.742126,2024-06-17 09:00:00,11162.841
2024-06-17,10:00-11:00,2024,6,17,1,0,2,10,1,0,42578,17820.82,404.875458,350.302216,2024-06-17 10:00:00,13053.231
2024-06-17,11:00-12:00,2024,6,17,1,0,2,11,1,0,41471,17580.461,397.704681,296.17395,2024-06-17 11:00:00,14203.569
2024-06-17,12:00-13:00,2024,6,17,1,0,2,12,1,0,42909,18080.199,412.542572,335.277283,2024-06-17 12:00:00,14301.451
2024-06-17,13:00-14:00,2024,6,17,1,0,2,13,1,0,42675,18454.681,390.886108,363.952545,2024-06-17 13:00:00,13628.263
2024-06-17,14:00-15:00,2024,6,17,1,0,2,14,1,0,42359,17964.504,392.038727,361.96933,2024-06-17 14:00:00,12112.842
2024-06-17,15:00-16:00,2024,6,17,1,0,2,15,1,0,42361,17966.985,419.526428,375.857452,2024-06-17 15:00:00,9664.409
2024-06-17,16:00-17:00,2024,6,17,1,0,2,16,1,0,42047,20524.502,429.638245,383.057831,2024-06-17 16:00:00,6471.413
2024-06-17,17:00-18:00,2024,6,17,1,0,2,17,1,0,39611,22314.223,420.020355,375.097504,2024-06-17 17:00:00,3408.328
2024-06-17,18:00-19:00,2024,6,17,1,0,2,18,1,0,38558,22027.727,430.713531,365.000214,2024-06-17 18:00:00,1492.775
2024-06-17,19:00-20:00,2024,6,17,1,0,2,19,1,0,40377,22408.652,442.928375,375.520172,2024-06-17 19:00:00,1358.861
2024-06-17,20:00-21:00,2024,6,17,1,0,2,20,1,0,41991,23552.594,464.759003,373.300903,2024-06-17 20:00:00,1435.455
2024-06-17,21:00-22:00,2024,6,17,1,0,2,21,0,0,40424,22229.807,462.220551,374.679535,2024-06-17 21:00:00,1436.81
2024-06-17,22:00-23:00,2024,6,17,1,0,2,22,0,1,37769,19993.46,449.328308,374.65918,2024-06-17 22:00:00,1401.883
2024-06-17,23:00-24:00,2024,6,17,1,0,2,23,0,1,35533,19543.356,415.590271,364.908813,2024-06-17 23:00:00,1309.234
2024-06-18,00:00-01:00,2024,6,18,2,0,2,0,0,1,34217,20115.488,380.142456,376.520935,2024-06-18 00:00:00,1031.038
2024-06-18,01:00-02:00,2024,6,18,2,0,2,1,0,1,32605,18856.49,380.264984,395.979858,2024-06-18 01:00:00,973.28
2024-06-18,02:00-03:00,2024,6,18,2,0,2,2,0,1,31357,17754.506,369.952209,376.254364,2024-06-18 02:00:00,927.742
2024-06-18,03:00-04:00,2024,6,18,2,0,2,3,0,1,30527,17212.346,369.46756,375.965057,2024-06-18 03:00:00,901.976
2024-06-18,04:00-05:00,2024,6,18,2,0,2,4,0,1,30300,17069.123,369.872955,383.82373,2024-06-18 04:00:00,884.938
2024-06-18,05:00-06:00,2024,6,18,2,0,2,5,0,1,30621,17054.807,377.172516,383.90213,2024-06-18 05:00:00,1303.242
2024-06-18,06:00-07:00,2024,6,18,2,0,2,6,0,1,31778,19292.937,366.908295,365.897644,2024-06-18 06:00:00,3485.254
2024-06-18,07:00-08:00,2024,6,18,2,0,2,7,0,0,33948,20931.22,366.395081,364.035675,2024-06-18 07:00:00,6639.107
2024-06-18,08:00-09:00,2024,6,18,2,0,2,8,1,0,37060,22077.888,367.146515,375.400299,2024-06-18 08:00:00,9809.514
2024-06-18,09:00-10:00,2024,6,18,2,0,2,9,1,0,38620,22909.936,354.459747,361.073059,2024-06-18 09:00:00,12299.654
2024-06-18,10:00-11:00,2024,6,18,2,0,2,10,1,0,39879,21683.511,361.913727,402.205109,2024-06-18 10:00:00,13782.998
2024-06-18,11:00-12:00,2024,6,18,2,0,2,11,1,0,38826,21515.323,353.006531,394.298584,2024-06-18 11:00:00,14271.051
2024-06-18,12:00-13:00,2024,6,18,2,0,2,12,1,0,39450,21733.146,363.607361,428.219482,2024-06-18 12:00:00,13968.887
2024-06-18,13:00-14:00,2024,6,18,2,0,2,13,1,0,39021,21879.414,373.250275,442.539978,2024-06-18 13:00:00,12629.006
2024-06-18,14:00-15:00,2024,6,18,2,0,2,14,1,0,38857,21139.801,391.809875,450.462677,2024-06-18 14:00:00,10562.235
2024-06-18,15:00-16:00,2024,6,18,2,0,2,15,1,0,38959,21622.006,410.343231,461.886688,2024-06-18 15:00:00,8234.993
2024-06-18,16:00-17:00,2024,6,18,2,0,2,16,1,0,38549,22144.606,426.682861,450.491852,2024-06-18 16:00:00,5579.358
2024-06-18,17:00-18:00,2024,6,18,2,0,2,17,1,0,36714,22195.422,403.439178,407.812378,2024-06-18 17:00:00,3271.803
2024-06-18,18:00-19:00,2024,6,18,2,0,2,18,1,0,35785,21788.909,387.065979,394.919067,2024-06-18 18:00:00,1917.076
2024-06-18,19:00-20:00,2024,6,18,2,0,2,19,1,0,37473,22121.286,411.149628,408.211151,2024-06-18 19:00:00,1866.381
2024-06-18,20:00-21:00,2024,6,18,2,0,2,20,1,0,38366,22785.315,425.715637,410.944946,2024-06-18 20:00:00,1927.565
2024-06-18,21:00-22:00,2024,6,18,2,0,2,21,0,0,36791,21663.595,387.689606,374.799896,2024-06-18 21:00:00,1857.923
2024-06-18,22:00-23:00,2024,6,18,2,0,2,22,0,1,35026,20520.695,378.905853,374.524078,2024-06-18 22:00:00,1727.269
2024-06-18,23:00-24:00,2024,6,18,2,0,2,23,0,1,32958,20048.358,369.54715,364.888031,2024-06-18 23:00:00,1539.345
2024-06-19,00:00-01:00,2024,6,19,3,0,2,0,0,1,32584,21698.467,400.328003,395.339172,2024-06-19 00:00:00,1181.792
2024-06-19,01:00-02:00,2024,6,19,3,0,2,1,0,1,31206,20234.926,409.950012,403.320648,2024-06-19 01:00:00,1073.002
2024-06-19,02:00-03:00,2024,6,19,3,0,2,2,0,1,30130,19339.21,387.687408,395.262817,2024-06-19 02:00:00,991.905
2024-06-19,03:00-04:00,2024,6,19,3,0,2,3,0,1,29440,19115.86,379.737823,383.420807,2024-06-19 03:00:00,939.216
2024-06-19,04:00-05:00,2024,6,19,3,0,2,4,0,1,29382,19108.05,379.917633,383.387909,2024-06-19 04:00:00,938.453
2024-06-19,05:00-06:00,2024,6,19,3,0,2,5,0,1,30149,19246.366,386.245758,395.523956,2024-06-19 05:00:00,1117.628
2024-06-19,06:00-07:00,2024,6,19,3,0,2,6,0,1,31090,20254.716,387.693634,383.847534,2024-06-19 06:00:00,2155.553
2024-06-19,07:00-08:00,2024,6,19,3,0,2,7,0,0,33093,20435.062,387.239288,383.224976,2024-06-19 07:00:00,3632.78
2024-06-19,08:00-09:00,2024,6,19,3,0,2,8,1,0,35355,20964.883,398.517792,414.039429,2024-06-19 08:00:00,5152.897
2024-06-19,09:00-10:00,2024,6,19,3,0,2,9,1,0,36657,21371.105,403.775269,414.390259,2024-06-19 09:00:00,6325.758
2024-06-19,10:00-11:00,2024,6,19,3,0,2,10,1,0,37667,21315.658,470.615051,440.032867,2024-06-19 10:00:00,7285.875
2024-06-19,11:00-12:00,2024,6,19,3,0,2,11,1,0,36498,20822.235,417.08902,438.079712,2024-06-19 11:00:00,7844.472
2024-06-19,12:00-13:00,2024,6,19,3,0,2,12,1,0,37076,21288.213,432.886627,454.369904,2024-06-19 12:00:00,7897.765
2024-06-19,13:00-14:00,2024,6,19,3,0,2,13,1,0,36710,21680.408,401.349792,422.613892,2024-06-19 13:00:00,7534.245
2024-06-19,14:00-15:00,2024,6,19,3,0,2,14,1,0,36661,21394.454,404.28244,405.89325,2024-06-19 14:00:00,6706.405
2024-06-19,15:00-16:00,2024,6,19,3,0,2,15,1,0,36694,21888.341,402.238129,401.568359,2024-06-19 15:00:00,5463.144
2024-06-19,16:00-17:00,2024,6,19,3,0,2,16,1,0,36468,22530.149,419.011963,409.235107,2024-06-19 16:00:00,3837.481
2024-06-19,17:00-18:00,2024,6,19,3,0,2,17,1,0,34798,24703.557,399.132935,375.128052,2024-06-19 17:00:00,2241.651
2024-06-19,18:00-19:00,2024,6,19,3,0,2,18,1,0,34050,23949.31,387.82193,383.150146,2024-06-19 18:00:00,1160.033
2024-06-19,19:00-20:00,2024,6,19,3,0,2,19,1,0,35018,23797.0,415.452087,413.402313,2024-06-19 19:00:00,1120.804
2024-06-19,20:00-21:00,2024,6,19,3,0,2,20,1,0,35522,24239.12,426.236908,432.09198,2024-06-19 20:00:00,1236.299
2024-06-19,21:00-22:00,2024,6,19,3,0,2,21,0,0,33944,23216.824,397.311646,394.819916,2024-06-19 21:00:00,1297.003
2024-06-19,22:00-23:00,2024,6,19,3,0,2,22,0,1,31996,22587.96,385.519836,365.07605,2024-06-19 22:00:00,1274.398
2024-06-19,23:00-24:00,2024,6,19,3,0,2,23,0,1,30519,22367.599,367.667419,365.777496,2024-06-19 23:00:00,1249.232
2024-06-20,00:00-01:00,2024,6,20,4,0,2,0,0,1,31299,22076.498,422.892151,404.749756,2024-06-20 00:00:00,1260.61
2024-06-20,01:00-02:00,2024,6,20,4,0,2,1,0,1,30215,20203.747,432.53363,409.398499,2024-06-20 01:00:00,1174.352
2024-06-20,02:00-03:00,2024,6,20,4,0,2,2,0,1,29469,20276.068,416.833282,403.632111,2024-06-20 02:00:00,1079.556
2024-06-20,03:00-04:00,2024,6,20,4,0,2,3,0,1,28825,20191.747,420.975616,410.482147,2024-06-20 03:00:00,1014.789
2024-06-20,04:00-05:00,2024,6,20,4,0,2,4,0,1,28794,20169.309,413.225037,411.633972,2024-06-20 04:00:00,977.469
2024-06-20,05:00-06:00,2024,6,20,4,0,2,5,0,1,29645,20312.434,430.864777,422.720032,2024-06-20 05:00:00,1194.722
2024-06-20,06:00-07:00,2024,6,20,4,0,2,6,0,1,30520,21297.646,415.022705,414.58429,2024-06-20 06:00:00,2355.438
2024-06-20,07:00-08:00,2024,6,20,4,0,2,7,0,0,32267,21308.001,403.21637,391.678253,2024-06-20 07:00:00,3927.559
2024-06-20,08:00-09:00,2024,6,20,4,0,2,8,1,0,34869,22121.314,415.349731,395.412872,2024-06-20 08:00:00,5584.521
2024-06-20,09:00-10:00,2024,6,20,4,0,2,9,1,0,36314,22737.149,438.005676,395.425446,2024-06-20 09:00:00,6968.568
2024-06-20,10:00-11:00,2024,6,20,4,0,2,10,1,0,37371,22817.358,503.480652,708.295166,2024-06-20 10:00:00,8053.674
2024-06-20,11:00-12:00,2024,6,20,4,0,2,11,1,0,36079,22485.444,450.022919,487.497467,2024-06-20 11:00:00,8743.114
2024-06-20,12:00-13:00,2024,6,20,4,0,2,12,1,0,36870,22759.147,451.291107,423.093811,2024-06-20 12:00:00,8892.97
2024-06-20,13:00-14:00,2024,6,20,4,0,2,13,1,0,36595,23172.503,422.63559,379.960327,2024-06-20 13:00:00,8570.044
2024-06-20,14:00-15:00,2024,6,20,4,0,2,14,1,0,36247,22786.597,424.41925,384.598846,2024-06-20 14:00:00,7671.997
2024-06-20,15:00-16:00,2024,6,20,4,0,2,15,1,0,36179,24252.199,427.229218,377.059692,2024-06-20 15:00:00,6325.36
2024-06-20,16:00-17:00,2024,6,20,4,0,2,16,1,0,35838,26057.177,423.697479,377.510529,2024-06-20 16:00:00,4585.423
2024-06-20,17:00-18:00,2024,6,20,4,0,2,17,1,0,34290,27504.773,402.897339,364.224091,2024-06-20 17:00:00,2852.732
2024-06-20,18:00-19:00,2024,6,20,4,0,2,18,1,0,33670,27572.181,402.737946,375.548065,2024-06-20 18:00:00,1718.893
2024-06-20,19:00-20:00,2024,6,20,4,0,2,19,1,0,34909,27643.201,402.683502,383.319427,2024-06-20 19:00:00,1777.722
2024-06-20,20:00-21:00,2024,6,20,4,0,2,20,1,0,35046,27780.274,421.395538,407.28598,2024-06-20 20:00:00,1998.889
2024-06-20,21:00-22:00,2024,6,20,4,0,2,21,0,0,33405,27089.466,402.063019,394.587585,2024-06-20 21:00:00,2156.648
2024-06-20,22:00-23:00,2024,6,20,4,0,2,22,0,1,31513,26123.209,385.904755,362.908783,2024-06-20 22:00:00,2228.931
2024-06-20,23:00-24:00,2024,6,20,4,0,2,23,0,1,29989,25711.302,362.40506,343.109467,2024-06-20 23:00:00,2224.358
2024-06-21,00:00-01:00,2024,6,21,5,0,2,0,0,1,32464,22330.642,408.842865,403.944977,2024-06-21 00:00:00,2812.095
2024-06-21,01:00-02:00,2024,6,21,5,0,2,1,0,1,31122,19517.372,407.983795,404.958771,2024-06-21 01:00:00,2834.434
2024-06-21,02:00-03:00,2024,6,21,5,0,2,2,0,1,30207,19447.512,405.921112,395.07605,2024-06-21 02:00:00,2836.902
2024-06-21,03:00-04:00,2024,6,21,5,0,2,3,0,1,29589,19446.502,386.868591,379.349792,2024-06-21 03:00:00,2848.473
2024-06-21,04:00-05:00,2024,6,21,5,0,2,4,0,1,29646,19432.502,387.049561,371.664215,2024-06-21 04:00:00,2908.539
2024-06-21,05:00-06:00,2024,6,21,5,0,2,5,0,1,30444,19507.836,397.843201,383.230255,2024-06-21 05:00:00,3191.625
2024-06-21,06:00-07:00,2024,6,21,5,0,2,6,0,1,31399,20786.748,366.986176,365.015289,2024-06-21 06:00:00,4297.948
2024-06-21,07:00-08:00,2024,6,21,5,0,2,7,0,0,33675,21295.796,366.621338,363.414581,2024-06-21 07:00:00,5850.82
2024-06-21,08:00-09:00,2024,6,21,5,0,2,8,1,0,36808,21796.786,385.864624,374.572052,2024-06-21 08:00:00,7501.152
2024-06-21,09:00-10:00,2024,6,21,5,0,2,9,1,0,38433,22098.032,397.985962,374.73819,2024-06-21 09:00:00,8856.98
2024-06-21,10:00-11:00,2024,6,21,5,0,2,10,1,0,39688,22002.115,390.87854,375.583984,2024-06-21 10:00:00,9956.34
2024-06-21,11:00-12:00,2024,6,21,5,0,2,11,1,0,38611,21733.138,382.763092,358.401764,2024-06-21 11:00:00,10519.982
2024-06-21,12:00-13:00,2024,6,21,5,0,2,12,1,0,39647,22218.407,391.734619,367.906494,2024-06-21 12:00:00,10472.502
2024-06-21,13:00-14:00,2024,6,21,5,0,2,13,1,0,39387,22570.047,396.963013,402.249084,2024-06-21 13:00:00,9662.982
2024-06-21,14:00-15:00,2024,6,21,5,0,2,14,1,0,39150,22463.67,415.530182,430.422913,2024-06-21 14:00:00,8373.085
2024-06-21,15:00-16:00,2024,6,21,5,0,2,15,1,0,38887,24043.229,413.44574,444.811279,2024-06-21 15:00:00,6820.228
2024-06-21,16:00-17:00,2024,6,21,5,0,2,16,1,0,38504,27892.922,414.567963,478.373383,2024-06-21 16:00:00,5011.991
2024-06-21,17:00-18:00,2024,6,21,5,0,2,17,1,0,36664,28066.47,408.204803,422.720001,2024-06-21 17:00:00,3375.838
2024-06-21,18:00-19:00,2024,6,21,5,0,2,18,1,0,35967,27616.008,398.278198,392.035492,2024-06-21 18:00:00,2392.449
2024-06-21,19:00-20:00,2024,6,21,5,0,2,19,1,0,37228,26713.21,406.229797,406.841888,2024-06-21 19:00:00,2235.376
2024-06-21,20:00-21:00,2024,6,21,5,0,2,20,1,0,37976,25908.488,417.810211,455.303436,2024-06-21 20:00:00,2186.358
2024-06-21,21:00-22:00,2024,6,21,5,0,2,21,0,0,36137,26003.797,405.763184,409.332672,2024-06-21 21:00:00,2048.807
2024-06-21,22:00-23:00,2024,6,21,5,0,2,22,0,1,33754,25093.068,403.419952,400.032471,2024-06-21 22:00:00,1933.218
2024-06-21,23:00-24:00,2024,6,21,5,0,2,23,0,1,31954,24676.198,386.357269,372.328308,2024-06-21 23:00:00,1869.618
2024-06-22,00:00-01:00,2024,6,22,6,1,2,0,0,1,32131,21728.272,419.682281,409.062012,2024-06-22 00:00:00,1817.164
2024-06-22,01:00-02:00,2024,6,22,6,1,2,1,0,1,30832,20392.272,415.262726,402.839172,2024-06-22 01:00:00,1773.567
2024-06-22,02:00-03:00,2024,6,22,6,1,2,2,0,1,29848,19980.277,407.89621,402.166016,2024-06-22 02:00:00,1727.447
2024-06-22,03:00-04:00,2024,6,22,6,1,2,3,0,1,29157,19491.742,407.057404,405.463135,2024-06-22 03:00:00,1646.389
2024-06-22,04:00-05:00,2024,6,22,6,1,2,4,0,1,29058,19473.585,414.501801,405.472107,2024-06-22 04:00:00,1551.291
2024-06-22,05:00-06:00,2024,6,22,6,1,2,5,0,1,29883,19685.057,414.982391,405.612701,2024-06-22 05:00:00,1660.091
2024-06-22,06:00-07:00,2024,6,22,6,1,2,6,0,1,30877,20611.866,399.071777,392.847717,2024-06-22 06:00:00,2437.852
2024-06-22,07:00-08:00,2024,6,22,6,1,2,7,0,0,32368,21094.428,379.439331,375.149567,2024-06-22 07:00:00,3731.823
2024-06-22,08:00-09:00,2024,6,22,6,1,2,8,1,0,34576,21687.442,386.649414,374.98053,2024-06-22 08:00:00,5221.441
2024-06-22,09:00-10:00,2024,6,22,6,1,2,9,1,0,35983,22394.87,413.119537,372.753113,2024-06-22 09:00:00,6491.466
2024-06-22,10:00-11:00,2024,6,22,6,1,2,10,1,0,37020,23025.674,436.804382,385.951935,2024-06-22 10:00:00,7757.924
2024-06-22,11:00-12:00,2024,6,22,6,1,2,11,1,0,35747,22146.987,411.654266,391.508575,2024-06-22 11:00:00,8669.999
2024-06-22,12:00-13:00,2024,6,22,6,1,2,12,1,0,36896,22757.788,417.905457,399.601654,2024-06-22 12:00:00,8940.068
2024-06-22,13:00-14:00,2024,6,22,6,1,2,13,1,0,36500,23179.682,401.016449,407.226746,2024-06-22 13:00:00,8851.218
2024-06-22,14:00-15:00,2024,6,22,6,1,2,14,1,0,36306,22756.299,411.791901,414.39621,2024-06-22 14:00:00,8206.924
2024-06-22,15:00-16:00,2024,6,22,6,1,2,15,1,0,36469,23882.4,414.679443,412.43042,2024-06-22 15:00:00,6836.462
2024-06-22,16:00-17:00,2024,6,22,6,1,2,16,1,0,36430,26167.211,418.081146,383.794464,2024-06-22 16:00:00,4960.51
2024-06-22,17:00-18:00,2024,6,22,6,1,2,17,1,0,35040,25666.073,414.440491,383.590302,2024-06-22 17:00:00,3093.536
2024-06-22,18:00-19:00,2024,6,22,6,1,2,18,1,0,34450,25177.171,414.903229,375.521301,2024-06-22 18:00:00,1915.799
2024-06-22,19:00-20:00,2024,6,22,6,1,2,19,1,0,35506,25413.915,419.194122,374.925842,2024-06-22 19:00:00,2012.019
2024-06-22,20:00-21:00,2024,6,22,6,1,2,20,1,0,36183,25548.092,431.707886,375.446228,2024-06-22 20:00:00,2260.862
2024-06-22,21:00-22:00,2024,6,22,6,1,2,21,0,0,34614,24991.275,423.758636,363.274323,2024-06-22 21:00:00,2312.817
2024-06-22,22:00-23:00,2024,6,22,6,1,2,22,0,1,32731,23695.27,423.534851,363.294586,2024-06-22 22:00:00,2380.003
2024-06-22,23:00-24:00,2024,6,22,6,1,2,23,0,1,31281,23101.262,400.536224,362.719666,2024-06-22 23:00:00,2354.353
2024-06-23,00:00-01:00,2024,6,23,7,1,2,0,0,1,32348,20474.256,419.451599,376.054749,2024-06-23 00:00:00,2148.891
2024-06-23,01:00-02:00,2024,6,23,7,1,2,1,0,1,31008,20392.805,395.120178,364.039948,2024-06-23 01:00:00,1913.361
2024-06-23,02:00-03:00,2024,6,23,7,1,2,2,0,1,29947,20118.348,395.58017,364.852264,2024-06-23 02:00:00,1659.936
2024-06-23,03:00-04:00,2024,6,23,7,1,2,3,0,1,29267,19402.816,384.119965,363.995026,2024-06-23 03:00:00,1468.066
2024-06-23,04:00-05:00,2024,6,23,7,1,2,4,0,1,29179,19318.556,376.02533,364.365265,2024-06-23 04:00:00,1309.284
2024-06-23,05:00-06:00,2024,6,23,7,1,2,5,0,1,29847,19418.932,395.543182,376.076965,2024-06-23 05:00:00,1425.253
2024-06-23,06:00-07:00,2024,6,23,7,1,2,6,0,1,30577,19968.709,375.866058,363.835114,2024-06-23 06:00:00,2579.796
2024-06-23,07:00-08:00,2024,6,23,7,1,2,7,0,0,32207,20963.385,368.157776,355.886139,2024-06-23 07:00:00,4400.376
2024-06-23,08:00-09:00,2024,6,23,7,1,2,8,1,0,34291,21983.442,378.552979,342.707092,2024-06-23 08:00:00,6363.714
2024-06-23,09:00-10:00,2024,6,23,7,1,2,9,1,0,35965,22875.077,385.343445,350.265717,2024-06-23 09:00:00,8004.375
2024-06-23,10:00-11:00,2024,6,23,7,1,2,10,1,0,37201,23230.02,420.168365,322.528564,2024-06-23 10:00:00,9462.936
2024-06-23,11:00-12:00,2024,6,23,7,1,2,11,1,0,36625,22993.964,401.786469,236.532272,2024-06-23 11:00:00,10345.358
2024-06-23,12:00-13:00,2024,6,23,7,1,2,12,1,0,37614,23470.961,411.26532,197.633713,2024-06-23 12:00:00,10437.206
2024-06-23,13:00-14:00,2024,6,23,7,1,2,13,1,0,37249,23775.015,389.870026,102.024826,2024-06-23 13:00:00,9926.56
2024-06-23,14:00-15:00,2024,6,23,7,1,2,14,1,0,36883,23060.932,406.182983,177.893143,2024-06-23 14:00:00,8875.752
2024-06-23,15:00-16:00,2024,6,23,7,1,2,15,1,0,36678,23723.203,385.569855,288.973297,2024-06-23 15:00:00,7267.201
2024-06-23,16:00-17:00,2024,6,23,7,1,2,16,1,0,36570,25605.376,377.807648,323.84314,2024-06-23 16:00:00,5174.124
2024-06-23,17:00-18:00,2024,6,23,7,1,2,17,1,0,35383,24819.427,377.10675,323.677551,2024-06-23 17:00:00,3264.983
2024-06-23,18:00-19:00,2024,6,23,7,1,2,18,1,0,34665,24433.176,377.624451,344.126892,2024-06-23 18:00:00,2134.574
2024-06-23,19:00-20:00,2024,6,23,7,1,2,19,1,0,35647,24820.076,385.943817,342.950012,2024-06-23 19:00:00,2217.654
2024-06-23,20:00-21:00,2024,6,23,7,1,2,20,1,0,36218,25410.839,406.254669,355.419861,2024-06-23 20:00:00,2314.51
2024-06-23,21:00-22:00,2024,6,23,7,1,2,21,0,0,34632,24637.322,400.947968,354.702881,2024-06-23 21:00:00,2248.342
2024-06-23,22:00-23:00,2024,6,23,7,1,2,22,0,1,32761,23041.251,402.323395,354.650543,2024-06-23 22:00:00,2155.765
2024-06-23,23:00-24:00,2024,6,23,7,1,2,23,0,1,31175,22403.946,376.667084,344.338409,2024-06-23 23:00:00,2025.754
2024-06-24,00:00-01:00,2024,6,24,1,0,2,0,0,1,31265,20273.324,399.80954,395.292572,2024-06-24 00:00:00,1838.714
2024-06-24,01:00-02:00,2024,6,24,1,0,2,1,0,1,30095,19242.439,408.125366,394.840271,2024-06-24 01:00:00,1596.461
2024-06-24,02:00-03:00,2024,6,24,1,0,2,2,0,1,29192,18810.604,415.388062,374.839386,2024-06-24 02:00:00,1316.654
2024-06-24,03:00-04:00,2024,6,24,1,0,2,3,0,1,28558,18846.934,395.277832,375.060883,2024-06-24 03:00:00,1101.315
2024-06-24,04:00-05:00,2024,6,24,1,0,2,4,0,1,28569,18750.984,407.478729,375.092163,2024-06-24 04:00:00,985.34
2024-06-24,05:00-06:00,2024,6,24,1,0,2,5,0,1,29728,19233.254,411.953491,395.475006,2024-06-24 05:00:00,1123.683
2024-06-24,06:00-07:00,2024,6,24,1,0,2,6,0,1,30792,20174.367,387.758209,368.574127,2024-06-24 06:00:00,2002.564
2024-06-24,07:00-08:00,2024,6,24,1,0,2,7,0,0,32635,20871.882,386.632629,367.471558,2024-06-24 07:00:00,3235.064
2024-06-24,08:00-09:00,2024,6,24,1,0,2,8,1,0,35220,21366.357,402.504333,421.618774,2024-06-24 08:00:00,4522.783
2024-06-24,09:00-10:00,2024,6,24,1,0,2,9,1,0,37108,22263.933,424.434875,400.959106,2024-06-24 09:00:00,5617.07
2024-06-24,10:00-11:00,2024,6,24,1,0,2,10,1,0,37861,22714.918,436.208527,384.200409,2024-06-24 10:00:00,6484.566
2024-06-24,11:00-12:00,2024,6,24,1,0,2,11,1,0,36971,22546.896,411.172913,392.006683,2024-06-24 11:00:00,7009.322
2024-06-24,12:00-13:00,2024,6,24,1,0,2,12,1,0,37835,23213.346,451.996368,397.936127,2024-06-24 12:00:00,7047.979
2024-06-24,13:00-14:00,2024,6,24,1,0,2,13,1,0,37078,22654.715,416.146362,386.135712,2024-06-24 13:00:00,6667.412
2024-06-24,14:00-15:00,2024,6,24,1,0,2,14,1,0,36665,22317.329,413.08017,377.231873,2024-06-24 14:00:00,5923.474
2024-06-24,15:00-16:00,2024,6,24,1,0,2,15,1,0,36403,23543.131,422.151245,410.889313,2024-06-24 15:00:00,4883.45
2024-06-24,16:00-17:00,2024,6,24,1,0,2,16,1,0,36420,24969.422,409.380341,377.902924,2024-06-24 16:00:00,3613.623
2024-06-24,17:00-18:00,2024,6,24,1,0,2,17,1,0,35306,24436.352,403.152832,385.547668,2024-06-24 17:00:00,2339.852
2024-06-24,18:00-19:00,2024,6,24,1,0,2,18,1,0,34447,24089.462,389.322174,378.354034,2024-06-24 18:00:00,1488.467
2024-06-24,19:00-20:00,2024,6,24,1,0,2,19,1,0,35527,24273.164,368.971649,377.743347,2024-06-24 19:00:00,1506.722
2024-06-24,20:00-21:00,2024,6,24,1,0,2,20,1,0,36327,24457.915,373.298157,378.603271,2024-06-24 20:00:00,1622.986
2024-06-24,21:00-22:00,2024,6,24,1,0,2,21,0,0,34578,23413.614,384.381439,371.136719,2024-06-24 21:00:00,1682.668
2024-06-24,22:00-23:00,2024,6,24,1,0,2,22,0,1,32448,22359.144,355.953461,370.798431,2024-06-24 22:00:00,1692.856
2024-06-24,23:00-24:00,2024,6,24,1,0,2,23,0,1,30760,21955.794,366.676147,363.415436,2024-06-24 23:00:00,1594.542
2024-06-25,00:00-01:00,2024,6,25,2,0,2,0,0,1,32505,21374.287,382.360687,373.050385,2024-06-25 00:00:00,1073.862
2024-06-25,01:00-02:00,2024,6,25,2,0,2,1,0,1,31215,19545.579,381.180328,372.293457,2024-06-25 01:00:00,1043.164
2024-06-25,02:00-03:00,2024,6,25,2,0,2,2,0,1,30249,19329.594,380.637299,371.567535,2024-06-25 02:00:00,999.904
2024-06-25,03:00-04:00,2024,6,25,2,0,2,3,0,1,29638,18789.444,382.339203,371.897095,2024-06-25 03:00:00,1001.689
2024-06-25,04:00-05:00,2024,6,25,2,0,2,4,0,1,29608,18875.592,382.186584,371.976105,2024-06-25 04:00:00,1045.41
2024-06-25,05:00-06:00,2024,6,25,2,0,2,5,0,1,30387,19055.275,393.433777,374.225433,2024-06-25 05:00:00,1320.243
2024-06-25,06:00-07:00,2024,6,25,2,0,2,6,0,1,31295,19911.906,383.343628,357.665802,2024-06-25 06:00:00,2659.582
2024-06-25,07:00-08:00,2024,6,25,2,0,2,7,0,0,33192,20538.173,374.365967,346.775848,2024-06-25 07:00:00,4675.398
2024-06-25,08:00-09:00,2024,6,25,2,0,2,8,1,0,35817,21513.63,363.13028,345.09433,2024-06-25 08:00:00,6794.393
2024-06-25,09:00-10:00,2024,6,25,2,0,2,9,1,0,37306,22121.228,362.325745,354.020935,2024-06-25 09:00:00,8466.421
2024-06-25,10:00-11:00,2024,6,25,2,0,2,10,1,0,38348,22823.863,374.259674,335.282501,2024-06-25 10:00:00,9736.327
2024-06-25,11:00-12:00,2024,6,25,2,0,2,11,1,0,37250,23063.648,345.059296,73.535469,2024-06-25 11:00:00,10426.854
2024-06-25,12:00-13:00,2024,6,25,2,0,2,12,1,0,37988,23042.848,351.199615,102.201454,2024-06-25 12:00:00,10487.511
2024-06-25,13:00-14:00,2024,6,25,2,0,2,13,1,0,37529,22587.667,354.823547,98.986183,2024-06-25 13:00:00,10120.515
2024-06-25,14:00-15:00,2024,6,25,2,0,2,14,1,0,37461,22177.449,356.276978,296.690613,2024-06-25 14:00:00,9145.989
2024-06-25,15:00-16:00,2024,6,25,2,0,2,15,1,0,37541,21722.201,370.57309,356.619446,2024-06-25 15:00:00,7456.378
2024-06-25,16:00-17:00,2024,6,25,2,0,2,16,1,0,37430,21923.794,372.251434,357.340393,2024-06-25 16:00:00,5208.423
2024-06-25,17:00-18:00,2024,6,25,2,0,2,17,1,0,35836,21549.751,375.314728,357.036652,2024-06-25 17:00:00,2982.048
2024-06-25,18:00-19:00,2024,6,25,2,0,2,18,1,0,35237,21187.215,366.355927,347.244385,2024-06-25 18:00:00,1507.982
2024-06-25,19:00-20:00,2024,6,25,2,0,2,19,1,0,36306,22390.614,371.354553,346.883484,2024-06-25 19:00:00,1413.418
2024-06-25,20:00-21:00,2024,6,25,2,0,2,20,1,0,36768,21769.479,370.281097,347.627838,2024-06-25 20:00:00,1433.017
2024-06-25,21:00-22:00,2024,6,25,2,0,2,21,0,0,34941,21618.629,367.897614,350.807343,2024-06-25 21:00:00,1347.881
2024-06-25,22:00-23:00,2024,6,25,2,0,2,22,0,1,32940,20351.404,366.415009,351.323517,2024-06-25 22:00:00,1237.287
2024-06-25,23:00-24:00,2024,6,25,2,0,2,23,0,1,31674,19865.494,371.10553,351.582092,2024-06-25 23:00:00,1077.287
2024-06-26,00:00-01:00,2024,6,26,3,0,2,0,0,1,30218,23777.878,402.753662,384.652191,2024-06-26 00:00:00,905.186
2024-06-26,01:00-02:00,2024,6,26,3,0,2,1,0,1,29124,23730.018,392.578369,383.840576,2024-06-26 01:00:00,700.131
2024-06-26,02:00-03:00,2024,6,26,3,0,2,2,0,1,28420,23714.928,388.303894,384.061768,2024-06-26 02:00:00,548.757
2024-06-26,03:00-04:00,2024,6,26,3,0,2,3,0,1,28000,23717.041,387.476135,384.094727,2024-06-26 03:00:00,472.331
2024-06-26,04:00-05:00,2024,6,26,3,0,2,4,0,1,28242,23720.658,400.055939,384.367035,2024-06-26 04:00:00,465.717
2024-06-26,05:00-06:00,2024,6,26,3,0,2,5,0,1,29407,23825.407,408.273621,395.030212,2024-06-26 05:00:00,802.089
2024-06-26,06:00-07:00,2024,6,26,3,0,2,6,0,1,30342,24317.51,378.913727,387.213867,2024-06-26 06:00:00,2535.109
2024-06-26,07:00-08:00,2024,6,26,3,0,2,7,0,0,32481,25289.108,392.495819,387.039368,2024-06-26 07:00:00,5111.677
2024-06-26,08:00-09:00,2024,6,26,3,0,2,8,1,0,35264,26081.65,392.279327,366.873932,2024-06-26 08:00:00,7728.557
2024-06-26,09:00-10:00,2024,6,26,3,0,2,9,1,0,37117,26763.329,377.533936,341.516663,2024-06-26 09:00:00,9765.899
2024-06-26,10:00-11:00,2024,6,26,3,0,2,10,1,0,37996,27205.251,385.935608,372.383514,2024-06-26 10:00:00,10983.931
2024-06-26,11:00-12:00,2024,6,26,3,0,2,11,1,0,36534,27356.957,376.235687,380.031769,2024-06-26 11:00:00,11460.593
2024-06-26,12:00-13:00,2024,6,26,3,0,2,12,1,0,37515,27228.149,375.530396,413.661163,2024-06-26 12:00:00,11243.742
2024-06-26,13:00-14:00,2024,6,26,3,0,2,13,1,0,37096,26876.573,377.488556,406.080109,2024-06-26 13:00:00,10023.209
2024-06-26,14:00-15:00,2024,6,26,3,0,2,14,1,0,37081,26960.206,396.43692,391.725677,2024-06-26 14:00:00,8290.616
2024-06-26,15:00-16:00,2024,6,26,3,0,2,15,1,0,37039,27277.798,416.309875,386.88623,2024-06-26 15:00:00,6412.428
2024-06-26,16:00-17:00,2024,6,26,3,0,2,16,1,0,36761,27255.823,434.900543,396.927887,2024-06-26 16:00:00,4256.229
2024-06-26,17:00-18:00,2024,6,26,3,0,2,17,1,0,34982,26325.679,410.729889,387.045349,2024-06-26 17:00:00,2347.498
2024-06-26,18:00-19:00,2024,6,26,3,0,2,18,1,0,34342,25584.609,411.056152,393.712952,2024-06-26 18:00:00,1146.986
2024-06-26,19:00-20:00,2024,6,26,3,0,2,19,1,0,35344,26151.215,416.984406,394.977661,2024-06-26 19:00:00,1087.604
2024-06-26,20:00-21:00,2024,6,26,3,0,2,20,1,0,35818,27293.271,420.309143,395.421417,2024-06-26 20:00:00,1205.396
2024-06-26,21:00-22:00,2024,6,26,3,0,2,21,0,0,33997,26217.078,409.893433,375.926544,2024-06-26 21:00:00,1266.867
2024-06-26,22:00-23:00,2024,6,26,3,0,2,22,0,1,31745,24718.148,416.005371,374.176788,2024-06-26 22:00:00,1302.729
2024-06-26,23:00-24:00,2024,6,26,3,0,2,23,0,1,30088,24075.605,401.850586,374.496582,2024-06-26 23:00:00,1265.44
2024-06-27,00:00-01:00,2024,6,27,4,0,2,0,0,1,30453,23731.532,109.702194,59.054287,2024-06-27 00:00:00,1410.619
2024-06-27,01:00-02:00,2024,6,27,4,0,2,1,0,1,29290,23713.522,103.643265,59.023514,2024-06-27 01:00:00,1299.099
2024-06-27,02:00-03:00,2024,6,27,4,0,2,2,0,1,28451,23637.772,103.593025,58.445187,2024-06-27 02:00:00,1149.768
2024-06-27,03:00-04:00,2024,6,27,4,0,2,3,0,1,27939,23641.532,89.764931,57.999817,2024-06-27 03:00:00,996.015
2024-06-27,04:00-05:00,2024,6,27,4,0,2,4,0,1,28111,23610.332,151.710434,93.433594,2024-06-27 04:00:00,866.013
2024-06-27,05:00-06:00,2024,6,27,4,0,2,5,0,1,29287,23686.394,185.306702,94.75383,2024-06-27 05:00:00,940.615
2024-06-27,06:00-07:00,2024,6,27,4,0,2,6,0,1,30508,24093.467,94.17675,53.508167,2024-06-27 06:00:00,1803.048
2024-06-27,07:00-08:00,2024,6,27,4,0,2,7,0,0,32391,24784.894,95.045097,48.593925,2024-06-27 07:00:00,3204.76
2024-06-27,08:00-09:00,2024,6,27,4,0,2,8,1,0,34927,25349.948,100.219894,46.800632,2024-06-27 08:00:00,4765.367
2024-06-27,09:00-10:00,2024,6,27,4,0,2,9,1,0,36178,25996.531,186.62355,94.321678,2024-06-27 09:00:00,6072.216
2024-06-27,10:00-11:00,2024,6,27,4,0,2,10,1,0,36900,27288.519,206.000732,38.898266,2024-06-27 10:00:00,7145.175
2024-06-27,11:00-12:00,2024,6,27,4,0,2,11,1,0,35506,26584.41,132.221542,19.646545,2024-06-27 11:00:00,7881.107
2024-06-27,12:00-13:00,2024,6,27,4,0,2,12,1,0,36050,26657.812,135.810898,44.572269,2024-06-27 12:00:00,8174.247
2024-06-27,13:00-14:00,2024,6,27,4,0,2,13,1,0,35421,26997.314,134.540024,49.695133,2024-06-27 13:00:00,8073.602
2024-06-27,14:00-15:00,2024,6,27,4,0,2,14,1,0,35213,27118.532,91.149063,58.545109,2024-06-27 14:00:00,7472.504
2024-06-27,15:00-16:00,2024,6,27,4,0,2,15,1,0,35081,27282.961,111.899994,44.680359,2024-06-27 15:00:00,6445.679
2024-06-27,16:00-17:00,2024,6,27,4,0,2,16,1,0,34819,26533.603,155.365814,47.820911,2024-06-27 16:00:00,4964.021
2024-06-27,17:00-18:00,2024,6,27,4,0,2,17,1,0,33220,26061.52,138.993149,47.430626,2024-06-27 17:00:00,3339.15
2024-06-27,18:00-19:00,2024,6,27,4,0,2,18,1,0,32563,25290.305,147.289734,52.60463,2024-06-27 18:00:00,2193.504
2024-06-27,19:00-20:00,2024,6,27,4,0,2,19,1,0,33284,25953.812,147.221832,55.95472,2024-06-27 19:00:00,2181.998
2024-06-27,20:00-21:00,2024,6,27,4,0,2,20,1,0,33153,27162.209,98.877922,57.865154,2024-06-27 20:00:00,2272.98
2024-06-27,21:00-22:00,2024,6,27,4,0,2,21,0,0,31114,26294.407,80.194664,45.250671,2024-06-27 21:00:00,2264.842
2024-06-27,22:00-23:00,2024,6,27,4,0,2,22,0,1,29341,24320.922,97.410934,55.466343,2024-06-27 22:00:00,2211.011
2024-06-27,23:00-24:00,2024,6,27,4,0,2,23,0,1,28184,23981.535,63.041866,34.230843,2024-06-27 23:00:00,2125.931
2024-06-28,00:00-01:00,2024,6,28,5,0,2,0,0,1,28619,21139.4,118.09478,116.06,2024-06-28 00:00:00,2367.002
2024-06-28,01:00-02:00,2024,6,28,5,0,2,1,0,1,27657,21098.47,97.050758,97.62,2024-06-28 01:00:00,2275.303
2024-06-28,02:00-03:00,2024,6,28,5,0,2,2,0,1,26959,20992.24,72.247543,81.58,2024-06-28 02:00:00,2219.01
2024-06-28,03:00-04:00,2024,6,28,5,0,2,3,0,1,26615,20964.66,68.499634,61.96,2024-06-28 03:00:00,2244.287
2024-06-28,04:00-05:00,2024,6,28,5,0,2,4,0,1,26903,20884.69,75.542664,70.35,2024-06-28 04:00:00,2276.926
2024-06-28,05:00-06:00,2024,6,28,5,0,2,5,0,1,28154,21103.399,126.243301,98.04,2024-06-28 05:00:00,2497.02
2024-06-28,06:00-07:00,2024,6,28,5,0,2,6,0,1,29265,21297.999,89.687737,71.59,2024-06-28 06:00:00,3160.984
2024-06-28,07:00-08:00,2024,6,28,5,0,2,7,0,0,31075,21676.597,109.77597,116.84,2024-06-28 07:00:00,3910.082
2024-06-28,08:00-09:00,2024,6,28,5,0,2,8,1,0,33406,22561.717,141.850845,381.38,2024-06-28 08:00:00,4668.866
2024-06-28,09:00-10:00,2024,6,28,5,0,2,9,1,0,34395,23230.811,168.749664,394.91,2024-06-28 09:00:00,5262.474
2024-06-28,10:00-11:00,2024,6,28,5,0,2,10,1,0,34979,24106.057,243.490128,382.11,2024-06-28 10:00:00,5795.791
2024-06-28,11:00-12:00,2024,6,28,5,0,2,11,1,0,33435,22639.752,165.551712,387.44,2024-06-28 11:00:00,6205.037
2024-06-28,12:00-13:00,2024,6,28,5,0,2,12,1,0,33988,22811.534,229.736679,373.86,2024-06-28 12:00:00,6335.036
2024-06-28,13:00-14:00,2024,6,28,5,0,2,13,1,0,33874,22644.292,216.324356,318.29,2024-06-28 13:00:00,6298.634
2024-06-28,14:00-15:00,2024,6,28,5,0,2,14,1,0,33648,22350.201,126.674301,343.54,2024-06-28 14:00:00,6069.662
2024-06-28,15:00-16:00,2024,6,28,5,0,2,15,1,0,33739,22897.499,115.719597,115.62,2024-06-28 15:00:00,5639.549
2024-06-28,16:00-17:00,2024,6,28,5,0,2,16,1,0,33841,23448.549,88.789337,106.15,2024-06-28 16:00:00,5053.307
2024-06-28,17:00-18:00,2024,6,28,5,0,2,17,1,0,32529,22663.307,124.655952,317.7,2024-06-28 17:00:00,4473.184
2024-06-28,18:00-19:00,2024,6,28,5,0,2,18,1,0,31838,22449.034,89.586739,222.96,2024-06-28 18:00:00,4091.87
2024-06-28,19:00-20:00,2024,6,28,5,0,2,19,1,0,32609,22851.93,122.893166,320.5,2024-06-28 19:00:00,4107.658
2024-06-28,20:00-21:00,2024,6,28,5,0,2,20,1,0,32765,23310.01,122.771164,318.53,2024-06-28 20:00:00,4163.584
2024-06-28,21:00-22:00,2024,6,28,5,0,2,21,0,0,30880,22777.4,74.77243,117.93,2024-06-28 21:00:00,4126.714
2024-06-28,22:00-23:00,2024,6,28,5,0,2,22,0,1,29265,21363.45,71.632767,223.73,2024-06-28 22:00:00,4058.708
2024-06-28,23:00-24:00,2024,6,28,5,0,2,23,0,1,27791,21110.38,43.000011,70.78,2024-06-28 23:00:00,4021.784
2024-06-29,00:00-01:00,2024,6,29,6,1,2,0,0,1,27836,19421.536,52.363861,65.655571,2024-06-29 00:00:00,2679.976
2024-06-29,01:00-02:00,2024,6,29,6,1,2,1,0,1,26874,18821.376,52.016235,50.146179,2024-06-29 01:00:00,2653.655
2024-06-29,02:00-03:00,2024,6,29,6,1,2,2,0,1,26205,18336.796,52.575485,49.750183,2024-06-29 02:00:00,2611.789
2024-06-29,03:00-04:00,2024,6,29,6,1,2,3,0,1,25800,17884.296,52.346519,50.691608,2024-06-29 03:00:00,2586.464
2024-06-29,04:00-05:00,2024,6,29,6,1,2,4,0,1,26057,18322.286,48.884621,48.691227,2024-06-29 04:00:00,2570.991
2024-06-29,05:00-06:00,2024,6,29,6,1,2,5,0,1,27174,18891.102,51.999462,47.893436,2024-06-29 05:00:00,2676.045
2024-06-29,06:00-07:00,2024,6,29,6,1,2,6,0,1,28047,19109.142,49.30851,46.197643,2024-06-29 06:00:00,3276.039
2024-06-29,07:00-08:00,2024,6,29,6,1,2,7,0,0,29622,19520.38,32.713959,41.3503,2024-06-29 07:00:00,4243.37
2024-06-29,08:00-09:00,2024,6,29,6,1,2,8,1,0,31537,20761.27,46.955467,28.772728,2024-06-29 08:00:00,5402.206
2024-06-29,09:00-10:00,2024,6,29,6,1,2,9,1,0,32927,21687.523,49.330791,43.981342,2024-06-29 09:00:00,6465.75
2024-06-29,10:00-11:00,2024,6,29,6,1,2,10,1,0,33765,22465.742,66.931755,64.051323,2024-06-29 10:00:00,7439.107
2024-06-29,11:00-12:00,2024,6,29,6,1,2,11,1,0,32620,21479.508,45.702259,27.726593,2024-06-29 11:00:00,8124.005
2024-06-29,12:00-13:00,2024,6,29,6,1,2,12,1,0,33186,21194.033,52.17968,38.885651,2024-06-29 12:00:00,8334.3
2024-06-29,13:00-14:00,2024,6,29,6,1,2,13,1,0,32987,21216.006,48.498466,46.607658,2024-06-29 13:00:00,8260.492
2024-06-29,14:00-15:00,2024,6,29,6,1,2,14,1,0,32965,21164.232,51.664856,37.882755,2024-06-29 14:00:00,7688.487
2024-06-29,15:00-16:00,2024,6,29,6,1,2,15,1,0,33053,22016.802,69.758186,45.58075,2024-06-29 15:00:00,6629.453
2024-06-29,16:00-17:00,2024,6,29,6,1,2,16,1,0,33092,22304.38,83.247292,46.85236,2024-06-29 16:00:00,5144.207
2024-06-29,17:00-18:00,2024,6,29,6,1,2,17,1,0,31989,21820.153,51.054417,90.83712,2024-06-29 17:00:00,3587.972
2024-06-29,18:00-19:00,2024,6,29,6,1,2,18,1,0,31344,20989.144,99.852188,218.165543,2024-06-29 18:00:00,2474.906
2024-06-29,19:00-20:00,2024,6,29,6,1,2,19,1,0,32303,21470.69,134.833221,206.893097,2024-06-29 19:00:00,2464.985
2024-06-29,20:00-21:00,2024,6,29,6,1,2,20,1,0,32617,21841.996,163.447296,245.872604,2024-06-29 20:00:00,2574.054
2024-06-29,21:00-22:00,2024,6,29,6,1,2,21,0,0,30904,20742.779,52.788124,101.976486,2024-06-29 21:00:00,2577.854
2024-06-29,22:00-23:00,2024,6,29,6,1,2,22,0,1,28907,19467.579,48.113564,51.811859,2024-06-29 22:00:00,2509.862
2024-06-29,23:00-24:00,2024,6,29,6,1,2,23,0,1,27562,19384.09,48.253342,48.141457,2024-06-29 23:00:00,2393.348
2024-06-30,00:00-01:00,2024,6,30,7,1,2,0,0,1,28014,18407.782,68.465904,87.212418,2024-06-30 00:00:00,1994.264
2024-06-30,01:00-02:00,2024,6,30,7,1,2,1,0,1,26974,17635.662,63.780239,67.494431,2024-06-30 01:00:00,1905.633
2024-06-30,02:00-03:00,2024,6,30,7,1,2,2,0,1,26296,17606.202,52.18784,49.539303,2024-06-30 02:00:00,1808.51
2024-06-30,03:00-04:00,2024,6,30,7,1,2,3,0,1,25780,17247.712,50.985271,48.192184,2024-06-30 03:00:00,1723.063
2024-06-30,04:00-05:00,2024,6,30,7,1,2,4,0,1,25930,17241.112,51.364029,48.998661,2024-06-30 04:00:00,1588.299
2024-06-30,05:00-06:00,2024,6,30,7,1,2,5,0,1,26835,17640.347,53.884262,59.000847,2024-06-30 05:00:00,1725.734
2024-06-30,06:00-07:00,2024,6,30,7,1,2,6,0,1,28008,17864.923,51.480995,47.368244,2024-06-30 06:00:00,3094.662
2024-06-30,07:00-08:00,2024,6,30,7,1,2,7,0,0,30172,19842.864,29.684008,25.782784,2024-06-30 07:00:00,5287.267
2024-06-30,08:00-09:00,2024,6,30,7,1,2,8,1,0,32130,22194.446,29.978792,6.108815,2024-06-30 08:00:00,7751.537
2024-06-30,09:00-10:00,2024,6,30,7,1,2,9,1,0,33722,22914.591,47.0172,25.233217,2024-06-30 09:00:00,9851.498
2024-06-30,10:00-11:00,2024,6,30,7,1,2,10,1,0,34800,22789.301,62.99593,24.614782,2024-06-30 10:00:00,11660.872
2024-06-30,11:00-12:00,2024,6,30,7,1,2,11,1,0,34051,21336.604,62.187794,5.079686,2024-06-30 11:00:00,12659.071
2024-06-30,12:00-13:00,2024,6,30,7,1,2,12,1,0,34883,21012.081,61.673016,4.812811,2024-06-30 12:00:00,12784.017
2024-06-30,13:00-14:00,2024,6,30,7,1,2,13,1,0,34704,21323.752,47.369976,4.628664,2024-06-30 13:00:00,12245.446
2024-06-30,14:00-15:00,2024,6,30,7,1,2,14,1,0,34454,20804.977,47.757454,4.36656,2024-06-30 14:00:00,10946.866
2024-06-30,15:00-16:00,2024,6,30,7,1,2,15,1,0,34466,20661.758,63.662659,0.48704,2024-06-30 15:00:00,9060.936
2024-06-30,16:00-17:00,2024,6,30,7,1,2,16,1,0,34478,21525.888,49.433426,23.72209,2024-06-30 16:00:00,6491.374
2024-06-30,17:00-18:00,2024,6,30,7,1,2,17,1,0,33321,23786.122,50.372002,42.777122,2024-06-30 17:00:00,3980.839
2024-06-30,18:00-19:00,2024,6,30,7,1,2,18,1,0,32637,23224.72,95.270699,164.510468,2024-06-30 18:00:00,2371.976
2024-06-30,19:00-20:00,2024,6,30,7,1,2,19,1,0,33973,23706.392,88.212845,87.304512,2024-06-30 19:00:00,2282.01
2024-06-30,20:00-21:00,2024,6,30,7,1,2,20,1,0,34774,24430.652,84.170189,104.181641,2024-06-30 20:00:00,2359.732
2024-06-30,21:00-22:00,2024,6,30,7,1,2,21,0,0,33044,23439.002,117.038971,222.700058,2024-06-30 21:00:00,2332.847
2024-06-30,22:00-23:00,2024,6,30,7,1,2,22,0,1,30597,22095.899,86.509872,116.242722,2024-06-30 22:00:00,2305.002
2024-06-30,23:00-24:00,2024,6,30,7,1,2,23,0,1,28916,21375.432,73.456406,101.880997,2024-06-30 23:00:00,2230.243
2024-07-01,00:00-01:00,2024,7,1,1,0,3,0,0,1,28685,19333.42,383.824127,418.846893,2024-07-01 00:00:00,1581.18
2024-07-01,01:00-02:00,2024,7,1,1,0,3,1,0,1,27599,19203.14,382.890167,411.368774,2024-07-01 01:00:00,1386.163
2024-07-01,02:00-03:00,2024,7,1,1,0,3,2,0,1,26843,19222.85,374.606995,406.062073,2024-07-01 02:00:00,1164.006
2024-07-01,03:00-04:00,2024,7,1,1,0,3,3,0,1,26427,19122.79,373.937622,401.338409,2024-07-01 03:00:00,989.093
2024-07-01,04:00-05:00,2024,7,1,1,0,3,4,0,1,26581,19118.66,383.175293,402.506409,2024-07-01 04:00:00,857.689
2024-07-01,05:00-06:00,2024,7,1,1,0,3,5,0,1,27640,19178.549,383.431549,410.633759,2024-07-01 05:00:00,1009.507
2024-07-01,06:00-07:00,2024,7,1,1,0,3,6,0,1,28877,19945.018,372.550781,373.191284,2024-07-01 06:00:00,2386.136
2024-07-01,07:00-08:00,2024,7,1,1,0,3,7,0,0,31039,20926.939,368.218414,362.845764,2024-07-01 07:00:00,4352.298
2024-07-01,08:00-09:00,2024,7,1,1,0,3,8,1,0,33635,21556.233,395.941315,405.775024,2024-07-01 08:00:00,6355.173
2024-07-01,09:00-10:00,2024,7,1,1,0,3,9,1,0,34839,22094.556,393.363983,434.895599,2024-07-01 09:00:00,8068.714
2024-07-01,10:00-11:00,2024,7,1,1,0,3,10,1,0,35824,21812.343,411.691589,685.55835,2024-07-01 10:00:00,9249.619
2024-07-01,11:00-12:00,2024,7,1,1,0,3,11,1,0,34579,21380.464,408.860321,873.5066612500001,2024-07-01 11:00:00,9720.542
2024-07-01,12:00-13:00,2024,7,1,1,0,3,12,1,0,35926,21826.435,408.830048,873.5066612500001,2024-07-01 12:00:00,9585.274
2024-07-01,13:00-14:00,2024,7,1,1,0,3,13,1,0,35665,22109.488,396.529419,873.5066612500001,2024-07-01 13:00:00,8752.476
2024-07-01,14:00-15:00,2024,7,1,1,0,3,14,1,0,35667,21772.598,400.246674,873.5066612500001,2024-07-01 14:00:00,7356.909
2024-07-01,15:00-16:00,2024,7,1,1,0,3,15,1,0,35746,22222.858,400.444519,453.601929,2024-07-01 15:00:00,5856.543
2024-07-01,16:00-17:00,2024,7,1,1,0,3,16,1,0,35659,22120.8,386.086761,399.449066,2024-07-01 16:00:00,4035.067
2024-07-01,17:00-18:00,2024,7,1,1,0,3,17,1,0,34081,21605.759,381.703461,382.521667,2024-07-01 17:00:00,2341.782
2024-07-01,18:00-19:00,2024,7,1,1,0,3,18,1,0,33361,21304.905,381.170624,367.008392,2024-07-01 18:00:00,1227.921
2024-07-01,19:00-20:00,2024,7,1,1,0,3,19,1,0,34690,21818.99,379.878693,367.259216,2024-07-01 19:00:00,1125.082
2024-07-01,20:00-21:00,2024,7,1,1,0,3,20,1,0,35373,22154.769,377.72226,345.547943,2024-07-01 20:00:00,1119.607
2024-07-01,21:00-22:00,2024,7,1,1,0,3,21,0,0,33623,21300.914,368.267548,228.817093,2024-07-01 21:00:00,1065.25
2024-07-01,22:00-23:00,2024,7,1,1,0,3,22,0,1,31309,19800.429,368.529877,322.997314,2024-07-01 22:00:00,1064.629
2024-07-01,23:00-24:00,2024,7,1,1,0,3,23,0,1,29511,19312.43,369.440491,290.891632,2024-07-01 23:00:00,1059.326
2024-07-02,00:00-01:00,2024,7,2,2,0,3,0,0,1,28947,19082.825,383.776764,324.131622,2024-07-02 00:00:00,1966.777
2024-07-02,01:00-02:00,2024,7,2,2,0,3,1,0,1,27934,18003.42,383.095184,363.47818,2024-07-02 01:00:00,1927.101
2024-07-02,02:00-03:00,2024,7,2,2,0,3,2,0,1,27261,17899.222,374.524933,323.989349,2024-07-02 02:00:00,1918.582
2024-07-02,03:00-04:00,2024,7,2,2,0,3,3,0,1,26866,17370.142,365.888763,323.735962,2024-07-02 03:00:00,1919.42
2024-07-02,04:00-05:00,2024,7,2,2,0,3,4,0,1,27075,17028.489,372.398682,323.964569,2024-07-02 04:00:00,1885.711
2024-07-02,05:00-06:00,2024,7,2,2,0,3,5,0,1,28189,18176.204,383.564148,363.608917,2024-07-02 05:00:00,1983.428
2024-07-02,06:00-07:00,2024,7,2,2,0,3,6,0,1,29396,19551.682,366.209381,324.393555,2024-07-02 06:00:00,3228.268
2024-07-02,07:00-08:00,2024,7,2,2,0,3,7,0,0,31462,20643.152,367.319183,323.92215,2024-07-02 07:00:00,5283.546
2024-07-02,08:00-09:00,2024,7,2,2,0,3,8,1,0,34077,21519.845,407.06073,363.202576,2024-07-02 08:00:00,7621.537
2024-07-02,09:00-10:00,2024,7,2,2,0,3,9,1,0,35517,22343.64,390.465851,213.423782,2024-07-02 09:00:00,9582.981
2024-07-02,10:00-11:00,2024,7,2,2,0,3,10,1,0,36523,22562.464,464.572266,312.104279,2024-07-02 10:00:00,11086.79
2024-07-02,11:00-12:00,2024,7,2,2,0,3,11,1,0,35492,22957.868,401.16333,120.256592,2024-07-02 11:00:00,11904.755
2024-07-02,12:00-13:00,2024,7,2,2,0,3,12,1,0,36275,22905.604,432.120758,172.206436,2024-07-02 12:00:00,11922.819
2024-07-02,13:00-14:00,2024,7,2,2,0,3,13,1,0,36136,22647.53,390.867981,126.980736,2024-07-02 13:00:00,11203.841
2024-07-02,14:00-15:00,2024,7,2,2,0,3,14,1,0,36290,22305.75,425.449127,210.208191,2024-07-02 14:00:00,9781.725
2024-07-02,15:00-16:00,2024,7,2,2,0,3,15,1,0,36463,22761.384,429.788788,339.172516,2024-07-02 15:00:00,7768.41
2024-07-02,16:00-17:00,2024,7,2,2,0,3,16,1,0,36459,23188.371,423.243652,362.772339,2024-07-02 16:00:00,5214.448
2024-07-02,17:00-18:00,2024,7,2,2,0,3,17,1,0,35017,21897.303,416.273132,384.830688,2024-07-02 17:00:00,2813.733
2024-07-02,18:00-19:00,2024,7,2,2,0,3,18,1,0,34349,21856.771,404.073853,408.636108,2024-07-02 18:00:00,1356.154
2024-07-02,19:00-20:00,2024,7,2,2,0,3,19,1,0,35565,21946.952,424.782959,402.388153,2024-07-02 19:00:00,1334.5
2024-07-02,20:00-21:00,2024,7,2,2,0,3,20,1,0,36419,22540.306,454.159912,380.749786,2024-07-02 20:00:00,1519.027
2024-07-02,21:00-22:00,2024,7,2,2,0,3,21,0,0,34759,21809.074,415.416595,363.940369,2024-07-02 21:00:00,1631.495
2024-07-02,22:00-23:00,2024,7,2,2,0,3,22,0,1,32524,20337.092,408.18573,363.528412,2024-07-02 22:00:00,1720.162
2024-07-02,23:00-24:00,2024,7,2,2,0,3,23,0,1,30937,19551.479,386.618408,323.897156,2024-07-02 23:00:00,1772.093
2024-07-03,00:00-01:00,2024,7,3,3,0,3,0,0,1,31256,20048.321,419.151093,364.377563,2024-07-03 00:00:00,1747.104
2024-07-03,01:00-02:00,2024,7,3,3,0,3,1,0,1,30017,19330.304,417.133148,364.462494,2024-07-03 01:00:00,1746.842
2024-07-03,02:00-03:00,2024,7,3,3,0,3,2,0,1,29197,19135.174,389.047424,364.411469,2024-07-03 02:00:00,1749.411
2024-07-03,03:00-04:00,2024,7,3,3,0,3,3,0,1,28645,19136.658,383.988403,363.601471,2024-07-03 03:00:00,1760.598
2024-07-03,04:00-05:00,2024,7,3,3,0,3,4,0,1,28759,19128.898,376.337341,363.942413,2024-07-03 04:00:00,1769.343
2024-07-03,05:00-06:00,2024,7,3,3,0,3,5,0,1,29649,19214.296,385.374115,364.082581,2024-07-03 05:00:00,1992.841
2024-07-03,06:00-07:00,2024,7,3,3,0,3,6,0,1,30771,19487.681,367.833832,324.275146,2024-07-03 06:00:00,3406.293
2024-07-03,07:00-08:00,2024,7,3,3,0,3,7,0,0,33133,20004.68,367.983002,67.100533,2024-07-03 07:00:00,5394.63
2024-07-03,08:00-09:00,2024,7,3,3,0,3,8,1,0,36260,20827.74,385.701935,323.763428,2024-07-03 08:00:00,7341.557
2024-07-03,09:00-10:00,2024,7,3,3,0,3,9,1,0,37782,21545.606,375.838562,151.172943,2024-07-03 09:00:00,8925.132
2024-07-03,10:00-11:00,2024,7,3,3,0,3,10,1,0,38899,21998.754,404.037292,145.952881,2024-07-03 10:00:00,10149.843
2024-07-03,11:00-12:00,2024,7,3,3,0,3,11,1,0,37673,21277.785,385.25824,94.074303,2024-07-03 11:00:00,10920.99
2024-07-03,12:00-13:00,2024,7,3,3,0,3,12,1,0,38484,22041.892,395.918793,174.864853,2024-07-03 12:00:00,10967.067
2024-07-03,13:00-14:00,2024,7,3,3,0,3,13,1,0,37945,21766.856,400.174957,341.889618,2024-07-03 13:00:00,10277.189
2024-07-03,14:00-15:00,2024,7,3,3,0,3,14,1,0,37723,21536.703,407.33783,384.168091,2024-07-03 14:00:00,9040.206
2024-07-03,15:00-16:00,2024,7,3,3,0,3,15,1,0,37438,21686.889,411.078583,382.072479,2024-07-03 15:00:00,7606.933
2024-07-03,16:00-17:00,2024,7,3,3,0,3,16,1,0,37075,22114.167,408.431885,405.229279,2024-07-03 16:00:00,6049.208
2024-07-03,17:00-18:00,2024,7,3,3,0,3,17,1,0,35268,21406.502,405.189362,405.043182,2024-07-03 17:00:00,4598.914
2024-07-03,18:00-19:00,2024,7,3,3,0,3,18,1,0,34585,21016.192,404.807709,399.40979,2024-07-03 18:00:00,3887.34
2024-07-03,19:00-20:00,2024,7,3,3,0,3,19,1,0,36560,21692.205,406.219727,379.909241,2024-07-03 19:00:00,4165.76
2024-07-03,20:00-21:00,2024,7,3,3,0,3,20,1,0,37481,21928.414,405.173706,366.759094,2024-07-03 20:00:00,4559.49
2024-07-03,21:00-22:00,2024,7,3,3,0,3,21,0,0,35651,20826.788,391.875549,328.834656,2024-07-03 21:00:00,4902.255
2024-07-03,22:00-23:00,2024,7,3,3,0,3,22,0,1,33338,20393.548,374.566284,323.43103,2024-07-03 22:00:00,5087.444
2024-07-03,23:00-24:00,2024,7,3,3,0,3,23,0,1,31487,20164.558,364.698578,290.5784,2024-07-03 23:00:00,5213.136
2024-07-04,00:00-01:00,2024,7,4,4,0,3,0,0,1,31511,20616.998,368.299713,324.733154,2024-07-04 00:00:00,4857.695
2024-07-04,01:00-02:00,2024,7,4,4,0,3,1,0,1,30338,20036.308,367.257813,364.41272,2024-07-04 01:00:00,4974.685
2024-07-04,02:00-03:00,2024,7,4,4,0,3,2,0,1,29515,20092.468,367.404724,364.574799,2024-07-04 02:00:00,5070.846
2024-07-04,03:00-04:00,2024,7,4,4,0,3,3,0,1,28989,20087.288,326.768677,364.127411,2024-07-04 03:00:00,5159.812
2024-07-04,04:00-05:00,2024,7,4,4,0,3,4,0,1,29032,20098.728,326.667786,364.015686,2024-07-04 04:00:00,5263.349
2024-07-04,05:00-06:00,2024,7,4,4,0,3,5,0,1,29923,20182.193,338.441162,364.016998,2024-07-04 05:00:00,5595.396
2024-07-04,06:00-07:00,2024,7,4,4,0,3,6,0,1,31150,20535.83,327.900482,363.412384,2024-07-04 06:00:00,7173.938
2024-07-04,07:00-08:00,2024,7,4,4,0,3,7,0,0,33523,20923.738,327.438385,363.828888,2024-07-04 07:00:00,9528.934
2024-07-04,08:00-09:00,2024,7,4,4,0,3,8,1,0,36615,21658.076,365.886078,383.809723,2024-07-04 08:00:00,11928.9
2024-07-04,09:00-10:00,2024,7,4,4,0,3,9,1,0,38434,21467.378,338.952118,370.268158,2024-07-04 09:00:00,13891.969
2024-07-04,10:00-11:00,2024,7,4,4,0,3,10,1,0,39752,21588.504,356.576508,380.706482,2024-07-04 10:00:00,15287.62
2024-07-04,11:00-12:00,2024,7,4,4,0,3,11,1,0,39026,21264.528,255.457367,349.402832,2024-07-04 11:00:00,15937.83
2024-07-04,12:00-13:00,2024,7,4,4,0,3,12,1,0,40072,21799.298,372.450043,366.315399,2024-07-04 12:00:00,15907.692
2024-07-04,13:00-14:00,2024,7,4,4,0,3,13,1,0,39660,22277.57,356.528809,358.563416,2024-07-04 13:00:00,15205.192
2024-07-04,14:00-15:00,2024,7,4,4,0,3,14,1,0,39668,22476.228,376.106201,348.443085,2024-07-04 14:00:00,13625.243
2024-07-04,15:00-16:00,2024,7,4,4,0,3,15,1,0,39597,22666.693,394.158295,365.361053,2024-07-04 15:00:00,11494.691
2024-07-04,16:00-17:00,2024,7,4,4,0,3,16,1,0,39416,23046.347,372.490356,360.843048,2024-07-04 16:00:00,8974.406
2024-07-04,17:00-18:00,2024,7,4,4,0,3,17,1,0,37651,23133.248,373.992096,369.186127,2024-07-04 17:00:00,6741.758
2024-07-04,18:00-19:00,2024,7,4,4,0,3,18,1,0,36979,22860.778,389.597504,372.022827,2024-07-04 18:00:00,5284.312
2024-07-04,19:00-20:00,2024,7,4,4,0,3,19,1,0,38419,23467.098,400.629364,387.666534,2024-07-04 19:00:00,5248.953
2024-07-04,20:00-21:00,2024,7,4,4,0,3,20,1,0,39403,24107.198,420.905792,369.234253,2024-07-04 20:00:00,5464.427
2024-07-04,21:00-22:00,2024,7,4,4,0,3,21,0,0,37576,22346.738,403.497711,376.273804,2024-07-04 21:00:00,5610.762
2024-07-04,22:00-23:00,2024,7,4,4,0,3,22,0,1,34980,21250.388,377.862579,367.962463,2024-07-04 22:00:00,5673.244
2024-07-04,23:00-24:00,2024,7,4,4,0,3,23,0,1,32969,20760.248,367.96106,324.144562,2024-07-04 23:00:00,5711.838
2024-07-05,00:00-01:00,2024,7,5,5,0,3,0,0,1,33654,22189.183,351.558105,363.523285,2024-07-05 00:00:00,5961.47
2024-07-05,01:00-02:00,2024,7,5,5,0,3,1,0,1,32584,21076.996,369.002563,328.474152,2024-07-05 01:00:00,5955.663
2024-07-05,02:00-03:00,2024,7,5,5,0,3,2,0,1,31514,20745.621,328.811432,325.430206,2024-07-05 02:00:00,5980.709
2024-07-05,03:00-04:00,2024,7,5,5,0,3,3,0,1,30979,20726.589,328.823029,324.806793,2024-07-05 03:00:00,6011.215
2024-07-05,04:00-05:00,2024,7,5,5,0,3,4,0,1,30820,20714.736,328.187408,324.794586,2024-07-05 04:00:00,6021.615
2024-07-05,05:00-06:00,2024,7,5,5,0,3,5,0,1,31471,20851.668,327.482758,325.099426,2024-07-05 05:00:00,6387.657
2024-07-05,06:00-07:00,2024,7,5,5,0,3,6,0,1,32413,19947.901,288.592834,324.249481,2024-07-05 06:00:00,8655.978
2024-07-05,07:00-08:00,2024,7,5,5,0,3,7,0,0,34917,21102.917,325.963593,121.843803,2024-07-05 07:00:00,12196.706
2024-07-05,08:00-09:00,2024,7,5,5,0,3,8,1,0,38349,22518.007,130.067429,105.08123,2024-07-05 08:00:00,16043.745
2024-07-05,09:00-10:00,2024,7,5,5,0,3,9,1,0,40371,23403.735,143.93248,104.004364,2024-07-05 09:00:00,19163.04
2024-07-05,10:00-11:00,2024,7,5,5,0,3,10,1,0,42083,23831.316,163.044373,116.235527,2024-07-05 10:00:00,21150.413
2024-07-05,11:00-12:00,2024,7,5,5,0,3,11,1,0,41712,23648.676,146.141922,88.41349,2024-07-05 11:00:00,22058.729
2024-07-05,12:00-13:00,2024,7,5,5,0,3,12,1,0,42933,25054.586,175.711975,120.138367,2024-07-05 12:00:00,21979.526
2024-07-05,13:00-14:00,2024,7,5,5,0,3,13,1,0,42615,25251.872,172.747681,153.634155,2024-07-05 13:00:00,20847.737
2024-07-05,14:00-15:00,2024,7,5,5,0,3,14,1,0,42578,24709.402,194.70163,196.073364,2024-07-05 14:00:00,18694.408
2024-07-05,15:00-16:00,2024,7,5,5,0,3,15,1,0,42559,24571.641,166.947205,333.77475,2024-07-05 15:00:00,15669.295
2024-07-05,16:00-17:00,2024,7,5,5,0,3,16,1,0,42136,25992.593,233.046982,349.519318,2024-07-05 16:00:00,11762.564
2024-07-05,17:00-18:00,2024,7,5,5,0,3,17,1,0,40039,25774.693,259.508209,273.122711,2024-07-05 17:00:00,8214.349
2024-07-05,18:00-19:00,2024,7,5,5,0,3,18,1,0,39323,25582.89,274.886169,331.055603,2024-07-05 18:00:00,6108.794
2024-07-05,19:00-20:00,2024,7,5,5,0,3,19,1,0,40787,25984.03,344.603333,347.19577,2024-07-05 19:00:00,5936.22
2024-07-05,20:00-21:00,2024,7,5,5,0,3,20,1,0,41672,26312.12,359.463531,343.31015,2024-07-05 20:00:00,6073.045
2024-07-05,21:00-22:00,2024,7,5,5,0,3,21,0,0,40070,24911.89,362.316467,345.587311,2024-07-05 21:00:00,6131.753
2024-07-05,22:00-23:00,2024,7,5,5,0,3,22,0,1,38059,24028.362,361.976105,357.686371,2024-07-05 22:00:00,6174.142
2024-07-05,23:00-24:00,2024,7,5,5,0,3,23,0,1,36337,23151.261,336.411926,330.941803,2024-07-05 23:00:00,6159.125
2024-07-06,00:00-01:00,2024,7,6,6,1,3,0,0,1,36856,27734.413,372.065002,343.467194,2024-07-06 00:00:00,5713.717
2024-07-06,01:00-02:00,2024,7,6,6,1,3,1,0,1,35214,27118.143,356.67514,340.130127,2024-07-06 01:00:00,5456.186
2024-07-06,02:00-03:00,2024,7,6,6,1,3,2,0,1,33940,26509.805,331.656189,331.45282,2024-07-06 02:00:00,5208.882
2024-07-06,03:00-04:00,2024,7,6,6,1,3,3,0,1,32942,26258.399,333.522888,339.198456,2024-07-06 03:00:00,4982.249
2024-07-06,04:00-05:00,2024,7,6,6,1,3,4,0,1,32500,26245.455,334.535461,329.275909,2024-07-06 04:00:00,4746.616
2024-07-06,05:00-06:00,2024,7,6,6,1,3,5,0,1,32559,26339.775,327.483521,328.691101,2024-07-06 05:00:00,4888.099
2024-07-06,06:00-07:00,2024,7,6,6,1,3,6,0,1,33251,26574.649,78.913277,325.2034,2024-07-06 06:00:00,7077.255
2024-07-06,07:00-08:00,2024,7,6,6,1,3,7,0,0,35471,26550.797,160.415939,229.98204,2024-07-06 07:00:00,10693.767
2024-07-06,08:00-09:00,2024,7,6,6,1,3,8,1,0,38616,27335.55,271.083893,299.723999,2024-07-06 08:00:00,14692.878
2024-07-06,09:00-10:00,2024,7,6,6,1,3,9,1,0,40948,27880.996,133.140335,68.675636,2024-07-06 09:00:00,17884.226
2024-07-06,10:00-11:00,2024,7,6,6,1,3,10,1,0,42699,28349.672,158.01622,69.306396,2024-07-06 10:00:00,19943.693
2024-07-06,11:00-12:00,2024,7,6,6,1,3,11,1,0,42738,28212.988,164.40123,118.771362,2024-07-06 11:00:00,20897.164
2024-07-06,12:00-13:00,2024,7,6,6,1,3,12,1,0,44362,29628.557,183.437775,115.489998,2024-07-06 12:00:00,20942.576
2024-07-06,13:00-14:00,2024,7,6,6,1,3,13,1,0,44111,29876.504,167.381927,153.306458,2024-07-06 13:00:00,20092.161
2024-07-06,14:00-15:00,2024,7,6,6,1,3,14,1,0,43738,29394.136,154.277618,94.990547,2024-07-06 14:00:00,18280.923
2024-07-06,15:00-16:00,2024,7,6,6,1,3,15,1,0,43443,29531.616,168.460205,48.18108,2024-07-06 15:00:00,15370.484
2024-07-06,16:00-17:00,2024,7,6,6,1,3,16,1,0,43029,30357.518,236.843185,298.243195,2024-07-06 16:00:00,11500.505
2024-07-06,17:00-18:00,2024,7,6,6,1,3,17,1,0,41241,29868.003,280.807892,358.88089,2024-07-06 17:00:00,7817.532
2024-07-06,18:00-19:00,2024,7,6,6,1,3,18,1,0,40384,29615.467,281.980225,361.167542,2024-07-06 18:00:00,5590.199
2024-07-06,19:00-20:00,2024,7,6,6,1,3,19,1,0,42275,30164.19,326.542572,361.453003,2024-07-06 19:00:00,5594.092
2024-07-06,20:00-21:00,2024,7,6,6,1,3,20,1,0,43960,29973.827,373.001434,390.764709,2024-07-06 20:00:00,5940.44
2024-07-06,21:00-22:00,2024,7,6,6,1,3,21,0,0,42508,29256.788,371.029572,406.211212,2024-07-06 21:00:00,6188.23
2024-07-06,22:00-23:00,2024,7,6,6,1,3,22,0,1,40068,28646.836,358.131561,349.613953,2024-07-06 22:00:00,6379.196
2024-07-06,23:00-24:00,2024,7,6,6,1,3,23,0,1,37790,27065.991,258.473663,233.535828,2024-07-06 23:00:00,6461.394
2024-07-07,00:00-01:00,2024,7,7,7,1,3,0,0,1,37839,31619.892,255.643875,349.332977,2024-07-07 00:00:00,6555.577
2024-07-07,01:00-02:00,2024,7,7,7,1,3,1,0,1,36094,31234.152,97.304901,326.912048,2024-07-07 01:00:00,6555.878
2024-07-07,02:00-03:00,2024,7,7,7,1,3,2,0,1,34552,30596.785,78.62616,244.092468,2024-07-07 02:00:00,6580.057
2024-07-07,03:00-04:00,2024,7,7,7,1,3,3,0,1,33423,30531.262,78.155777,81.442139,2024-07-07 03:00:00,6628.046
2024-07-07,04:00-05:00,2024,7,7,7,1,3,4,0,1,32888,30194.837,79.539383,80.666283,2024-07-07 04:00:00,6638.721
2024-07-07,05:00-06:00,2024,7,7,7,1,3,5,0,1,32894,30097.524,61.164295,94.012764,2024-07-07 05:00:00,7024.802
2024-07-07,06:00-07:00,2024,7,7,7,1,3,6,0,1,33342,30378.304,20.436821,31.121704,2024-07-07 06:00:00,9566.304
2024-07-07,07:00-08:00,2024,7,7,7,1,3,7,0,0,35144,29149.051,31.265589,26.082348,2024-07-07 07:00:00,13621.482
2024-07-07,08:00-09:00,2024,7,7,7,1,3,8,1,0,38095,30824.159,35.204285,34.586506,2024-07-07 08:00:00,17991.447
2024-07-07,09:00-10:00,2024,7,7,7,1,3,9,1,0,40420,31987.082,55.950134,39.874348,2024-07-07 09:00:00,21411.655
2024-07-07,10:00-11:00,2024,7,7,7,1,3,10,1,0,42307,32549.801,53.77441,53.446194,2024-07-07 10:00:00,23418.414
2024-07-07,11:00-12:00,2024,7,7,7,1,3,11,1,0,42572,32323.482,70.931274,38.334023,2024-07-07 11:00:00,24202.365
2024-07-07,12:00-13:00,2024,7,7,7,1,3,12,1,0,44029,33589.772,102.962868,97.236183,2024-07-07 12:00:00,24066.83
2024-07-07,13:00-14:00,2024,7,7,7,1,3,13,1,0,43991,33827.832,119.134911,97.678688,2024-07-07 13:00:00,22938.104
2024-07-07,14:00-15:00,2024,7,7,7,1,3,14,1,0,43629,34632.865,83.166115,97.120285,2024-07-07 14:00:00,20689.33
2024-07-07,15:00-16:00,2024,7,7,7,1,3,15,1,0,43514,35008.369,86.969246,67.94548,2024-07-07 15:00:00,17340.759
2024-07-07,16:00-17:00,2024,7,7,7,1,3,16,1,0,43264,36742.106,99.722038,133.662491,2024-07-07 16:00:00,12989.623
2024-07-07,17:00-18:00,2024,7,7,7,1,3,17,1,0,41730,36863.767,118.73436,314.875366,2024-07-07 17:00:00,8993.728
2024-07-07,18:00-19:00,2024,7,7,7,1,3,18,1,0,40921,36852.979,139.718277,359.197601,2024-07-07 18:00:00,6578.02
2024-07-07,19:00-20:00,2024,7,7,7,1,3,19,1,0,42680,37541.817,183.987839,389.964569,2024-07-07 19:00:00,6380.217
2024-07-07,20:00-21:00,2024,7,7,7,1,3,20,1,0,44300,38196.21,283.668732,396.731354,2024-07-07 20:00:00,6510.261
2024-07-07,21:00-22:00,2024,7,7,7,1,3,21,0,0,43117,37046.358,273.057312,403.571381,2024-07-07 21:00:00,6627.505
2024-07-07,22:00-23:00,2024,7,7,7,1,3,22,0,1,41314,36441.004,170.739624,378.811096,2024-07-07 22:00:00,6681.816
2024-07-07,23:00-24:00,2024,7,7,7,1,3,23,0,1,39397,35313.863,156.20195,344.226349,2024-07-07 23:00:00,6690.082
2024-07-08,00:00-01:00,2024,7,8,1,0,3,0,0,1,38603,34726.3,351.685211,380.250946,2024-07-08 00:00:00,6645.334
2024-07-08,01:00-02:00,2024,7,8,1,0,3,1,0,1,36752,34015.606,357.477722,362.202728,2024-07-08 01:00:00,6631.619
2024-07-08,02:00-03:00,2024,7,8,1,0,3,2,0,1,35236,33697.209,271.889435,346.771698,2024-07-08 02:00:00,6602.482
2024-07-08,03:00-04:00,2024,7,8,1,0,3,3,0,1,34160,33500.32,105.002319,333.759521,2024-07-08 03:00:00,6589.322
2024-07-08,04:00-05:00,2024,7,8,1,0,3,4,0,1,33700,33380.434,105.189941,333.217804,2024-07-08 04:00:00,6560.721
2024-07-08,05:00-06:00,2024,7,8,1,0,3,5,0,1,33916,33520.503,103.274879,327.019806,2024-07-08 05:00:00,6830.277
2024-07-08,06:00-07:00,2024,7,8,1,0,3,6,0,1,34824,33962.703,92.424332,143.962402,2024-07-08 06:00:00,8919.64
2024-07-08,07:00-08:00,2024,7,8,1,0,3,7,0,0,38295,32995.381,78.829834,87.510216,2024-07-08 07:00:00,12310.806
2024-07-08,08:00-09:00,2024,7,8,1,0,3,8,1,0,42099,34217.81,122.149513,133.390182,2024-07-08 08:00:00,15989.058
2024-07-08,09:00-10:00,2024,7,8,1,0,3,9,1,0,44536,34669.797,160.929688,165.458694,2024-07-08 09:00:00,18863.849
2024-07-08,10:00-11:00,2024,7,8,1,0,3,10,1,0,46496,34843.697,174.769165,148.828186,2024-07-08 10:00:00,20509.402
2024-07-08,11:00-12:00,2024,7,8,1,0,3,11,1,0,46434,34806.768,164.312439,120.88726,2024-07-08 11:00:00,21083.441
2024-07-08,12:00-13:00,2024,7,8,1,0,3,12,1,0,47893,36074.558,256.388092,174.450058,2024-07-08 12:00:00,20667.295
2024-07-08,13:00-14:00,2024,7,8,1,0,3,13,1,0,47694,36112.877,234.366623,291.789886,2024-07-08 13:00:00,19160.241
2024-07-08,14:00-15:00,2024,7,8,1,0,3,14,1,0,47504,37259.004,221.718079,309.214874,2024-07-08 14:00:00,16665.028
2024-07-08,15:00-16:00,2024,7,8,1,0,3,15,1,0,47452,37954.696,260.929108,356.405762,2024-07-08 15:00:00,13622.693
2024-07-08,16:00-17:00,2024,7,8,1,0,3,16,1,0,47020,37404.777,359.512115,391.456268,2024-07-08 16:00:00,10083.559
2024-07-08,17:00-18:00,2024,7,8,1,0,3,17,1,0,44826,37110.549,330.199554,429.435242,2024-07-08 17:00:00,6968.787
2024-07-08,18:00-19:00,2024,7,8,1,0,3,18,1,0,44110,37213.146,336.244598,420.737091,2024-07-08 18:00:00,5094.732
2024-07-08,19:00-20:00,2024,7,8,1,0,3,19,1,0,45938,37485.54,414.601746,463.407654,2024-07-08 19:00:00,4819.207
2024-07-08,20:00-21:00,2024,7,8,1,0,3,20,1,0,47525,38076.535,458.386353,669.455872,2024-07-08 20:00:00,4847.058
2024-07-08,21:00-22:00,2024,7,8,1,0,3,21,0,0,46260,37124.166,435.495972,559.163757,2024-07-08 21:00:00,4867.949
2024-07-08,22:00-23:00,2024,7,8,1,0,3,22,0,1,44224,36041.986,411.438721,413.533875,2024-07-08 22:00:00,4830.086
2024-07-08,23:00-24:00,2024,7,8,1,0,3,23,0,1,41765,35241.867,397.422394,364.765076,2024-07-08 23:00:00,4652.172
2024-07-09,00:00-01:00,2024,7,9,2,0,3,0,0,1,40596,35877.239,395.035583,386.346619,2024-07-09 00:00:00,4602.143
2024-07-09,01:00-02:00,2024,7,9,2,0,3,1,0,1,38735,34569.82,385.540466,381.924103,2024-07-09 01:00:00,4421.436
2024-07-09,02:00-03:00,2024,7,9,2,0,3,2,0,1,37211,34642.658,381.928406,378.264557,2024-07-09 02:00:00,4231.465
2024-07-09,03:00-04:00,2024,7,9,2,0,3,3,0,1,36024,34418.011,379.021729,375.583191,2024-07-09 03:00:00,4030.615
2024-07-09,04:00-05:00,2024,7,9,2,0,3,4,0,1,35363,34286.221,376.395081,377.322357,2024-07-09 04:00:00,3794.881
2024-07-09,05:00-06:00,2024,7,9,2,0,3,5,0,1,35001,34181.628,375.851929,375.027588,2024-07-09 05:00:00,3814.702
2024-07-09,06:00-07:00,2024,7,9,2,0,3,6,0,1,35600,34362.753,363.751953,364.620697,2024-07-09 06:00:00,5268.597
2024-07-09,07:00-08:00,2024,7,9,2,0,3,7,0,0,38039,32589.029,325.077301,364.700775,2024-07-09 07:00:00,7664.307
2024-07-09,08:00-09:00,2024,7,9,2,0,3,8,1,0,41866,34188.386,362.691956,362.518463,2024-07-09 08:00:00,10191.677
2024-07-09,09:00-10:00,2024,7,9,2,0,3,9,1,0,44089,34247.253,348.103119,362.993713,2024-07-09 09:00:00,12225.247
2024-07-09,10:00-11:00,2024,7,9,2,0,3,10,1,0,45765,34733.188,368.604645,372.774292,2024-07-09 10:00:00,13409.294
2024-07-09,11:00-12:00,2024,7,9,2,0,3,11,1,0,45525,34548.043,366.577606,375.56488,2024-07-09 11:00:00,13838.379
2024-07-09,12:00-13:00,2024,7,9,2,0,3,12,1,0,47021,35967.196,371.58844,371.722473,2024-07-09 12:00:00,13392.252
2024-07-09,13:00-14:00,2024,7,9,2,0,3,13,1,0,46553,36044.566,377.064697,376.658997,2024-07-09 13:00:00,12234.438
2024-07-09,14:00-15:00,2024,7,9,2,0,3,14,1,0,45940,37853.875,376.234497,376.463776,2024-07-09 14:00:00,10336.955
2024-07-09,15:00-16:00,2024,7,9,2,0,3,15,1,0,45382,38742.313,376.641602,374.582672,2024-07-09 15:00:00,8133.831
2024-07-09,16:00-17:00,2024,7,9,2,0,3,16,1,0,44674,38024.258,375.291565,374.59613,2024-07-09 16:00:00,5684.642
2024-07-09,17:00-18:00,2024,7,9,2,0,3,17,1,0,42402,37963.611,367.328522,365.686798,2024-07-09 17:00:00,3400.53
2024-07-09,18:00-19:00,2024,7,9,2,0,3,18,1,0,41596,36702.753,369.373322,361.302948,2024-07-09 18:00:00,1988.561
2024-07-09,19:00-20:00,2024,7,9,2,0,3,19,1,0,43680,37129.369,374.467865,390.654419,2024-07-09 19:00:00,1834.645
2024-07-09,20:00-21:00,2024,7,9,2,0,3,20,1,0,44960,37604.867,381.553589,400.64975,2024-07-09 20:00:00,1826.296
2024-07-09,21:00-22:00,2024,7,9,2,0,3,21,0,0,43501,36017.856,376.439423,384.565491,2024-07-09 21:00:00,1775.708
2024-07-09,22:00-23:00,2024,7,9,2,0,3,22,0,1,41207,35197.858,370.960022,363.6745,2024-07-09 22:00:00,1723.074
2024-07-09,23:00-24:00,2024,7,9,2,0,3,23,0,1,39513,34789.925,379.489441,258.752655,2024-07-09 23:00:00,1626.648
2024-07-10,00:00-01:00,2024,7,10,3,0,3,0,0,1,36397,35994.95,402.038086,367.384094,2024-07-10 00:00:00,1742.831
2024-07-10,01:00-02:00,2024,7,10,3,0,3,1,0,1,34682,35500.815,385.047058,345.155273,2024-07-10 01:00:00,1717.872
2024-07-10,02:00-03:00,2024,7,10,3,0,3,2,0,1,33349,35383.434,372.333984,344.753479,2024-07-10 02:00:00,1723.648
2024-07-10,03:00-04:00,2024,7,10,3,0,3,3,0,1,32364,34781.145,373.108368,342.223511,2024-07-10 03:00:00,1701.085
2024-07-10,04:00-05:00,2024,7,10,3,0,3,4,0,1,32000,34047.233,371.995575,343.235168,2024-07-10 04:00:00,1669.635
2024-07-10,05:00-06:00,2024,7,10,3,0,3,5,0,1,32136,33365.631,371.399567,363.658386,2024-07-10 05:00:00,1801.139
2024-07-10,06:00-07:00,2024,7,10,3,0,3,6,0,1,32681,32855.152,364.173889,327.433563,2024-07-10 06:00:00,2936.875
2024-07-10,07:00-08:00,2024,7,10,3,0,3,7,0,0,34184,33191.217,362.943665,366.434753,2024-07-10 07:00:00,4654.939
2024-07-10,08:00-09:00,2024,7,10,3,0,3,8,1,0,36601,35555.077,360.299683,384.40744,2024-07-10 08:00:00,6502.185
2024-07-10,09:00-10:00,2024,7,10,3,0,3,9,1,0,37987,36310.291,363.627197,363.41983,2024-07-10 09:00:00,8123.644
2024-07-10,10:00-11:00,2024,7,10,3,0,3,10,1,0,39106,37187.382,362.622955,373.935516,2024-07-10 10:00:00,9274.51
2024-07-10,11:00-12:00,2024,7,10,3,0,3,11,1,0,38330,36098.943,349.158569,364.360168,2024-07-10 11:00:00,9814.247
2024-07-10,12:00-13:00,2024,7,10,3,0,3,12,1,0,39134,36862.18,349.645569,366.536682,2024-07-10 12:00:00,9748.765
2024-07-10,13:00-14:00,2024,7,10,3,0,3,13,1,0,38777,37101.995,343.739014,368.675171,2024-07-10 13:00:00,8942.918
2024-07-10,14:00-15:00,2024,7,10,3,0,3,14,1,0,38543,37426.054,343.840424,332.910583,2024-07-10 14:00:00,7549.483
2024-07-10,15:00-16:00,2024,7,10,3,0,3,15,1,0,38623,38055.198,354.958588,332.76416,2024-07-10 15:00:00,5903.876
2024-07-10,16:00-17:00,2024,7,10,3,0,3,16,1,0,38454,37587.463,358.891754,339.49173,2024-07-10 16:00:00,4053.97
2024-07-10,17:00-18:00,2024,7,10,3,0,3,17,1,0,36701,36816.639,367.054321,296.514862,2024-07-10 17:00:00,2268.067
2024-07-10,18:00-19:00,2024,7,10,3,0,3,18,1,0,36093,36473.147,367.422485,345.541901,2024-07-10 18:00:00,1068.909
2024-07-10,19:00-20:00,2024,7,10,3,0,3,19,1,0,36870,37038.705,362.081329,329.427765,2024-07-10 19:00:00,931.906
2024-07-10,20:00-21:00,2024,7,10,3,0,3,20,1,0,37273,37993.206,355.887848,230.478806,2024-07-10 20:00:00,975.907
2024-07-10,21:00-22:00,2024,7,10,3,0,3,21,0,0,35873,37625.916,338.277466,250.30394,2024-07-10 21:00:00,1040.541
2024-07-10,22:00-23:00,2024,7,10,3,0,3,22,0,1,34335,35866.374,338.03537,234.894958,2024-07-10 22:00:00,1124.61
2024-07-10,23:00-24:00,2024,7,10,3,0,3,23,0,1,32764,34775.961,320.49411,65.082504,2024-07-10 23:00:00,1195.818
2024-07-11,00:00-01:00,2024,7,11,4,0,3,0,0,1,34186,35210.51,67.909386,42.253956,2024-07-11 00:00:00,1341.104
2024-07-11,01:00-02:00,2024,7,11,4,0,3,1,0,1,32640,34391.593,67.569687,31.75252,2024-07-11 01:00:00,1418.768
2024-07-11,02:00-03:00,2024,7,11,4,0,3,2,0,1,31515,33813.64,61.775585,27.908394,2024-07-11 02:00:00,1462.874
2024-07-11,03:00-04:00,2024,7,11,4,0,3,3,0,1,30809,33357.11,60.866917,28.622223,2024-07-11 03:00:00,1499.089
2024-07-11,04:00-05:00,2024,7,11,4,0,3,4,0,1,30685,32423.116,68.33902,28.564774,2024-07-11 04:00:00,1521.738
2024-07-11,05:00-06:00,2024,7,11,4,0,3,5,0,1,31351,32709.66,63.721302,29.144299,2024-07-11 05:00:00,1695.14
2024-07-11,06:00-07:00,2024,7,11,4,0,3,6,0,1,32391,32444.865,60.482285,13.709319,2024-07-11 06:00:00,2993.608
2024-07-11,07:00-08:00,2024,7,11,4,0,3,7,0,0,34710,32786.994,31.478016,8.89242,2024-07-11 07:00:00,5081.067
2024-07-11,08:00-09:00,2024,7,11,4,0,3,8,1,0,37992,35231.836,30.167501,28.281097,2024-07-11 08:00:00,7358.145
2024-07-11,09:00-10:00,2024,7,11,4,0,3,9,1,0,40021,35845.185,30.278166,13.518241,2024-07-11 09:00:00,9390.5
2024-07-11,10:00-11:00,2024,7,11,4,0,3,10,1,0,41606,37226.08,40.367203,19.158171,2024-07-11 10:00:00,10712.012
2024-07-11,11:00-12:00,2024,7,11,4,0,3,11,1,0,41358,36863.112,58.033978,27.058025,2024-07-11 11:00:00,11328.945
2024-07-11,12:00-13:00,2024,7,11,4,0,3,12,1,0,42353,37332.696,43.487091,26.823387,2024-07-11 12:00:00,11233.634
2024-07-11,13:00-14:00,2024,7,11,4,0,3,13,1,0,42081,37406.589,41.789631,20.899496,2024-07-11 13:00:00,10225.927
2024-07-11,14:00-15:00,2024,7,11,4,0,3,14,1,0,42054,37482.136,45.585503,21.03063,2024-07-11 14:00:00,8563.581
2024-07-11,15:00-16:00,2024,7,11,4,0,3,15,1,0,42153,37975.213,51.302834,39.081226,2024-07-11 15:00:00,6559.782
2024-07-11,16:00-17:00,2024,7,11,4,0,3,16,1,0,41888,38066.036,75.02459,30.750006,2024-07-11 16:00:00,4399.963
2024-07-11,17:00-18:00,2024,7,11,4,0,3,17,1,0,39857,37909.023,51.45731,36.519333,2024-07-11 17:00:00,2459.452
2024-07-11,18:00-19:00,2024,7,11,4,0,3,18,1,0,39125,37686.75,92.546257,27.415922,2024-07-11 18:00:00,1239.899
2024-07-11,19:00-20:00,2024,7,11,4,0,3,19,1,0,40604,37639.49,187.882324,48.524857,2024-07-11 19:00:00,1124.434
2024-07-11,20:00-21:00,2024,7,11,4,0,3,20,1,0,40905,37080.22,225.640274,70.798294,2024-07-11 20:00:00,1220.116
2024-07-11,21:00-22:00,2024,7,11,4,0,3,21,0,0,39170,36228.53,231.490646,56.216377,2024-07-11 21:00:00,1302.579
2024-07-11,22:00-23:00,2024,7,11,4,0,3,22,0,1,37351,36055.22,126.50592,44.928524,2024-07-11 22:00:00,1345.357
2024-07-11,23:00-24:00,2024,7,11,4,0,3,23,0,1,35766,35220.32,87.881294,10.765343,2024-07-11 23:00:00,1354.089
2024-07-12,00:00-01:00,2024,7,12,5,0,3,0,0,1,34453,35032.63,94.686615,44.159428,2024-07-12 00:00:00,1060.699
2024-07-12,01:00-02:00,2024,7,12,5,0,3,1,0,1,32986,34913.26,38.914597,50.401543,2024-07-12 01:00:00,1096.793
2024-07-12,02:00-03:00,2024,7,12,5,0,3,2,0,1,31819,34410.94,41.856743,50.589161,2024-07-12 02:00:00,1105.392
2024-07-12,03:00-04:00,2024,7,12,5,0,3,3,0,1,30967,33915.07,28.815594,48.016884,2024-07-12 03:00:00,1117.546
2024-07-12,04:00-05:00,2024,7,12,5,0,3,4,0,1,30600,32760.368,81.54731,46.722649,2024-07-12 04:00:00,1109.739
2024-07-12,05:00-06:00,2024,7,12,5,0,3,5,0,1,31137,33187.902,85.201385,46.64724,2024-07-12 05:00:00,1240.969
2024-07-12,06:00-07:00,2024,7,12,5,0,3,6,0,1,32223,33101.774,76.728889,18.30464,2024-07-12 06:00:00,2330.93
2024-07-12,07:00-08:00,2024,7,12,5,0,3,7,0,0,34450,33895.868,14.552736,14.282937,2024-07-12 07:00:00,4055.273
2024-07-12,08:00-09:00,2024,7,12,5,0,3,8,1,0,37488,35441.811,48.91539,19.308809,2024-07-12 08:00:00,5887.865
2024-07-12,09:00-10:00,2024,7,12,5,0,3,9,1,0,38788,36702.89,51.003792,46.337402,2024-07-12 09:00:00,7623.504
2024-07-12,10:00-11:00,2024,7,12,5,0,3,10,1,0,39889,37295.256,41.925465,33.903412,2024-07-12 10:00:00,9337.757
2024-07-12,11:00-12:00,2024,7,12,5,0,3,11,1,0,39262,36847.912,40.129856,13.474501,2024-07-12 11:00:00,10599.743
2024-07-12,12:00-13:00,2024,7,12,5,0,3,12,1,0,39601,37062.464,73.875328,41.377872,2024-07-12 12:00:00,10959.701
2024-07-12,13:00-14:00,2024,7,12,5,0,3,13,1,0,39875,37546.874,36.501865,90.257286,2024-07-12 13:00:00,10518.201
2024-07-12,14:00-15:00,2024,7,12,5,0,3,14,1,0,39673,37979.062,31.056564,65.462143,2024-07-12 14:00:00,9383.737
2024-07-12,15:00-16:00,2024,7,12,5,0,3,15,1,0,39712,38316.031,31.594667,65.610626,2024-07-12 15:00:00,7585.981
2024-07-12,16:00-17:00,2024,7,12,5,0,3,16,1,0,39506,38372.05,118.199783,90.908318,2024-07-12 16:00:00,5198.815
2024-07-12,17:00-18:00,2024,7,12,5,0,3,17,1,0,38392,38073.754,73.319679,110.353806,2024-07-12 17:00:00,2676.92
2024-07-12,18:00-19:00,2024,7,12,5,0,3,18,1,0,37540,37129.11,124.42482,132.193146,2024-07-12 18:00:00,948.704
2024-07-12,19:00-20:00,2024,7,12,5,0,3,19,1,0,38691,36823.184,108.524437,156.913147,2024-07-12 19:00:00,803.214
2024-07-12,20:00-21:00,2024,7,12,5,0,3,20,1,0,38934,35642.499,64.812485,126.414368,2024-07-12 20:00:00,925.858
2024-07-12,21:00-22:00,2024,7,12,5,0,3,21,0,0,37907,34788.75,177.756195,148.148926,2024-07-12 21:00:00,997.054
2024-07-12,22:00-23:00,2024,7,12,5,0,3,22,0,1,36506,34989.732,27.315073,33.832817,2024-07-12 22:00:00,1048.533
2024-07-12,23:00-24:00,2024,7,12,5,0,3,23,0,1,35038,35393.59,26.022038,23.96105,2024-07-12 23:00:00,1069.151
2024-07-13,00:00-01:00,2024,7,13,6,1,3,0,0,1,33914,35435.983,45.759216,37.159103,2024-07-13 00:00:00,955.053
2024-07-13,01:00-02:00,2024,7,13,6,1,3,1,0,1,32409,35335.239,46.021988,35.301868,2024-07-13 01:00:00,991.443
2024-07-13,02:00-03:00,2024,7,13,6,1,3,2,0,1,31264,35223.479,32.315636,19.907242,2024-07-13 02:00:00,1004.668
2024-07-13,03:00-04:00,2024,7,13,6,1,3,3,0,1,30470,34981.183,24.325205,25.323824,2024-07-13 03:00:00,1027.8
2024-07-13,04:00-05:00,2024,7,13,6,1,3,4,0,1,30200,34373.74,39.029926,39.99332,2024-07-13 04:00:00,1048.168
2024-07-13,05:00-06:00,2024,7,13,6,1,3,5,0,1,30651,34028.6,98.098289,42.747295,2024-07-13 05:00:00,1220.779
2024-07-13,06:00-07:00,2024,7,13,6,1,3,6,0,1,31248,33584.016,31.546333,17.025364,2024-07-13 06:00:00,2303.961
2024-07-13,07:00-08:00,2024,7,13,6,1,3,7,0,0,32924,34206.096,25.376535,16.927019,2024-07-13 07:00:00,3919.358
2024-07-13,08:00-09:00,2024,7,13,6,1,3,8,1,0,35429,35630.858,34.140526,28.4042,2024-07-13 08:00:00,5542.922
2024-07-13,09:00-10:00,2024,7,13,6,1,3,9,1,0,37147,36681.453,39.998306,33.352882,2024-07-13 09:00:00,6960.754
2024-07-13,10:00-11:00,2024,7,13,6,1,3,10,1,0,38656,37270.335,55.570076,68.144867,2024-07-13 10:00:00,8335.201
2024-07-13,11:00-12:00,2024,7,13,6,1,3,11,1,0,38342,36914.981,61.738503,58.224186,2024-07-13 11:00:00,9227.33
2024-07-13,12:00-13:00,2024,7,13,6,1,3,12,1,0,39638,36845.807,122.367439,60.407738,2024-07-13 12:00:00,9392.99
2024-07-13,13:00-14:00,2024,7,13,6,1,3,13,1,0,39548,37470.784,124.684006,9.218472,2024-07-13 13:00:00,8835.803
2024-07-13,14:00-15:00,2024,7,13,6,1,3,14,1,0,39461,38265.14,84.878235,19.096767,2024-07-13 14:00:00,7755.527
2024-07-13,15:00-16:00,2024,7,13,6,1,3,15,1,0,39467,38618.117,69.166519,23.586485,2024-07-13 15:00:00,6271.475
2024-07-13,16:00-17:00,2024,7,13,6,1,3,16,1,0,39352,38407.066,93.283272,6.774209,2024-07-13 16:00:00,4320.38
2024-07-13,17:00-18:00,2024,7,13,6,1,3,17,1,0,37820,38146.431,93.971115,33.992924,2024-07-13 17:00:00,2451.145
2024-07-13,18:00-19:00,2024,7,13,6,1,3,18,1,0,36981,37636.31,111.781219,35.947971,2024-07-13 18:00:00,1277.518
2024-07-13,19:00-20:00,2024,7,13,6,1,3,19,1,0,38459,37980.038,127.361275,23.631672,2024-07-13 19:00:00,1254.209
2024-07-13,20:00-21:00,2024,7,13,6,1,3,20,1,0,39266,37424.514,120.929237,24.084696,2024-07-13 20:00:00,1430.096
2024-07-13,21:00-22:00,2024,7,13,6,1,3,21,0,0,37636,36622.439,156.207626,11.536361,2024-07-13 21:00:00,1564.187
2024-07-13,22:00-23:00,2024,7,13,6,1,3,22,0,1,35774,36379.458,48.172356,14.531076,2024-07-13 22:00:00,1678.62
2024-07-13,23:00-24:00,2024,7,13,6,1,3,23,0,1,34071,35814.002,27.41041,54.863605,2024-07-13 23:00:00,1721.418
2024-07-14,00:00-01:00,2024,7,14,7,1,3,0,0,1,34448,35510.582,27.855459,18.118702,2024-07-14 00:00:00,1606.19
2024-07-14,01:00-02:00,2024,7,14,7,1,3,1,0,1,32999,35101.273,21.111624,18.159115,2024-07-14 01:00:00,1666.024
2024-07-14,02:00-03:00,2024,7,14,7,1,3,2,0,1,31947,34858.116,32.03915,61.754288,2024-07-14 02:00:00,1741.253
2024-07-14,03:00-04:00,2024,7,14,7,1,3,3,0,1,31137,34419.134,36.973106,66.648682,2024-07-14 03:00:00,1841.469
2024-07-14,04:00-05:00,2024,7,14,7,1,3,4,0,1,30800,33100.578,22.990906,18.906107,2024-07-14 04:00:00,1928.099
2024-07-14,05:00-06:00,2024,7,14,7,1,3,5,0,1,31218,33162.216,81.886894,46.894646,2024-07-14 05:00:00,2130.162
2024-07-14,06:00-07:00,2024,7,14,7,1,3,6,0,1,31761,33180.282,26.156906,12.716002,2024-07-14 06:00:00,3154.496
2024-07-14,07:00-08:00,2024,7,14,7,1,3,7,0,0,33275,33756.81,21.521347,11.810104,2024-07-14 07:00:00,4723.02
2024-07-14,08:00-09:00,2024,7,14,7,1,3,8,1,0,35530,35478.261,31.111286,16.470011,2024-07-14 08:00:00,6380.963
2024-07-14,09:00-10:00,2024,7,14,7,1,3,9,1,0,37297,36460.765,31.373205,19.973488,2024-07-14 09:00:00,7830.475
2024-07-14,10:00-11:00,2024,7,14,7,1,3,10,1,0,38998,37528.523,45.695984,10.41221,2024-07-14 10:00:00,9152.756
2024-07-14,11:00-12:00,2024,7,14,7,1,3,11,1,0,38828,37185.239,85.179932,10.467599,2024-07-14 11:00:00,10006.079
2024-07-14,12:00-13:00,2024,7,14,7,1,3,12,1,0,40265,37777.626,120.777931,48.711872,2024-07-14 12:00:00,10085.792
2024-07-14,13:00-14:00,2024,7,14,7,1,3,13,1,0,40459,37988.107,111.763809,10.547173,2024-07-14 13:00:00,9489.556
2024-07-14,14:00-15:00,2024,7,14,7,1,3,14,1,0,40550,38238.128,83.466293,11.037768,2024-07-14 14:00:00,8412.519
2024-07-14,15:00-16:00,2024,7,14,7,1,3,15,1,0,40610,38759.257,60.426208,12.169517,2024-07-14 15:00:00,7003.246
2024-07-14,16:00-17:00,2024,7,14,7,1,3,16,1,0,40647,38732.927,110.814323,69.24028,2024-07-14 16:00:00,5177.097
2024-07-14,17:00-18:00,2024,7,14,7,1,3,17,1,0,39371,38297.082,66.249039,146.612518,2024-07-14 17:00:00,3353.828
2024-07-14,18:00-19:00,2024,7,14,7,1,3,18,1,0,38624,37743.086,73.494499,136.638123,2024-07-14 18:00:00,2202.271
2024-07-14,19:00-20:00,2024,7,14,7,1,3,19,1,0,40177,38097.462,107.932991,127.668716,2024-07-14 19:00:00,2190.282
2024-07-14,20:00-21:00,2024,7,14,7,1,3,20,1,0,41800,38163.906,136.719193,34.185753,2024-07-14 20:00:00,2322.662
2024-07-14,21:00-22:00,2024,7,14,7,1,3,21,0,0,40398,37070.573,83.786148,74.18615,2024-07-14 21:00:00,2410.228
2024-07-14,22:00-23:00,2024,7,14,7,1,3,22,0,1,38614,36306.162,37.325851,118.479012,2024-07-14 22:00:00,2517.012
2024-07-14,23:00-24:00,2024,7,14,7,1,3,23,0,1,36548,35558.768,30.265444,87.951782,2024-07-14 23:00:00,2639.378
2024-07-15,00:00-01:00,2024,7,15,1,0,3,0,0,1,34962,35306.651,25.551605,111.048637,2024-07-15 00:00:00,2399.251
2024-07-15,01:00-02:00,2024,7,15,1,0,3,1,0,1,33507,34903.327,34.250404,105.717484,2024-07-15 01:00:00,2506.844
2024-07-15,02:00-03:00,2024,7,15,1,0,3,2,0,1,32303,34595.688,46.688282,98.431046,2024-07-15 02:00:00,2622.105
2024-07-15,03:00-04:00,2024,7,15,1,0,3,3,0,1,31785,34166.278,35.918587,69.380867,2024-07-15 03:00:00,2743.701
2024-07-15,04:00-05:00,2024,7,15,1,0,3,4,0,1,31500,32881.016,33.464573,66.457237,2024-07-15 04:00:00,2908.973
2024-07-15,05:00-06:00,2024,7,15,1,0,3,5,0,1,31817,32830.625,19.952219,69.50457,2024-07-15 05:00:00,3231.99
2024-07-15,06:00-07:00,2024,7,15,1,0,3,6,0,1,33188,33228.104,21.759027,88.129364,2024-07-15 06:00:00,4612.148
2024-07-15,07:00-08:00,2024,7,15,1,0,3,7,0,0,36013,34190.009,67.555641,53.961391,2024-07-15 07:00:00,6659.432
2024-07-15,08:00-09:00,2024,7,15,1,0,3,8,1,0,39704,36060.41,83.615417,16.343224,2024-07-15 08:00:00,8695.05
2024-07-15,09:00-10:00,2024,7,15,1,0,3,9,1,0,42013,37478.239,104.310043,19.964964,2024-07-15 09:00:00,10521.312
2024-07-15,10:00-11:00,2024,7,15,1,0,3,10,1,0,43938,38180.834,123.505203,9.03861,2024-07-15 10:00:00,12116.528
2024-07-15,11:00-12:00,2024,7,15,1,0,3,11,1,0,43960,38374.97,98.721611,3.606391,2024-07-15 11:00:00,13123.889
2024-07-15,12:00-13:00,2024,7,15,1,0,3,12,1,0,45524,38862.018,118.645821,16.834497,2024-07-15 12:00:00,13258.152
2024-07-15,13:00-14:00,2024,7,15,1,0,3,13,1,0,45500,38833.522,127.242241,37.738194,2024-07-15 13:00:00,12550.28
2024-07-15,14:00-15:00,2024,7,15,1,0,3,14,1,0,45401,38979.77,75.292938,14.594239,2024-07-15 14:00:00,11164.936
2024-07-15,15:00-16:00,2024,7,15,1,0,3,15,1,0,45487,39411.182,70.976051,14.662834,2024-07-15 15:00:00,9321.618
2024-07-15,16:00-17:00,2024,7,15,1,0,3,16,1,0,45173,39257.623,128.379456,42.667736,2024-07-15 16:00:00,7049.754
2024-07-15,17:00-18:00,2024,7,15,1,0,3,17,1,0,43118,38763.923,106.150719,83.594696,2024-07-15 17:00:00,4855.649
2024-07-15,18:00-19:00,2024,7,15,1,0,3,18,1,0,42276,38189.52,108.78598,38.711784,2024-07-15 18:00:00,3450.907
2024-07-15,19:00-20:00,2024,7,15,1,0,3,19,1,0,44364,38459.448,133.304611,63.528126,2024-07-15 19:00:00,3470.95
2024-07-15,20:00-21:00,2024,7,15,1,0,3,20,1,0,46300,38081.422,155.015137,53.89521,2024-07-15 20:00:00,3655.23
2024-07-15,21:00-22:00,2024,7,15,1,0,3,21,0,0,45065,36529.728,198.845001,35.561417,2024-07-15 21:00:00,3818.31
2024-07-15,22:00-23:00,2024,7,15,1,0,3,22,0,1,42479,36578.366,50.681755,20.600113,2024-07-15 22:00:00,3960.79
2024-07-15,23:00-24:00,2024,7,15,1,0,3,23,0,1,39972,35327.337,41.414879,29.875118,2024-07-15 23:00:00,4081.874
2024-07-16,00:00-01:00,2024,7,16,2,0,3,0,0,1,37011,35770.188,22.423088,23.935457,2024-07-16 00:00:00,4167.373
2024-07-16,01:00-02:00,2024,7,16,2,0,3,1,0,1,35207,35389.661,21.918465,20.682428,2024-07-16 01:00:00,4199.714
2024-07-16,02:00-03:00,2024,7,16,2,0,3,2,0,1,33974,35260.14,30.898121,22.421633,2024-07-16 02:00:00,4288.079
2024-07-16,03:00-04:00,2024,7,16,2,0,3,3,0,1,33101,34944.831,29.898872,17.450846,2024-07-16 03:00:00,4397.284
2024-07-16,04:00-05:00,2024,7,16,2,0,3,4,0,1,32800,34145.443,21.89883,17.109051,2024-07-16 04:00:00,4456.146
2024-07-16,05:00-06:00,2024,7,16,2,0,3,5,0,1,33021,33605.945,20.7075,17.76222,2024-07-16 05:00:00,4692.053
2024-07-16,06:00-07:00,2024,7,16,2,0,3,6,0,1,33689,33044.712,20.457788,12.502378,2024-07-16 06:00:00,6154.889
2024-07-16,07:00-08:00,2024,7,16,2,0,3,7,0,0,36106,33676.839,26.934477,10.369277,2024-07-16 07:00:00,8617.036
2024-07-16,08:00-09:00,2024,7,16,2,0,3,8,1,0,39798,36112.887,23.211218,6.704688,2024-07-16 08:00:00,11147.701
2024-07-16,09:00-10:00,2024,7,16,2,0,3,9,1,0,41995,37453.081,50.840191,11.316001,2024-07-16 09:00:00,13461.342
2024-07-16,10:00-11:00,2024,7,16,2,0,3,10,1,0,43870,38380.817,61.986649,25.396484,2024-07-16 10:00:00,15457.155
2024-07-16,11:00-12:00,2024,7,16,2,0,3,11,1,0,43764,38059.573,70.977783,75.198204,2024-07-16 11:00:00,16635.081
2024-07-16,12:00-13:00,2024,7,16,2,0,3,12,1,0,45579,37893.273,79.987106,97.6679,2024-07-16 12:00:00,16720.686
2024-07-16,13:00-14:00,2024,7,16,2,0,3,13,1,0,45478,38259.141,76.88327,126.794128,2024-07-16 13:00:00,15838.48
2024-07-16,14:00-15:00,2024,7,16,2,0,3,14,1,0,45170,38813.332,77.471405,66.123283,2024-07-16 14:00:00,14043.767
2024-07-16,15:00-16:00,2024,7,16,2,0,3,15,1,0,44804,39597.169,76.614624,69.367363,2024-07-16 15:00:00,11477.188
2024-07-16,16:00-17:00,2024,7,16,2,0,3,16,1,0,44241,39153.949,111.962181,99.667664,2024-07-16 16:00:00,8308.073
2024-07-16,17:00-18:00,2024,7,16,2,0,3,17,1,0,42085,38719.008,109.713097,169.194061,2024-07-16 17:00:00,5428.346
2024-07-16,18:00-19:00,2024,7,16,2,0,3,18,1,0,41207,38093.066,115.77607,169.430496,2024-07-16 18:00:00,3581.914
2024-07-16,19:00-20:00,2024,7,16,2,0,3,19,1,0,43476,38488.734,137.643677,231.446564,2024-07-16 19:00:00,3616.417
2024-07-16,20:00-21:00,2024,7,16,2,0,3,20,1,0,45489,38476.202,230.328217,177.388397,2024-07-16 20:00:00,3931.968
2024-07-16,21:00-22:00,2024,7,16,2,0,3,21,0,0,44135,37443.189,227.603912,81.552719,2024-07-16 21:00:00,4183.505
2024-07-16,22:00-23:00,2024,7,16,2,0,3,22,0,1,41748,36777.545,121.071381,28.963072,2024-07-16 22:00:00,4414.412
2024-07-16,23:00-24:00,2024,7,16,2,0,3,23,0,1,39270,35916.341,32.347355,11.398956,2024-07-16 23:00:00,4622.65
2024-07-17,00:00-01:00,2024,7,17,3,0,3,0,0,1,36867,36092.595,33.941277,20.277779,2024-07-17 00:00:00,5159.48
2024-07-17,01:00-02:00,2024,7,17,3,0,3,1,0,1,35274,35313.86,46.369549,19.031902,2024-07-17 01:00:00,5223.907
2024-07-17,02:00-03:00,2024,7,17,3,0,3,2,0,1,34155,34954.416,34.036201,24.133177,2024-07-17 02:00:00,5299.181
2024-07-17,03:00-04:00,2024,7,17,3,0,3,3,0,1,33224,33574.123,98.323746,13.947218,2024-07-17 03:00:00,5332.603
2024-07-17,04:00-05:00,2024,7,17,3,0,3,4,0,1,33001,33400.928,24.115273,32.808983,2024-07-17 04:00:00,5321.594
2024-07-17,05:00-06:00,2024,7,17,3,0,3,5,0,1,33077,33318.052,19.979849,32.224552,2024-07-17 05:00:00,5500.181
2024-07-17,06:00-07:00,2024,7,17,3,0,3,6,0,1,34111,33371.521,14.690676,9.401412,2024-07-17 06:00:00,7346.773
2024-07-17,07:00-08:00,2024,7,17,3,0,3,7,0,0,37125,35451.449,22.030773,8.724562,2024-07-17 07:00:00,10374.569
2024-07-17,08:00-09:00,2024,7,17,3,0,3,8,1,0,41139,37593.486,57.716034,8.916234,2024-07-17 08:00:00,13579.265
2024-07-17,09:00-10:00,2024,7,17,3,0,3,9,1,0,43498,39593.362,62.353188,8.762012,2024-07-17 09:00:00,16277.207
2024-07-17,10:00-11:00,2024,7,17,3,0,3,10,1,0,45265,39986.162,88.333305,12.845302,2024-07-17 10:00:00,18152.406
2024-07-17,11:00-12:00,2024,7,17,3,0,3,11,1,0,44837,39976.877,90.159134,18.445057,2024-07-17 11:00:00,19059.883
2024-07-17,12:00-13:00,2024,7,17,3,0,3,12,1,0,46819,40707.608,102.660034,19.092047,2024-07-17 12:00:00,18972.93
2024-07-17,13:00-14:00,2024,7,17,3,0,3,13,1,0,46440,40885.549,107.163445,21.273085,2024-07-17 13:00:00,17882.182
2024-07-17,14:00-15:00,2024,7,17,3,0,3,14,1,0,45971,40605.798,92.834534,30.420481,2024-07-17 14:00:00,15736.229
2024-07-17,15:00-16:00,2024,7,17,3,0,3,15,1,0,45556,39901.589,109.915253,32.814659,2024-07-17 15:00:00,12668.543
2024-07-17,16:00-17:00,2024,7,17,3,0,3,16,1,0,44851,38744.377,110.004669,44.598907,2024-07-17 16:00:00,8741.958
2024-07-17,17:00-18:00,2024,7,17,3,0,3,17,1,0,42678,38404.802,133.772141,121.209862,2024-07-17 17:00:00,5296.029
2024-07-17,18:00-19:00,2024,7,17,3,0,3,18,1,0,41841,37822.622,116.089043,38.876446,2024-07-17 18:00:00,3236.052
2024-07-17,19:00-20:00,2024,7,17,3,0,3,19,1,0,43787,37751.281,148.474396,101.796371,2024-07-17 19:00:00,3113.966
2024-07-17,20:00-21:00,2024,7,17,3,0,3,20,1,0,45272,38911.618,238.651932,118.521286,2024-07-17 20:00:00,3376.763
2024-07-17,21:00-22:00,2024,7,17,3,0,3,21,0,0,43861,38731.148,119.027283,46.021076,2024-07-17 21:00:00,3605.803
2024-07-17,22:00-23:00,2024,7,17,3,0,3,22,0,1,41557,36849.018,65.176781,9.345508,2024-07-17 22:00:00,3781.494
2024-07-17,23:00-24:00,2024,7,17,3,0,3,23,0,1,39685,36384.438,49.21056,7.621721,2024-07-17 23:00:00,3885.757
2024-07-18,00:00-01:00,2024,7,18,4,0,3,0,0,1,39272,36190.524,69.000893,31.599445,2024-07-18 00:00:00,4632.856
2024-07-18,01:00-02:00,2024,7,18,4,0,3,1,0,1,37351,35543.301,55.013432,29.590191,2024-07-18 01:00:00,4570.873
2024-07-18,02:00-03:00,2024,7,18,4,0,3,2,0,1,35856,35227.66,23.892675,10.16622,2024-07-18 02:00:00,4506.265
2024-07-18,03:00-04:00,2024,7,18,4,0,3,3,0,1,34616,34322.331,17.187136,8.790002,2024-07-18 03:00:00,4424.422
2024-07-18,04:00-05:00,2024,7,18,4,0,3,4,0,1,34034,32933.316,41.357929,7.815156,2024-07-18 04:00:00,4251.066
2024-07-18,05:00-06:00,2024,7,18,4,0,3,5,0,1,34157,33228.738,20.960651,25.06489,2024-07-18 05:00:00,4245.243
2024-07-18,06:00-07:00,2024,7,18,4,0,3,6,0,1,34620,33107.172,15.869518,8.107038,2024-07-18 06:00:00,5699.191
2024-07-18,07:00-08:00,2024,7,18,4,0,3,7,0,0,37227,34417.759,6.024909,8.474697,2024-07-18 07:00:00,8260.962
2024-07-18,08:00-09:00,2024,7,18,4,0,3,8,1,0,40772,37244.714,39.338184,3.457476,2024-07-18 08:00:00,11111.432
2024-07-18,09:00-10:00,2024,7,18,4,0,3,9,1,0,43085,37705.336,67.459221,4.014255,2024-07-18 09:00:00,13462.233
2024-07-18,10:00-11:00,2024,7,18,4,0,3,10,1,0,45166,38438.785,65.157356,14.555598,2024-07-18 10:00:00,15168.754
2024-07-18,11:00-12:00,2024,7,18,4,0,3,11,1,0,44750,37838.363,79.007736,14.261491,2024-07-18 11:00:00,16046.435
2024-07-18,12:00-13:00,2024,7,18,4,0,3,12,1,0,46788,38708.937,112.602684,38.713081,2024-07-18 12:00:00,16035.286
2024-07-18,13:00-14:00,2024,7,18,4,0,3,13,1,0,46504,39057.209,110.72847,36.629623,2024-07-18 13:00:00,15130.581
2024-07-18,14:00-15:00,2024,7,18,4,0,3,14,1,0,45999,39426.401,109.028229,29.722742,2024-07-18 14:00:00,13383.852
2024-07-18,15:00-16:00,2024,7,18,4,0,3,15,1,0,45686,39398.047,110.633629,30.451052,2024-07-18 15:00:00,10770.474
2024-07-18,16:00-17:00,2024,7,18,4,0,3,16,1,0,45180,38830.637,140.88559,53.626526,2024-07-18 16:00:00,7541.984
2024-07-18,17:00-18:00,2024,7,18,4,0,3,17,1,0,43356,37985.671,138.898483,88.40255,2024-07-18 17:00:00,4726.409
2024-07-18,18:00-19:00,2024,7,18,4,0,3,18,1,0,42622,37790.705,119.442101,49.438286,2024-07-18 18:00:00,3114.472
2024-07-18,19:00-20:00,2024,7,18,4,0,3,19,1,0,44848,38309.644,173.551331,70.873932,2024-07-18 19:00:00,3297.012
2024-07-18,20:00-21:00,2024,7,18,4,0,3,20,1,0,46554,38438.788,207.311249,73.140198,2024-07-18 20:00:00,3706.3
2024-07-18,21:00-22:00,2024,7,18,4,0,3,21,0,0,44935,37589.628,138.216293,49.546474,2024-07-18 21:00:00,4128.814
2024-07-18,22:00-23:00,2024,7,18,4,0,3,22,0,1,42437,36919.548,69.038048,13.932411,2024-07-18 22:00:00,4465.928
2024-07-18,23:00-24:00,2024,7,18,4,0,3,23,0,1,40495,35854.046,43.510643,9.604518,2024-07-18 23:00:00,4731.664
2024-07-19,00:00-01:00,2024,7,19,5,0,3,0,0,1,39697,36274.745,48.337067,15.285616,2024-07-19 00:00:00,5535.84
2024-07-19,01:00-02:00,2024,7,19,5,0,3,1,0,1,37869,35346.988,14.005734,12.419183,2024-07-19 01:00:00,5662.151
2024-07-19,02:00-03:00,2024,7,19,5,0,3,2,0,1,36447,34965.963,15.791785,9.259327,2024-07-19 02:00:00,5787.208
2024-07-19,03:00-04:00,2024,7,19,5,0,3,3,0,1,35355,34573.698,9.805936,8.994399,2024-07-19 03:00:00,5875.501
2024-07-19,04:00-05:00,2024,7,19,5,0,3,4,0,1,34744,34679.183,9.632722,8.928677,2024-07-19 04:00:00,5909.184
2024-07-19,05:00-06:00,2024,7,19,5,0,3,5,0,1,34500,34488.602,9.435534,8.199228,2024-07-19 05:00:00,6139.421
2024-07-19,06:00-07:00,2024,7,19,5,0,3,6,0,1,35157,33952.562,8.584951,7.899142,2024-07-19 06:00:00,8063.235
2024-07-19,07:00-08:00,2024,7,19,5,0,3,7,0,0,37693,35387.445,14.9581,7.594612,2024-07-19 07:00:00,11276.571
2024-07-19,08:00-09:00,2024,7,19,5,0,3,8,1,0,41507,36772.396,24.57193,6.654222,2024-07-19 08:00:00,14724.878
2024-07-19,09:00-10:00,2024,7,19,5,0,3,9,1,0,43759,37845.074,29.419491,0.002428,2024-07-19 09:00:00,17441.597
2024-07-19,10:00-11:00,2024,7,19,5,0,3,10,1,0,45615,38316.929,58.692177,15.626029,2024-07-19 10:00:00,19146.59
2024-07-19,11:00-12:00,2024,7,19,5,0,3,11,1,0,45652,38659.798,49.207417,11.986762,2024-07-19 11:00:00,19777.206
2024-07-19,12:00-13:00,2024,7,19,5,0,3,12,1,0,47312,39563.155,67.547676,49.1231,2024-07-19 12:00:00,19563.401
2024-07-19,13:00-14:00,2024,7,19,5,0,3,13,1,0,46774,40028.781,56.892868,29.785658,2024-07-19 13:00:00,18366.739
2024-07-19,14:00-15:00,2024,7,19,5,0,3,14,1,0,46185,40083.318,57.823116,26.195354,2024-07-19 14:00:00,16127.438
2024-07-19,15:00-16:00,2024,7,19,5,0,3,15,1,0,45711,39694.833,55.864349,12.35003,2024-07-19 15:00:00,13172.892
2024-07-19,16:00-17:00,2024,7,19,5,0,3,16,1,0,45211,38699.434,60.030178,18.773386,2024-07-19 16:00:00,9673.902
2024-07-19,17:00-18:00,2024,7,19,5,0,3,17,1,0,43172,38015.758,73.426086,26.883442,2024-07-19 17:00:00,6710.598
2024-07-19,18:00-19:00,2024,7,19,5,0,3,18,1,0,42369,38274.94,80.075935,20.729551,2024-07-19 18:00:00,5145.227
2024-07-19,19:00-20:00,2024,7,19,5,0,3,19,1,0,44598,38333.668,104.797897,26.031363,2024-07-19 19:00:00,5221.486
2024-07-19,20:00-21:00,2024,7,19,5,0,3,20,1,0,46132,39508.328,105.296265,36.255909,2024-07-19 20:00:00,5509.808
2024-07-19,21:00-22:00,2024,7,19,5,0,3,21,0,0,44653,39335.088,96.190102,6.622213,2024-07-19 21:00:00,5695.582
2024-07-19,22:00-23:00,2024,7,19,5,0,3,22,0,1,42243,37551.382,52.778164,6.738571,2024-07-19 22:00:00,5841.586
2024-07-19,23:00-24:00,2024,7,19,5,0,3,23,0,1,40177,36625.578,37.992901,6.41866,2024-07-19 23:00:00,5981.34
2024-07-20,00:00-01:00,2024,7,20,6,1,3,0,0,1,40364,36807.298,294.673218,329.736511,2024-07-20 00:00:00,6526.526
2024-07-20,01:00-02:00,2024,7,20,6,1,3,1,0,1,38451,35998.088,283.610687,329.122833,2024-07-20 01:00:00,6538.984
2024-07-20,02:00-03:00,2024,7,20,6,1,3,2,0,1,36966,35528.888,172.819031,94.647179,2024-07-20 02:00:00,6550.603
2024-07-20,03:00-04:00,2024,7,20,6,1,3,3,0,1,35679,34808.018,91.596756,89.779312,2024-07-20 03:00:00,6548.724
2024-07-20,04:00-05:00,2024,7,20,6,1,3,4,0,1,34984,34797.008,84.745972,73.877724,2024-07-20 04:00:00,6547.505
2024-07-20,05:00-06:00,2024,7,20,6,1,3,5,0,1,34600,34413.827,66.127457,79.761688,2024-07-20 05:00:00,6655.149
2024-07-20,06:00-07:00,2024,7,20,6,1,3,6,0,1,34974,33650.044,78.720566,68.147713,2024-07-20 06:00:00,8171.376
2024-07-20,07:00-08:00,2024,7,20,6,1,3,7,0,0,37041,34850.06,65.049545,47.746899,2024-07-20 07:00:00,10708.614
2024-07-20,08:00-09:00,2024,7,20,6,1,3,8,1,0,39807,36010.825,91.292328,67.404655,2024-07-20 08:00:00,13391.67
2024-07-20,09:00-10:00,2024,7,20,6,1,3,9,1,0,42096,37046.269,104.298309,89.765396,2024-07-20 09:00:00,15658.325
2024-07-20,10:00-11:00,2024,7,20,6,1,3,10,1,0,43904,38425.45,150.555298,129.130081,2024-07-20 10:00:00,17258.41
2024-07-20,11:00-12:00,2024,7,20,6,1,3,11,1,0,44078,38545.172,107.71563,97.780098,2024-07-20 11:00:00,18072.71
2024-07-20,12:00-13:00,2024,7,20,6,1,3,12,1,0,45593,38644.925,221.877365,91.105675,2024-07-20 12:00:00,18024.798
2024-07-20,13:00-14:00,2024,7,20,6,1,3,13,1,0,45162,39066.253,192.357849,60.97784,2024-07-20 13:00:00,17017.896
2024-07-20,14:00-15:00,2024,7,20,6,1,3,14,1,0,44990,40021.368,124.187935,55.882797,2024-07-20 14:00:00,15176.667
2024-07-20,15:00-16:00,2024,7,20,6,1,3,15,1,0,44769,39414.494,162.555603,66.456703,2024-07-20 15:00:00,12776.192
2024-07-20,16:00-17:00,2024,7,20,6,1,3,16,1,0,44335,38509.443,246.014542,62.695179,2024-07-20 16:00:00,9886.809
2024-07-20,17:00-18:00,2024,7,20,6,1,3,17,1,0,42509,37722.854,303.20343,62.615211,2024-07-20 17:00:00,7234.411
2024-07-20,18:00-19:00,2024,7,20,6,1,3,18,1,0,41638,37833.328,293.228455,219.108231,2024-07-20 18:00:00,5601.052
2024-07-20,19:00-20:00,2024,7,20,6,1,3,19,1,0,44184,38271.48,303.354309,274.029938,2024-07-20 19:00:00,5539.506
2024-07-20,20:00-21:00,2024,7,20,6,1,3,20,1,0,46400,38809.66,344.059235,330.929749,2024-07-20 20:00:00,5718.962
2024-07-20,21:00-22:00,2024,7,20,6,1,3,21,0,0,45118,38583.758,293.282593,327.351746,2024-07-20 21:00:00,5800.742
2024-07-20,22:00-23:00,2024,7,20,6,1,3,22,0,1,42528,37751.118,285.744415,209.291885,2024-07-20 22:00:00,5848.057
2024-07-20,23:00-24:00,2024,7,20,6,1,3,23,0,1,39710,36550.988,194.357712,87.73951,2024-07-20 23:00:00,5903.193
2024-07-21,00:00-01:00,2024,7,21,7,1,3,0,0,1,40255,36906.348,305.219818,329.601013,2024-07-21 00:00:00,6148.761
2024-07-21,01:00-02:00,2024,7,21,7,1,3,1,0,1,38328,36100.278,288.005463,327.398895,2024-07-21 01:00:00,6137.201
2024-07-21,02:00-03:00,2024,7,21,7,1,3,2,0,1,36803,35561.398,94.534157,89.85141,2024-07-21 02:00:00,6116.925
2024-07-21,03:00-04:00,2024,7,21,7,1,3,3,0,1,35592,35157.618,93.759407,70.144669,2024-07-21 03:00:00,6086.956
2024-07-21,04:00-05:00,2024,7,21,7,1,3,4,0,1,34898,35111.262,68.38781,4.667294,2024-07-21 04:00:00,6031.968
2024-07-21,05:00-06:00,2024,7,21,7,1,3,5,0,1,34417,34586.329,67.375679,52.78701,2024-07-21 05:00:00,6217.157
2024-07-21,06:00-07:00,2024,7,21,7,1,3,6,0,1,34746,33644.596,68.106766,28.363832,2024-07-21 06:00:00,8394.335
2024-07-21,07:00-08:00,2024,7,21,7,1,3,7,0,0,36672,35281.229,16.761728,8.623577,2024-07-21 07:00:00,12294.057
2024-07-21,08:00-09:00,2024,7,21,7,1,3,8,1,0,39652,36729.99,26.982718,31.143242,2024-07-21 08:00:00,16413.736
2024-07-21,09:00-10:00,2024,7,21,7,1,3,9,1,0,42270,38055.028,31.976501,24.515238,2024-07-21 09:00:00,19655.013
2024-07-21,10:00-11:00,2024,7,21,7,1,3,10,1,0,44344,39412.196,58.617332,43.467346,2024-07-21 10:00:00,21663.837
2024-07-21,11:00-12:00,2024,7,21,7,1,3,11,1,0,44833,39661.742,91.269646,45.892467,2024-07-21 11:00:00,22501.275
2024-07-21,12:00-13:00,2024,7,21,7,1,3,12,1,0,46563,39393.748,88.104927,94.561317,2024-07-21 12:00:00,22486.02
2024-07-21,13:00-14:00,2024,7,21,7,1,3,13,1,0,46315,39919.572,86.954582,80.361572,2024-07-21 13:00:00,21723.248
2024-07-21,14:00-15:00,2024,7,21,7,1,3,14,1,0,45692,40561.441,72.809525,71.576889,2024-07-21 14:00:00,19826.549
2024-07-21,15:00-16:00,2024,7,21,7,1,3,15,1,0,45505,40191.091,67.52021,54.582355,2024-07-21 15:00:00,16621.746
2024-07-21,16:00-17:00,2024,7,21,7,1,3,16,1,0,45182,39203.313,130.916061,188.765335,2024-07-21 16:00:00,12189.866
2024-07-21,17:00-18:00,2024,7,21,7,1,3,17,1,0,43542,38416.386,292.738892,261.516479,2024-07-21 17:00:00,7960.224
2024-07-21,18:00-19:00,2024,7,21,7,1,3,18,1,0,42850,38238.801,304.915649,341.076843,2024-07-21 18:00:00,5355.827
2024-07-21,19:00-20:00,2024,7,21,7,1,3,19,1,0,45217,39181.468,302.511719,345.40741,2024-07-21 19:00:00,5320.485
2024-07-21,20:00-21:00,2024,7,21,7,1,3,20,1,0,47000,39235.328,334.582397,338.26535,2024-07-21 20:00:00,5606.969
2024-07-21,21:00-22:00,2024,7,21,7,1,3,21,0,0,45548,39191.138,340.190277,340.121307,2024-07-21 21:00:00,5855.311
2024-07-21,22:00-23:00,2024,7,21,7,1,3,22,0,1,42922,38011.258,314.282471,358.383209,2024-07-21 22:00:00,6014.317
2024-07-21,23:00-24:00,2024,7,21,7,1,3,23,0,1,40637,37278.738,183.359146,355.396271,2024-07-21 23:00:00,6093.989
2024-07-22,00:00-01:00,2024,7,22,1,0,3,0,0,1,40582,36524.918,308.50885,358.193451,2024-07-22 00:00:00,6170.59
2024-07-22,01:00-02:00,2024,7,22,1,0,3,1,0,1,38725,35640.788,328.508026,356.368439,2024-07-22 01:00:00,6173.999
2024-07-22,02:00-03:00,2024,7,22,1,0,3,2,0,1,37301,35578.908,294.58429,337.855988,2024-07-22 02:00:00,6135.43
2024-07-22,03:00-04:00,2024,7,22,1,0,3,3,0,1,36193,35533.908,74.185249,327.285431,2024-07-22 03:00:00,6065.02
2024-07-22,04:00-05:00,2024,7,22,1,0,3,4,0,1,35469,34966.318,78.011604,327.235718,2024-07-22 04:00:00,5960.017
2024-07-22,05:00-06:00,2024,7,22,1,0,3,5,0,1,35000,34482.362,90.903488,325.883331,2024-07-22 05:00:00,6132.888
2024-07-22,06:00-07:00,2024,7,22,1,0,3,6,0,1,35698,34029.137,51.076881,325.15567,2024-07-22 06:00:00,8590.278
2024-07-22,07:00-08:00,2024,7,22,1,0,3,7,0,0,38304,35812.112,36.876499,27.225704,2024-07-22 07:00:00,12869.938
2024-07-22,08:00-09:00,2024,7,22,1,0,3,8,1,0,42404,37380.082,43.232952,73.118507,2024-07-22 08:00:00,17169.154
2024-07-22,09:00-10:00,2024,7,22,1,0,3,9,1,0,45215,38855.518,93.842537,64.994202,2024-07-22 09:00:00,20366.191
2024-07-22,10:00-11:00,2024,7,22,1,0,3,10,1,0,47171,40064.348,116.87236,158.886337,2024-07-22 10:00:00,22187.741
2024-07-22,11:00-12:00,2024,7,22,1,0,3,11,1,0,47634,40202.808,113.562126,144.063416,2024-07-22 11:00:00,22966.648
2024-07-22,12:00-13:00,2024,7,22,1,0,3,12,1,0,49441,40076.558,139.567368,241.202225,2024-07-22 12:00:00,22894.959
2024-07-22,13:00-14:00,2024,7,22,1,0,3,13,1,0,49352,40468.128,139.113358,134.600586,2024-07-22 13:00:00,22020.556
2024-07-22,14:00-15:00,2024,7,22,1,0,3,14,1,0,48769,41207.557,107.549271,109.25753,2024-07-22 14:00:00,20003.007
2024-07-22,15:00-16:00,2024,7,22,1,0,3,15,1,0,48120,40511.802,122.590019,316.098724,2024-07-22 15:00:00,16549.092
2024-07-22,16:00-17:00,2024,7,22,1,0,3,16,1,0,47335,39581.906,321.790405,343.403473,2024-07-22 16:00:00,11723.389
2024-07-22,17:00-18:00,2024,7,22,1,0,3,17,1,0,45089,39157.796,321.802673,374.449036,2024-07-22 17:00:00,7208.293
2024-07-22,18:00-19:00,2024,7,22,1,0,3,18,1,0,44303,39023.849,332.020111,377.326935,2024-07-22 18:00:00,4546.257
2024-07-22,19:00-20:00,2024,7,22,1,0,3,19,1,0,46683,38885.358,349.888458,435.262909,2024-07-22 19:00:00,4460.224
2024-07-22,20:00-21:00,2024,7,22,1,0,3,20,1,0,48141,38956.828,354.446198,449.334625,2024-07-22 20:00:00,4778.418
2024-07-22,21:00-22:00,2024,7,22,1,0,3,21,0,0,46775,38916.098,361.084167,368.892029,2024-07-22 21:00:00,5068.692
2024-07-22,22:00-23:00,2024,7,22,1,0,3,22,0,1,44558,37743.488,357.729553,362.098846,2024-07-22 22:00:00,5307.742
2024-07-22,23:00-24:00,2024,7,22,1,0,3,23,0,1,42705,37208.228,336.884705,359.453735,2024-07-22 23:00:00,5420.024
2024-07-23,00:00-01:00,2024,7,23,2,0,3,0,0,1,41894,36874.264,360.404327,376.92691,2024-07-23 00:00:00,5427.908
2024-07-23,01:00-02:00,2024,7,23,2,0,3,1,0,1,39930,36087.678,359.212097,376.60257,2024-07-23 01:00:00,5327.1
2024-07-23,02:00-03:00,2024,7,23,2,0,3,2,0,1,38345,35699.857,341.364929,357.167542,2024-07-23 02:00:00,5241.0
2024-07-23,03:00-04:00,2024,7,23,2,0,3,3,0,1,37173,35456.578,347.09491,355.311005,2024-07-23 03:00:00,5158.282
2024-07-23,04:00-05:00,2024,7,23,2,0,3,4,0,1,36357,34787.837,344.797272,353.999146,2024-07-23 04:00:00,5039.595
2024-07-23,05:00-06:00,2024,7,23,2,0,3,5,0,1,35778,34233.787,343.409393,360.116882,2024-07-23 05:00:00,5192.187
2024-07-23,06:00-07:00,2024,7,23,2,0,3,6,0,1,36379,35037.392,325.166138,325.052216,2024-07-23 06:00:00,7624.196
2024-07-23,07:00-08:00,2024,7,23,2,0,3,7,0,0,38916,36858.907,64.729782,324.521118,2024-07-23 07:00:00,11842.496
2024-07-23,08:00-09:00,2024,7,23,2,0,3,8,1,0,42612,38328.06,309.044342,316.305542,2024-07-23 08:00:00,16065.094
2024-07-23,09:00-10:00,2024,7,23,2,0,3,9,1,0,45283,39098.377,188.666336,296.777039,2024-07-23 09:00:00,19097.298
2024-07-23,10:00-11:00,2024,7,23,2,0,3,10,1,0,47548,38710.218,320.233307,339.993805,2024-07-23 10:00:00,20820.276
2024-07-23,11:00-12:00,2024,7,23,2,0,3,11,1,0,47977,38578.378,313.113586,325.937012,2024-07-23 11:00:00,21469.181
2024-07-23,12:00-13:00,2024,7,23,2,0,3,12,1,0,49738,39197.758,325.489319,352.906006,2024-07-23 12:00:00,21202.373
2024-07-23,13:00-14:00,2024,7,23,2,0,3,13,1,0,49583,39937.298,258.648102,329.327362,2024-07-23 13:00:00,20221.676
2024-07-23,14:00-15:00,2024,7,23,2,0,3,14,1,0,48914,41504.0,238.498108,336.064209,2024-07-23 14:00:00,18108.998
2024-07-23,15:00-16:00,2024,7,23,2,0,3,15,1,0,48443,41060.908,323.677887,339.005676,2024-07-23 15:00:00,14563.387
2024-07-23,16:00-17:00,2024,7,23,2,0,3,16,1,0,47684,40243.536,340.780243,361.440704,2024-07-23 16:00:00,9791.099
2024-07-23,17:00-18:00,2024,7,23,2,0,3,17,1,0,45432,39189.18,341.067078,358.57547,2024-07-23 17:00:00,5326.703
2024-07-23,18:00-19:00,2024,7,23,2,0,3,18,1,0,44704,38671.142,340.969452,367.115875,2024-07-23 18:00:00,2631.798
2024-07-23,19:00-20:00,2024,7,23,2,0,3,19,1,0,47245,38837.918,363.975433,419.873413,2024-07-23 19:00:00,2482.221
2024-07-23,20:00-21:00,2024,7,23,2,0,3,20,1,0,49774,40045.738,394.015381,700.985474,2024-07-23 20:00:00,2649.996
2024-07-23,21:00-22:00,2024,7,23,2,0,3,21,0,0,48563,39010.538,394.832367,620.750427,2024-07-23 21:00:00,2803.916
2024-07-23,22:00-23:00,2024,7,23,2,0,3,22,0,1,45665,37861.988,358.318176,372.651855,2024-07-23 22:00:00,2917.564
2024-07-23,23:00-24:00,2024,7,23,2,0,3,23,0,1,42873,37548.982,357.333984,361.259155,2024-07-23 23:00:00,2951.166
2024-07-24,00:00-01:00,2024,7,24,3,0,3,0,0,1,43363,36311.322,355.529694,371.814758,2024-07-24 00:00:00,2857.694
2024-07-24,01:00-02:00,2024,7,24,3,0,3,1,0,1,41624,35217.426,355.622833,366.2901,2024-07-24 01:00:00,2762.004
2024-07-24,02:00-03:00,2024,7,24,3,0,3,2,0,1,40018,35019.931,354.680023,357.002106,2024-07-24 02:00:00,2645.367
2024-07-24,03:00-04:00,2024,7,24,3,0,3,3,0,1,38634,34945.068,355.156921,353.482178,2024-07-24 03:00:00,2489.612
2024-07-24,04:00-05:00,2024,7,24,3,0,3,4,0,1,37555,33573.378,355.212219,353.322723,2024-07-24 04:00:00,2303.1
2024-07-24,05:00-06:00,2024,7,24,3,0,3,5,0,1,36620,33149.175,362.440552,358.060638,2024-07-24 05:00:00,2364.254
2024-07-24,06:00-07:00,2024,7,24,3,0,3,6,0,1,37326,32584.484,339.151306,339.34024,2024-07-24 06:00:00,4681.066
2024-07-24,07:00-08:00,2024,7,24,3,0,3,7,0,0,39900,33600.73,324.805145,325.322906,2024-07-24 07:00:00,8819.468
2024-07-24,08:00-09:00,2024,7,24,3,0,3,8,1,0,44924,35865.161,321.299042,331.989502,2024-07-24 08:00:00,13090.018
2024-07-24,09:00-10:00,2024,7,24,3,0,3,9,1,0,48133,36572.116,278.353394,269.464752,2024-07-24 09:00:00,16343.64
2024-07-24,10:00-11:00,2024,7,24,3,0,3,10,1,0,50002,36952.695,337.617371,318.466919,2024-07-24 10:00:00,18330.688
2024-07-24,11:00-12:00,2024,7,24,3,0,3,11,1,0,50002,37074.608,329.059174,316.399689,2024-07-24 11:00:00,19107.639
2024-07-24,12:00-13:00,2024,7,24,3,0,3,12,1,0,52068,39472.388,348.049438,319.060852,2024-07-24 12:00:00,18993.719
2024-07-24,13:00-14:00,2024,7,24,3,0,3,13,1,0,51392,39891.32,314.220673,319.528351,2024-07-24 13:00:00,17996.559
2024-07-24,14:00-15:00,2024,7,24,3,0,3,14,1,0,50368,39701.376,324.228638,329.289154,2024-07-24 14:00:00,15721.234
2024-07-24,15:00-16:00,2024,7,24,3,0,3,15,1,0,49524,39448.262,344.638367,344.774414,2024-07-24 15:00:00,12174.036
2024-07-24,16:00-17:00,2024,7,24,3,0,3,16,1,0,48832,38356.38,358.558624,356.324707,2024-07-24 16:00:00,7633.317
2024-07-24,17:00-18:00,2024,7,24,3,0,3,17,1,0,46605,36835.307,364.702515,359.814392,2024-07-24 17:00:00,3426.129
2024-07-24,18:00-19:00,2024,7,24,3,0,3,18,1,0,45156,36943.525,371.742828,367.269897,2024-07-24 18:00:00,986.056
2024-07-24,19:00-20:00,2024,7,24,3,0,3,19,1,0,47371,37392.093,378.908997,362.805756,2024-07-24 19:00:00,852.189
2024-07-24,20:00-21:00,2024,7,24,3,0,3,20,1,0,50308,38155.071,419.318481,410.265839,2024-07-24 20:00:00,997.17
2024-07-24,21:00-22:00,2024,7,24,3,0,3,21,0,0,49364,38096.234,399.391052,389.897736,2024-07-24 21:00:00,1062.59
2024-07-24,22:00-23:00,2024,7,24,3,0,3,22,0,1,46495,38104.963,374.162048,365.911255,2024-07-24 22:00:00,1110.127
2024-07-24,23:00-24:00,2024,7,24,3,0,3,23,0,1,44076,36208.845,358.670197,366.401062,2024-07-24 23:00:00,1147.977
2024-07-25,00:00-01:00,2024,7,25,4,0,3,0,0,1,44770,35706.748,390.271606,390.467712,2024-07-25 00:00:00,1370.494
2024-07-25,01:00-02:00,2024,7,25,4,0,3,1,0,1,42877,34753.099,388.544006,386.029663,2024-07-25 01:00:00,1392.336
2024-07-25,02:00-03:00,2024,7,25,4,0,3,2,0,1,41022,34853.019,385.70813,390.359314,2024-07-25 02:00:00,1420.886
2024-07-25,03:00-04:00,2024,7,25,4,0,3,3,0,1,39600,34848.513,371.402924,387.751343,2024-07-25 03:00:00,1463.548
2024-07-25,04:00-05:00,2024,7,25,4,0,3,4,0,1,38820,34819.11,364.697845,375.741272,2024-07-25 04:00:00,1501.598
2024-07-25,05:00-06:00,2024,7,25,4,0,3,5,0,1,38110,33184.487,366.80246,375.209534,2024-07-25 05:00:00,1766.542
2024-07-25,06:00-07:00,2024,7,25,4,0,3,6,0,1,38330,32507.899,368.901611,363.136932,2024-07-25 06:00:00,4132.832
2024-07-25,07:00-08:00,2024,7,25,4,0,3,7,0,0,41915,33863.365,342.615295,344.109406,2024-07-25 07:00:00,8131.126
2024-07-25,08:00-09:00,2024,7,25,4,0,3,8,1,0,46150,35829.87,355.018982,362.362335,2024-07-25 08:00:00,12474.011
2024-07-25,09:00-10:00,2024,7,25,4,0,3,9,1,0,49495,35954.791,304.976471,288.408264,2024-07-25 09:00:00,15874.711
2024-07-25,10:00-11:00,2024,7,25,4,0,3,10,1,0,50966,37100.989,359.415039,254.626617,2024-07-25 10:00:00,18008.399
2024-07-25,11:00-12:00,2024,7,25,4,0,3,11,1,0,50961,37593.775,360.947113,299.072296,2024-07-25 11:00:00,19076.938
2024-07-25,12:00-13:00,2024,7,25,4,0,3,12,1,0,52500,38729.339,359.049011,308.349854,2024-07-25 12:00:00,19325.436
2024-07-25,13:00-14:00,2024,7,25,4,0,3,13,1,0,51675,39175.56,322.490601,176.062698,2024-07-25 13:00:00,18738.149
2024-07-25,14:00-15:00,2024,7,25,4,0,3,14,1,0,50258,39090.702,308.65094,323.258301,2024-07-25 14:00:00,16996.31
2024-07-25,15:00-16:00,2024,7,25,4,0,3,15,1,0,49853,39061.651,353.494781,253.200668,2024-07-25 15:00:00,14137.071
2024-07-25,16:00-17:00,2024,7,25,4,0,3,16,1,0,48869,38285.691,361.073669,377.434052,2024-07-25 16:00:00,10152.916
2024-07-25,17:00-18:00,2024,7,25,4,0,3,17,1,0,46377,37943.906,362.965302,394.012054,2024-07-25 17:00:00,6469.181
2024-07-25,18:00-19:00,2024,7,25,4,0,3,18,1,0,45832,37688.258,368.464081,367.040344,2024-07-25 18:00:00,4303.592
2024-07-25,19:00-20:00,2024,7,25,4,0,3,19,1,0,48036,37812.196,382.220917,379.935455,2024-07-25 19:00:00,4361.014
2024-07-25,20:00-21:00,2024,7,25,4,0,3,20,1,0,50226,38886.653,397.31192,381.809875,2024-07-25 20:00:00,4543.378
2024-07-25,21:00-22:00,2024,7,25,4,0,3,21,0,0,49359,38659.069,386.345245,369.62674,2024-07-25 21:00:00,4619.003
2024-07-25,22:00-23:00,2024,7,25,4,0,3,22,0,1,46453,36961.204,381.872833,369.777771,2024-07-25 22:00:00,4614.56
2024-07-25,23:00-24:00,2024,7,25,4,0,3,23,0,1,43684,36400.802,375.513275,348.492584,2024-07-25 23:00:00,4551.022
2024-07-26,00:00-01:00,2024,7,26,5,0,3,0,0,1,43474,36263.108,343.80896,327.994019,2024-07-26 00:00:00,4474.532
2024-07-26,01:00-02:00,2024,7,26,5,0,3,1,0,1,41488,35318.898,330.661591,326.17868,2024-07-26 01:00:00,4558.82
2024-07-26,02:00-03:00,2024,7,26,5,0,3,2,0,1,39841,35364.018,329.556427,321.359711,2024-07-26 02:00:00,4713.468
2024-07-26,03:00-04:00,2024,7,26,5,0,3,3,0,1,38560,35378.318,297.760132,145.992737,2024-07-26 03:00:00,4926.734
2024-07-26,04:00-05:00,2024,7,26,5,0,3,4,0,1,37668,35095.698,310.362457,124.322296,2024-07-26 04:00:00,5131.588
2024-07-26,05:00-06:00,2024,7,26,5,0,3,5,0,1,37000,33642.189,277.633545,291.656769,2024-07-26 05:00:00,5547.583
2024-07-26,06:00-07:00,2024,7,26,5,0,3,6,0,1,37378,31660.317,273.532562,321.50647,2024-07-26 06:00:00,7747.583
2024-07-26,07:00-08:00,2024,7,26,5,0,3,7,0,0,39632,33178.557,145.633118,124.121902,2024-07-26 07:00:00,11234.211
2024-07-26,08:00-09:00,2024,7,26,5,0,3,8,1,0,44462,34690.87,206.909164,187.332428,2024-07-26 08:00:00,14846.331
2024-07-26,09:00-10:00,2024,7,26,5,0,3,9,1,0,46948,35564.264,198.977295,110.752312,2024-07-26 09:00:00,17786.437
2024-07-26,10:00-11:00,2024,7,26,5,0,3,10,1,0,48808,36788.973,240.448029,227.06749,2024-07-26 10:00:00,19718.441
2024-07-26,11:00-12:00,2024,7,26,5,0,3,11,1,0,48866,37374.382,191.663559,133.242737,2024-07-26 11:00:00,20590.434
2024-07-26,12:00-13:00,2024,7,26,5,0,3,12,1,0,50353,38466.743,192.698959,151.835602,2024-07-26 12:00:00,20588.312
2024-07-26,13:00-14:00,2024,7,26,5,0,3,13,1,0,50171,38948.535,150.295837,143.727921,2024-07-26 13:00:00,19799.327
2024-07-26,14:00-15:00,2024,7,26,5,0,3,14,1,0,49581,39523.537,166.632385,196.814316,2024-07-26 14:00:00,17993.162
2024-07-26,15:00-16:00,2024,7,26,5,0,3,15,1,0,49241,39160.447,253.077713,108.507439,2024-07-26 15:00:00,15268.889
2024-07-26,16:00-17:00,2024,7,26,5,0,3,16,1,0,48635,38535.501,269.651489,221.429123,2024-07-26 16:00:00,11623.106
2024-07-26,17:00-18:00,2024,7,26,5,0,3,17,1,0,46553,38392.104,245.404831,265.203461,2024-07-26 17:00:00,8176.467
2024-07-26,18:00-19:00,2024,7,26,5,0,3,18,1,0,45730,37636.484,248.462997,176.984421,2024-07-26 18:00:00,6059.707
2024-07-26,19:00-20:00,2024,7,26,5,0,3,19,1,0,47798,38162.428,338.352478,332.246674,2024-07-26 19:00:00,5884.545
2024-07-26,20:00-21:00,2024,7,26,5,0,3,20,1,0,49424,38727.74,309.969788,295.276459,2024-07-26 20:00:00,5909.024
2024-07-26,21:00-22:00,2024,7,26,5,0,3,21,0,0,48863,38694.922,304.519409,284.57608,2024-07-26 21:00:00,5892.636
2024-07-26,22:00-23:00,2024,7,26,5,0,3,22,0,1,46396,37440.308,300.296906,256.417877,2024-07-26 22:00:00,5865.594
2024-07-26,23:00-24:00,2024,7,26,5,0,3,23,0,1,43707,36840.118,281.125214,325.833679,2024-07-26 23:00:00,5786.086
2024-07-27,00:00-01:00,2024,7,27,6,1,3,0,0,1,42752,36480.548,324.650482,327.954224,2024-07-27 00:00:00,5966.04
2024-07-27,01:00-02:00,2024,7,27,6,1,3,1,0,1,40726,35515.918,330.031494,324.99408,2024-07-27 01:00:00,5907.17
2024-07-27,02:00-03:00,2024,7,27,6,1,3,2,0,1,38999,35227.261,263.816437,323.203339,2024-07-27 02:00:00,5855.17
2024-07-27,03:00-04:00,2024,7,27,6,1,3,3,0,1,37656,34599.148,314.862244,290.295502,2024-07-27 03:00:00,5819.08
2024-07-27,04:00-05:00,2024,7,27,6,1,3,4,0,1,36715,33875.35,142.099884,290.52771,2024-07-27 04:00:00,5761.77
2024-07-27,05:00-06:00,2024,7,27,6,1,3,5,0,1,35900,32376.248,228.02063,290.260284,2024-07-27 05:00:00,5772.59
2024-07-27,06:00-07:00,2024,7,27,6,1,3,6,0,1,36113,30198.39,276.494751,322.296509,2024-07-27 06:00:00,6714.165
2024-07-27,07:00-08:00,2024,7,27,6,1,3,7,0,0,37909,30739.856,283.175079,153.503815,2024-07-27 07:00:00,8421.202
2024-07-27,08:00-09:00,2024,7,27,6,1,3,8,1,0,41024,33128.573,298.718292,180.760712,2024-07-27 08:00:00,10303.489
2024-07-27,09:00-10:00,2024,7,27,6,1,3,9,1,0,43104,33689.579,288.310577,120.562386,2024-07-27 09:00:00,11789.961
2024-07-27,10:00-11:00,2024,7,27,6,1,3,10,1,0,44779,35944.226,313.882996,282.851013,2024-07-27 10:00:00,12986.968
2024-07-27,11:00-12:00,2024,7,27,6,1,3,11,1,0,44702,37339.855,219.959015,65.16626,2024-07-27 11:00:00,13621.728
2024-07-27,12:00-13:00,2024,7,27,6,1,3,12,1,0,45901,37841.46,320.042633,317.987183,2024-07-27 12:00:00,13518.639
2024-07-27,13:00-14:00,2024,7,27,6,1,3,13,1,0,45519,37604.746,318.387939,257.399719,2024-07-27 13:00:00,12762.085
2024-07-27,14:00-15:00,2024,7,27,6,1,3,14,1,0,44837,38109.023,317.314819,196.267288,2024-07-27 14:00:00,11473.348
2024-07-27,15:00-16:00,2024,7,27,6,1,3,15,1,0,44262,37848.81,317.933777,252.293015,2024-07-27 15:00:00,9781.866
2024-07-27,16:00-17:00,2024,7,27,6,1,3,16,1,0,43796,37440.724,325.718231,249.860748,2024-07-27 16:00:00,7574.085
2024-07-27,17:00-18:00,2024,7,27,6,1,3,17,1,0,41897,36912.632,237.08107,70.738594,2024-07-27 17:00:00,5409.061
2024-07-27,18:00-19:00,2024,7,27,6,1,3,18,1,0,41181,36832.451,285.321625,49.974007,2024-07-27 18:00:00,3995.387
2024-07-27,19:00-20:00,2024,7,27,6,1,3,19,1,0,43005,37878.931,315.080811,152.987137,2024-07-27 19:00:00,3731.258
2024-07-27,20:00-21:00,2024,7,27,6,1,3,20,1,0,43868,38719.878,293.19046,113.412109,2024-07-27 20:00:00,3679.571
2024-07-27,21:00-22:00,2024,7,27,6,1,3,21,0,0,42485,38329.47,292.894623,33.422298,2024-07-27 21:00:00,3574.652
2024-07-27,22:00-23:00,2024,7,27,6,1,3,22,0,1,40688,37155.398,317.779358,26.276682,2024-07-27 22:00:00,3464.641
2024-07-27,23:00-24:00,2024,7,27,6,1,3,23,0,1,39125,36198.452,315.523773,26.099667,2024-07-27 23:00:00,3389.026
2024-07-28,00:00-01:00,2024,7,28,7,1,3,0,0,1,39817,35838.308,324.517426,293.131927,2024-07-28 00:00:00,3220.637
2024-07-28,01:00-02:00,2024,7,28,7,1,3,1,0,1,37955,35377.388,322.528687,273.151031,2024-07-28 01:00:00,3186.882
2024-07-28,02:00-03:00,2024,7,28,7,1,3,2,0,1,36426,35160.738,130.121872,54.035259,2024-07-28 02:00:00,3196.016
2024-07-28,03:00-04:00,2024,7,28,7,1,3,3,0,1,35242,34427.228,278.542664,70.676437,2024-07-28 03:00:00,3237.777
2024-07-28,04:00-05:00,2024,7,28,7,1,3,4,0,1,34492,33993.038,178.635956,49.567463,2024-07-28 04:00:00,3210.704
2024-07-28,05:00-06:00,2024,7,28,7,1,3,5,0,1,34000,33180.35,181.930481,51.831432,2024-07-28 05:00:00,3201.918
2024-07-28,06:00-07:00,2024,7,28,7,1,3,6,0,1,34352,31152.138,176.341248,48.769184,2024-07-28 06:00:00,3866.103
2024-07-28,07:00-08:00,2024,7,28,7,1,3,7,0,0,35604,31156.65,112.440178,44.7407,2024-07-28 07:00:00,5049.395
2024-07-28,08:00-09:00,2024,7,28,7,1,3,8,1,0,38351,34036.844,76.443695,45.207115,2024-07-28 08:00:00,6281.148
2024-07-28,09:00-10:00,2024,7,28,7,1,3,9,1,0,40170,34663.243,174.754379,65.584824,2024-07-28 09:00:00,7324.312
2024-07-28,10:00-11:00,2024,7,28,7,1,3,10,1,0,41681,35298.551,214.464676,83.089264,2024-07-28 10:00:00,8306.859
2024-07-28,11:00-12:00,2024,7,28,7,1,3,11,1,0,41374,35998.662,152.486206,66.173965,2024-07-28 11:00:00,8939.979
2024-07-28,12:00-13:00,2024,7,28,7,1,3,12,1,0,42418,36510.293,286.433777,314.348846,2024-07-28 12:00:00,9040.448
2024-07-28,13:00-14:00,2024,7,28,7,1,3,13,1,0,42411,36798.961,256.470276,9.622665,2024-07-28 13:00:00,8744.397
2024-07-28,14:00-15:00,2024,7,28,7,1,3,14,1,0,41972,37244.174,315.87146,65.735405,2024-07-28 14:00:00,7989.062
2024-07-28,15:00-16:00,2024,7,28,7,1,3,15,1,0,41709,37098.049,313.904968,315.452972,2024-07-28 15:00:00,6782.823
2024-07-28,16:00-17:00,2024,7,28,7,1,3,16,1,0,41358,36780.501,259.340027,38.04113,2024-07-28 16:00:00,5105.717
2024-07-28,17:00-18:00,2024,7,28,7,1,3,17,1,0,40129,37379.206,98.123222,20.10174,2024-07-28 17:00:00,3421.305
2024-07-28,18:00-19:00,2024,7,28,7,1,3,18,1,0,39690,36877.142,100.583969,54.955727,2024-07-28 18:00:00,2427.854
2024-07-28,19:00-20:00,2024,7,28,7,1,3,19,1,0,41358,37746.089,303.641602,56.91328,2024-07-28 19:00:00,2512.32
2024-07-28,20:00-21:00,2024,7,28,7,1,3,20,1,0,42451,38174.768,203.148499,54.618031,2024-07-28 20:00:00,2699.586
2024-07-28,21:00-22:00,2024,7,28,7,1,3,21,0,0,41078,38182.119,100.93792,36.134392,2024-07-28 21:00:00,2865.218
2024-07-28,22:00-23:00,2024,7,28,7,1,3,22,0,1,39207,36768.738,180.379135,53.794205,2024-07-28 22:00:00,3012.636
2024-07-28,23:00-24:00,2024,7,28,7,1,3,23,0,1,37495,35940.871,64.588547,24.076023,2024-07-28 23:00:00,3092.637
2024-07-29,00:00-01:00,2024,7,29,1,0,3,0,0,1,35747,35000.608,73.303215,55.647713,2024-07-29 00:00:00,2684.254
2024-07-29,01:00-02:00,2024,7,29,1,0,3,1,0,1,34441,34584.778,51.105125,15.200811,2024-07-29 01:00:00,2756.527
2024-07-29,02:00-03:00,2024,7,29,1,0,3,2,0,1,33067,34506.164,33.477356,49.858341,2024-07-29 02:00:00,2875.416
2024-07-29,03:00-04:00,2024,7,29,1,0,3,3,0,1,32183,34432.357,32.961643,49.975262,2024-07-29 03:00:00,3041.393
2024-07-29,04:00-05:00,2024,7,29,1,0,3,4,0,1,31808,34132.328,36.624649,50.378445,2024-07-29 04:00:00,3154.054
2024-07-29,05:00-06:00,2024,7,29,1,0,3,5,0,1,31851,33417.736,34.063396,14.831962,2024-07-29 05:00:00,3399.378
2024-07-29,06:00-07:00,2024,7,29,1,0,3,6,0,1,32840,30857.209,119.990089,30.553907,2024-07-29 06:00:00,5085.923
2024-07-29,07:00-08:00,2024,7,29,1,0,3,7,0,0,35490,31516.437,61.396255,3.368097,2024-07-29 07:00:00,7944.473
2024-07-29,08:00-09:00,2024,7,29,1,0,3,8,1,0,39353,34394.715,43.692291,14.649593,2024-07-29 08:00:00,10964.608
2024-07-29,09:00-10:00,2024,7,29,1,0,3,9,1,0,41746,35236.526,82.083946,27.502899,2024-07-29 09:00:00,13579.843
2024-07-29,10:00-11:00,2024,7,29,1,0,3,10,1,0,43455,35863.109,67.145744,20.512184,2024-07-29 10:00:00,15582.623
2024-07-29,11:00-12:00,2024,7,29,1,0,3,11,1,0,43410,35894.408,67.244621,25.353895,2024-07-29 11:00:00,16691.385
2024-07-29,12:00-13:00,2024,7,29,1,0,3,12,1,0,45458,36495.988,86.579247,17.089228,2024-07-29 12:00:00,16797.082
2024-07-29,13:00-14:00,2024,7,29,1,0,3,13,1,0,45202,37348.545,69.245392,19.193359,2024-07-29 13:00:00,16188.475
2024-07-29,14:00-15:00,2024,7,29,1,0,3,14,1,0,44887,38000.44,65.654099,18.4196,2024-07-29 14:00:00,14550.728
2024-07-29,15:00-16:00,2024,7,29,1,0,3,15,1,0,44666,37968.221,59.451611,17.11071,2024-07-29 15:00:00,11892.623
2024-07-29,16:00-17:00,2024,7,29,1,0,3,16,1,0,44111,37508.434,315.691864,21.160048,2024-07-29 16:00:00,8377.648
2024-07-29,17:00-18:00,2024,7,29,1,0,3,17,1,0,42335,37498.952,96.256859,114.438103,2024-07-29 17:00:00,4987.556
2024-07-29,18:00-19:00,2024,7,29,1,0,3,18,1,0,41859,37406.431,279.853668,243.157394,2024-07-29 18:00:00,3061.712
2024-07-29,19:00-20:00,2024,7,29,1,0,3,19,1,0,43996,37841.738,319.465424,326.058167,2024-07-29 19:00:00,3076.153
2024-07-29,20:00-21:00,2024,7,29,1,0,3,20,1,0,45519,39458.278,140.118591,210.937851,2024-07-29 20:00:00,3223.003
2024-07-29,21:00-22:00,2024,7,29,1,0,3,21,0,0,44198,39071.138,85.500954,80.4207,2024-07-29 21:00:00,3299.188
2024-07-29,22:00-23:00,2024,7,29,1,0,3,22,0,1,41867,36929.678,94.787796,32.840084,2024-07-29 22:00:00,3376.834
2024-07-29,23:00-24:00,2024,7,29,1,0,3,23,0,1,39780,36249.998,58.849815,34.038162,2024-07-29 23:00:00,3417.676
2024-07-30,00:00-01:00,2024,7,30,2,0,3,0,0,1,39887,35111.448,317.971405,326.401611,2024-07-30 00:00:00,4003.262
2024-07-30,01:00-02:00,2024,7,30,2,0,3,1,0,1,38086,34686.378,204.186279,325.787018,2024-07-30 01:00:00,3996.163
2024-07-30,02:00-03:00,2024,7,30,2,0,3,2,0,1,36695,34691.008,64.028481,326.972992,2024-07-30 02:00:00,3952.806
2024-07-30,03:00-04:00,2024,7,30,2,0,3,3,0,1,35617,34109.078,79.113708,313.197235,2024-07-30 03:00:00,3918.397
2024-07-30,04:00-05:00,2024,7,30,2,0,3,4,0,1,35096,34125.888,86.894241,285.167847,2024-07-30 04:00:00,3881.244
2024-07-30,05:00-06:00,2024,7,30,2,0,3,5,0,1,35000,33344.239,85.972137,206.13652,2024-07-30 05:00:00,4056.435
2024-07-30,06:00-07:00,2024,7,30,2,0,3,6,0,1,36326,31578.884,24.729149,28.012053,2024-07-30 06:00:00,6272.207
2024-07-30,07:00-08:00,2024,7,30,2,0,3,7,0,0,38760,32276.249,31.794586,34.622314,2024-07-30 07:00:00,10179.931
2024-07-30,08:00-09:00,2024,7,30,2,0,3,8,1,0,42386,34923.64,88.403938,91.605766,2024-07-30 08:00:00,14454.313
2024-07-30,09:00-10:00,2024,7,30,2,0,3,9,1,0,44633,36569.077,82.043434,82.220322,2024-07-30 09:00:00,17866.416
2024-07-30,10:00-11:00,2024,7,30,2,0,3,10,1,0,46468,37550.577,183.301376,102.74041,2024-07-30 10:00:00,19981.502
2024-07-30,11:00-12:00,2024,7,30,2,0,3,11,1,0,46391,38069.535,111.831329,92.250626,2024-07-30 11:00:00,20859.892
2024-07-30,12:00-13:00,2024,7,30,2,0,3,12,1,0,47933,38479.001,309.080139,200.356842,2024-07-30 12:00:00,20751.795
2024-07-30,13:00-14:00,2024,7,30,2,0,3,13,1,0,47537,38405.022,300.391327,195.740814,2024-07-30 13:00:00,19705.491
2024-07-30,14:00-15:00,2024,7,30,2,0,3,14,1,0,47165,38905.219,94.072823,39.806465,2024-07-30 14:00:00,17528.971
2024-07-30,15:00-16:00,2024,7,30,2,0,3,15,1,0,46925,38343.212,98.396355,73.74453,2024-07-30 15:00:00,14284.24
2024-07-30,16:00-17:00,2024,7,30,2,0,3,16,1,0,46527,37791.92,325.916229,253.595779,2024-07-30 16:00:00,9921.706
2024-07-30,17:00-18:00,2024,7,30,2,0,3,17,1,0,44597,37387.373,309.937439,328.659943,2024-07-30 17:00:00,5895.537
2024-07-30,18:00-19:00,2024,7,30,2,0,3,18,1,0,43984,37559.162,326.512482,339.875916,2024-07-30 18:00:00,3611.732
2024-07-30,19:00-20:00,2024,7,30,2,0,3,19,1,0,45805,37865.068,333.845703,338.70871,2024-07-30 19:00:00,3531.398
2024-07-30,20:00-21:00,2024,7,30,2,0,3,20,1,0,47163,39525.558,332.429779,330.500763,2024-07-30 20:00:00,3722.65
2024-07-30,21:00-22:00,2024,7,30,2,0,3,21,0,0,45772,39203.638,326.140961,328.519806,2024-07-30 21:00:00,3878.434
2024-07-30,22:00-23:00,2024,7,30,2,0,3,22,0,1,43578,36999.548,326.442108,332.506378,2024-07-30 22:00:00,3956.981
2024-07-30,23:00-24:00,2024,7,30,2,0,3,23,0,1,41573,36478.098,322.990417,331.030548,2024-07-30 23:00:00,3943.21
2024-07-31,00:00-01:00,2024,7,31,3,0,3,0,0,1,38504,36530.418,328.384827,353.33194,2024-07-31 00:00:00,3694.457
2024-07-31,01:00-02:00,2024,7,31,3,0,3,1,0,1,36766,36229.971,328.108643,346.474091,2024-07-31 01:00:00,3618.97
2024-07-31,02:00-03:00,2024,7,31,3,0,3,2,0,1,35432,35249.121,328.378418,330.302338,2024-07-31 02:00:00,3533.243
2024-07-31,03:00-04:00,2024,7,31,3,0,3,3,0,1,34457,34507.957,331.882355,327.745758,2024-07-31 03:00:00,3450.658
2024-07-31,04:00-05:00,2024,7,31,3,0,3,4,0,1,34038,34174.49,329.542114,343.235107,2024-07-31 04:00:00,3379.052
2024-07-31,05:00-06:00,2024,7,31,3,0,3,5,0,1,34000,33476.422,327.125946,328.329559,2024-07-31 05:00:00,3499.498
2024-07-31,06:00-07:00,2024,7,31,3,0,3,6,0,1,34767,33278.84,330.395813,325.765717,2024-07-31 06:00:00,5530.211
2024-07-31,07:00-08:00,2024,7,31,3,0,3,7,0,0,37478,33605.679,260.760223,323.479706,2024-07-31 07:00:00,9143.086
2024-07-31,08:00-09:00,2024,7,31,3,0,3,8,1,0,41202,35018.669,221.185165,322.577026,2024-07-31 08:00:00,13126.054
2024-07-31,09:00-10:00,2024,7,31,3,0,3,9,1,0,43472,34935.067,278.133209,286.471527,2024-07-31 09:00:00,16321.133
2024-07-31,10:00-11:00,2024,7,31,3,0,3,10,1,0,45227,35198.988,291.444092,285.764069,2024-07-31 10:00:00,18147.327
2024-07-31,11:00-12:00,2024,7,31,3,0,3,11,1,0,45081,35909.679,284.286224,236.776123,2024-07-31 11:00:00,18863.282
2024-07-31,12:00-13:00,2024,7,31,3,0,3,12,1,0,46641,36763.778,311.765045,318.893372,2024-07-31 12:00:00,18532.361
2024-07-31,13:00-14:00,2024,7,31,3,0,3,13,1,0,46060,36901.611,316.906097,288.884888,2024-07-31 13:00:00,17078.148
2024-07-31,14:00-15:00,2024,7,31,3,0,3,14,1,0,45435,38321.023,313.876312,322.834473,2024-07-31 14:00:00,14463.757
2024-07-31,15:00-16:00,2024,7,31,3,0,3,15,1,0,44875,38698.351,324.754456,327.143524,2024-07-31 15:00:00,11311.379
2024-07-31,16:00-17:00,2024,7,31,3,0,3,16,1,0,44252,38330.605,346.017242,348.788025,2024-07-31 16:00:00,7502.39
2024-07-31,17:00-18:00,2024,7,31,3,0,3,17,1,0,42200,36722.533,335.213928,328.793701,2024-07-31 17:00:00,4305.271
2024-07-31,18:00-19:00,2024,7,31,3,0,3,18,1,0,41647,37294.341,335.60437,328.530731,2024-07-31 18:00:00,2690.913
2024-07-31,19:00-20:00,2024,7,31,3,0,3,19,1,0,43278,38068.378,346.257996,344.610413,2024-07-31 19:00:00,2814.213
2024-07-31,20:00-21:00,2024,7,31,3,0,3,20,1,0,43972,39493.808,346.329895,344.637634,2024-07-31 20:00:00,3038.368
2024-07-31,21:00-22:00,2024,7,31,3,0,3,21,0,0,42282,39183.498,346.214203,313.66803,2024-07-31 21:00:00,3212.636
2024-07-31,22:00-23:00,2024,7,31,3,0,3,22,0,1,39963,37268.108,328.835266,325.226532,2024-07-31 22:00:00,3408.837
2024-07-31,23:00-24:00,2024,7,31,3,0,3,23,0,1,37930,36173.536,328.378937,23.484838,2024-07-31 23:00:00,3550.87
2024-08-01,00:00-01:00,2024,8,1,4,0,3,0,0,1,38251,36044.648,346.987579,324.650909,2024-08-01 00:00:00,4160.907
2024-08-01,01:00-02:00,2024,8,1,4,0,3,1,0,1,36552,35847.721,353.915375,328.731323,2024-08-01 01:00:00,4220.793
2024-08-01,02:00-03:00,2024,8,1,4,0,3,2,0,1,35281,35501.618,327.607849,324.971954,2024-08-01 02:00:00,4239.357
2024-08-01,03:00-04:00,2024,8,1,4,0,3,3,0,1,34238,33967.826,331.188965,331.46814,2024-08-01 03:00:00,4223.211
2024-08-01,04:00-05:00,2024,8,1,4,0,3,4,0,1,33600,33496.228,330.871887,331.224915,2024-08-01 04:00:00,4150.327
2024-08-01,05:00-06:00,2024,8,1,4,0,3,5,0,1,33701,33497.843,332.653961,327.976166,2024-08-01 05:00:00,4208.656
2024-08-01,06:00-07:00,2024,8,1,4,0,3,6,0,1,34426,32709.951,331.038361,323.474152,2024-08-01 06:00:00,5844.288
2024-08-01,07:00-08:00,2024,8,1,4,0,3,7,0,0,36728,32546.359,327.924042,150.984451,2024-08-01 07:00:00,8782.943
2024-08-01,08:00-09:00,2024,8,1,4,0,3,8,1,0,40406,33911.375,287.524078,271.515198,2024-08-01 08:00:00,11948.824
2024-08-01,09:00-10:00,2024,8,1,4,0,3,9,1,0,42446,33198.147,316.313782,315.438293,2024-08-01 09:00:00,14567.53
2024-08-01,10:00-11:00,2024,8,1,4,0,3,10,1,0,44313,33611.489,326.164764,312.416626,2024-08-01 10:00:00,16431.923
2024-08-01,11:00-12:00,2024,8,1,4,0,3,11,1,0,44181,34218.228,314.406372,253.009903,2024-08-01 11:00:00,17297.622
2024-08-01,12:00-13:00,2024,8,1,4,0,3,12,1,0,46242,35314.438,317.992584,185.764526,2024-08-01 12:00:00,17211.439
2024-08-01,13:00-14:00,2024,8,1,4,0,3,13,1,0,45588,35243.93,316.809662,313.773132,2024-08-01 13:00:00,16285.731
2024-08-01,14:00-15:00,2024,8,1,4,0,3,14,1,0,45048,37264.34,315.950104,196.369217,2024-08-01 14:00:00,14359.3
2024-08-01,15:00-16:00,2024,8,1,4,0,3,15,1,0,44634,37642.559,316.81839,310.550079,2024-08-01 15:00:00,11748.315
2024-08-01,16:00-17:00,2024,8,1,4,0,3,16,1,0,44083,37392.667,320.630981,302.289917,2024-08-01 16:00:00,8473.998
2024-08-01,17:00-18:00,2024,8,1,4,0,3,17,1,0,42384,37008.366,326.140839,323.941742,2024-08-01 17:00:00,5358.407
2024-08-01,18:00-19:00,2024,8,1,4,0,3,18,1,0,42017,37246.985,328.587219,329.386505,2024-08-01 18:00:00,3658.18
2024-08-01,19:00-20:00,2024,8,1,4,0,3,19,1,0,44818,37942.502,335.190155,336.532806,2024-08-01 19:00:00,3816.731
2024-08-01,20:00-21:00,2024,8,1,4,0,3,20,1,0,45966,39295.278,347.437164,342.230377,2024-08-01 20:00:00,4108.05
2024-08-01,21:00-22:00,2024,8,1,4,0,3,21,0,0,44313,38703.555,344.296478,323.796478,2024-08-01 21:00:00,4273.275
2024-08-01,22:00-23:00,2024,8,1,4,0,3,22,0,1,41512,37311.288,343.209991,319.084381,2024-08-01 22:00:00,4350.641
2024-08-01,23:00-24:00,2024,8,1,4,0,3,23,0,1,38986,36027.585,322.910217,323.633759,2024-08-01 23:00:00,4348.964
2024-08-02,00:00-01:00,2024,8,2,5,0,3,0,0,1,39184,36120.568,325.56958,344.623779,2024-08-02 00:00:00,4630.206
2024-08-02,01:00-02:00,2024,8,2,5,0,3,1,0,1,37403,35417.838,325.000763,343.352814,2024-08-02 01:00:00,4598.735
2024-08-02,02:00-03:00,2024,8,2,5,0,3,2,0,1,36013,35218.258,325.333832,343.882446,2024-08-02 02:00:00,4561.254
2024-08-02,03:00-04:00,2024,8,2,5,0,3,3,0,1,35014,34029.78,325.273743,343.295441,2024-08-02 03:00:00,4529.798
2024-08-02,04:00-05:00,2024,8,2,5,0,3,4,0,1,34493,33620.318,324.99411,343.394012,2024-08-02 04:00:00,4480.083
2024-08-02,05:00-06:00,2024,8,2,5,0,3,5,0,1,34300,33595.278,324.311188,343.26474,2024-08-02 05:00:00,4554.048
2024-08-02,06:00-07:00,2024,8,2,5,0,3,6,0,1,35092,32672.525,324.079803,323.410797,2024-08-02 06:00:00,6569.054
2024-08-02,07:00-08:00,2024,8,2,5,0,3,7,0,0,37315,32664.448,65.910011,313.927094,2024-08-02 07:00:00,10339.095
2024-08-02,08:00-09:00,2024,8,2,5,0,3,8,1,0,41115,33542.638,246.221939,314.864471,2024-08-02 08:00:00,14598.632
2024-08-02,09:00-10:00,2024,8,2,5,0,3,9,1,0,43682,33060.948,264.479065,335.092102,2024-08-02 09:00:00,17946.263
2024-08-02,10:00-11:00,2024,8,2,5,0,3,10,1,0,45538,34084.718,308.685394,316.651184,2024-08-02 10:00:00,20032.913
2024-08-02,11:00-12:00,2024,8,2,5,0,3,11,1,0,46001,35034.248,311.769836,316.90979,2024-08-02 11:00:00,20879.025
2024-08-02,12:00-13:00,2024,8,2,5,0,3,12,1,0,47847,35236.018,312.548248,322.584167,2024-08-02 12:00:00,20735.525
2024-08-02,13:00-14:00,2024,8,2,5,0,3,13,1,0,47357,36176.288,312.18042,327.898224,2024-08-02 13:00:00,19760.441
2024-08-02,14:00-15:00,2024,8,2,5,0,3,14,1,0,46713,37400.718,311.858948,324.452332,2024-08-02 14:00:00,17685.311
2024-08-02,15:00-16:00,2024,8,2,5,0,3,15,1,0,46391,37617.21,318.179626,328.869781,2024-08-02 15:00:00,14434.438
2024-08-02,16:00-17:00,2024,8,2,5,0,3,16,1,0,45801,37259.408,330.475189,340.208313,2024-08-02 16:00:00,10155.359
2024-08-02,17:00-18:00,2024,8,2,5,0,3,17,1,0,43787,37337.178,333.405487,350.338898,2024-08-02 17:00:00,6119.72
2024-08-02,18:00-19:00,2024,8,2,5,0,3,18,1,0,43454,37262.378,335.563751,362.816742,2024-08-02 18:00:00,3960.369
2024-08-02,19:00-20:00,2024,8,2,5,0,3,19,1,0,46310,37643.882,343.785614,360.780731,2024-08-02 19:00:00,4145.896
2024-08-02,20:00-21:00,2024,8,2,5,0,3,20,1,0,47672,39475.878,361.333221,360.682587,2024-08-02 20:00:00,4445.416
2024-08-02,21:00-22:00,2024,8,2,5,0,3,21,0,0,46545,38688.599,341.948425,360.403656,2024-08-02 21:00:00,4682.561
2024-08-02,22:00-23:00,2024,8,2,5,0,3,22,0,1,43747,37747.586,340.549011,340.161682,2024-08-02 22:00:00,4847.641
2024-08-02,23:00-24:00,2024,8,2,5,0,3,23,0,1,40761,36305.778,333.297211,361.005615,2024-08-02 23:00:00,4879.466
2024-08-03,00:00-01:00,2024,8,3,6,1,3,0,0,1,40523,36304.648,342.476837,341.225677,2024-08-03 00:00:00,4957.842
2024-08-03,01:00-02:00,2024,8,3,6,1,3,1,0,1,38781,35578.741,341.417389,339.601715,2024-08-03 01:00:00,4982.096
2024-08-03,02:00-03:00,2024,8,3,6,1,3,2,0,1,37725,35366.518,346.955597,339.62851,2024-08-03 02:00:00,4999.252
2024-08-03,03:00-04:00,2024,8,3,6,1,3,3,0,1,36616,34147.178,336.724945,339.727875,2024-08-03 03:00:00,4986.962
2024-08-03,04:00-05:00,2024,8,3,6,1,3,4,0,1,35877,33698.068,336.906342,339.289246,2024-08-03 04:00:00,4938.521
2024-08-03,05:00-06:00,2024,8,3,6,1,3,5,0,1,35297,33752.998,335.220337,320.05481,2024-08-03 05:00:00,5031.704
2024-08-03,06:00-07:00,2024,8,3,6,1,3,6,0,1,35824,32929.848,318.057831,318.588715,2024-08-03 06:00:00,7291.259
2024-08-03,07:00-08:00,2024,8,3,6,1,3,7,0,0,37936,33241.548,49.806461,47.650352,2024-08-03 07:00:00,11537.966
2024-08-03,08:00-09:00,2024,8,3,6,1,3,8,1,0,41587,34316.428,221.782608,4.892594,2024-08-03 08:00:00,16110.947
2024-08-03,09:00-10:00,2024,8,3,6,1,3,9,1,0,44166,34344.198,184.525162,84.432335,2024-08-03 09:00:00,19576.098
2024-08-03,10:00-11:00,2024,8,3,6,1,3,10,1,0,46225,34728.408,249.606293,97.927757,2024-08-03 10:00:00,21637.355
2024-08-03,11:00-12:00,2024,8,3,6,1,3,11,1,0,46884,35705.878,246.168076,80.691811,2024-08-03 11:00:00,22501.718
2024-08-03,12:00-13:00,2024,8,3,6,1,3,12,1,0,48734,35875.118,310.3815,196.287918,2024-08-03 12:00:00,22458.881
2024-08-03,13:00-14:00,2024,8,3,6,1,3,13,1,0,48126,36489.708,309.758057,199.163483,2024-08-03 13:00:00,21617.425
2024-08-03,14:00-15:00,2024,8,3,6,1,3,14,1,0,47492,37525.018,314.548492,318.723877,2024-08-03 14:00:00,19487.581
2024-08-03,15:00-16:00,2024,8,3,6,1,3,15,1,0,47070,37812.668,331.872803,325.32196,2024-08-03 15:00:00,15944.644
2024-08-03,16:00-17:00,2024,8,3,6,1,3,16,1,0,46594,37176.748,338.374603,317.109955,2024-08-03 16:00:00,11157.61
2024-08-03,17:00-18:00,2024,8,3,6,1,3,17,1,0,44747,37093.212,344.005249,340.505371,2024-08-03 17:00:00,6627.709
2024-08-03,18:00-19:00,2024,8,3,6,1,3,18,1,0,44382,37084.878,342.747437,343.8974,2024-08-03 18:00:00,4128.776
2024-08-03,19:00-20:00,2024,8,3,6,1,3,19,1,0,47228,37567.908,347.145416,340.050873,2024-08-03 19:00:00,4149.061
2024-08-03,20:00-21:00,2024,8,3,6,1,3,20,1,0,48900,39632.022,347.426117,338.303833,2024-08-03 20:00:00,4430.549
2024-08-03,21:00-22:00,2024,8,3,6,1,3,21,0,0,47281,39386.057,341.31311,338.231384,2024-08-03 21:00:00,4715.746
2024-08-03,22:00-23:00,2024,8,3,6,1,3,22,0,1,44588,37429.698,341.276703,341.700562,2024-08-03 22:00:00,4948.068
2024-08-03,23:00-24:00,2024,8,3,6,1,3,23,0,1,41962,36480.68,337.872314,340.432617,2024-08-03 23:00:00,5060.191
2024-08-04,00:00-01:00,2024,8,4,7,1,3,0,0,1,41933,35252.268,352.545044,340.183685,2024-08-04 00:00:00,5354.291
2024-08-04,01:00-02:00,2024,8,4,7,1,3,1,0,1,39937,34066.534,359.798309,356.748718,2024-08-04 01:00:00,5321.911
2024-08-04,02:00-03:00,2024,8,4,7,1,3,2,0,1,38380,33120.191,359.467896,344.515991,2024-08-04 02:00:00,5235.502
2024-08-04,03:00-04:00,2024,8,4,7,1,3,3,0,1,37138,32863.803,336.968964,324.851318,2024-08-04 03:00:00,5091.144
2024-08-04,04:00-05:00,2024,8,4,7,1,3,4,0,1,36332,31792.013,328.020569,325.245667,2024-08-04 04:00:00,4898.299
2024-08-04,05:00-06:00,2024,8,4,7,1,3,5,0,1,35700,31320.721,321.396118,324.617798,2024-08-04 05:00:00,4871.668
2024-08-04,06:00-07:00,2024,8,4,7,1,3,6,0,1,36135,31946.598,323.48941,323.449097,2024-08-04 06:00:00,7078.097
2024-08-04,07:00-08:00,2024,8,4,7,1,3,7,0,0,38425,33103.658,47.5023,28.831541,2024-08-04 07:00:00,11312.218
2024-08-04,08:00-09:00,2024,8,4,7,1,3,8,1,0,42047,34184.928,93.393852,42.962032,2024-08-04 08:00:00,15833.917
2024-08-04,09:00-10:00,2024,8,4,7,1,3,9,1,0,44697,34228.558,109.043922,44.889347,2024-08-04 09:00:00,19270.419
2024-08-04,10:00-11:00,2024,8,4,7,1,3,10,1,0,46831,34698.048,141.578934,36.529911,2024-08-04 10:00:00,21369.257
2024-08-04,11:00-12:00,2024,8,4,7,1,3,11,1,0,47375,35673.078,146.982712,33.621082,2024-08-04 11:00:00,22205.201
2024-08-04,12:00-13:00,2024,8,4,7,1,3,12,1,0,49292,35723.198,253.299225,182.601395,2024-08-04 12:00:00,22174.656
2024-08-04,13:00-14:00,2024,8,4,7,1,3,13,1,0,48890,35869.509,271.634888,100.374184,2024-08-04 13:00:00,21387.661
2024-08-04,14:00-15:00,2024,8,4,7,1,3,14,1,0,48169,35627.436,314.569214,170.548828,2024-08-04 14:00:00,19311.14
2024-08-04,15:00-16:00,2024,8,4,7,1,3,15,1,0,47860,35784.301,328.759613,134.679718,2024-08-04 15:00:00,15759.57
2024-08-04,16:00-17:00,2024,8,4,7,1,3,16,1,0,47290,35290.558,344.293488,339.630646,2024-08-04 16:00:00,10766.195
2024-08-04,17:00-18:00,2024,8,4,7,1,3,17,1,0,45800,34937.458,357.415649,339.93515,2024-08-04 17:00:00,6105.873
2024-08-04,18:00-19:00,2024,8,4,7,1,3,18,1,0,45182,36201.996,351.933746,358.599701,2024-08-04 18:00:00,3644.973
2024-08-04,19:00-20:00,2024,8,4,7,1,3,19,1,0,47913,37790.39,352.253235,351.846191,2024-08-04 19:00:00,3636.952
2024-08-04,20:00-21:00,2024,8,4,7,1,3,20,1,0,49500,39380.776,366.196259,341.737091,2024-08-04 20:00:00,3836.897
2024-08-04,21:00-22:00,2024,8,4,7,1,3,21,0,0,47857,39056.933,356.805817,341.467133,2024-08-04 21:00:00,3907.028
2024-08-04,22:00-23:00,2024,8,4,7,1,3,22,0,1,44834,36014.294,360.951294,355.425262,2024-08-04 22:00:00,3999.996
2024-08-04,23:00-24:00,2024,8,4,7,1,3,23,0,1,42401,34857.828,345.255615,340.528015,2024-08-04 23:00:00,4125.614
2024-08-05,00:00-01:00,2024,8,5,1,0,3,0,0,1,43245,34326.449,342.182312,341.468262,2024-08-05 00:00:00,4128.566
2024-08-05,01:00-02:00,2024,8,5,1,0,3,1,0,1,41302,32951.911,352.023163,341.269226,2024-08-05 01:00:00,4118.181
2024-08-05,02:00-03:00,2024,8,5,1,0,3,2,0,1,39636,32099.969,349.260437,340.82373,2024-08-05 02:00:00,4066.117
2024-08-05,03:00-04:00,2024,8,5,1,0,3,3,0,1,37803,31626.628,354.874329,343.686951,2024-08-05 03:00:00,3917.264
2024-08-05,04:00-05:00,2024,8,5,1,0,3,4,0,1,37415,31597.793,343.579834,343.506744,2024-08-05 04:00:00,3706.147
2024-08-05,05:00-06:00,2024,8,5,1,0,3,5,0,1,36970,31606.078,343.471771,343.085052,2024-08-05 05:00:00,3635.851
2024-08-05,06:00-07:00,2024,8,5,1,0,3,6,0,1,37405,31675.678,324.268616,323.695282,2024-08-05 06:00:00,5693.99
2024-08-05,07:00-08:00,2024,8,5,1,0,3,7,0,0,40905,32818.878,323.240967,322.753693,2024-08-05 07:00:00,9722.006
2024-08-05,08:00-09:00,2024,8,5,1,0,3,8,1,0,44886,33832.948,320.469299,322.099457,2024-08-05 08:00:00,14139.688
2024-08-05,09:00-10:00,2024,8,5,1,0,3,9,1,0,47965,33879.088,327.680145,333.401489,2024-08-05 09:00:00,17597.254
2024-08-05,10:00-11:00,2024,8,5,1,0,3,10,1,0,49742,34720.28,340.339569,336.514984,2024-08-05 10:00:00,19709.639
2024-08-05,11:00-12:00,2024,8,5,1,0,3,11,1,0,50853,35545.939,335.581757,330.762299,2024-08-05 11:00:00,20558.023
2024-08-05,12:00-13:00,2024,8,5,1,0,3,12,1,0,51963,36010.237,340.901428,349.830353,2024-08-05 12:00:00,20496.726
2024-08-05,13:00-14:00,2024,8,5,1,0,3,13,1,0,51075,35275.118,334.255035,349.598114,2024-08-05 13:00:00,19575.184
2024-08-05,14:00-15:00,2024,8,5,1,0,3,14,1,0,50408,35817.238,334.867004,336.825409,2024-08-05 14:00:00,17352.195
2024-08-05,15:00-16:00,2024,8,5,1,0,3,15,1,0,50186,35544.04,344.768677,339.000122,2024-08-05 15:00:00,13754.618
2024-08-05,16:00-17:00,2024,8,5,1,0,3,16,1,0,49742,34906.028,360.482788,362.073425,2024-08-05 16:00:00,8920.993
2024-08-05,17:00-18:00,2024,8,5,1,0,3,17,1,0,48298,34468.467,363.219818,375.098969,2024-08-05 17:00:00,4425.923
2024-08-05,18:00-19:00,2024,8,5,1,0,3,18,1,0,47965,35720.862,356.487579,351.080658,2024-08-05 18:00:00,2082.389
2024-08-05,19:00-20:00,2024,8,5,1,0,3,19,1,0,49964,37262.788,351.689758,354.209442,2024-08-05 19:00:00,2038.745
2024-08-05,20:00-21:00,2024,8,5,1,0,3,20,1,0,52519,38827.218,366.518311,351.174957,2024-08-05 20:00:00,2170.128
2024-08-05,21:00-22:00,2024,8,5,1,0,3,21,0,0,51186,38542.215,359.691437,340.078461,2024-08-05 21:00:00,2330.659
2024-08-05,22:00-23:00,2024,8,5,1,0,3,22,0,1,48243,35845.838,361.130951,341.132416,2024-08-05 22:00:00,2546.784
2024-08-05,23:00-24:00,2024,8,5,1,0,3,23,0,1,45411,34585.196,341.980225,340.47540300000003,2024-08-05 23:00:00,2707.66
2024-08-06,00:00-01:00,2024,8,6,2,0,3,0,0,1,44527,34505.328,481.859558,456.199371,2024-08-06 00:00:00,2531.141
2024-08-06,01:00-02:00,2024,8,6,2,0,3,1,0,1,42465,33292.707,484.964905,455.755951,2024-08-06 01:00:00,2491.128
2024-08-06,02:00-03:00,2024,8,6,2,0,3,2,0,1,40817,32419.937,491.572968,488.142334,2024-08-06 02:00:00,2359.884
2024-08-06,03:00-04:00,2024,8,6,2,0,3,3,0,1,39602,31874.798,488.698029,486.211792,2024-08-06 03:00:00,2190.26
2024-08-06,04:00-05:00,2024,8,6,2,0,3,4,0,1,38928,31840.038,486.853485,476.234283,2024-08-06 04:00:00,2064.701
2024-08-06,05:00-06:00,2024,8,6,2,0,3,5,0,1,38253,31702.728,458.453705,455.505676,2024-08-06 05:00:00,2076.469
2024-08-06,06:00-07:00,2024,8,6,2,0,3,6,0,1,38523,31354.375,455.736176,456.920776,2024-08-06 06:00:00,4156.244
2024-08-06,07:00-08:00,2024,8,6,2,0,3,7,0,0,41559,32471.185,390.895599,388.621429,2024-08-06 07:00:00,8202.349
2024-08-06,08:00-09:00,2024,8,6,2,0,3,8,1,0,46281,33216.388,419.156189,375.472626,2024-08-06 08:00:00,12659.233
2024-08-06,09:00-10:00,2024,8,6,2,0,3,9,1,0,49066,33207.178,439.604523,354.102234,2024-08-06 09:00:00,16242.634
2024-08-06,10:00-11:00,2024,8,6,2,0,3,10,1,0,51881,33649.258,443.367462,365.864838,2024-08-06 10:00:00,18614.894
2024-08-06,11:00-12:00,2024,8,6,2,0,3,11,1,0,52985,34677.898,461.369263,369.014343,2024-08-06 11:00:00,19643.521
2024-08-06,12:00-13:00,2024,8,6,2,0,3,12,1,0,54759,34694.538,488.904083,462.491882,2024-08-06 12:00:00,19664.788
2024-08-06,13:00-14:00,2024,8,6,2,0,3,13,1,0,53655,34407.768,476.235443,458.108215,2024-08-06 13:00:00,18864.825
2024-08-06,14:00-15:00,2024,8,6,2,0,3,14,1,0,52843,34481.588,473.093872,467.044037,2024-08-06 14:00:00,16671.749
2024-08-06,15:00-16:00,2024,8,6,2,0,3,15,1,0,52008,34679.208,478.824768,470.713593,2024-08-06 15:00:00,13032.061
2024-08-06,16:00-17:00,2024,8,6,2,0,3,16,1,0,51000,34267.6,493.567474,478.76413,2024-08-06 16:00:00,8215.329
2024-08-06,17:00-18:00,2024,8,6,2,0,3,17,1,0,48778,34029.388,569.320374,523.687378,2024-08-06 17:00:00,3773.889
2024-08-06,18:00-19:00,2024,8,6,2,0,3,18,1,0,48028,35068.987,514.310425,455.429016,2024-08-06 18:00:00,1412.748
2024-08-06,19:00-20:00,2024,8,6,2,0,3,19,1,0,51941,37101.498,628.840576,487.864594,2024-08-06 19:00:00,1374.37
2024-08-06,20:00-21:00,2024,8,6,2,0,3,20,1,0,54167,38755.558,667.218201,458.779602,2024-08-06 20:00:00,1522.544
2024-08-06,21:00-22:00,2024,8,6,2,0,3,21,0,0,52481,38528.058,521.232849,369.636017,2024-08-06 21:00:00,1693.541
2024-08-06,22:00-23:00,2024,8,6,2,0,3,22,0,1,49445,35599.648,497.895142,124.394318,2024-08-06 22:00:00,1794.986
2024-08-06,23:00-24:00,2024,8,6,2,0,3,23,0,1,45802,33950.827,480.771484,324.442017,2024-08-06 23:00:00,1878.447
2024-08-07,00:00-01:00,2024,8,7,3,0,3,0,0,1,44792,33824.585,523.825867,454.821289,2024-08-07 00:00:00,2239.261
2024-08-07,01:00-02:00,2024,8,7,3,0,3,1,0,1,42575,30288.467,517.460327,457.616821,2024-08-07 01:00:00,2308.105
2024-08-07,02:00-03:00,2024,8,7,3,0,3,2,0,1,40853,26996.602,490.611328,463.15155,2024-08-07 02:00:00,2344.392
2024-08-07,03:00-04:00,2024,8,7,3,0,3,3,0,1,39490,25052.703,474.74942,446.918304,2024-08-07 03:00:00,2378.2
2024-08-07,04:00-05:00,2024,8,7,3,0,3,4,0,1,38624,25041.574,474.793457,446.588654,2024-08-07 04:00:00,2412.79
2024-08-07,05:00-06:00,2024,8,7,3,0,3,5,0,1,37812,24311.471,468.545258,446.770752,2024-08-07 05:00:00,2599.889
2024-08-07,06:00-07:00,2024,8,7,3,0,3,6,0,1,38391,24347.816,451.855835,452.799438,2024-08-07 06:00:00,4931.43
2024-08-07,07:00-08:00,2024,8,7,3,0,3,7,0,0,41286,25072.579,428.919708,377.07843,2024-08-07 07:00:00,9442.475
2024-08-07,08:00-09:00,2024,8,7,3,0,3,8,1,0,45750,26300.852,436.936127,451.319885,2024-08-07 08:00:00,14302.051
2024-08-07,09:00-10:00,2024,8,7,3,0,3,9,1,0,48592,28698.172,441.293213,313.203766,2024-08-07 09:00:00,18135.081
2024-08-07,10:00-11:00,2024,8,7,3,0,3,10,1,0,50874,28972.652,460.702667,323.264069,2024-08-07 10:00:00,20555.651
2024-08-07,11:00-12:00,2024,8,7,3,0,3,11,1,0,51566,29681.812,453.390442,371.592224,2024-08-07 11:00:00,21575.233
2024-08-07,12:00-13:00,2024,8,7,3,0,3,12,1,0,53814,29927.302,502.645203,384.093689,2024-08-07 12:00:00,21663.093
2024-08-07,13:00-14:00,2024,8,7,3,0,3,13,1,0,53129,29573.982,479.476105,409.17276,2024-08-07 13:00:00,20874.061
2024-08-07,14:00-15:00,2024,8,7,3,0,3,14,1,0,52400,30100.617,481.92511,415.319763,2024-08-07 14:00:00,18701.575
2024-08-07,15:00-16:00,2024,8,7,3,0,3,15,1,0,52644,33170.511,555.332275,487.327484,2024-08-07 15:00:00,14932.992
2024-08-07,16:00-17:00,2024,8,7,3,0,3,16,1,0,51834,34393.57,582.657654,510.27536,2024-08-07 16:00:00,9932.919
2024-08-07,17:00-18:00,2024,8,7,3,0,3,17,1,0,49530,34442.708,664.430908,593.529175,2024-08-07 17:00:00,5308.967
2024-08-07,18:00-19:00,2024,8,7,3,0,3,18,1,0,48679,35469.325,562.286377,581.743652,2024-08-07 18:00:00,2943.176
2024-08-07,19:00-20:00,2024,8,7,3,0,3,19,1,0,51406,37146.353,666.85376,629.726685,2024-08-07 19:00:00,3044.448
2024-08-07,20:00-21:00,2024,8,7,3,0,3,20,1,0,53043,38451.32,595.871094,497.36911,2024-08-07 20:00:00,3301.079
2024-08-07,21:00-22:00,2024,8,7,3,0,3,21,0,0,51618,37818.703,512.199402,483.910126,2024-08-07 21:00:00,3511.935
2024-08-07,22:00-23:00,2024,8,7,3,0,3,22,0,1,48912,35591.786,527.854736,484.409729,2024-08-07 22:00:00,3674.269
2024-08-07,23:00-24:00,2024,8,7,3,0,3,23,0,1,46056,34059.27,479.341766,476.167023,2024-08-07 23:00:00,3766.132
2024-08-08,00:00-01:00,2024,8,8,4,0,3,0,0,1,45552,33488.904,502.366547,480.797028,2024-08-08 00:00:00,3838.932
2024-08-08,01:00-02:00,2024,8,8,4,0,3,1,0,1,43302,30085.763,490.335907,477.780304,2024-08-08 01:00:00,3877.613
2024-08-08,02:00-03:00,2024,8,8,4,0,3,2,0,1,41542,26974.332,471.557465,490.391235,2024-08-08 02:00:00,3908.996
2024-08-08,03:00-04:00,2024,8,8,4,0,3,3,0,1,40132,25048.694,459.347839,474.815735,2024-08-08 03:00:00,3935.19
2024-08-08,04:00-05:00,2024,8,8,4,0,3,4,0,1,39184,25081.337,455.776825,461.147949,2024-08-08 04:00:00,3957.006
2024-08-08,05:00-06:00,2024,8,8,4,0,3,5,0,1,38244,25124.772,448.979645,448.914551,2024-08-08 05:00:00,4091.091
2024-08-08,06:00-07:00,2024,8,8,4,0,3,6,0,1,38753,25507.428,357.001465,434.483429,2024-08-08 06:00:00,6426.006
2024-08-08,07:00-08:00,2024,8,8,4,0,3,7,0,0,41746,26367.004,100.850365,349.839722,2024-08-08 07:00:00,10935.567
2024-08-08,08:00-09:00,2024,8,8,4,0,3,8,1,0,46223,27243.296,386.427155,445.198944,2024-08-08 08:00:00,15615.058
2024-08-08,09:00-10:00,2024,8,8,4,0,3,9,1,0,49079,29537.916,360.479584,419.495911,2024-08-08 09:00:00,19166.253
2024-08-08,10:00-11:00,2024,8,8,4,0,3,10,1,0,51470,29937.187,391.301239,438.432587,2024-08-08 10:00:00,21298.362
2024-08-08,11:00-12:00,2024,8,8,4,0,3,11,1,0,52105,30493.936,414.363037,443.134125,2024-08-08 11:00:00,22135.48
2024-08-08,12:00-13:00,2024,8,8,4,0,3,12,1,0,54911,30753.166,466.396271,464.667297,2024-08-08 12:00:00,22128.929
2024-08-08,13:00-14:00,2024,8,8,4,0,3,13,1,0,54189,30563.804,467.555573,463.46405,2024-08-08 13:00:00,21363.514
2024-08-08,14:00-15:00,2024,8,8,4,0,3,14,1,0,53095,31236.667,462.832336,458.663269,2024-08-08 14:00:00,19262.488
2024-08-08,15:00-16:00,2024,8,8,4,0,3,15,1,0,52747,33523.298,463.927155,472.371582,2024-08-08 15:00:00,15570.17
2024-08-08,16:00-17:00,2024,8,8,4,0,3,16,1,0,52018,34787.782,490.760101,480.035583,2024-08-08 16:00:00,10559.531
2024-08-08,17:00-18:00,2024,8,8,4,0,3,17,1,0,50320,34497.891,575.006409,681.119568,2024-08-08 17:00:00,5877.903
2024-08-08,18:00-19:00,2024,8,8,4,0,3,18,1,0,49302,35575.847,540.786804,616.665527,2024-08-08 18:00:00,3452.1
2024-08-08,19:00-20:00,2024,8,8,4,0,3,19,1,0,52116,37306.444,580.912964,690.472595,2024-08-08 19:00:00,3512.078
2024-08-08,20:00-21:00,2024,8,8,4,0,3,20,1,0,53693,38673.851,612.583252,697.706116,2024-08-08 20:00:00,3703.352
2024-08-08,21:00-22:00,2024,8,8,4,0,3,21,0,0,52271,38380.538,558.56842,619.007996,2024-08-08 21:00:00,3889.308
2024-08-08,22:00-23:00,2024,8,8,4,0,3,22,0,1,49559,35157.415,554.973511,563.52771,2024-08-08 22:00:00,4029.481
2024-08-08,23:00-24:00,2024,8,8,4,0,3,23,0,1,46652,34527.983,517.408447,499.184021,2024-08-08 23:00:00,4099.337
2024-08-09,00:00-01:00,2024,8,9,5,0,3,0,0,1,44790,34781.548,502.153412,480.209717,2024-08-09 00:00:00,4211.027
2024-08-09,01:00-02:00,2024,8,9,5,0,3,1,0,1,42642,31381.742,475.027313,476.583984,2024-08-09 01:00:00,4271.219
2024-08-09,02:00-03:00,2024,8,9,5,0,3,2,0,1,40955,28329.034,473.397614,476.90506,2024-08-09 02:00:00,4327.348
2024-08-09,03:00-04:00,2024,8,9,5,0,3,3,0,1,39524,26514.302,453.246765,456.995575,2024-08-09 03:00:00,4339.378
2024-08-09,04:00-05:00,2024,8,9,5,0,3,4,0,1,38679,26292.142,449.40686,454.241577,2024-08-09 04:00:00,4318.539
2024-08-09,05:00-06:00,2024,8,9,5,0,3,5,0,1,37800,25541.95,447.150055,453.821564,2024-08-09 05:00:00,4413.162
2024-08-09,06:00-07:00,2024,8,9,5,0,3,6,0,1,38448,25705.518,357.023773,430.258148,2024-08-09 06:00:00,6740.57
2024-08-09,07:00-08:00,2024,8,9,5,0,3,7,0,0,41388,26146.142,316.655151,374.232025,2024-08-09 07:00:00,11268.911
2024-08-09,08:00-09:00,2024,8,9,5,0,3,8,1,0,45885,27725.574,397.895111,406.279877,2024-08-09 08:00:00,16027.013
2024-08-09,09:00-10:00,2024,8,9,5,0,3,9,1,0,48777,29873.892,352.881592,364.76535,2024-08-09 09:00:00,19548.831
2024-08-09,10:00-11:00,2024,8,9,5,0,3,10,1,0,51164,30186.012,445.681732,406.535675,2024-08-09 10:00:00,21599.484
2024-08-09,11:00-12:00,2024,8,9,5,0,3,11,1,0,51780,30979.902,460.340759,381.616241,2024-08-09 11:00:00,22378.836
2024-08-09,12:00-13:00,2024,8,9,5,0,3,12,1,0,53828,31121.352,475.788025,450.721405,2024-08-09 12:00:00,22344.337
2024-08-09,13:00-14:00,2024,8,9,5,0,3,13,1,0,53056,30922.582,454.389313,449.76532,2024-08-09 13:00:00,21467.767
2024-08-09,14:00-15:00,2024,8,9,5,0,3,14,1,0,52012,30972.412,475.933868,465.303101,2024-08-09 14:00:00,19156.204
2024-08-09,15:00-16:00,2024,8,9,5,0,3,15,1,0,51277,33217.027,521.104919,485.24057,2024-08-09 15:00:00,15231.617
2024-08-09,16:00-17:00,2024,8,9,5,0,3,16,1,0,50513,35159.952,527.837769,526.329651,2024-08-09 16:00:00,9991.731
2024-08-09,17:00-18:00,2024,8,9,5,0,3,17,1,0,48175,35108.032,585.115417,572.261047,2024-08-09 17:00:00,5186.887
2024-08-09,18:00-19:00,2024,8,9,5,0,3,18,1,0,47386,36294.702,567.332947,546.155457,2024-08-09 18:00:00,2700.648
2024-08-09,19:00-20:00,2024,8,9,5,0,3,19,1,0,49845,37522.624,700.799683,718.565613,2024-08-09 19:00:00,2615.96
2024-08-09,20:00-21:00,2024,8,9,5,0,3,20,1,0,51367,38847.16,709.786499,721.137268,2024-08-09 20:00:00,2646.823
2024-08-09,21:00-22:00,2024,8,9,5,0,3,21,0,0,49954,38419.43,642.13324,558.992615,2024-08-09 21:00:00,2682.298
2024-08-09,22:00-23:00,2024,8,9,5,0,3,22,0,1,47255,35857.877,695.774475,590.67572,2024-08-09 22:00:00,2707.791
2024-08-09,23:00-24:00,2024,8,9,5,0,3,23,0,1,45066,34867.908,500.796051,510.194122,2024-08-09 23:00:00,2612.257
2024-08-10,00:00-01:00,2024,8,10,6,1,3,0,0,1,45291,31852.056,506.598816,652.255737,2024-08-10 00:00:00,1877.592
2024-08-10,01:00-02:00,2024,8,10,6,1,3,1,0,1,43078,28482.142,499.91629,542.175354,2024-08-10 01:00:00,1787.345
2024-08-10,02:00-03:00,2024,8,10,6,1,3,2,0,1,41327,26018.47,501.618988,487.057404,2024-08-10 02:00:00,1663.602
2024-08-10,03:00-04:00,2024,8,10,6,1,3,3,0,1,39844,25393.08,478.099304,474.444092,2024-08-10 03:00:00,1531.374
2024-08-10,04:00-05:00,2024,8,10,6,1,3,4,0,1,38861,25375.109,475.034424,473.94693,2024-08-10 04:00:00,1407.041
2024-08-10,05:00-06:00,2024,8,10,6,1,3,5,0,1,37761,24765.299,459.202301,464.408264,2024-08-10 05:00:00,1406.622
2024-08-10,06:00-07:00,2024,8,10,6,1,3,6,0,1,37971,24499.118,443.587677,454.412018,2024-08-10 06:00:00,3262.816
2024-08-10,07:00-08:00,2024,8,10,6,1,3,7,0,0,40444,25151.807,411.32782,459.957977,2024-08-10 07:00:00,7044.396
2024-08-10,08:00-09:00,2024,8,10,6,1,3,8,1,0,44490,26450.173,451.760986,448.18927,2024-08-10 08:00:00,11116.335
2024-08-10,09:00-10:00,2024,8,10,6,1,3,9,1,0,47311,28323.672,446.430023,450.992157,2024-08-10 09:00:00,14461.069
2024-08-10,10:00-11:00,2024,8,10,6,1,3,10,1,0,49575,28579.516,470.135345,453.810913,2024-08-10 10:00:00,16631.429
2024-08-10,11:00-12:00,2024,8,10,6,1,3,11,1,0,50276,29412.574,477.286102,470.114838,2024-08-10 11:00:00,17540.683
2024-08-10,12:00-13:00,2024,8,10,6,1,3,12,1,0,52281,30195.954,472.546021,472.708221,2024-08-10 12:00:00,17481.58
2024-08-10,13:00-14:00,2024,8,10,6,1,3,13,1,0,51614,30161.449,468.514435,467.942474,2024-08-10 13:00:00,16410.575
2024-08-10,14:00-15:00,2024,8,10,6,1,3,14,1,0,50512,30828.787,464.108978,468.913635,2024-08-10 14:00:00,14136.073
2024-08-10,15:00-16:00,2024,8,10,6,1,3,15,1,0,49754,32835.226,476.408752,480.544281,2024-08-10 15:00:00,10721.566
2024-08-10,16:00-17:00,2024,8,10,6,1,3,16,1,0,49001,34294.019,479.881805,505.677277,2024-08-10 16:00:00,6549.28
2024-08-10,17:00-18:00,2024,8,10,6,1,3,17,1,0,46928,34407.276,498.591644,502.997742,2024-08-10 17:00:00,2723.187
2024-08-10,18:00-19:00,2024,8,10,6,1,3,18,1,0,46128,35085.674,476.767395,476.986389,2024-08-10 18:00:00,638.405
2024-08-10,19:00-20:00,2024,8,10,6,1,3,19,1,0,48685,36356.806,502.156006,487.119812,2024-08-10 19:00:00,545.062
2024-08-10,20:00-21:00,2024,8,10,6,1,3,20,1,0,50416,37289.778,524.113159,524.365173,2024-08-10 20:00:00,563.661
2024-08-10,21:00-22:00,2024,8,10,6,1,3,21,0,0,49087,37053.796,514.598694,490.900085,2024-08-10 21:00:00,578.218
2024-08-10,22:00-23:00,2024,8,10,6,1,3,22,0,1,46350,35054.0,524.446594,527.277771,2024-08-10 22:00:00,617.165
2024-08-10,23:00-24:00,2024,8,10,6,1,3,23,0,1,44105,31189.636,501.990479,480.236938,2024-08-10 23:00:00,649.892
2024-08-11,00:00-01:00,2024,8,11,7,1,3,0,0,1,42926,30529.736,489.195465,474.767822,2024-08-11 00:00:00,879.877
2024-08-11,01:00-02:00,2024,8,11,7,1,3,1,0,1,40805,26950.744,483.37323,474.103821,2024-08-11 01:00:00,897.647
2024-08-11,02:00-03:00,2024,8,11,7,1,3,2,0,1,39133,23830.192,473.864777,471.017456,2024-08-11 02:00:00,883.051
2024-08-11,03:00-04:00,2024,8,11,7,1,3,3,0,1,37720,22102.288,470.960175,453.004242,2024-08-11 03:00:00,861.413
2024-08-11,04:00-05:00,2024,8,11,7,1,3,4,0,1,36840,21590.374,464.200684,453.059143,2024-08-11 04:00:00,839.412
2024-08-11,05:00-06:00,2024,8,11,7,1,3,5,0,1,35990,21339.153,457.738037,452.687225,2024-08-11 05:00:00,937.6
2024-08-11,06:00-07:00,2024,8,11,7,1,3,6,0,1,36315,21454.03,439.695251,452.384247,2024-08-11 06:00:00,3067.816
2024-08-11,07:00-08:00,2024,8,11,7,1,3,7,0,0,38628,22095.08,368.353149,404.863953,2024-08-11 07:00:00,7378.993
2024-08-11,08:00-09:00,2024,8,11,7,1,3,8,1,0,42423,23527.702,413.505981,337.874939,2024-08-11 08:00:00,12115.717
2024-08-11,09:00-10:00,2024,8,11,7,1,3,9,1,0,45101,24013.933,426.525269,327.453033,2024-08-11 09:00:00,15778.481
2024-08-11,10:00-11:00,2024,8,11,7,1,3,10,1,0,47315,24210.738,454.999756,147.089798,2024-08-11 10:00:00,17945.839
2024-08-11,11:00-12:00,2024,8,11,7,1,3,11,1,0,47952,24943.161,458.266327,103.603661,2024-08-11 11:00:00,18800.164
2024-08-11,12:00-13:00,2024,8,11,7,1,3,12,1,0,49843,25058.6,448.833069,390.324463,2024-08-11 12:00:00,18779.362
2024-08-11,13:00-14:00,2024,8,11,7,1,3,13,1,0,49303,24960.767,451.348724,370.417816,2024-08-11 13:00:00,17911.02
2024-08-11,14:00-15:00,2024,8,11,7,1,3,14,1,0,48716,25562.92,450.085266,421.750641,2024-08-11 14:00:00,15766.655
2024-08-11,15:00-16:00,2024,8,11,7,1,3,15,1,0,48059,29217.098,453.609436,389.034515,2024-08-11 15:00:00,12228.122
2024-08-11,16:00-17:00,2024,8,11,7,1,3,16,1,0,47502,31413.13,475.668427,461.820801,2024-08-11 16:00:00,7625.261
2024-08-11,17:00-18:00,2024,8,11,7,1,3,17,1,0,45606,33335.204,496.858826,473.380432,2024-08-11 17:00:00,3150.841
2024-08-11,18:00-19:00,2024,8,11,7,1,3,18,1,0,44861,33304.578,479.725952,473.257782,2024-08-11 18:00:00,706.381
2024-08-11,19:00-20:00,2024,8,11,7,1,3,19,1,0,47413,33410.874,511.673615,472.526245,2024-08-11 19:00:00,572.888
2024-08-11,20:00-21:00,2024,8,11,7,1,3,20,1,0,49007,35279.519,523.040222,497.554199,2024-08-11 20:00:00,579.631
2024-08-11,21:00-22:00,2024,8,11,7,1,3,21,0,0,47652,35490.092,519.3573,476.845734,2024-08-11 21:00:00,581.868
2024-08-11,22:00-23:00,2024,8,11,7,1,3,22,0,1,45016,33266.952,501.02829,473.803589,2024-08-11 22:00:00,583.196
2024-08-11,23:00-24:00,2024,8,11,7,1,3,23,0,1,42703,31019.889,478.122528,473.665833,2024-08-11 23:00:00,548.721
2024-08-12,00:00-01:00,2024,8,12,1,0,3,0,0,1,42044,29520.326,500.454529,475.738403,2024-08-12 00:00:00,427.022
2024-08-12,01:00-02:00,2024,8,12,1,0,3,1,0,1,40013,26324.196,513.673767,473.258453,2024-08-12 01:00:00,420.051
2024-08-12,02:00-03:00,2024,8,12,1,0,3,2,0,1,38454,22985.313,507.250519,473.228607,2024-08-12 02:00:00,416.576
2024-08-12,03:00-04:00,2024,8,12,1,0,3,3,0,1,37165,21109.468,474.710632,472.41214,2024-08-12 03:00:00,413.611
2024-08-12,04:00-05:00,2024,8,12,1,0,3,4,0,1,36437,20767.003,474.378357,461.323975,2024-08-12 04:00:00,424.524
2024-08-12,05:00-06:00,2024,8,12,1,0,3,5,0,1,35800,20662.687,457.847046,452.113312,2024-08-12 05:00:00,586.777
2024-08-12,06:00-07:00,2024,8,12,1,0,3,6,0,1,36554,20980.718,452.87384,452.594543,2024-08-12 06:00:00,2968.166
2024-08-12,07:00-08:00,2024,8,12,1,0,3,7,0,0,39472,22167.897,411.965088,423.121979,2024-08-12 07:00:00,7732.679
2024-08-12,08:00-09:00,2024,8,12,1,0,3,8,1,0,44249,23779.85,447.455719,458.177063,2024-08-12 08:00:00,12847.531
2024-08-12,09:00-10:00,2024,8,12,1,0,3,9,1,0,47270,26154.46,448.326172,464.137909,2024-08-12 09:00:00,16589.321
2024-08-12,10:00-11:00,2024,8,12,1,0,3,10,1,0,49545,26766.888,470.587067,453.794495,2024-08-12 10:00:00,18751.084
2024-08-12,11:00-12:00,2024,8,12,1,0,3,11,1,0,50028,27549.204,471.181671,453.302338,2024-08-12 11:00:00,19585.016
2024-08-12,12:00-13:00,2024,8,12,1,0,3,12,1,0,51910,27741.917,557.442017,493.506134,2024-08-12 12:00:00,19530.252
2024-08-12,13:00-14:00,2024,8,12,1,0,3,13,1,0,51032,27511.936,548.594543,545.221924,2024-08-12 13:00:00,18669.546
2024-08-12,14:00-15:00,2024,8,12,1,0,3,14,1,0,50040,27594.453,541.493774,467.488251,2024-08-12 14:00:00,16513.065
2024-08-12,15:00-16:00,2024,8,12,1,0,3,15,1,0,49438,28192.224,578.6875,488.696472,2024-08-12 15:00:00,12845.47
2024-08-12,16:00-17:00,2024,8,12,1,0,3,16,1,0,48671,30347.002,520.123047,484.346863,2024-08-12 16:00:00,7967.681
2024-08-12,17:00-18:00,2024,8,12,1,0,3,17,1,0,46678,31961.172,622.826294,576.627441,2024-08-12 17:00:00,3267.856
2024-08-12,18:00-19:00,2024,8,12,1,0,3,18,1,0,45908,33338.274,581.150146,479.205017,2024-08-12 18:00:00,835.518
2024-08-12,19:00-20:00,2024,8,12,1,0,3,19,1,0,48394,34624.637,612.921753,502.722809,2024-08-12 19:00:00,810.354
2024-08-12,20:00-21:00,2024,8,12,1,0,3,20,1,0,49992,35850.649,618.719666,496.103943,2024-08-12 20:00:00,877.457
2024-08-12,21:00-22:00,2024,8,12,1,0,3,21,0,0,48394,35643.798,590.943848,482.073853,2024-08-12 21:00:00,865.579
2024-08-12,22:00-23:00,2024,8,12,1,0,3,22,0,1,45494,33013.833,605.684265,479.793579,2024-08-12 22:00:00,849.044
2024-08-12,23:00-24:00,2024,8,12,1,0,3,23,0,1,43008,31962.64,510.051117,478.5224,2024-08-12 23:00:00,822.099
2024-08-13,00:00-01:00,2024,8,13,2,0,3,0,0,1,44142,32554.466,539.739258,496.478699,2024-08-13 00:00:00,893.964
2024-08-13,01:00-02:00,2024,8,13,2,0,3,1,0,1,42044,29936.551,504.739044,493.375916,2024-08-13 01:00:00,906.907
2024-08-13,02:00-03:00,2024,8,13,2,0,3,2,0,1,40385,26655.737,502.561432,496.005615,2024-08-13 02:00:00,943.684
2024-08-13,03:00-04:00,2024,8,13,2,0,3,3,0,1,38981,23070.447,494.548065,496.514404,2024-08-13 03:00:00,1003.827
2024-08-13,04:00-05:00,2024,8,13,2,0,3,4,0,1,37779,21733.734,481.229797,496.45874,2024-08-13 04:00:00,1089.007
2024-08-13,05:00-06:00,2024,8,13,2,0,3,5,0,1,37000,21519.414,474.57663,494.417603,2024-08-13 05:00:00,1310.399
2024-08-13,06:00-07:00,2024,8,13,2,0,3,6,0,1,37583,21361.571,455.757599,474.82959,2024-08-13 06:00:00,3720.403
2024-08-13,07:00-08:00,2024,8,13,2,0,3,7,0,0,40356,22178.826,459.114655,461.679993,2024-08-13 07:00:00,8370.855
2024-08-13,08:00-09:00,2024,8,13,2,0,3,8,1,0,44679,23760.974,458.762085,463.474152,2024-08-13 08:00:00,13260.615
2024-08-13,09:00-10:00,2024,8,13,2,0,3,9,1,0,47269,25930.47,452.967163,455.257111,2024-08-13 09:00:00,16907.461
2024-08-13,10:00-11:00,2024,8,13,2,0,3,10,1,0,49451,26772.874,443.302551,435.736084,2024-08-13 10:00:00,19063.9
2024-08-13,11:00-12:00,2024,8,13,2,0,3,11,1,0,49955,27674.15,448.231415,452.503448,2024-08-13 11:00:00,19830.358
2024-08-13,12:00-13:00,2024,8,13,2,0,3,12,1,0,51875,27598.81,483.735107,873.5066612500001,2024-08-13 12:00:00,19708.172
2024-08-13,13:00-14:00,2024,8,13,2,0,3,13,1,0,51066,27227.555,484.035553,811.031311,2024-08-13 13:00:00,18732.468
2024-08-13,14:00-15:00,2024,8,13,2,0,3,14,1,0,50090,26951.52,490.229065,459.93927,2024-08-13 14:00:00,16512.685
2024-08-13,15:00-16:00,2024,8,13,2,0,3,15,1,0,49420,28045.532,492.751312,476.341797,2024-08-13 15:00:00,12989.303
2024-08-13,16:00-17:00,2024,8,13,2,0,3,16,1,0,48719,29789.154,549.968506,477.089447,2024-08-13 16:00:00,8400.365
2024-08-13,17:00-18:00,2024,8,13,2,0,3,17,1,0,46523,31016.051,504.411865,483.21814,2024-08-13 17:00:00,4115.025
2024-08-13,18:00-19:00,2024,8,13,2,0,3,18,1,0,45813,30889.127,483.528717,475.639099,2024-08-13 18:00:00,2055.777
2024-08-13,19:00-20:00,2024,8,13,2,0,3,19,1,0,48148,31630.018,503.970856,497.208344,2024-08-13 19:00:00,2218.468
2024-08-13,20:00-21:00,2024,8,13,2,0,3,20,1,0,49295,32258.381,503.889221,477.947906,2024-08-13 20:00:00,2370.604
2024-08-13,21:00-22:00,2024,8,13,2,0,3,21,0,0,47778,31532.64,481.084778,478.888519,2024-08-13 21:00:00,2367.284
2024-08-13,22:00-23:00,2024,8,13,2,0,3,22,0,1,45018,30228.251,492.553223,475.373901,2024-08-13 22:00:00,2331.876
2024-08-13,23:00-24:00,2024,8,13,2,0,3,23,0,1,42773,30663.641,489.564636,475.422913,2024-08-13 23:00:00,2271.804
2024-08-14,00:00-01:00,2024,8,14,3,0,3,0,0,1,42084,31140.661,394.15387,378.710052,2024-08-14 00:00:00,2336.974
2024-08-14,01:00-02:00,2024,8,14,3,0,3,1,0,1,40035,28659.612,392.680603,378.57547,2024-08-14 01:00:00,2383.738
2024-08-14,02:00-03:00,2024,8,14,3,0,3,2,0,1,38448,25955.798,381.370056,360.590485,2024-08-14 02:00:00,2492.761
2024-08-14,03:00-04:00,2024,8,14,3,0,3,3,0,1,37168,22366.292,380.118774,378.583557,2024-08-14 03:00:00,2643.564
2024-08-14,04:00-05:00,2024,8,14,3,0,3,4,0,1,36540,21644.051,380.06546,359.990204,2024-08-14 04:00:00,2756.498
2024-08-14,05:00-06:00,2024,8,14,3,0,3,5,0,1,36000,21632.56,378.583405,360.032288,2024-08-14 05:00:00,2886.737
2024-08-14,06:00-07:00,2024,8,14,3,0,3,6,0,1,36709,21767.637,360.101959,360.342316,2024-08-14 06:00:00,4901.038
2024-08-14,07:00-08:00,2024,8,14,3,0,3,7,0,0,39354,22832.143,360.250977,361.978577,2024-08-14 07:00:00,8919.972
2024-08-14,08:00-09:00,2024,8,14,3,0,3,8,1,0,42770,24918.642,360.676666,361.943787,2024-08-14 08:00:00,13396.125
2024-08-14,09:00-10:00,2024,8,14,3,0,3,9,1,0,45204,27519.57,338.398163,358.269104,2024-08-14 09:00:00,16906.887
2024-08-14,10:00-11:00,2024,8,14,3,0,3,10,1,0,47139,27945.34,343.100708,358.347137,2024-08-14 10:00:00,19018.92
2024-08-14,11:00-12:00,2024,8,14,3,0,3,11,1,0,47361,28703.521,349.320129,357.598328,2024-08-14 11:00:00,19765.696
2024-08-14,12:00-13:00,2024,8,14,3,0,3,12,1,0,48946,28637.71,358.888458,355.77063,2024-08-14 12:00:00,19551.639
2024-08-14,13:00-14:00,2024,8,14,3,0,3,13,1,0,48301,28361.17,358.867828,335.85675,2024-08-14 13:00:00,18364.89
2024-08-14,14:00-15:00,2024,8,14,3,0,3,14,1,0,47361,28478.11,371.441559,358.26474,2024-08-14 14:00:00,16005.116
2024-08-14,15:00-16:00,2024,8,14,3,0,3,15,1,0,46808,28842.69,380.128479,360.480896,2024-08-14 15:00:00,12645.71
2024-08-14,16:00-17:00,2024,8,14,3,0,3,16,1,0,46089,30366.628,385.338074,379.140472,2024-08-14 16:00:00,8457.078
2024-08-14,17:00-18:00,2024,8,14,3,0,3,17,1,0,44545,32564.462,382.400146,378.862823,2024-08-14 17:00:00,4506.029
2024-08-14,18:00-19:00,2024,8,14,3,0,3,18,1,0,43820,32584.616,381.449219,370.412628,2024-08-14 18:00:00,2543.63
2024-08-14,19:00-20:00,2024,8,14,3,0,3,19,1,0,46557,33355.122,380.866394,382.006958,2024-08-14 19:00:00,2641.712
2024-08-14,20:00-21:00,2024,8,14,3,0,3,20,1,0,47552,34216.842,378.658508,371.215515,2024-08-14 20:00:00,2723.617
2024-08-14,21:00-22:00,2024,8,14,3,0,3,21,0,0,45916,34182.732,377.996887,360.910645,2024-08-14 21:00:00,2696.041
2024-08-14,22:00-23:00,2024,8,14,3,0,3,22,0,1,43476,32479.893,379.201111,378.695862,2024-08-14 22:00:00,2632.448
2024-08-14,23:00-24:00,2024,8,14,3,0,3,23,0,1,41247,32007.217,379.146576,359.814423,2024-08-14 23:00:00,2577.625
2024-08-15,00:00-01:00,2024,8,15,4,0,3,0,0,1,40289,29827.59,378.429321,377.747589,2024-08-15 00:00:00,2601.376
2024-08-15,01:00-02:00,2024,8,15,4,0,3,1,0,1,38419,27133.897,378.218475,377.717468,2024-08-15 01:00:00,2619.9
2024-08-15,02:00-03:00,2024,8,15,4,0,3,2,0,1,37027,24394.563,376.547516,371.217926,2024-08-15 02:00:00,2631.658
2024-08-15,03:00-04:00,2024,8,15,4,0,3,3,0,1,35765,21879.179,376.572937,371.110382,2024-08-15 03:00:00,2655.368
2024-08-15,04:00-05:00,2024,8,15,4,0,3,4,0,1,35195,20978.435,370.965881,356.612671,2024-08-15 04:00:00,2670.944
2024-08-15,05:00-06:00,2024,8,15,4,0,3,5,0,1,35000,20751.799,370.897461,356.616791,2024-08-15 05:00:00,2779.808
2024-08-15,06:00-07:00,2024,8,15,4,0,3,6,0,1,35565,21149.986,358.401886,358.474731,2024-08-15 06:00:00,4592.644
2024-08-15,07:00-08:00,2024,8,15,4,0,3,7,0,0,37788,21761.242,343.922699,357.927765,2024-08-15 07:00:00,8238.051
2024-08-15,08:00-09:00,2024,8,15,4,0,3,8,1,0,41286,23212.726,358.728058,359.401123,2024-08-15 08:00:00,12280.556
2024-08-15,09:00-10:00,2024,8,15,4,0,3,9,1,0,43566,25733.226,278.540558,318.17572,2024-08-15 09:00:00,15526.409
2024-08-15,10:00-11:00,2024,8,15,4,0,3,10,1,0,45347,26276.956,359.135162,360.306152,2024-08-15 10:00:00,17436.515
2024-08-15,11:00-12:00,2024,8,15,4,0,3,11,1,0,45632,27025.616,350.178375,343.647888,2024-08-15 11:00:00,17976.258
2024-08-15,12:00-13:00,2024,8,15,4,0,3,12,1,0,46935,27028.746,364.396057,367.63559,2024-08-15 12:00:00,17748.169
2024-08-15,13:00-14:00,2024,8,15,4,0,3,13,1,0,46412,26744.506,370.242218,374.610504,2024-08-15 13:00:00,16757.068
2024-08-15,14:00-15:00,2024,8,15,4,0,3,14,1,0,45645,26769.166,374.754456,377.066742,2024-08-15 14:00:00,14738.686
2024-08-15,15:00-16:00,2024,8,15,4,0,3,15,1,0,45094,27192.166,376.250793,377.966461,2024-08-15 15:00:00,11625.901
2024-08-15,16:00-17:00,2024,8,15,4,0,3,16,1,0,44510,28698.956,377.012238,396.948395,2024-08-15 16:00:00,7788.218
2024-08-15,17:00-18:00,2024,8,15,4,0,3,17,1,0,42627,30021.465,378.837433,390.183075,2024-08-15 17:00:00,4093.291
2024-08-15,18:00-19:00,2024,8,15,4,0,3,18,1,0,41854,29915.796,369.736145,377.135284,2024-08-15 18:00:00,2330.642
2024-08-15,19:00-20:00,2024,8,15,4,0,3,19,1,0,43779,30819.166,384.242126,380.613922,2024-08-15 19:00:00,2489.525
2024-08-15,20:00-21:00,2024,8,15,4,0,3,20,1,0,44057,31765.5,380.96994,390.941376,2024-08-15 20:00:00,2647.178
2024-08-15,21:00-22:00,2024,8,15,4,0,3,21,0,0,42469,31714.896,372.913208,372.823303,2024-08-15 21:00:00,2666.007
2024-08-15,22:00-23:00,2024,8,15,4,0,3,22,0,1,40467,29924.256,362.245789,379.259583,2024-08-15 22:00:00,2645.633
2024-08-15,23:00-24:00,2024,8,15,4,0,3,23,0,1,38393,29209.203,361.168976,377.71814,2024-08-15 23:00:00,2588.72
2024-08-16,00:00-01:00,2024,8,16,5,0,3,0,0,1,37853,26856.918,381.59787,381.758362,2024-08-16 00:00:00,2473.544
2024-08-16,01:00-02:00,2024,8,16,5,0,3,1,0,1,36220,24294.711,380.212982,381.096436,2024-08-16 01:00:00,2413.032
2024-08-16,02:00-03:00,2024,8,16,5,0,3,2,0,1,34875,21994.972,377.358124,374.711609,2024-08-16 02:00:00,2370.925
2024-08-16,03:00-04:00,2024,8,16,5,0,3,3,0,1,33872,20861.523,377.35022,377.999969,2024-08-16 03:00:00,2363.26
2024-08-16,04:00-05:00,2024,8,16,5,0,3,4,0,1,33338,20724.232,374.437653,374.379333,2024-08-16 04:00:00,2353.041
2024-08-16,05:00-06:00,2024,8,16,5,0,3,5,0,1,33200,20539.4,374.163086,374.268524,2024-08-16 05:00:00,2409.443
2024-08-16,06:00-07:00,2024,8,16,5,0,3,6,0,1,34011,20791.93,358.000122,358.000061,2024-08-16 06:00:00,4331.162
2024-08-16,07:00-08:00,2024,8,16,5,0,3,7,0,0,37040,21630.83,341.578247,362.413239,2024-08-16 07:00:00,8363.125
2024-08-16,08:00-09:00,2024,8,16,5,0,3,8,1,0,40504,23128.78,344.996002,359.459686,2024-08-16 08:00:00,12773.691
2024-08-16,09:00-10:00,2024,8,16,5,0,3,9,1,0,42606,24405.85,236.325226,257.178375,2024-08-16 09:00:00,16154.508
2024-08-16,10:00-11:00,2024,8,16,5,0,3,10,1,0,44262,24682.31,338.216644,306.619843,2024-08-16 10:00:00,18239.595
2024-08-16,11:00-12:00,2024,8,16,5,0,3,11,1,0,44304,25425.96,334.361115,322.488159,2024-08-16 11:00:00,19009.171
2024-08-16,12:00-13:00,2024,8,16,5,0,3,12,1,0,45715,25380.28,361.013702,359.17395,2024-08-16 12:00:00,18827.264
2024-08-16,13:00-14:00,2024,8,16,5,0,3,13,1,0,45218,25119.59,376.203674,371.899414,2024-08-16 13:00:00,17715.953
2024-08-16,14:00-15:00,2024,8,16,5,0,3,14,1,0,44639,25062.06,377.174652,378.442322,2024-08-16 14:00:00,15375.411
2024-08-16,15:00-16:00,2024,8,16,5,0,3,15,1,0,44413,25756.781,383.265869,386.269928,2024-08-16 15:00:00,11975.443
2024-08-16,16:00-17:00,2024,8,16,5,0,3,16,1,0,43947,27510.4,387.969177,389.366119,2024-08-16 16:00:00,7786.124
2024-08-16,17:00-18:00,2024,8,16,5,0,3,17,1,0,42041,27547.44,432.751923,436.223389,2024-08-16 17:00:00,3924.344
2024-08-16,18:00-19:00,2024,8,16,5,0,3,18,1,0,41458,26850.25,399.025299,394.845978,2024-08-16 18:00:00,2098.591
2024-08-16,19:00-20:00,2024,8,16,5,0,3,19,1,0,43300,27527.026,401.683716,401.644684,2024-08-16 19:00:00,2248.661
2024-08-16,20:00-21:00,2024,8,16,5,0,3,20,1,0,43630,28740.3,391.869934,399.677216,2024-08-16 20:00:00,2355.292
2024-08-16,21:00-22:00,2024,8,16,5,0,3,21,0,0,41939,28729.99,377.972778,377.600525,2024-08-16 21:00:00,2338.231
2024-08-16,22:00-23:00,2024,8,16,5,0,3,22,0,1,39807,27385.706,398.397308,384.233917,2024-08-16 22:00:00,2285.753
2024-08-16,23:00-24:00,2024,8,16,5,0,3,23,0,1,37805,26566.762,381.531372,384.065521,2024-08-16 23:00:00,2174.591
2024-08-17,00:00-01:00,2024,8,17,6,1,3,0,0,1,39069,24549.508,401.322144,397.698853,2024-08-17 00:00:00,2232.297
2024-08-17,01:00-02:00,2024,8,17,6,1,3,1,0,1,37176,22871.125,397.4198,416.57486,2024-08-17 01:00:00,2128.908
2024-08-17,02:00-03:00,2024,8,17,6,1,3,2,0,1,35755,21744.785,397.358398,398.059845,2024-08-17 02:00:00,2077.604
2024-08-17,03:00-04:00,2024,8,17,6,1,3,3,0,1,34646,20633.864,377.287933,396.615082,2024-08-17 03:00:00,2063.35
2024-08-17,04:00-05:00,2024,8,17,6,1,3,4,0,1,34194,20586.024,377.197937,380.854401,2024-08-17 04:00:00,2060.047
2024-08-17,05:00-06:00,2024,8,17,6,1,3,5,0,1,34000,20523.933,373.980225,373.949341,2024-08-17 05:00:00,2103.117
2024-08-17,06:00-07:00,2024,8,17,6,1,3,6,0,1,34634,20721.79,359.195282,354.591064,2024-08-17 06:00:00,4041.411
2024-08-17,07:00-08:00,2024,8,17,6,1,3,7,0,0,36808,21652.5,326.607239,343.030914,2024-08-17 07:00:00,8073.721
2024-08-17,08:00-09:00,2024,8,17,6,1,3,8,1,0,39901,23212.16,244.24736,360.906799,2024-08-17 08:00:00,12571.398
2024-08-17,09:00-10:00,2024,8,17,6,1,3,9,1,0,42151,24561.61,208.362198,273.870087,2024-08-17 09:00:00,16043.661
2024-08-17,10:00-11:00,2024,8,17,6,1,3,10,1,0,43959,24844.67,337.844177,302.899261,2024-08-17 10:00:00,18168.121
2024-08-17,11:00-12:00,2024,8,17,6,1,3,11,1,0,44197,25616.67,299.623535,316.712616,2024-08-17 11:00:00,18923.228
2024-08-17,12:00-13:00,2024,8,17,6,1,3,12,1,0,45802,25584.211,378.141418,378.605499,2024-08-17 12:00:00,18657.79
2024-08-17,13:00-14:00,2024,8,17,6,1,3,13,1,0,45348,25225.75,372.476074,378.098633,2024-08-17 13:00:00,17384.492
2024-08-17,14:00-15:00,2024,8,17,6,1,3,14,1,0,44693,25086.487,379.888794,390.677094,2024-08-17 14:00:00,14761.466
2024-08-17,15:00-16:00,2024,8,17,6,1,3,15,1,0,44330,25232.425,379.839233,423.536652,2024-08-17 15:00:00,11139.518
2024-08-17,16:00-17:00,2024,8,17,6,1,3,16,1,0,43865,26267.99,397.220703,719.030884,2024-08-17 16:00:00,6906.03
2024-08-17,17:00-18:00,2024,8,17,6,1,3,17,1,0,42100,25994.12,420.942474,598.166626,2024-08-17 17:00:00,3236.093
2024-08-17,18:00-19:00,2024,8,17,6,1,3,18,1,0,41435,25531.108,383.001221,431.994568,2024-08-17 18:00:00,1636.628
2024-08-17,19:00-20:00,2024,8,17,6,1,3,19,1,0,43546,26207.21,427.580292,576.159851,2024-08-17 19:00:00,1794.0
2024-08-17,20:00-21:00,2024,8,17,6,1,3,20,1,0,44134,27506.23,407.056335,873.5066612500001,2024-08-17 20:00:00,1885.322
2024-08-17,21:00-22:00,2024,8,17,6,1,3,21,0,0,42529,27488.808,398.667542,420.99292,2024-08-17 21:00:00,1824.171
2024-08-17,22:00-23:00,2024,8,17,6,1,3,22,0,1,40249,25502.952,400.049591,565.107239,2024-08-17 22:00:00,1708.097
2024-08-17,23:00-24:00,2024,8,17,6,1,3,23,0,1,38274,24811.125,396.776123,494.898834,2024-08-17 23:00:00,1580.705
2024-08-18,00:00-01:00,2024,8,18,7,1,3,0,0,1,38268,22178.741,379.991333,390.790131,2024-08-18 00:00:00,1487.948
2024-08-18,01:00-02:00,2024,8,18,7,1,3,1,0,1,36364,21772.06,378.52594,451.001434,2024-08-18 01:00:00,1418.169
2024-08-18,02:00-03:00,2024,8,18,7,1,3,2,0,1,34912,20604.73,376.717133,397.240601,2024-08-18 02:00:00,1374.509
2024-08-18,03:00-04:00,2024,8,18,7,1,3,3,0,1,33752,20338.93,357.764923,387.91095,2024-08-18 03:00:00,1357.106
2024-08-18,04:00-05:00,2024,8,18,7,1,3,4,0,1,33166,20290.87,357.13739,376.326141,2024-08-18 04:00:00,1343.448
2024-08-18,05:00-06:00,2024,8,18,7,1,3,5,0,1,32925,20203.17,356.631195,357.769989,2024-08-18 05:00:00,1347.55
2024-08-18,06:00-07:00,2024,8,18,7,1,3,6,0,1,33374,20531.17,341.741638,342.107727,2024-08-18 06:00:00,2984.556
2024-08-18,07:00-08:00,2024,8,18,7,1,3,7,0,0,35293,21347.12,322.687775,335.576294,2024-08-18 07:00:00,6480.838
2024-08-18,08:00-09:00,2024,8,18,7,1,3,8,1,0,38664,22807.89,327.820984,342.073761,2024-08-18 08:00:00,10403.608
2024-08-18,09:00-10:00,2024,8,18,7,1,3,9,1,0,41116,23918.92,286.836853,322.432068,2024-08-18 09:00:00,13647.949
2024-08-18,10:00-11:00,2024,8,18,7,1,3,10,1,0,42841,24209.31,338.313721,351.312347,2024-08-18 10:00:00,15651.516
2024-08-18,11:00-12:00,2024,8,18,7,1,3,11,1,0,43157,24999.49,320.682098,339.766266,2024-08-18 11:00:00,16410.206
2024-08-18,12:00-13:00,2024,8,18,7,1,3,12,1,0,44673,24980.18,353.962067,358.565186,2024-08-18 12:00:00,16108.35
2024-08-18,13:00-14:00,2024,8,18,7,1,3,13,1,0,44268,24555.15,354.842285,564.03,2024-08-18 13:00:00,14715.176
2024-08-18,14:00-15:00,2024,8,18,7,1,3,14,1,0,43612,24506.91,360.066742,562.23,2024-08-18 14:00:00,12136.191
2024-08-18,15:00-16:00,2024,8,18,7,1,3,15,1,0,43214,24747.82,378.299164,397.858307,2024-08-18 15:00:00,9104.011
2024-08-18,16:00-17:00,2024,8,18,7,1,3,16,1,0,42842,25402.49,378.861023,361.951447,2024-08-18 16:00:00,5587.179
2024-08-18,17:00-18:00,2024,8,18,7,1,3,17,1,0,41319,25669.263,377.37439,359.915619,2024-08-18 17:00:00,2385.462
2024-08-18,18:00-19:00,2024,8,18,7,1,3,18,1,0,40674,24962.805,361.209595,352.967834,2024-08-18 18:00:00,886.478
2024-08-18,19:00-20:00,2024,8,18,7,1,3,19,1,0,42770,25685.64,372.566101,377.622681,2024-08-18 19:00:00,923.217
2024-08-18,20:00-21:00,2024,8,18,7,1,3,20,1,0,43239,27037.7,361.597443,365.678253,2024-08-18 20:00:00,959.154
2024-08-18,21:00-22:00,2024,8,18,7,1,3,21,0,0,41646,26902.386,350.132324,343.275665,2024-08-18 21:00:00,939.938
2024-08-18,22:00-23:00,2024,8,18,7,1,3,22,0,1,39384,24335.431,369.400482,358.793365,2024-08-18 22:00:00,914.843
2024-08-18,23:00-24:00,2024,8,18,7,1,3,23,0,1,37442,23638.56,360.343262,361.194153,2024-08-18 23:00:00,886.428
2024-08-19,00:00-01:00,2024,8,19,1,0,3,0,0,1,36962,21301.97,551.37085,399.091309,2024-08-19 00:00:00,472.48
2024-08-19,01:00-02:00,2024,8,19,1,0,3,1,0,1,35131,20372.413,597.763977,396.4133,2024-08-19 01:00:00,479.506
2024-08-19,02:00-03:00,2024,8,19,1,0,3,2,0,1,34123,19978.66,536.306519,395.647614,2024-08-19 02:00:00,498.509
2024-08-19,03:00-04:00,2024,8,19,1,0,3,3,0,1,33032,19898.06,395.35199,376.701324,2024-08-19 03:00:00,518.934
2024-08-19,04:00-05:00,2024,8,19,1,0,3,4,0,1,32606,19782.881,395.337646,376.113373,2024-08-19 04:00:00,547.836
2024-08-19,05:00-06:00,2024,8,19,1,0,3,5,0,1,33027,19666.28,376.208252,376.128601,2024-08-19 05:00:00,606.339
2024-08-19,06:00-07:00,2024,8,19,1,0,3,6,0,1,34175,19971.38,380.871857,381.104858,2024-08-19 06:00:00,2261.12
2024-08-19,07:00-08:00,2024,8,19,1,0,3,7,0,0,36153,20718.21,380.940979,381.266785,2024-08-19 07:00:00,5716.09
2024-08-19,08:00-09:00,2024,8,19,1,0,3,8,1,0,40627,21922.57,384.214111,381.542389,2024-08-19 08:00:00,9587.803
2024-08-19,09:00-10:00,2024,8,19,1,0,3,9,1,0,43134,23144.26,378.94809,380.883636,2024-08-19 09:00:00,12889.001
2024-08-19,10:00-11:00,2024,8,19,1,0,3,10,1,0,44669,23397.74,376.115265,375.044586,2024-08-19 10:00:00,15118.284
2024-08-19,11:00-12:00,2024,8,19,1,0,3,11,1,0,44864,24252.343,377.338074,376.756805,2024-08-19 11:00:00,16032.247
2024-08-19,12:00-13:00,2024,8,19,1,0,3,12,1,0,46518,24753.707,588.892212,375.740356,2024-08-19 12:00:00,15941.212
2024-08-19,13:00-14:00,2024,8,19,1,0,3,13,1,0,46031,24772.451,703.484131,374.020508,2024-08-19 13:00:00,14724.144
2024-08-19,14:00-15:00,2024,8,19,1,0,3,14,1,0,45642,25287.294,571.800293,377.002502,2024-08-19 14:00:00,12305.594
2024-08-19,15:00-16:00,2024,8,19,1,0,3,15,1,0,45350,25865.74,734.600098,380.481903,2024-08-19 15:00:00,9339.159
2024-08-19,16:00-17:00,2024,8,19,1,0,3,16,1,0,44523,26263.44,594.458496,382.058014,2024-08-19 16:00:00,5795.581
2024-08-19,17:00-18:00,2024,8,19,1,0,3,17,1,0,42139,24947.901,605.037598,400.542847,2024-08-19 17:00:00,2383.686
2024-08-19,18:00-19:00,2024,8,19,1,0,3,18,1,0,41166,24533.874,535.441711,499.522522,2024-08-19 18:00:00,703.51
2024-08-19,19:00-20:00,2024,8,19,1,0,3,19,1,0,43209,25287.22,578.224487,429.719238,2024-08-19 19:00:00,737.904
2024-08-19,20:00-21:00,2024,8,19,1,0,3,20,1,0,43501,26709.896,558.739807,399.814056,2024-08-19 20:00:00,743.069
2024-08-19,21:00-22:00,2024,8,19,1,0,3,21,0,0,41798,26458.43,404.11496,385.262787,2024-08-19 21:00:00,678.179
2024-08-19,22:00-23:00,2024,8,19,1,0,3,22,0,1,39609,24197.639,498.538513,398.509216,2024-08-19 22:00:00,599.638
2024-08-19,23:00-24:00,2024,8,19,1,0,3,23,0,1,37711,23477.8,398.675751,377.684448,2024-08-19 23:00:00,542.024
2024-08-20,00:00-01:00,2024,8,20,2,0,3,0,0,1,38348,22848.409,434.135101,400.993835,2024-08-20 00:00:00,490.784
2024-08-20,01:00-02:00,2024,8,20,2,0,3,1,0,1,36802,22339.248,430.447876,406.064819,2024-08-20 01:00:00,498.755
2024-08-20,02:00-03:00,2024,8,20,2,0,3,2,0,1,35462,21729.234,419.372498,400.515259,2024-08-20 02:00:00,550.223
2024-08-20,03:00-04:00,2024,8,20,2,0,3,3,0,1,34225,21280.262,397.910675,397.254425,2024-08-20 03:00:00,615.872
2024-08-20,04:00-05:00,2024,8,20,2,0,3,4,0,1,33773,20889.257,379.143036,379.718872,2024-08-20 04:00:00,687.225
2024-08-20,05:00-06:00,2024,8,20,2,0,3,5,0,1,34211,20800.887,378.424957,380.857117,2024-08-20 05:00:00,788.155
2024-08-20,06:00-07:00,2024,8,20,2,0,3,6,0,1,35112,20610.51,377.328094,381.175385,2024-08-20 06:00:00,2706.792
2024-08-20,07:00-08:00,2024,8,20,2,0,3,7,0,0,37845,20949.64,381.018982,362.359375,2024-08-20 07:00:00,6775.424
2024-08-20,08:00-09:00,2024,8,20,2,0,3,8,1,0,42031,22228.972,378.975861,361.529999,2024-08-20 08:00:00,11465.659
2024-08-20,09:00-10:00,2024,8,20,2,0,3,9,1,0,44069,22558.0,365.31723,316.946259,2024-08-20 09:00:00,15414.253
2024-08-20,10:00-11:00,2024,8,20,2,0,3,10,1,0,46131,22947.52,378.714783,364.438843,2024-08-20 10:00:00,17965.24
2024-08-20,11:00-12:00,2024,8,20,2,0,3,11,1,0,46028,23732.46,350.017456,324.277893,2024-08-20 11:00:00,19008.479
2024-08-20,12:00-13:00,2024,8,20,2,0,3,12,1,0,47935,23752.0,363.713409,351.495911,2024-08-20 12:00:00,18983.385
2024-08-20,13:00-14:00,2024,8,20,2,0,3,13,1,0,47316,23489.72,377.650696,354.733307,2024-08-20 13:00:00,18059.663
2024-08-20,14:00-15:00,2024,8,20,2,0,3,14,1,0,46801,23481.88,377.738037,368.862976,2024-08-20 14:00:00,15820.723
2024-08-20,15:00-16:00,2024,8,20,2,0,3,15,1,0,46285,24249.849,391.55011,382.207397,2024-08-20 15:00:00,12161.255
2024-08-20,16:00-17:00,2024,8,20,2,0,3,16,1,0,45461,25559.52,400.087982,402.861145,2024-08-20 16:00:00,7412.079
2024-08-20,17:00-18:00,2024,8,20,2,0,3,17,1,0,43701,25529.67,415.340393,597.753418,2024-08-20 17:00:00,2992.876
2024-08-20,18:00-19:00,2024,8,20,2,0,3,18,1,0,42861,25183.832,400.854828,707.692566,2024-08-20 18:00:00,959.657
2024-08-20,19:00-20:00,2024,8,20,2,0,3,19,1,0,45048,25392.573,415.829193,517.7164310000001,2024-08-20 19:00:00,1047.432
2024-08-20,20:00-21:00,2024,8,20,2,0,3,20,1,0,44739,25849.475,487.816711,548.436401,2024-08-20 20:00:00,1062.567
2024-08-20,21:00-22:00,2024,8,20,2,0,3,21,0,0,43193,25536.367,382.77243,400.125427,2024-08-20 21:00:00,1011.22
2024-08-20,22:00-23:00,2024,8,20,2,0,3,22,0,1,40733,24242.368,402.234283,401.670959,2024-08-20 22:00:00,943.468
2024-08-20,23:00-24:00,2024,8,20,2,0,3,23,0,1,38979,23722.7,400.454468,380.252899,2024-08-20 23:00:00,900.286
2024-08-21,00:00-01:00,2024,8,21,3,0,3,0,0,1,38842,20841.21,433.845764,400.503479,2024-08-21 00:00:00,933.51
2024-08-21,01:00-02:00,2024,8,21,3,0,3,1,0,1,37003,19851.07,413.397614,381.983582,2024-08-21 01:00:00,901.985
2024-08-21,02:00-03:00,2024,8,21,3,0,3,2,0,1,35668,19457.76,400.804443,381.961792,2024-08-21 02:00:00,869.161
2024-08-21,03:00-04:00,2024,8,21,3,0,3,3,0,1,34604,19357.73,399.840546,381.647552,2024-08-21 03:00:00,833.478
2024-08-21,04:00-05:00,2024,8,21,3,0,3,4,0,1,34210,19382.57,378.815826,381.449707,2024-08-21 04:00:00,783.417
2024-08-21,05:00-06:00,2024,8,21,3,0,3,5,0,1,34227,19396.77,378.15741,381.608459,2024-08-21 05:00:00,777.038
2024-08-21,06:00-07:00,2024,8,21,3,0,3,6,0,1,35128,19882.72,378.464752,381.534424,2024-08-21 06:00:00,2910.024
2024-08-21,07:00-08:00,2024,8,21,3,0,3,7,0,0,37760,20716.83,361.482605,362.262543,2024-08-21 07:00:00,7549.962
2024-08-21,08:00-09:00,2024,8,21,3,0,3,8,1,0,41760,19693.474,378.859528,364.316406,2024-08-21 08:00:00,12745.271
2024-08-21,09:00-10:00,2024,8,21,3,0,3,9,1,0,44271,20142.614,361.936951,303.996368,2024-08-21 09:00:00,16757.149
2024-08-21,10:00-11:00,2024,8,21,3,0,3,10,1,0,46261,20470.254,370.531403,263.875916,2024-08-21 10:00:00,18994.742
2024-08-21,11:00-12:00,2024,8,21,3,0,3,11,1,0,46577,21242.184,363.997772,241.656677,2024-08-21 11:00:00,19834.235
2024-08-21,12:00-13:00,2024,8,21,3,0,3,12,1,0,48317,21436.145,412.873535,356.299255,2024-08-21 12:00:00,19744.108
2024-08-21,13:00-14:00,2024,8,21,3,0,3,13,1,0,47772,21266.178,395.664154,368.579712,2024-08-21 13:00:00,18726.418
2024-08-21,14:00-15:00,2024,8,21,3,0,3,14,1,0,47150,21359.478,393.987366,378.690491,2024-08-21 14:00:00,16328.635
2024-08-21,15:00-16:00,2024,8,21,3,0,3,15,1,0,46721,23445.9,393.313171,389.714935,2024-08-21 15:00:00,12364.675
2024-08-21,16:00-17:00,2024,8,21,3,0,3,16,1,0,46104,24998.212,412.343262,468.889343,2024-08-21 16:00:00,7335.388
2024-08-21,17:00-18:00,2024,8,21,3,0,3,17,1,0,44016,25789.935,481.020508,809.408447,2024-08-21 17:00:00,2807.227
2024-08-21,18:00-19:00,2024,8,21,3,0,3,18,1,0,43326,25707.247,437.248352,873.395447,2024-08-21 18:00:00,902.66
2024-08-21,19:00-20:00,2024,8,21,3,0,3,19,1,0,45619,26882.176,412.712067,665.520386,2024-08-21 19:00:00,1125.058
2024-08-21,20:00-21:00,2024,8,21,3,0,3,20,1,0,45974,27535.711,652.96521,873.5066612500001,2024-08-21 20:00:00,1304.886
2024-08-21,21:00-22:00,2024,8,21,3,0,3,21,0,0,44246,26957.86,400.331909,403.456604,2024-08-21 21:00:00,1416.138
2024-08-21,22:00-23:00,2024,8,21,3,0,3,22,0,1,41876,22012.46,411.00766,408.79538,2024-08-21 22:00:00,1502.228
2024-08-21,23:00-24:00,2024,8,21,3,0,3,23,0,1,39859,20519.14,397.934967,400.085754,2024-08-21 23:00:00,1591.331
2024-08-22,00:00-01:00,2024,8,22,4,0,3,0,0,1,38702,21088.333,501.927277,513.408936,2024-08-22 00:00:00,1176.692
2024-08-22,01:00-02:00,2024,8,22,4,0,3,1,0,1,36935,20270.355,491.039764,501.914978,2024-08-22 01:00:00,1227.046
2024-08-22,02:00-03:00,2024,8,22,4,0,3,2,0,1,35591,19387.54,482.577179,497.110962,2024-08-22 02:00:00,1279.558
2024-08-22,03:00-04:00,2024,8,22,4,0,3,3,0,1,34500,19292.26,482.001678,482.25235,2024-08-22 03:00:00,1285.043
2024-08-22,04:00-05:00,2024,8,22,4,0,3,4,0,1,34100,19295.9,481.123962,482.177582,2024-08-22 04:00:00,1275.464
2024-08-22,05:00-06:00,2024,8,22,4,0,3,5,0,1,34155,19300.33,480.173767,482.257172,2024-08-22 05:00:00,1291.796
2024-08-22,06:00-07:00,2024,8,22,4,0,3,6,0,1,35060,19435.02,463.736847,463.733551,2024-08-22 06:00:00,3449.472
2024-08-22,07:00-08:00,2024,8,22,4,0,3,7,0,0,37891,20469.49,461.250031,463.613922,2024-08-22 07:00:00,8147.21
2024-08-22,08:00-09:00,2024,8,22,4,0,3,8,1,0,42181,19465.664,445.476074,458.965881,2024-08-22 08:00:00,13386.258
2024-08-22,09:00-10:00,2024,8,22,4,0,3,9,1,0,44713,20084.584,444.733612,409.466888,2024-08-22 09:00:00,17475.321
2024-08-22,10:00-11:00,2024,8,22,4,0,3,10,1,0,46687,20411.384,428.882538,416.13559,2024-08-22 10:00:00,19766.916
2024-08-22,11:00-12:00,2024,8,22,4,0,3,11,1,0,46936,21160.664,459.976898,458.129791,2024-08-22 11:00:00,20663.623
2024-08-22,12:00-13:00,2024,8,22,4,0,3,12,1,0,48484,21148.244,552.644226,583.110718,2024-08-22 12:00:00,20527.086
2024-08-22,13:00-14:00,2024,8,22,4,0,3,13,1,0,47920,20857.894,492.046021,580.343872,2024-08-22 13:00:00,19418.38
2024-08-22,14:00-15:00,2024,8,22,4,0,3,14,1,0,47283,20738.617,566.936707,671.363525,2024-08-22 14:00:00,17003.543
2024-08-22,15:00-16:00,2024,8,22,4,0,3,15,1,0,46891,22864.78,598.747192,706.524597,2024-08-22 15:00:00,12901.776
2024-08-22,16:00-17:00,2024,8,22,4,0,3,16,1,0,46251,25194.63,564.106384,833.870667,2024-08-22 16:00:00,7698.417
2024-08-22,17:00-18:00,2024,8,22,4,0,3,17,1,0,44121,26278.634,610.171265,872.253906,2024-08-22 17:00:00,3168.414
2024-08-22,18:00-19:00,2024,8,22,4,0,3,18,1,0,43423,26510.632,589.93335,873.5066612500001,2024-08-22 18:00:00,1451.82
2024-08-22,19:00-20:00,2024,8,22,4,0,3,19,1,0,45607,27338.267,598.97699,873.5066612500001,2024-08-22 19:00:00,1850.158
2024-08-22,20:00-21:00,2024,8,22,4,0,3,20,1,0,45809,27675.623,584.487305,873.5066612500001,2024-08-22 20:00:00,2134.102
2024-08-22,21:00-22:00,2024,8,22,4,0,3,21,0,0,44058,27216.59,505.224213,867.005615,2024-08-22 21:00:00,2338.382
2024-08-22,22:00-23:00,2024,8,22,4,0,3,22,0,1,41845,22242.554,505.175812,873.5066612500001,2024-08-22 22:00:00,2449.596
2024-08-22,23:00-24:00,2024,8,22,4,0,3,23,0,1,39906,20695.605,491.538666,801.905029,2024-08-22 23:00:00,2485.369
2024-08-23,00:00-01:00,2024,8,23,5,0,3,0,0,1,40466,20932.87,442.774445,648.677795,2024-08-23 00:00:00,2895.464
2024-08-23,01:00-02:00,2024,8,23,5,0,3,1,0,1,38496,20164.04,446.913971,639.896851,2024-08-23 01:00:00,2680.062
2024-08-23,02:00-03:00,2024,8,23,5,0,3,2,0,1,36675,19491.66,434.781769,475.548065,2024-08-23 02:00:00,2446.932
2024-08-23,03:00-04:00,2024,8,23,5,0,3,3,0,1,35556,19387.31,432.948059,454.028046,2024-08-23 03:00:00,2243.476
2024-08-23,04:00-05:00,2024,8,23,5,0,3,4,0,1,35000,19368.87,430.672455,449.567596,2024-08-23 04:00:00,2038.368
2024-08-23,05:00-06:00,2024,8,23,5,0,3,5,0,1,35044,19380.54,429.712799,447.993073,2024-08-23 05:00:00,1898.594
2024-08-23,06:00-07:00,2024,8,23,5,0,3,6,0,1,36137,19495.01,413.591431,432.583191,2024-08-23 06:00:00,3854.117
2024-08-23,07:00-08:00,2024,8,23,5,0,3,7,0,0,39162,20550.39,372.427338,418.520691,2024-08-23 07:00:00,8334.304
2024-08-23,08:00-09:00,2024,8,23,5,0,3,8,1,0,42849,19524.354,390.165497,440.599731,2024-08-23 08:00:00,13515.693
2024-08-23,09:00-10:00,2024,8,23,5,0,3,9,1,0,45788,20196.824,459.381348,447.961395,2024-08-23 09:00:00,17455.082
2024-08-23,10:00-11:00,2024,8,23,5,0,3,10,1,0,47817,20475.174,497.385498,647.207397,2024-08-23 10:00:00,19626.687
2024-08-23,11:00-12:00,2024,8,23,5,0,3,11,1,0,48091,21250.053,455.862274,663.503174,2024-08-23 11:00:00,20443.592
2024-08-23,12:00-13:00,2024,8,23,5,0,3,12,1,0,49940,21222.004,605.683044,850.977539,2024-08-23 12:00:00,20300.157
2024-08-23,13:00-14:00,2024,8,23,5,0,3,13,1,0,49064,20879.084,532.321899,841.853455,2024-08-23 13:00:00,19128.301
2024-08-23,14:00-15:00,2024,8,23,5,0,3,14,1,0,48354,20655.664,606.01709,869.745972,2024-08-23 14:00:00,16490.114
2024-08-23,15:00-16:00,2024,8,23,5,0,3,15,1,0,47748,22882.49,616.356445,873.5066612500001,2024-08-23 15:00:00,12314.09
2024-08-23,16:00-17:00,2024,8,23,5,0,3,16,1,0,46822,25899.81,755.535645,873.5066612500001,2024-08-23 16:00:00,7250.401
2024-08-23,17:00-18:00,2024,8,23,5,0,3,17,1,0,44723,26350.35,854.179122,873.5066612500001,2024-08-23 17:00:00,2951.772
2024-08-23,18:00-19:00,2024,8,23,5,0,3,18,1,0,43801,25887.327,854.179122,873.5066612500001,2024-08-23 18:00:00,1342.921
2024-08-23,19:00-20:00,2024,8,23,5,0,3,19,1,0,46383,27065.126,810.053772,873.5066612500001,2024-08-23 19:00:00,1619.468
2024-08-23,20:00-21:00,2024,8,23,5,0,3,20,1,0,46924,27851.095,835.417786,873.5066612500001,2024-08-23 20:00:00,1823.574
2024-08-23,21:00-22:00,2024,8,23,5,0,3,21,0,0,45288,27068.38,493.342529,873.5066612500001,2024-08-23 21:00:00,1951.878
2024-08-23,22:00-23:00,2024,8,23,5,0,3,22,0,1,43038,22209.093,592.809509,873.5066612500001,2024-08-23 22:00:00,2031.854
2024-08-23,23:00-24:00,2024,8,23,5,0,3,23,0,1,40984,21074.83,488.25589,873.5066612500001,2024-08-23 23:00:00,1980.181
2024-08-24,00:00-01:00,2024,8,24,6,1,3,0,0,1,41880,20662.672,776.517151,715.523621,2024-08-24 00:00:00,2044.12
2024-08-24,01:00-02:00,2024,8,24,6,1,3,1,0,1,39763,19458.354,622.520386,605.28009,2024-08-24 01:00:00,1915.431
2024-08-24,02:00-03:00,2024,8,24,6,1,3,2,0,1,38410,19307.634,470.96579,477.437775,2024-08-24 02:00:00,1746.799
2024-08-24,03:00-04:00,2024,8,24,6,1,3,3,0,1,37045,19211.524,451.974945,476.260925,2024-08-24 03:00:00,1579.6
2024-08-24,04:00-05:00,2024,8,24,6,1,3,4,0,1,36385,19189.504,434.834381,449.438538,2024-08-24 04:00:00,1387.368
2024-08-24,05:00-06:00,2024,8,24,6,1,3,5,0,1,35705,19204.134,432.296906,449.275604,2024-08-24 05:00:00,1254.299
2024-08-24,06:00-07:00,2024,8,24,6,1,3,6,0,1,36354,19696.644,414.736664,434.310883,2024-08-24 06:00:00,3257.791
2024-08-24,07:00-08:00,2024,8,24,6,1,3,7,0,0,38940,20774.994,406.385284,413.68811,2024-08-24 07:00:00,7900.332
2024-08-24,08:00-09:00,2024,8,24,6,1,3,8,1,0,42395,19739.504,407.983124,417.779724,2024-08-24 08:00:00,13158.475
2024-08-24,09:00-10:00,2024,8,24,6,1,3,9,1,0,45125,20348.444,416.521729,408.886505,2024-08-24 09:00:00,17122.25
2024-08-24,10:00-11:00,2024,8,24,6,1,3,10,1,0,47136,20644.964,445.762726,413.578064,2024-08-24 10:00:00,19350.948
2024-08-24,11:00-12:00,2024,8,24,6,1,3,11,1,0,47883,21452.404,475.124176,447.399384,2024-08-24 11:00:00,20240.515
2024-08-24,12:00-13:00,2024,8,24,6,1,3,12,1,0,49985,21427.144,601.747986,521.233093,2024-08-24 12:00:00,20067.521
2024-08-24,13:00-14:00,2024,8,24,6,1,3,13,1,0,49396,21055.304,588.969971,526.245667,2024-08-24 13:00:00,18833.61
2024-08-24,14:00-15:00,2024,8,24,6,1,3,14,1,0,48588,20796.134,589.140381,517.152893,2024-08-24 14:00:00,16074.64
2024-08-24,15:00-16:00,2024,8,24,6,1,3,15,1,0,47927,23041.694,574.529419,736.970154,2024-08-24 15:00:00,11933.678
2024-08-24,16:00-17:00,2024,8,24,6,1,3,16,1,0,47329,24905.27,720.371216,873.5066612500001,2024-08-24 16:00:00,6947.298
2024-08-24,17:00-18:00,2024,8,24,6,1,3,17,1,0,45605,25878.294,854.179122,789.714722,2024-08-24 17:00:00,2737.066
2024-08-24,18:00-19:00,2024,8,24,6,1,3,18,1,0,44758,24890.562,854.179122,767.369446,2024-08-24 18:00:00,1092.978
2024-08-24,19:00-20:00,2024,8,24,6,1,3,19,1,0,47271,26783.755,801.770081,641.832825,2024-08-24 19:00:00,1286.072
2024-08-24,20:00-21:00,2024,8,24,6,1,3,20,1,0,48393,27886.433,801.642517,512.41748,2024-08-24 20:00:00,1398.848
2024-08-24,21:00-22:00,2024,8,24,6,1,3,21,0,0,47051,26788.834,465.92627,437.621307,2024-08-24 21:00:00,1445.63
2024-08-24,22:00-23:00,2024,8,24,6,1,3,22,0,1,44475,22284.282,826.708923,521.78656,2024-08-24 22:00:00,1442.094
2024-08-24,23:00-24:00,2024,8,24,6,1,3,23,0,1,42127,20725.76,816.038757,628.893005,2024-08-24 23:00:00,1390.321
2024-08-25,00:00-01:00,2024,8,25,7,1,3,0,0,1,43883,19782.374,745.737671,602.813477,2024-08-25 00:00:00,1076.886
2024-08-25,01:00-02:00,2024,8,25,7,1,3,1,0,1,41991,18512.754,674.063049,529.552429,2024-08-25 01:00:00,988.35
2024-08-25,02:00-03:00,2024,8,25,7,1,3,2,0,1,40279,18368.164,571.483582,456.820343,2024-08-25 02:00:00,896.458
2024-08-25,03:00-04:00,2024,8,25,7,1,3,3,0,1,38795,18285.944,478.937042,453.681641,2024-08-25 03:00:00,804.047
2024-08-25,04:00-05:00,2024,8,25,7,1,3,4,0,1,37934,18268.663,449.171509,449.183563,2024-08-25 04:00:00,738.805
2024-08-25,05:00-06:00,2024,8,25,7,1,3,5,0,1,36983,18309.974,448.912598,432.347473,2024-08-25 05:00:00,744.97
2024-08-25,06:00-07:00,2024,8,25,7,1,3,6,0,1,37274,18818.104,430.279175,430.282288,2024-08-25 06:00:00,2829.061
2024-08-25,07:00-08:00,2024,8,25,7,1,3,7,0,0,39446,18556.754,414.342834,412.482666,2024-08-25 07:00:00,7547.082
2024-08-25,08:00-09:00,2024,8,25,7,1,3,8,1,0,43242,19189.324,412.627289,409.88913,2024-08-25 08:00:00,12807.761
2024-08-25,09:00-10:00,2024,8,25,7,1,3,9,1,0,46345,20012.964,386.255951,360.089935,2024-08-25 09:00:00,16742.287
2024-08-25,10:00-11:00,2024,8,25,7,1,3,10,1,0,48546,20322.374,425.433044,411.122406,2024-08-25 10:00:00,18953.008
2024-08-25,11:00-12:00,2024,8,25,7,1,3,11,1,0,49359,21025.774,432.859375,398.916504,2024-08-25 11:00:00,19733.73
2024-08-25,12:00-13:00,2024,8,25,7,1,3,12,1,0,50811,20967.194,494.325775,421.495178,2024-08-25 12:00:00,19464.674
2024-08-25,13:00-14:00,2024,8,25,7,1,3,13,1,0,50232,20527.624,447.385345,428.938446,2024-08-25 13:00:00,18034.214
2024-08-25,14:00-15:00,2024,8,25,7,1,3,14,1,0,49245,20192.014,517.167969,440.505829,2024-08-25 14:00:00,15114.026
2024-08-25,15:00-16:00,2024,8,25,7,1,3,15,1,0,48642,22518.774,668.719116,489.06546,2024-08-25 15:00:00,11025.514
2024-08-25,16:00-17:00,2024,8,25,7,1,3,16,1,0,48214,24608.608,842.450073,829.152527,2024-08-25 16:00:00,6285.874
2024-08-25,17:00-18:00,2024,8,25,7,1,3,17,1,0,46491,25545.468,854.179122,873.5066612500001,2024-08-25 17:00:00,2440.189
2024-08-25,18:00-19:00,2024,8,25,7,1,3,18,1,0,45729,25864.292,854.179122,873.5066612500001,2024-08-25 18:00:00,1025.561
2024-08-25,19:00-20:00,2024,8,25,7,1,3,19,1,0,48489,28783.477,832.828979,835.691406,2024-08-25 19:00:00,1270.657
2024-08-25,20:00-21:00,2024,8,25,7,1,3,20,1,0,49759,31139.679,834.923889,606.490601,2024-08-25 20:00:00,1390.478
2024-08-25,21:00-22:00,2024,8,25,7,1,3,21,0,0,48315,30818.408,650.642883,465.786316,2024-08-25 21:00:00,1385.881
2024-08-25,22:00-23:00,2024,8,25,7,1,3,22,0,1,45733,24025.214,718.031738,829.114624,2024-08-25 22:00:00,1309.14
2024-08-25,23:00-24:00,2024,8,25,7,1,3,23,0,1,43503,20282.134,718.128845,838.430969,2024-08-25 23:00:00,1237.637
2024-08-26,00:00-01:00,2024,8,26,1,0,3,0,0,1,43093,20236.694,470.919159,582.296021,2024-08-26 00:00:00,1596.653
2024-08-26,01:00-02:00,2024,8,26,1,0,3,1,0,1,41019,18604.854,493.754944,602.028564,2024-08-26 01:00:00,1647.292
2024-08-26,02:00-03:00,2024,8,26,1,0,3,2,0,1,39412,18509.324,461.62912,454.29834,2024-08-26 02:00:00,1725.964
2024-08-26,03:00-04:00,2024,8,26,1,0,3,3,0,1,38007,18415.604,444.123047,455.021484,2024-08-26 03:00:00,1797.946
2024-08-26,04:00-05:00,2024,8,26,1,0,3,4,0,1,37314,18393.944,435.170685,431.216156,2024-08-26 04:00:00,1871.924
2024-08-26,05:00-06:00,2024,8,26,1,0,3,5,0,1,36610,18381.204,435.135651,431.174042,2024-08-26 05:00:00,1944.061
2024-08-26,06:00-07:00,2024,8,26,1,0,3,6,0,1,37281,18811.094,429.247772,430.851563,2024-08-26 06:00:00,3866.589
2024-08-26,07:00-08:00,2024,8,26,1,0,3,7,0,0,40510,17938.596,420.080597,422.736633,2024-08-26 07:00:00,8156.815
2024-08-26,08:00-09:00,2024,8,26,1,0,3,8,1,0,45181,19063.914,419.215607,432.061829,2024-08-26 08:00:00,12976.382
2024-08-26,09:00-10:00,2024,8,26,1,0,3,9,1,0,48040,19680.944,429.499512,426.483368,2024-08-26 09:00:00,16824.985
2024-08-26,10:00-11:00,2024,8,26,1,0,3,10,1,0,50302,20014.754,461.184631,463.282288,2024-08-26 10:00:00,19056.569
2024-08-26,11:00-12:00,2024,8,26,1,0,3,11,1,0,50937,20913.734,454.519958,446.468262,2024-08-26 11:00:00,19819.518
2024-08-26,12:00-13:00,2024,8,26,1,0,3,12,1,0,52806,20863.054,533.217773,576.970154,2024-08-26 12:00:00,19460.765
2024-08-26,13:00-14:00,2024,8,26,1,0,3,13,1,0,52392,20405.584,645.014282,818.354553,2024-08-26 13:00:00,17941.028
2024-08-26,14:00-15:00,2024,8,26,1,0,3,14,1,0,51601,19949.914,786.809875,838.328857,2024-08-26 14:00:00,14930.868
2024-08-26,15:00-16:00,2024,8,26,1,0,3,15,1,0,50967,22617.694,801.201965,785.940918,2024-08-26 15:00:00,10922.929
2024-08-26,16:00-17:00,2024,8,26,1,0,3,16,1,0,50070,24823.525,854.179122,873.5066612500001,2024-08-26 16:00:00,6422.473
2024-08-26,17:00-18:00,2024,8,26,1,0,3,17,1,0,48189,25457.619,854.179122,873.5066612500001,2024-08-26 17:00:00,2813.594
2024-08-26,18:00-19:00,2024,8,26,1,0,3,18,1,0,47831,26367.904,833.494568,873.5066612500001,2024-08-26 18:00:00,1627.304
2024-08-26,19:00-20:00,2024,8,26,1,0,3,19,1,0,50691,30122.504,729.003357,873.5066612500001,2024-08-26 19:00:00,2029.062
2024-08-26,20:00-21:00,2024,8,26,1,0,3,20,1,0,51940,31525.174,788.815063,873.5066612500001,2024-08-26 20:00:00,2443.478
2024-08-26,21:00-22:00,2024,8,26,1,0,3,21,0,0,50334,30733.044,465.251251,530.242188,2024-08-26 21:00:00,2690.056
2024-08-26,22:00-23:00,2024,8,26,1,0,3,22,0,1,47645,24642.744,579.304443,609.425903,2024-08-26 22:00:00,2858.545
2024-08-26,23:00-24:00,2024,8,26,1,0,3,23,0,1,44883,20731.28,800.435059,838.547241,2024-08-26 23:00:00,2935.0
2024-08-27,00:00-01:00,2024,8,27,2,0,3,0,0,1,44205,20183.128,502.69281,495.706543,2024-08-27 00:00:00,2824.898
2024-08-27,01:00-02:00,2024,8,27,2,0,3,1,0,1,42081,18567.124,493.647552,449.144806,2024-08-27 01:00:00,3232.744
2024-08-27,02:00-03:00,2024,8,27,2,0,3,2,0,1,40421,18552.224,450.901215,448.69223,2024-08-27 02:00:00,3470.62
2024-08-27,03:00-04:00,2024,8,27,2,0,3,3,0,1,38960,18515.424,433.630371,432.360321,2024-08-27 03:00:00,3642.838
2024-08-27,04:00-05:00,2024,8,27,2,0,3,4,0,1,38205,18526.314,432.911987,435.781616,2024-08-27 04:00:00,3757.356
2024-08-27,05:00-06:00,2024,8,27,2,0,3,5,0,1,37348,18551.864,432.799866,435.883301,2024-08-27 05:00:00,3850.537
2024-08-27,06:00-07:00,2024,8,27,2,0,3,6,0,1,37901,18740.684,416.459076,410.631378,2024-08-27 06:00:00,5035.206
2024-08-27,07:00-08:00,2024,8,27,2,0,3,7,0,0,40665,17134.704,415.529572,367.281738,2024-08-27 07:00:00,7678.965
2024-08-27,08:00-09:00,2024,8,27,2,0,3,8,1,0,44718,17633.714,420.480835,419.273773,2024-08-27 08:00:00,10597.418
2024-08-27,09:00-10:00,2024,8,27,2,0,3,9,1,0,47647,17999.409,429.255402,428.782013,2024-08-27 09:00:00,13201.941
2024-08-27,10:00-11:00,2024,8,27,2,0,3,10,1,0,49840,18435.32,456.616241,453.238159,2024-08-27 10:00:00,15475.627
2024-08-27,11:00-12:00,2024,8,27,2,0,3,11,1,0,50355,19320.829,440.601013,372.00827,2024-08-27 11:00:00,16788.916
2024-08-27,12:00-13:00,2024,8,27,2,0,3,12,1,0,52135,19430.131,509.555603,410.054291,2024-08-27 12:00:00,17025.022
2024-08-27,13:00-14:00,2024,8,27,2,0,3,13,1,0,51271,19351.103,475.190369,377.433563,2024-08-27 13:00:00,16440.96
2024-08-27,14:00-15:00,2024,8,27,2,0,3,14,1,0,50224,19616.686,480.901611,411.688904,2024-08-27 14:00:00,14705.183
2024-08-27,15:00-16:00,2024,8,27,2,0,3,15,1,0,49805,22187.874,438.316895,415.800659,2024-08-27 15:00:00,11984.346
2024-08-27,16:00-17:00,2024,8,27,2,0,3,16,1,0,49330,24780.542,452.288818,417.839233,2024-08-27 16:00:00,8464.508
2024-08-27,17:00-18:00,2024,8,27,2,0,3,17,1,0,47645,25458.564,447.734833,414.201874,2024-08-27 17:00:00,5083.004
2024-08-27,18:00-19:00,2024,8,27,2,0,3,18,1,0,46852,24851.7,437.762451,427.709259,2024-08-27 18:00:00,3687.371
2024-08-27,19:00-20:00,2024,8,27,2,0,3,19,1,0,49495,27144.423,435.523773,416.250122,2024-08-27 19:00:00,3832.971
2024-08-27,20:00-21:00,2024,8,27,2,0,3,20,1,0,50435,29008.489,435.384247,409.334869,2024-08-27 20:00:00,3910.902
2024-08-27,21:00-22:00,2024,8,27,2,0,3,21,0,0,48822,28808.734,434.306519,223.215652,2024-08-27 21:00:00,3926.009
2024-08-27,22:00-23:00,2024,8,27,2,0,3,22,0,1,46114,23352.904,443.611298,409.914459,2024-08-27 22:00:00,3923.244
2024-08-27,23:00-24:00,2024,8,27,2,0,3,23,0,1,43210,20277.224,457.166351,407.474426,2024-08-27 23:00:00,3832.912
2024-08-28,00:00-01:00,2024,8,28,3,0,3,0,0,1,39653,19939.135,423.665741,376.137299,2024-08-28 00:00:00,3802.409
2024-08-28,01:00-02:00,2024,8,28,3,0,3,1,0,1,37968,18974.407,429.650146,409.182007,2024-08-28 01:00:00,3839.644
2024-08-28,02:00-03:00,2024,8,28,3,0,3,2,0,1,36425,18765.252,409.06604,404.411591,2024-08-28 02:00:00,3888.376
2024-08-28,03:00-04:00,2024,8,28,3,0,3,3,0,1,35339,18378.944,408.996246,412.123962,2024-08-28 03:00:00,3952.487
2024-08-28,04:00-05:00,2024,8,28,3,0,3,4,0,1,34636,18364.954,408.907654,385.072601,2024-08-28 04:00:00,3974.816
2024-08-28,05:00-06:00,2024,8,28,3,0,3,5,0,1,34357,18277.674,410.595245,346.477417,2024-08-28 05:00:00,3940.394
2024-08-28,06:00-07:00,2024,8,28,3,0,3,6,0,1,34858,18547.154,366.294159,353.041199,2024-08-28 06:00:00,5247.38
2024-08-28,07:00-08:00,2024,8,28,3,0,3,7,0,0,37020,17186.774,350.401367,412.807159,2024-08-28 07:00:00,8298.56
2024-08-28,08:00-09:00,2024,8,28,3,0,3,8,1,0,40012,17978.574,407.645599,428.258026,2024-08-28 08:00:00,11763.37
2024-08-28,09:00-10:00,2024,8,28,3,0,3,9,1,0,42326,18320.254,365.734619,386.386871,2024-08-28 09:00:00,14631.068
2024-08-28,10:00-11:00,2024,8,28,3,0,3,10,1,0,43939,18880.234,397.876556,411.51059,2024-08-28 10:00:00,16415.552
2024-08-28,11:00-12:00,2024,8,28,3,0,3,11,1,0,44076,19593.384,365.761261,372.52356,2024-08-28 11:00:00,17106.517
2024-08-28,12:00-13:00,2024,8,28,3,0,3,12,1,0,45454,19737.494,403.015686,391.272278,2024-08-28 12:00:00,16934.908
2024-08-28,13:00-14:00,2024,8,28,3,0,3,13,1,0,44860,19444.734,405.375702,370.184814,2024-08-28 13:00:00,15937.311
2024-08-28,14:00-15:00,2024,8,28,3,0,3,14,1,0,44019,19084.845,409.526855,410.477264,2024-08-28 14:00:00,13821.395
2024-08-28,15:00-16:00,2024,8,28,3,0,3,15,1,0,43416,20837.832,422.908661,413.265198,2024-08-28 15:00:00,10831.767
2024-08-28,16:00-17:00,2024,8,28,3,0,3,16,1,0,43053,22997.884,429.186157,430.069519,2024-08-28 16:00:00,7281.83
2024-08-28,17:00-18:00,2024,8,28,3,0,3,17,1,0,41375,23501.154,429.543213,410.623199,2024-08-28 17:00:00,4075.716
2024-08-28,18:00-19:00,2024,8,28,3,0,3,18,1,0,40867,23729.97,428.799744,410.603577,2024-08-28 18:00:00,2842.26
2024-08-28,19:00-20:00,2024,8,28,3,0,3,19,1,0,42903,25897.898,422.304047,413.311005,2024-08-28 19:00:00,2994.381
2024-08-28,20:00-21:00,2024,8,28,3,0,3,20,1,0,42893,27122.013,425.903931,363.368561,2024-08-28 20:00:00,3024.506
2024-08-28,21:00-22:00,2024,8,28,3,0,3,21,0,0,41143,25678.828,422.252045,309.218414,2024-08-28 21:00:00,2943.419
2024-08-28,22:00-23:00,2024,8,28,3,0,3,22,0,1,39131,21538.728,427.999878,407.720978,2024-08-28 22:00:00,2855.491
2024-08-28,23:00-24:00,2024,8,28,3,0,3,23,0,1,36979,19340.984,430.373199,408.178345,2024-08-28 23:00:00,2675.688
2024-08-29,00:00-01:00,2024,8,29,4,0,3,0,0,1,36423,19528.714,415.376862,413.543549,2024-08-29 00:00:00,2973.288
2024-08-29,01:00-02:00,2024,8,29,4,0,3,1,0,1,34659,18735.964,430.960785,412.636475,2024-08-29 01:00:00,2916.728
2024-08-29,02:00-03:00,2024,8,29,4,0,3,2,0,1,33427,18617.184,411.148254,408.000092,2024-08-29 02:00:00,2847.932
2024-08-29,03:00-04:00,2024,8,29,4,0,3,3,0,1,32221,18206.404,411.001343,407.999786,2024-08-29 03:00:00,2754.022
2024-08-29,04:00-05:00,2024,8,29,4,0,3,4,0,1,31700,18169.68,409.705597,408.0,2024-08-29 04:00:00,2655.936
2024-08-29,05:00-06:00,2024,8,29,4,0,3,5,0,1,32197,18151.895,411.147797,408.000092,2024-08-29 05:00:00,2575.265
2024-08-29,06:00-07:00,2024,8,29,4,0,3,6,0,1,33436,18356.284,411.714844,411.763641,2024-08-29 06:00:00,3720.073
2024-08-29,07:00-08:00,2024,8,29,4,0,3,7,0,0,35395,16947.054,410.68512,411.30545,2024-08-29 07:00:00,6527.31
2024-08-29,08:00-09:00,2024,8,29,4,0,3,8,1,0,38684,17777.374,408.65155,427.123596,2024-08-29 08:00:00,9710.265
2024-08-29,09:00-10:00,2024,8,29,4,0,3,9,1,0,40680,18259.564,416.300293,428.933105,2024-08-29 09:00:00,12475.309
2024-08-29,10:00-11:00,2024,8,29,4,0,3,10,1,0,42342,18683.354,420.064697,431.105011,2024-08-29 10:00:00,14650.411
2024-08-29,11:00-12:00,2024,8,29,4,0,3,11,1,0,42530,19472.164,418.345551,421.798553,2024-08-29 11:00:00,15779.335
2024-08-29,12:00-13:00,2024,8,29,4,0,3,12,1,0,44743,19546.694,418.738892,415.854919,2024-08-29 12:00:00,15909.885
2024-08-29,13:00-14:00,2024,8,29,4,0,3,13,1,0,44622,19382.664,419.9216,419.743469,2024-08-29 13:00:00,15249.555
2024-08-29,14:00-15:00,2024,8,29,4,0,3,14,1,0,44211,19420.864,428.847229,432.430756,2024-08-29 14:00:00,13455.538
2024-08-29,15:00-16:00,2024,8,29,4,0,3,15,1,0,43939,21303.224,435.983398,477.699768,2024-08-29 15:00:00,10289.587
2024-08-29,16:00-17:00,2024,8,29,4,0,3,16,1,0,43395,23867.567,469.868683,498.296997,2024-08-29 16:00:00,6321.449
2024-08-29,17:00-18:00,2024,8,29,4,0,3,17,1,0,41629,24560.575,436.433075,426.060425,2024-08-29 17:00:00,2763.392
2024-08-29,18:00-19:00,2024,8,29,4,0,3,18,1,0,40904,23752.923,447.745148,433.842163,2024-08-29 18:00:00,1487.302
2024-08-29,19:00-20:00,2024,8,29,4,0,3,19,1,0,42897,25862.284,440.740875,427.90387,2024-08-29 19:00:00,1747.073
2024-08-29,20:00-21:00,2024,8,29,4,0,3,20,1,0,43214,27642.854,430.779633,428.807404,2024-08-29 20:00:00,1870.68
2024-08-29,21:00-22:00,2024,8,29,4,0,3,21,0,0,41269,26209.834,431.693146,427.624115,2024-08-29 21:00:00,1857.305
2024-08-29,22:00-23:00,2024,8,29,4,0,3,22,0,1,38942,21584.764,436.475922,427.91452,2024-08-29 22:00:00,1783.492
2024-08-29,23:00-24:00,2024,8,29,4,0,3,23,0,1,37054,19194.933,444.121185,425.899475,2024-08-29 23:00:00,1611.29
2024-08-30,00:00-01:00,2024,8,30,5,0,3,0,0,1,36921,19053.784,435.31955,434.608795,2024-08-30 00:00:00,1228.08
2024-08-30,01:00-02:00,2024,8,30,5,0,3,1,0,1,35187,18074.307,433.50882,433.153839,2024-08-30 01:00:00,1079.45
2024-08-30,02:00-03:00,2024,8,30,5,0,3,2,0,1,33889,17940.956,431.073853,431.172729,2024-08-30 02:00:00,984.661
2024-08-30,03:00-04:00,2024,8,30,5,0,3,3,0,1,32795,17468.023,431.21051,431.108765,2024-08-30 03:00:00,885.933
2024-08-30,04:00-05:00,2024,8,30,5,0,3,4,0,1,32500,17405.01,430.81604,431.035339,2024-08-30 04:00:00,783.676
2024-08-30,05:00-06:00,2024,8,30,5,0,3,5,0,1,32702,17393.706,430.714081,431.439819,2024-08-30 05:00:00,713.493
2024-08-30,06:00-07:00,2024,8,30,5,0,3,6,0,1,33837,17837.705,412.272888,414.730988,2024-08-30 06:00:00,2537.271
2024-08-30,07:00-08:00,2024,8,30,5,0,3,7,0,0,36308,16630.595,413.003479,411.131958,2024-08-30 07:00:00,6971.444
2024-08-30,08:00-09:00,2024,8,30,5,0,3,8,1,0,39887,17941.532,403.495483,407.898376,2024-08-30 08:00:00,12052.977
2024-08-30,09:00-10:00,2024,8,30,5,0,3,9,1,0,42273,18746.605,356.065948,350.691406,2024-08-30 09:00:00,15947.416
2024-08-30,10:00-11:00,2024,8,30,5,0,3,10,1,0,43962,19107.094,416.503082,417.518036,2024-08-30 10:00:00,18215.821
2024-08-30,11:00-12:00,2024,8,30,5,0,3,11,1,0,44103,19827.504,336.232697,367.322693,2024-08-30 11:00:00,19021.422
2024-08-30,12:00-13:00,2024,8,30,5,0,3,12,1,0,45663,19756.854,405.389709,430.075195,2024-08-30 12:00:00,18761.92
2024-08-30,13:00-14:00,2024,8,30,5,0,3,13,1,0,45263,20032.344,419.1828,443.720306,2024-08-30 13:00:00,17469.566
2024-08-30,14:00-15:00,2024,8,30,5,0,3,14,1,0,44927,19842.134,434.30957,477.158203,2024-08-30 14:00:00,14759.894
2024-08-30,15:00-16:00,2024,8,30,5,0,3,15,1,0,44671,19992.41,492.115417,561.182068,2024-08-30 15:00:00,10812.361
2024-08-30,16:00-17:00,2024,8,30,5,0,3,16,1,0,44266,22466.391,684.787231,616.495544,2024-08-30 16:00:00,6130.489
2024-08-30,17:00-18:00,2024,8,30,5,0,3,17,1,0,42462,22814.658,642.614136,566.918274,2024-08-30 17:00:00,2052.734
2024-08-30,18:00-19:00,2024,8,30,5,0,3,18,1,0,41966,22465.164,676.179504,674.231567,2024-08-30 18:00:00,650.202
2024-08-30,19:00-20:00,2024,8,30,5,0,3,19,1,0,44077,24092.553,642.898132,596.377319,2024-08-30 19:00:00,837.91
2024-08-30,20:00-21:00,2024,8,30,5,0,3,20,1,0,44545,26445.659,605.903503,450.294586,2024-08-30 20:00:00,942.984
2024-08-30,21:00-22:00,2024,8,30,5,0,3,21,0,0,42832,24494.865,615.473389,441.556793,2024-08-30 21:00:00,967.76
2024-08-30,22:00-23:00,2024,8,30,5,0,3,22,0,1,40587,20330.919,497.348846,448.719971,2024-08-30 22:00:00,955.99
2024-08-30,23:00-24:00,2024,8,30,5,0,3,23,0,1,38105,17925.194,494.494263,449.388519,2024-08-30 23:00:00,912.583
2024-08-31,00:00-01:00,2024,8,31,6,1,3,0,0,1,37634,18509.697,446.498047,439.847046,2024-08-31 00:00:00,697.076
2024-08-31,01:00-02:00,2024,8,31,6,1,3,1,0,1,35796,17790.801,453.719452,449.001526,2024-08-31 01:00:00,653.885
2024-08-31,02:00-03:00,2024,8,31,6,1,3,2,0,1,34539,17613.448,434.064148,431.746643,2024-08-31 02:00:00,637.466
2024-08-31,03:00-04:00,2024,8,31,6,1,3,3,0,1,33572,17179.999,433.395172,429.323608,2024-08-31 03:00:00,604.768
2024-08-31,04:00-05:00,2024,8,31,6,1,3,4,0,1,33061,17178.764,430.591278,428.83844,2024-08-31 04:00:00,584.71
2024-08-31,05:00-06:00,2024,8,31,6,1,3,5,0,1,33000,17197.404,433.04422,428.081726,2024-08-31 05:00:00,612.232
2024-08-31,06:00-07:00,2024,8,31,6,1,3,6,0,1,33803,17642.404,432.730469,433.066559,2024-08-31 06:00:00,2551.495
2024-08-31,07:00-08:00,2024,8,31,6,1,3,7,0,0,36255,16657.944,413.024689,414.019897,2024-08-31 07:00:00,7058.367
2024-08-31,08:00-09:00,2024,8,31,6,1,3,8,1,0,39920,17959.354,418.011475,409.918457,2024-08-31 08:00:00,12227.776
2024-08-31,09:00-10:00,2024,8,31,6,1,3,9,1,0,42753,18787.484,401.553497,370.242096,2024-08-31 09:00:00,16396.673
2024-08-31,10:00-11:00,2024,8,31,6,1,3,10,1,0,44836,18910.864,414.176453,401.39743,2024-08-31 10:00:00,18867.102
2024-08-31,11:00-12:00,2024,8,31,6,1,3,11,1,0,45338,19626.484,366.532501,403.406494,2024-08-31 11:00:00,19826.439
2024-08-31,12:00-13:00,2024,8,31,6,1,3,12,1,0,47138,19572.434,450.487457,464.724396,2024-08-31 12:00:00,19626.203
2024-08-31,13:00-14:00,2024,8,31,6,1,3,13,1,0,46867,19226.904,431.593567,465.957977,2024-08-31 13:00:00,18281.911
2024-08-31,14:00-15:00,2024,8,31,6,1,3,14,1,0,46408,19457.704,472.011505,487.977203,2024-08-31 14:00:00,15441.479
2024-08-31,15:00-16:00,2024,8,31,6,1,3,15,1,0,46126,19718.734,517.24823,481.364655,2024-08-31 15:00:00,11267.031
2024-08-31,16:00-17:00,2024,8,31,6,1,3,16,1,0,45311,21044.919,838.889465,729.977844,2024-08-31 16:00:00,6273.086
2024-08-31,17:00-18:00,2024,8,31,6,1,3,17,1,0,43484,22004.515,854.179122,862.260193,2024-08-31 17:00:00,2041.533
2024-08-31,18:00-19:00,2024,8,31,6,1,3,18,1,0,42812,21750.013,854.179122,873.5066612500001,2024-08-31 18:00:00,648.483
2024-08-31,19:00-20:00,2024,8,31,6,1,3,19,1,0,45250,23120.407,854.179122,873.5066612500001,2024-08-31 19:00:00,803.387
2024-08-31,20:00-21:00,2024,8,31,6,1,3,20,1,0,46070,23320.882,854.179122,847.386963,2024-08-31 20:00:00,898.062
2024-08-31,21:00-22:00,2024,8,31,6,1,3,21,0,0,44518,21914.014,854.179122,845.897827,2024-08-31 21:00:00,957.755
2024-08-31,22:00-23:00,2024,8,31,6,1,3,22,0,1,42258,20184.681,779.609924,714.46283,2024-08-31 22:00:00,999.998
2024-08-31,23:00-24:00,2024,8,31,6,1,3,23,0,1,40119,18925.071,663.125122,643.003479,2024-08-31 23:00:00,1033.842
2024-09-01,00:00-01:00,2024,9,1,7,1,3,0,0,1,38831,16332.904,854.179122,873.5066612500001,2024-09-01 00:00:00,1311.24
2024-09-01,01:00-02:00,2024,9,1,7,1,3,1,0,1,36953,14510.09,854.179122,873.5066612500001,2024-09-01 01:00:00,1322.922
2024-09-01,02:00-03:00,2024,9,1,7,1,3,2,0,1,35825,14251.46,830.065674,842.907532,2024-09-01 02:00:00,1299.611
2024-09-01,03:00-04:00,2024,9,1,7,1,3,3,0,1,34698,13940.56,731.824707,802.445435,2024-09-01 03:00:00,1254.319
2024-09-01,04:00-05:00,2024,9,1,7,1,3,4,0,1,34215,13847.11,641.977234,641.549255,2024-09-01 04:00:00,1206.25
2024-09-01,05:00-06:00,2024,9,1,7,1,3,5,0,1,34000,13841.64,626.384521,621.869507,2024-09-01 05:00:00,1178.936
2024-09-01,06:00-07:00,2024,9,1,7,1,3,6,0,1,34615,14375.6,449.21698,448.397797,2024-09-01 06:00:00,3207.719
2024-09-01,07:00-08:00,2024,9,1,7,1,3,7,0,0,36924,15325.469,431.173279,436.685822,2024-09-01 07:00:00,8092.968
2024-09-01,08:00-09:00,2024,9,1,7,1,3,8,1,0,40745,17034.332,424.909454,426.619965,2024-09-01 08:00:00,13546.249
2024-09-01,09:00-10:00,2024,9,1,7,1,3,9,1,0,43550,17923.687,418.926056,410.12207,2024-09-01 09:00:00,17673.712
2024-09-01,10:00-11:00,2024,9,1,7,1,3,10,1,0,45866,18068.0,426.84082,410.912109,2024-09-01 10:00:00,20034.808
2024-09-01,11:00-12:00,2024,9,1,7,1,3,11,1,0,46651,18938.21,421.497711,413.672791,2024-09-01 11:00:00,20856.337
2024-09-01,12:00-13:00,2024,9,1,7,1,3,12,1,0,48314,18737.7,490.115234,579.208435,2024-09-01 12:00:00,20613.689
2024-09-01,13:00-14:00,2024,9,1,7,1,3,13,1,0,48060,18430.25,495.821472,617.122742,2024-09-01 13:00:00,19313.086
2024-09-01,14:00-15:00,2024,9,1,7,1,3,14,1,0,47400,18573.87,492.376373,546.650452,2024-09-01 14:00:00,16594.865
2024-09-01,15:00-16:00,2024,9,1,7,1,3,15,1,0,46841,18360.83,637.593445,557.679688,2024-09-01 15:00:00,12186.551
2024-09-01,16:00-17:00,2024,9,1,7,1,3,16,1,0,46342,17337.218,854.179122,873.5066612500001,2024-09-01 16:00:00,6685.484
2024-09-01,17:00-18:00,2024,9,1,7,1,3,17,1,0,44606,17278.349,854.179122,873.5066612500001,2024-09-01 17:00:00,1974.633
2024-09-01,18:00-19:00,2024,9,1,7,1,3,18,1,0,43988,19175.037,854.179122,873.5066612500001,2024-09-01 18:00:00,514.287
2024-09-01,19:00-20:00,2024,9,1,7,1,3,19,1,0,46516,22517.065,854.179122,873.5066612500001,2024-09-01 19:00:00,635.332
2024-09-01,20:00-21:00,2024,9,1,7,1,3,20,1,0,47802,25120.748,854.179122,873.5066612500001,2024-09-01 20:00:00,694.975
2024-09-01,21:00-22:00,2024,9,1,7,1,3,21,0,0,46380,24724.728,854.179122,873.5066612500001,2024-09-01 21:00:00,708.611
2024-09-01,22:00-23:00,2024,9,1,7,1,3,22,0,1,43974,22931.821,854.179122,873.5066612500001,2024-09-01 22:00:00,701.888
2024-09-01,23:00-24:00,2024,9,1,7,1,3,23,0,1,41697,18120.081,854.179122,873.5066612500001,2024-09-01 23:00:00,726.526
2024-09-02,00:00-01:00,2024,9,2,1,0,3,0,0,1,41302,15780.254,854.179122,873.5066612500001,2024-09-02 00:00:00,851.715
2024-09-02,01:00-02:00,2024,9,2,1,0,3,1,0,1,39550,16554.91,854.179122,873.5066612500001,2024-09-02 01:00:00,807.373
2024-09-02,02:00-03:00,2024,9,2,1,0,3,2,0,1,37798,15536.163,854.179122,873.5066612500001,2024-09-02 02:00:00,794.669
2024-09-02,03:00-04:00,2024,9,2,1,0,3,3,0,1,36630,15082.782,854.179122,873.5066612500001,2024-09-02 03:00:00,882.592
2024-09-02,04:00-05:00,2024,9,2,1,0,3,4,0,1,36119,14675.11,794.826782,873.5066612500001,2024-09-02 04:00:00,1048.491
2024-09-02,05:00-06:00,2024,9,2,1,0,3,5,0,1,35844,14050.88,727.071716,873.5066612500001,2024-09-02 05:00:00,1285.53
2024-09-02,06:00-07:00,2024,9,2,1,0,3,6,0,1,37360,14367.721,524.879883,727.77124,2024-09-02 06:00:00,3379.493
2024-09-02,07:00-08:00,2024,9,2,1,0,3,7,0,0,40426,15099.512,481.185822,523.848877,2024-09-02 07:00:00,7807.602
2024-09-02,08:00-09:00,2024,9,2,1,0,3,8,1,0,44734,17023.43,478.540222,498.73233,2024-09-02 08:00:00,12578.147
2024-09-02,09:00-10:00,2024,9,2,1,0,3,9,1,0,47654,17433.1,486.85379,514.425354,2024-09-02 09:00:00,16111.357
2024-09-02,10:00-11:00,2024,9,2,1,0,3,10,1,0,49698,17728.44,572.818787,582.963196,2024-09-02 10:00:00,18165.843
2024-09-02,11:00-12:00,2024,9,2,1,0,3,11,1,0,49659,18303.37,575.621948,568.513977,2024-09-02 11:00:00,18991.845
2024-09-02,12:00-13:00,2024,9,2,1,0,3,12,1,0,50506,18406.561,628.514648,873.5066612500001,2024-09-02 12:00:00,18891.406
2024-09-02,13:00-14:00,2024,9,2,1,0,3,13,1,0,49621,18120.93,619.355469,873.5066612500001,2024-09-02 13:00:00,17690.076
2024-09-02,14:00-15:00,2024,9,2,1,0,3,14,1,0,48333,18101.519,678.745972,873.5066612500001,2024-09-02 14:00:00,15222.533
2024-09-02,15:00-16:00,2024,9,2,1,0,3,15,1,0,47742,18487.817,854.179122,873.5066612500001,2024-09-02 15:00:00,11924.608
2024-09-02,16:00-17:00,2024,9,2,1,0,3,16,1,0,46546,18035.478,854.179122,873.5066612500001,2024-09-02 16:00:00,8173.978
2024-09-02,17:00-18:00,2024,9,2,1,0,3,17,1,0,44923,17102.398,854.179122,873.5066612500001,2024-09-02 17:00:00,5062.443
2024-09-02,18:00-19:00,2024,9,2,1,0,3,18,1,0,44625,19612.694,680.849609,812.644775,2024-09-02 18:00:00,4328.964
2024-09-02,19:00-20:00,2024,9,2,1,0,3,19,1,0,46063,24026.805,854.179122,873.5066612500001,2024-09-02 19:00:00,4677.177
2024-09-02,20:00-21:00,2024,9,2,1,0,3,20,1,0,46261,25194.17,854.179122,873.5066612500001,2024-09-02 20:00:00,4794.732
2024-09-02,21:00-22:00,2024,9,2,1,0,3,21,0,0,44443,23425.05,854.179122,873.5066612500001,2024-09-02 21:00:00,4735.314
2024-09-02,22:00-23:00,2024,9,2,1,0,3,22,0,1,42328,21400.37,752.267517,849.434326,2024-09-02 22:00:00,4597.0
2024-09-02,23:00-24:00,2024,9,2,1,0,3,23,0,1,40503,18341.296,709.686829,719.477234,2024-09-02 23:00:00,4356.456
2024-09-03,00:00-01:00,2024,9,3,2,0,3,0,0,1,40298,15437.899,854.179122,627.166626,2024-09-03 00:00:00,4231.392
2024-09-03,01:00-02:00,2024,9,3,2,0,3,1,0,1,38563,14515.724,854.179122,626.321716,2024-09-03 01:00:00,4087.858
2024-09-03,02:00-03:00,2024,9,3,2,0,3,2,0,1,37136,14412.404,854.179122,624.913696,2024-09-03 02:00:00,3950.58
2024-09-03,03:00-04:00,2024,9,3,2,0,3,3,0,1,35984,14104.6,711.268555,528.447693,2024-09-03 03:00:00,3821.105
2024-09-03,04:00-05:00,2024,9,3,2,0,3,4,0,1,35431,14037.624,648.081116,501.882813,2024-09-03 04:00:00,3653.798
2024-09-03,05:00-06:00,2024,9,3,2,0,3,5,0,1,35000,13929.09,544.63269,503.393066,2024-09-03 05:00:00,3434.463
2024-09-03,06:00-07:00,2024,9,3,2,0,3,6,0,1,35469,14239.152,503.117493,483.649384,2024-09-03 06:00:00,4673.554
2024-09-03,07:00-08:00,2024,9,3,2,0,3,7,0,0,37994,14862.958,501.793365,482.430817,2024-09-03 07:00:00,7963.257
2024-09-03,08:00-09:00,2024,9,3,2,0,3,8,1,0,41772,16386.388,517.208862,500.165253,2024-09-03 08:00:00,11974.844
2024-09-03,09:00-10:00,2024,9,3,2,0,3,9,1,0,44722,16889.468,522.6698,515.381409,2024-09-03 09:00:00,15287.332
2024-09-03,10:00-11:00,2024,9,3,2,0,3,10,1,0,46521,17847.308,618.378052,498.356598,2024-09-03 10:00:00,17587.266
2024-09-03,11:00-12:00,2024,9,3,2,0,3,11,1,0,46714,18595.708,629.130859,485.304321,2024-09-03 11:00:00,18465.355
2024-09-03,12:00-13:00,2024,9,3,2,0,3,12,1,0,48569,18821.646,717.426819,586.321716,2024-09-03 12:00:00,18116.828
2024-09-03,13:00-14:00,2024,9,3,2,0,3,13,1,0,48349,18620.938,771.421143,657.038269,2024-09-03 13:00:00,16716.555
2024-09-03,14:00-15:00,2024,9,3,2,0,3,14,1,0,47852,17961.909,854.179122,718.345459,2024-09-03 14:00:00,13919.926
2024-09-03,15:00-16:00,2024,9,3,2,0,3,15,1,0,47459,17994.03,854.179122,873.5066612500001,2024-09-03 15:00:00,10122.665
2024-09-03,16:00-17:00,2024,9,3,2,0,3,16,1,0,46880,17443.962,854.179122,873.5066612500001,2024-09-03 16:00:00,5801.565
2024-09-03,17:00-18:00,2024,9,3,2,0,3,17,1,0,45091,16943.39,854.179122,873.5066612500001,2024-09-03 17:00:00,2103.053
2024-09-03,18:00-19:00,2024,9,3,2,0,3,18,1,0,44525,17835.38,854.179122,873.5066612500001,2024-09-03 18:00:00,1231.129
2024-09-03,19:00-20:00,2024,9,3,2,0,3,19,1,0,46828,22432.871,854.179122,873.5066612500001,2024-09-03 19:00:00,1524.559
2024-09-03,20:00-21:00,2024,9,3,2,0,3,20,1,0,46920,23561.328,854.179122,873.5066612500001,2024-09-03 20:00:00,1663.829
2024-09-03,21:00-22:00,2024,9,3,2,0,3,21,0,0,45127,22169.761,854.179122,873.5066612500001,2024-09-03 21:00:00,1648.531
2024-09-03,22:00-23:00,2024,9,3,2,0,3,22,0,1,43078,20327.285,854.179122,873.5066612500001,2024-09-03 22:00:00,1586.493
2024-09-03,23:00-24:00,2024,9,3,2,0,3,23,0,1,41136,16579.167,854.179122,873.5066612500001,2024-09-03 23:00:00,1484.026
2024-09-04,00:00-01:00,2024,9,4,3,0,3,0,0,1,41655,15285.484,854.179122,873.5066612500001,2024-09-04 00:00:00,1396.77
2024-09-04,01:00-02:00,2024,9,4,3,0,3,1,0,1,39872,14461.208,854.179122,873.5066612500001,2024-09-04 01:00:00,1276.734
2024-09-04,02:00-03:00,2024,9,4,3,0,3,2,0,1,38366,14405.15,854.179122,873.5066612500001,2024-09-04 02:00:00,1162.376
2024-09-04,03:00-04:00,2024,9,4,3,0,3,3,0,1,37199,14449.69,854.179122,873.5066612500001,2024-09-04 03:00:00,1056.015
2024-09-04,04:00-05:00,2024,9,4,3,0,3,4,0,1,36602,14396.72,852.002136,873.5066612500001,2024-09-04 04:00:00,952.228
2024-09-04,05:00-06:00,2024,9,4,3,0,3,5,0,1,36200,14342.042,759.8255,873.5066612500001,2024-09-04 05:00:00,865.67
2024-09-04,06:00-07:00,2024,9,4,3,0,3,6,0,1,37050,14792.2,560.956848,710.599182,2024-09-04 06:00:00,2647.553
2024-09-04,07:00-08:00,2024,9,4,3,0,3,7,0,0,39945,15730.42,507.600861,542.413879,2024-09-04 07:00:00,7162.103
2024-09-04,08:00-09:00,2024,9,4,3,0,3,8,1,0,44520,17604.02,542.905396,766.032715,2024-09-04 08:00:00,12386.808
2024-09-04,09:00-10:00,2024,9,4,3,0,3,9,1,0,47283,18349.72,526.524719,563.14209,2024-09-04 09:00:00,16429.247
2024-09-04,10:00-11:00,2024,9,4,3,0,3,10,1,0,49778,18476.02,710.353638,718.8974,2024-09-04 10:00:00,18675.223
2024-09-04,11:00-12:00,2024,9,4,3,0,3,11,1,0,50232,19231.52,669.424927,584.011414,2024-09-04 11:00:00,19464.356
2024-09-04,12:00-13:00,2024,9,4,3,0,3,12,1,0,52150,19261.43,854.179122,795.902039,2024-09-04 12:00:00,19297.426
2024-09-04,13:00-14:00,2024,9,4,3,0,3,13,1,0,51462,19232.165,854.179122,839.076111,2024-09-04 13:00:00,18136.653
2024-09-04,14:00-15:00,2024,9,4,3,0,3,14,1,0,50674,19207.672,854.179122,873.5066612500001,2024-09-04 14:00:00,15552.721
2024-09-04,15:00-16:00,2024,9,4,3,0,3,15,1,0,49967,19091.13,854.179122,873.5066612500001,2024-09-04 15:00:00,11363.115
2024-09-04,16:00-17:00,2024,9,4,3,0,3,16,1,0,49285,19189.902,854.179122,873.5066612500001,2024-09-04 16:00:00,6195.994
2024-09-04,17:00-18:00,2024,9,4,3,0,3,17,1,0,47055,18712.359,854.179122,873.5066612500001,2024-09-04 17:00:00,1687.506
2024-09-04,18:00-19:00,2024,9,4,3,0,3,18,1,0,46395,20318.027,854.179122,844.731934,2024-09-04 18:00:00,505.344
2024-09-04,19:00-20:00,2024,9,4,3,0,3,19,1,0,49222,24585.8,854.179122,873.5066612500001,2024-09-04 19:00:00,665.663
2024-09-04,20:00-21:00,2024,9,4,3,0,3,20,1,0,49678,25566.958,854.179122,873.5066612500001,2024-09-04 20:00:00,752.676
2024-09-04,21:00-22:00,2024,9,4,3,0,3,21,0,0,47944,24521.488,854.179122,873.5066612500001,2024-09-04 21:00:00,799.736
2024-09-04,22:00-23:00,2024,9,4,3,0,3,22,0,1,45411,22022.962,854.179122,873.5066612500001,2024-09-04 22:00:00,808.209
2024-09-04,23:00-24:00,2024,9,4,3,0,3,23,0,1,43051,17931.853,854.179122,873.5066612500001,2024-09-04 23:00:00,866.401
2024-09-05,00:00-01:00,2024,9,5,4,0,3,0,0,1,42596,17534.933,854.179122,873.5066612500001,2024-09-05 00:00:00,651.743
2024-09-05,01:00-02:00,2024,9,5,4,0,3,1,0,1,40670,16342.837,854.179122,873.5066612500001,2024-09-05 01:00:00,639.001
2024-09-05,02:00-03:00,2024,9,5,4,0,3,2,0,1,39090,15298.974,854.179122,873.5066612500001,2024-09-05 02:00:00,642.664
2024-09-05,03:00-04:00,2024,9,5,4,0,3,3,0,1,38073,14547.77,854.179122,873.5066612500001,2024-09-05 03:00:00,682.658
2024-09-05,04:00-05:00,2024,9,5,4,0,3,4,0,1,37351,14434.44,854.179122,873.5066612500001,2024-09-05 04:00:00,794.082
2024-09-05,05:00-06:00,2024,9,5,4,0,3,5,0,1,37000,14340.371,854.179122,873.5066612500001,2024-09-05 05:00:00,1010.238
2024-09-05,06:00-07:00,2024,9,5,4,0,3,6,0,1,37708,14930.1,535.891968,728.136353,2024-09-05 06:00:00,3155.429
2024-09-05,07:00-08:00,2024,9,5,4,0,3,7,0,0,41251,15801.46,500.45929,523.782227,2024-09-05 07:00:00,7969.507
2024-09-05,08:00-09:00,2024,9,5,4,0,3,8,1,0,45760,17511.89,508.785278,666.359314,2024-09-05 08:00:00,13268.608
2024-09-05,09:00-10:00,2024,9,5,4,0,3,9,1,0,48889,18119.51,516.340942,710.304199,2024-09-05 09:00:00,17346.301
2024-09-05,10:00-11:00,2024,9,5,4,0,3,10,1,0,50648,18288.5,588.602173,660.551819,2024-09-05 10:00:00,19798.494
2024-09-05,11:00-12:00,2024,9,5,4,0,3,11,1,0,51220,19039.75,628.059692,643.567566,2024-09-05 11:00:00,20833.337
2024-09-05,12:00-13:00,2024,9,5,4,0,3,12,1,0,52439,19075.43,741.244324,867.426208,2024-09-05 12:00:00,20832.785
2024-09-05,13:00-14:00,2024,9,5,4,0,3,13,1,0,51344,18821.4,720.547424,873.5066612500001,2024-09-05 13:00:00,19828.892
2024-09-05,14:00-15:00,2024,9,5,4,0,3,14,1,0,50806,18708.83,854.179122,733.814575,2024-09-05 14:00:00,17432.466
2024-09-05,15:00-16:00,2024,9,5,4,0,3,15,1,0,50548,18685.523,854.179122,828.48407,2024-09-05 15:00:00,13744.723
2024-09-05,16:00-17:00,2024,9,5,4,0,3,16,1,0,49687,17736.19,854.179122,873.5066612500001,2024-09-05 16:00:00,9216.847
2024-09-05,17:00-18:00,2024,9,5,4,0,3,17,1,0,47657,17340.512,854.179122,873.5066612500001,2024-09-05 17:00:00,5551.195
2024-09-05,18:00-19:00,2024,9,5,4,0,3,18,1,0,48003,19086.15,854.179122,873.5066612500001,2024-09-05 18:00:00,4886.57
2024-09-05,19:00-20:00,2024,9,5,4,0,3,19,1,0,50250,23539.874,854.179122,873.5066612500001,2024-09-05 19:00:00,5264.261
2024-09-05,20:00-21:00,2024,9,5,4,0,3,20,1,0,50424,25035.408,854.179122,873.5066612500001,2024-09-05 20:00:00,5494.578
2024-09-05,21:00-22:00,2024,9,5,4,0,3,21,0,0,48240,23586.935,854.179122,873.5066612500001,2024-09-05 21:00:00,5595.574
2024-09-05,22:00-23:00,2024,9,5,4,0,3,22,0,1,45363,21180.658,854.179122,867.459656,2024-09-05 22:00:00,5627.828
2024-09-05,23:00-24:00,2024,9,5,4,0,3,23,0,1,43122,17901.183,854.179122,767.233215,2024-09-05 23:00:00,5535.885
2024-09-06,00:00-01:00,2024,9,6,5,0,3,0,0,1,44103,17409.848,728.76886,687.999878,2024-09-06 00:00:00,5776.747
2024-09-06,01:00-02:00,2024,9,6,5,0,3,1,0,1,42009,14433.35,749.910278,663.793152,2024-09-06 01:00:00,5677.017
2024-09-06,02:00-03:00,2024,9,6,5,0,3,2,0,1,40285,13485.97,627.182617,535.16687,2024-09-06 02:00:00,5625.385
2024-09-06,03:00-04:00,2024,9,6,5,0,3,3,0,1,38778,13461.74,534.996094,506.960236,2024-09-06 03:00:00,5596.713
2024-09-06,04:00-05:00,2024,9,6,5,0,3,4,0,1,37958,13364.48,521.547729,483.000031,2024-09-06 04:00:00,5521.224
2024-09-06,05:00-06:00,2024,9,6,5,0,3,5,0,1,37109,13333.14,506.214233,478.000092,2024-09-06 05:00:00,5435.131
2024-09-06,06:00-07:00,2024,9,6,5,0,3,6,0,1,37458,13807.65,479.357147,478.000092,2024-09-06 06:00:00,6852.145
2024-09-06,07:00-08:00,2024,9,6,5,0,3,7,0,0,39784,14419.94,479.267059,478.097015,2024-09-06 07:00:00,10512.772
2024-09-06,08:00-09:00,2024,9,6,5,0,3,8,1,0,43635,15823.53,477.800201,478.73288,2024-09-06 08:00:00,14580.321
2024-09-06,09:00-10:00,2024,9,6,5,0,3,9,1,0,46256,16245.99,487.012299,470.221771,2024-09-06 09:00:00,17429.147
2024-09-06,10:00-11:00,2024,9,6,5,0,3,10,1,0,48263,16245.0,584.315308,481.958618,2024-09-06 10:00:00,19173.31
2024-09-06,11:00-12:00,2024,9,6,5,0,3,11,1,0,48666,16914.03,553.745667,471.866028,2024-09-06 11:00:00,19774.707
2024-09-06,12:00-13:00,2024,9,6,5,0,3,12,1,0,50418,16953.14,720.157227,549.673767,2024-09-06 12:00:00,19446.867
2024-09-06,13:00-14:00,2024,9,6,5,0,3,13,1,0,49821,16751.87,683.986023,571.681396,2024-09-06 13:00:00,18343.747
2024-09-06,14:00-15:00,2024,9,6,5,0,3,14,1,0,49000,16861.61,792.065063,547.0177,2024-09-06 14:00:00,16213.595
2024-09-06,15:00-16:00,2024,9,6,5,0,3,15,1,0,48310,17426.94,854.179122,607.077454,2024-09-06 15:00:00,12923.311
2024-09-06,16:00-17:00,2024,9,6,5,0,3,16,1,0,47595,16595.598,854.179122,806.445313,2024-09-06 16:00:00,8873.264
2024-09-06,17:00-18:00,2024,9,6,5,0,3,17,1,0,45457,17058.648,854.179122,831.266052,2024-09-06 17:00:00,5289.144
2024-09-06,18:00-19:00,2024,9,6,5,0,3,18,1,0,44955,19360.868,854.179122,680.753113,2024-09-06 18:00:00,4532.26
2024-09-06,19:00-20:00,2024,9,6,5,0,3,19,1,0,47289,23358.194,854.179122,608.183167,2024-09-06 19:00:00,4744.475
2024-09-06,20:00-21:00,2024,9,6,5,0,3,20,1,0,47714,24455.878,854.179122,545.202332,2024-09-06 20:00:00,4813.581
2024-09-06,21:00-22:00,2024,9,6,5,0,3,21,0,0,45991,23456.404,847.869446,496.404724,2024-09-06 21:00:00,4738.94
2024-09-06,22:00-23:00,2024,9,6,5,0,3,22,0,1,43600,21363.224,781.30835,485.29306,2024-09-06 22:00:00,4646.389
2024-09-06,23:00-24:00,2024,9,6,5,0,3,23,0,1,41644,17859.913,698.240173,482.63559,2024-09-06 23:00:00,4470.914
2024-09-07,00:00-01:00,2024,9,7,6,1,3,0,0,1,40572,15046.012,548.190552,521.551208,2024-09-07 00:00:00,4527.17
2024-09-07,01:00-02:00,2024,9,7,6,1,3,1,0,1,38650,11660.052,535.154907,529.352722,2024-09-07 01:00:00,4341.823
2024-09-07,02:00-03:00,2024,9,7,6,1,3,2,0,1,37194,10868.312,525.041443,497.817963,2024-09-07 02:00:00,4226.126
2024-09-07,03:00-04:00,2024,9,7,6,1,3,3,0,1,35950,10775.212,499.860046,499.447906,2024-09-07 03:00:00,4097.945
2024-09-07,04:00-05:00,2024,9,7,6,1,3,4,0,1,35298,10714.122,499.746948,494.693024,2024-09-07 04:00:00,3973.56
2024-09-07,05:00-06:00,2024,9,7,6,1,3,5,0,1,35014,10700.482,492.624786,486.999969,2024-09-07 05:00:00,3829.235
2024-09-07,06:00-07:00,2024,9,7,6,1,3,6,0,1,35646,11141.692,477.999908,477.999817,2024-09-07 06:00:00,5282.609
2024-09-07,07:00-08:00,2024,9,7,6,1,3,7,0,0,38014,11914.852,478.000061,477.725739,2024-09-07 07:00:00,9235.995
2024-09-07,08:00-09:00,2024,9,7,6,1,3,8,1,0,41651,13440.522,466.07663,475.185944,2024-09-07 08:00:00,13913.558
2024-09-07,09:00-10:00,2024,9,7,6,1,3,9,1,0,44324,14027.872,467.592743,468.321747,2024-09-07 09:00:00,17372.512
2024-09-07,10:00-11:00,2024,9,7,6,1,3,10,1,0,46478,14149.552,495.098999,494.320984,2024-09-07 10:00:00,19357.781
2024-09-07,11:00-12:00,2024,9,7,6,1,3,11,1,0,47137,14813.882,486.544434,464.35788,2024-09-07 11:00:00,19989.746
2024-09-07,12:00-13:00,2024,9,7,6,1,3,12,1,0,49005,14802.322,598.332703,528.585022,2024-09-07 12:00:00,19573.536
2024-09-07,13:00-14:00,2024,9,7,6,1,3,13,1,0,48617,14478.162,644.823486,661.299438,2024-09-07 13:00:00,18154.352
2024-09-07,14:00-15:00,2024,9,7,6,1,3,14,1,0,48091,14428.042,659.736938,695.367676,2024-09-07 14:00:00,15304.65
2024-09-07,15:00-16:00,2024,9,7,6,1,3,15,1,0,47648,14542.802,730.750549,860.257568,2024-09-07 15:00:00,11428.279
2024-09-07,16:00-17:00,2024,9,7,6,1,3,16,1,0,47196,14081.214,854.179122,873.5066612500001,2024-09-07 16:00:00,7022.563
2024-09-07,17:00-18:00,2024,9,7,6,1,3,17,1,0,45371,13922.869,854.179122,873.5066612500001,2024-09-07 17:00:00,3391.59
2024-09-07,18:00-19:00,2024,9,7,6,1,3,18,1,0,44804,15373.825,854.179122,873.5066612500001,2024-09-07 18:00:00,2808.693
2024-09-07,19:00-20:00,2024,9,7,6,1,3,19,1,0,47680,19372.845,854.179122,873.5066612500001,2024-09-07 19:00:00,3218.601
2024-09-07,20:00-21:00,2024,9,7,6,1,3,20,1,0,48169,20201.303,854.179122,873.5066612500001,2024-09-07 20:00:00,3404.494
2024-09-07,21:00-22:00,2024,9,7,6,1,3,21,0,0,46377,18935.621,854.179122,873.5066612500001,2024-09-07 21:00:00,3388.911
2024-09-07,22:00-23:00,2024,9,7,6,1,3,22,0,1,43921,16801.544,854.179122,873.5066612500001,2024-09-07 22:00:00,3300.09
2024-09-07,23:00-24:00,2024,9,7,6,1,3,23,0,1,41741,13163.792,852.54425,873.5066612500001,2024-09-07 23:00:00,3095.452
2024-09-08,00:00-01:00,2024,9,8,7,1,3,0,0,1,39489,11791.382,854.179122,733.974426,2024-09-08 00:00:00,2066.149
2024-09-08,01:00-02:00,2024,9,8,7,1,3,1,0,1,37699,11190.202,846.370605,867.392517,2024-09-08 01:00:00,1968.947
2024-09-08,02:00-03:00,2024,9,8,7,1,3,2,0,1,36291,10805.762,731.860168,755.059998,2024-09-08 02:00:00,1870.423
2024-09-08,03:00-04:00,2024,9,8,7,1,3,3,0,1,35061,10710.652,629.17627,690.255615,2024-09-08 03:00:00,1772.918
2024-09-08,04:00-05:00,2024,9,8,7,1,3,4,0,1,34417,10662.695,541.802795,594.273621,2024-09-08 04:00:00,1649.183
2024-09-08,05:00-06:00,2024,9,8,7,1,3,5,0,1,34300,10701.702,534.169495,536.076172,2024-09-08 05:00:00,1532.603
2024-09-08,06:00-07:00,2024,9,8,7,1,3,6,0,1,34913,11079.592,483.51123,486.800873,2024-09-08 06:00:00,3201.472
2024-09-08,07:00-08:00,2024,9,8,7,1,3,7,0,0,37109,11954.932,479.329193,477.98584,2024-09-08 07:00:00,7727.026
2024-09-08,08:00-09:00,2024,9,8,7,1,3,8,1,0,39761,13657.222,464.56839,474.25296,2024-09-08 08:00:00,12935.669
2024-09-08,09:00-10:00,2024,9,8,7,1,3,9,1,0,42334,14252.042,473.537781,470.505829,2024-09-08 09:00:00,16808.23
2024-09-08,10:00-11:00,2024,9,8,7,1,3,10,1,0,44592,14272.282,513.485168,509.736176,2024-09-08 10:00:00,18931.649
2024-09-08,11:00-12:00,2024,9,8,7,1,3,11,1,0,45528,14893.282,511.992462,501.824768,2024-09-08 11:00:00,19689.476
2024-09-08,12:00-13:00,2024,9,8,7,1,3,12,1,0,47008,14915.212,638.86377,668.916748,2024-09-08 12:00:00,19407.013
2024-09-08,13:00-14:00,2024,9,8,7,1,3,13,1,0,46641,15319.212,659.275757,846.97113,2024-09-08 13:00:00,18119.833
2024-09-08,14:00-15:00,2024,9,8,7,1,3,14,1,0,46483,14541.262,676.989136,799.779297,2024-09-08 14:00:00,15388.072
2024-09-08,15:00-16:00,2024,9,8,7,1,3,15,1,0,45958,14323.82,819.234497,842.722351,2024-09-08 15:00:00,11187.731
2024-09-08,16:00-17:00,2024,9,8,7,1,3,16,1,0,45223,13585.869,854.179122,873.5066612500001,2024-09-08 16:00:00,6231.966
2024-09-08,17:00-18:00,2024,9,8,7,1,3,17,1,0,43975,13313.837,854.179122,873.5066612500001,2024-09-08 17:00:00,2279.056
2024-09-08,18:00-19:00,2024,9,8,7,1,3,18,1,0,44429,15662.635,854.179122,873.5066612500001,2024-09-08 18:00:00,1638.942
2024-09-08,19:00-20:00,2024,9,8,7,1,3,19,1,0,47315,18755.643,854.179122,873.5066612500001,2024-09-08 19:00:00,2052.032
2024-09-08,20:00-21:00,2024,9,8,7,1,3,20,1,0,47793,20672.536,854.179122,873.5066612500001,2024-09-08 20:00:00,2267.674
2024-09-08,21:00-22:00,2024,9,8,7,1,3,21,0,0,46067,19622.696,854.179122,873.5066612500001,2024-09-08 21:00:00,2302.822
2024-09-08,22:00-23:00,2024,9,8,7,1,3,22,0,1,43528,17136.361,854.179122,873.5066612500001,2024-09-08 22:00:00,2237.281
2024-09-08,23:00-24:00,2024,9,8,7,1,3,23,0,1,41104,13413.189,854.179122,873.5066612500001,2024-09-08 23:00:00,2038.76
2024-09-09,00:00-01:00,2024,9,9,1,0,3,0,0,1,41983,12145.198,854.179122,873.5066612500001,2024-09-09 00:00:00,1646.547
2024-09-09,01:00-02:00,2024,9,9,1,0,3,1,0,1,39990,11586.978,854.179122,873.5066612500001,2024-09-09 01:00:00,1520.438
2024-09-09,02:00-03:00,2024,9,9,1,0,3,2,0,1,38460,11241.718,854.179122,873.5066612500001,2024-09-09 02:00:00,1404.197
2024-09-09,03:00-04:00,2024,9,9,1,0,3,3,0,1,37282,11182.228,854.179122,873.5066612500001,2024-09-09 03:00:00,1300.448
2024-09-09,04:00-05:00,2024,9,9,1,0,3,4,0,1,36641,11175.318,815.301758,851.478699,2024-09-09 04:00:00,1210.308
2024-09-09,05:00-06:00,2024,9,9,1,0,3,5,0,1,36200,11087.998,730.362549,732.731873,2024-09-09 05:00:00,1127.493
2024-09-09,06:00-07:00,2024,9,9,1,0,3,6,0,1,36852,11512.518,533.38147,540.689575,2024-09-09 06:00:00,2847.47
2024-09-09,07:00-08:00,2024,9,9,1,0,3,7,0,0,39221,12502.438,490.283936,503.278778,2024-09-09 07:00:00,7624.279
2024-09-09,08:00-09:00,2024,9,9,1,0,3,8,1,0,43705,14222.578,478.031403,506.27771,2024-09-09 08:00:00,12985.128
2024-09-09,09:00-10:00,2024,9,9,1,0,3,9,1,0,46296,17381.602,489.532043,474.818695,2024-09-09 09:00:00,16898.126
2024-09-09,10:00-11:00,2024,9,9,1,0,3,10,1,0,48783,17715.412,510.391663,494.083221,2024-09-09 10:00:00,18957.34
2024-09-09,11:00-12:00,2024,9,9,1,0,3,11,1,0,49708,18342.482,623.78833,517.072083,2024-09-09 11:00:00,19653.722
2024-09-09,12:00-13:00,2024,9,9,1,0,3,12,1,0,51423,18344.162,854.179122,873.5066612500001,2024-09-09 12:00:00,19401.724
2024-09-09,13:00-14:00,2024,9,9,1,0,3,13,1,0,50736,18068.512,854.179122,873.5066612500001,2024-09-09 13:00:00,18163.316
2024-09-09,14:00-15:00,2024,9,9,1,0,3,14,1,0,50035,18088.322,854.179122,873.5066612500001,2024-09-09 14:00:00,15439.251
2024-09-09,15:00-16:00,2024,9,9,1,0,3,15,1,0,49463,18649.862,854.179122,873.5066612500001,2024-09-09 15:00:00,11123.639
2024-09-09,16:00-17:00,2024,9,9,1,0,3,16,1,0,48899,18055.162,854.179122,873.5066612500001,2024-09-09 16:00:00,6007.615
2024-09-09,17:00-18:00,2024,9,9,1,0,3,17,1,0,47083,18556.721,854.179122,873.5066612500001,2024-09-09 17:00:00,1939.557
2024-09-09,18:00-19:00,2024,9,9,1,0,3,18,1,0,47562,20139.536,854.179122,873.5066612500001,2024-09-09 18:00:00,1242.705
2024-09-09,19:00-20:00,2024,9,9,1,0,3,19,1,0,50129,24357.608,854.179122,873.5066612500001,2024-09-09 19:00:00,1553.379
2024-09-09,20:00-21:00,2024,9,9,1,0,3,20,1,0,50893,27616.8,854.179122,873.5066612500001,2024-09-09 20:00:00,1689.536
2024-09-09,21:00-22:00,2024,9,9,1,0,3,21,0,0,48817,25916.979,854.179122,873.5066612500001,2024-09-09 21:00:00,1671.89
2024-09-09,22:00-23:00,2024,9,9,1,0,3,22,0,1,45783,21378.243,854.179122,873.5066612500001,2024-09-09 22:00:00,1578.42
2024-09-09,23:00-24:00,2024,9,9,1,0,3,23,0,1,43431,18283.642,854.179122,873.5066612500001,2024-09-09 23:00:00,1470.873
2024-09-10,00:00-01:00,2024,9,10,2,0,3,0,0,1,42868,17378.267,854.179122,873.5066612500001,2024-09-10 00:00:00,1225.39
2024-09-10,01:00-02:00,2024,9,10,2,0,3,1,0,1,41155,14055.234,854.179122,873.5066612500001,2024-09-10 01:00:00,1095.036
2024-09-10,02:00-03:00,2024,9,10,2,0,3,2,0,1,39564,12307.863,854.179122,873.5066612500001,2024-09-10 02:00:00,1030.415
2024-09-10,03:00-04:00,2024,9,10,2,0,3,3,0,1,37973,11553.334,854.179122,873.5066612500001,2024-09-10 03:00:00,1015.885
2024-09-10,04:00-05:00,2024,9,10,2,0,3,4,0,1,37178,11560.754,854.179122,873.5066612500001,2024-09-10 04:00:00,1054.705
2024-09-10,05:00-06:00,2024,9,10,2,0,3,5,0,1,36444,11317.954,854.179122,873.5066612500001,2024-09-10 05:00:00,1149.206
2024-09-10,06:00-07:00,2024,9,10,2,0,3,6,0,1,37013,11891.534,629.137695,826.812378,2024-09-10 06:00:00,2986.807
2024-09-10,07:00-08:00,2024,9,10,2,0,3,7,0,0,39716,12861.284,509.178284,564.945679,2024-09-10 07:00:00,7723.237
2024-09-10,08:00-09:00,2024,9,10,2,0,3,8,1,0,43897,14697.704,507.177734,527.199768,2024-09-10 08:00:00,12962.743
2024-09-10,09:00-10:00,2024,9,10,2,0,3,9,1,0,47851,15609.354,605.869019,529.079407,2024-09-10 09:00:00,16869.616
2024-09-10,10:00-11:00,2024,9,10,2,0,3,10,1,0,49460,16090.25,726.546509,725.970764,2024-09-10 10:00:00,19151.735
2024-09-10,11:00-12:00,2024,9,10,2,0,3,11,1,0,49828,19248.428,775.980225,611.090515,2024-09-10 11:00:00,20155.922
2024-09-10,12:00-13:00,2024,9,10,2,0,3,12,1,0,52279,19215.948,806.40564,806.980042,2024-09-10 12:00:00,20034.378
2024-09-10,13:00-14:00,2024,9,10,2,0,3,13,1,0,51875,18995.108,817.733276,800.995728,2024-09-10 13:00:00,18763.325
2024-09-10,14:00-15:00,2024,9,10,2,0,3,14,1,0,51111,18840.388,854.179122,868.471619,2024-09-10 14:00:00,16043.288
2024-09-10,15:00-16:00,2024,9,10,2,0,3,15,1,0,50804,19102.738,854.179122,873.5066612500001,2024-09-10 15:00:00,12176.308
2024-09-10,16:00-17:00,2024,9,10,2,0,3,16,1,0,49348,17969.788,854.179122,873.5066612500001,2024-09-10 16:00:00,7794.279
2024-09-10,17:00-18:00,2024,9,10,2,0,3,17,1,0,47617,18520.624,854.179122,873.5066612500001,2024-09-10 17:00:00,4345.503
2024-09-10,18:00-19:00,2024,9,10,2,0,3,18,1,0,47883,20952.228,854.179122,873.5066612500001,2024-09-10 18:00:00,3868.097
2024-09-10,19:00-20:00,2024,9,10,2,0,3,19,1,0,49891,24475.433,854.179122,873.5066612500001,2024-09-10 19:00:00,4264.969
2024-09-10,20:00-21:00,2024,9,10,2,0,3,20,1,0,50407,27212.97,854.179122,873.5066612500001,2024-09-10 20:00:00,4481.054
2024-09-10,21:00-22:00,2024,9,10,2,0,3,21,0,0,48868,26196.49,854.179122,843.687927,2024-09-10 21:00:00,4597.912
2024-09-10,22:00-23:00,2024,9,10,2,0,3,22,0,1,45674,22777.902,854.179122,792.788086,2024-09-10 22:00:00,4671.608
2024-09-10,23:00-24:00,2024,9,10,2,0,3,23,0,1,43152,19541.409,737.918823,734.812195,2024-09-10 23:00:00,4706.477
2024-09-11,00:00-01:00,2024,9,11,3,0,3,0,0,1,42380,16372.471,741.494568,801.768005,2024-09-11 00:00:00,4613.104
2024-09-11,01:00-02:00,2024,9,11,3,0,3,1,0,1,40103,12987.973,732.783691,746.649048,2024-09-11 01:00:00,4673.764
2024-09-11,02:00-03:00,2024,9,11,3,0,3,2,0,1,38872,11713.058,684.073547,694.907654,2024-09-11 02:00:00,4742.569
2024-09-11,03:00-04:00,2024,9,11,3,0,3,3,0,1,37743,11536.818,608.276611,536.197632,2024-09-11 03:00:00,4793.612
2024-09-11,04:00-05:00,2024,9,11,3,0,3,4,0,1,36900,11516.475,597.955078,574.563782,2024-09-11 04:00:00,4822.576
2024-09-11,05:00-06:00,2024,9,11,3,0,3,5,0,1,36916,11521.473,558.924683,537.215088,2024-09-11 05:00:00,4824.722
2024-09-11,06:00-07:00,2024,9,11,3,0,3,6,0,1,37647,11796.218,501.130646,497.217957,2024-09-11 06:00:00,5969.898
2024-09-11,07:00-08:00,2024,9,11,3,0,3,7,0,0,39737,12185.208,497.470673,496.898132,2024-09-11 07:00:00,8973.447
2024-09-11,08:00-09:00,2024,9,11,3,0,3,8,1,0,44727,13277.638,676.610535,601.947815,2024-09-11 08:00:00,12215.035
2024-09-11,09:00-10:00,2024,9,11,3,0,3,9,1,0,47897,13586.632,711.398376,474.145355,2024-09-11 09:00:00,14665.795
2024-09-11,10:00-11:00,2024,9,11,3,0,3,10,1,0,49268,14633.924,732.830811,473.596649,2024-09-11 10:00:00,16199.381
2024-09-11,11:00-12:00,2024,9,11,3,0,3,11,1,0,49288,17358.832,662.797791,474.505432,2024-09-11 11:00:00,16640.71
2024-09-11,12:00-13:00,2024,9,11,3,0,3,12,1,0,50791,17546.812,744.637512,478.599182,2024-09-11 12:00:00,16293.056
2024-09-11,13:00-14:00,2024,9,11,3,0,3,13,1,0,50063,17347.022,768.615967,493.325897,2024-09-11 13:00:00,15121.336
2024-09-11,14:00-15:00,2024,9,11,3,0,3,14,1,0,49708,17428.342,812.784302,483.61496,2024-09-11 14:00:00,13024.036
2024-09-11,15:00-16:00,2024,9,11,3,0,3,15,1,0,48586,17460.546,845.492004,496.653503,2024-09-11 15:00:00,10387.041
2024-09-11,16:00-17:00,2024,9,11,3,0,3,16,1,0,47564,17329.578,854.179122,500.20108,2024-09-11 16:00:00,7359.952
2024-09-11,17:00-18:00,2024,9,11,3,0,3,17,1,0,45504,17620.902,834.291626,483.073151,2024-09-11 17:00:00,4726.66
2024-09-11,18:00-19:00,2024,9,11,3,0,3,18,1,0,45203,19935.271,745.480652,478.641998,2024-09-11 18:00:00,4385.513
2024-09-11,19:00-20:00,2024,9,11,3,0,3,19,1,0,46630,23620.202,687.766968,481.162933,2024-09-11 19:00:00,4691.358
2024-09-11,20:00-21:00,2024,9,11,3,0,3,20,1,0,46177,26008.3,649.987793,476.39447,2024-09-11 20:00:00,4794.131
2024-09-11,21:00-22:00,2024,9,11,3,0,3,21,0,0,44329,24428.142,651.348267,476.395599,2024-09-11 21:00:00,4796.038
2024-09-11,22:00-23:00,2024,9,11,3,0,3,22,0,1,41576,21310.083,730.876587,477.504059,2024-09-11 22:00:00,4748.189
2024-09-11,23:00-24:00,2024,9,11,3,0,3,23,0,1,38880,18911.458,708.143738,477.831146,2024-09-11 23:00:00,4619.798
2024-09-12,00:00-01:00,2024,9,12,4,0,3,0,0,1,40538,16062.219,430.192871,422.774048,2024-09-12 00:00:00,4549.729
2024-09-12,01:00-02:00,2024,9,12,4,0,3,1,0,1,38638,12406.134,427.055115,427.331879,2024-09-12 01:00:00,4497.924
2024-09-12,02:00-03:00,2024,9,12,4,0,3,2,0,1,37075,11275.187,423.861908,424.208588,2024-09-12 02:00:00,4477.259
2024-09-12,03:00-04:00,2024,9,12,4,0,3,3,0,1,35775,11236.877,423.808014,424.180756,2024-09-12 03:00:00,4474.801
2024-09-12,04:00-05:00,2024,9,12,4,0,3,4,0,1,35152,11170.388,423.790894,423.622742,2024-09-12 04:00:00,4465.301
2024-09-12,05:00-06:00,2024,9,12,4,0,3,5,0,1,34827,11046.169,423.750549,422.674011,2024-09-12 05:00:00,4334.241
2024-09-12,06:00-07:00,2024,9,12,4,0,3,6,0,1,35234,11239.638,408.69516,420.393799,2024-09-12 06:00:00,4852.92
2024-09-12,07:00-08:00,2024,9,12,4,0,3,7,0,0,37165,11491.978,407.999817,428.097137,2024-09-12 07:00:00,6485.141
2024-09-12,08:00-09:00,2024,9,12,4,0,3,8,1,0,40420,11826.123,419.758301,650.472412,2024-09-12 08:00:00,8301.99
2024-09-12,09:00-10:00,2024,9,12,4,0,3,9,1,0,42252,12489.563,423.374542,776.123108,2024-09-12 09:00:00,9753.981
2024-09-12,10:00-11:00,2024,9,12,4,0,3,10,1,0,43675,13626.057,428.300537,669.809814,2024-09-12 10:00:00,10981.508
2024-09-12,11:00-12:00,2024,9,12,4,0,3,11,1,0,43454,15621.689,423.443054,713.552002,2024-09-12 11:00:00,11613.344
2024-09-12,12:00-13:00,2024,9,12,4,0,3,12,1,0,44733,15976.264,430.834839,613.310608,2024-09-12 12:00:00,11486.225
2024-09-12,13:00-14:00,2024,9,12,4,0,3,13,1,0,44232,15988.942,429.621613,438.16861,2024-09-12 13:00:00,10768.854
2024-09-12,14:00-15:00,2024,9,12,4,0,3,14,1,0,43751,15891.715,427.372375,438.027069,2024-09-12 14:00:00,9282.157
2024-09-12,15:00-16:00,2024,9,12,4,0,3,15,1,0,43366,16096.567,430.841827,431.416229,2024-09-12 15:00:00,7257.277
2024-09-12,16:00-17:00,2024,9,12,4,0,3,16,1,0,42838,16357.971,426.636414,432.297302,2024-09-12 16:00:00,4867.857
2024-09-12,17:00-18:00,2024,9,12,4,0,3,17,1,0,40708,14998.247,425.894684,431.880157,2024-09-12 17:00:00,2680.45
2024-09-12,18:00-19:00,2024,9,12,4,0,3,18,1,0,40304,16739.496,426.230133,429.1698,2024-09-12 18:00:00,2275.904
2024-09-12,19:00-20:00,2024,9,12,4,0,3,19,1,0,41806,20194.612,427.531647,429.32019,2024-09-12 19:00:00,2327.696
2024-09-12,20:00-21:00,2024,9,12,4,0,3,20,1,0,41090,21915.09,408.000214,432.488251,2024-09-12 20:00:00,2278.96
2024-09-12,21:00-22:00,2024,9,12,4,0,3,21,0,0,39128,20541.492,426.656647,409.786926,2024-09-12 21:00:00,2157.026
2024-09-12,22:00-23:00,2024,9,12,4,0,3,22,0,1,37144,18312.41,426.726379,421.336761,2024-09-12 22:00:00,2025.541
2024-09-12,23:00-24:00,2024,9,12,4,0,3,23,0,1,35532,16245.135,426.918884,410.062073,2024-09-12 23:00:00,1888.255
2024-09-13,00:00-01:00,2024,9,13,5,0,3,0,0,1,32395,13935.074,459.370178,431.923889,2024-09-13 00:00:00,1423.481
2024-09-13,01:00-02:00,2024,9,13,5,0,3,1,0,1,31077,11369.409,471.75592,428.021881,2024-09-13 01:00:00,1369.427
2024-09-13,02:00-03:00,2024,9,13,5,0,3,2,0,1,30132,11594.997,446.957123,428.920654,2024-09-13 02:00:00,1318.369
2024-09-13,03:00-04:00,2024,9,13,5,0,3,3,0,1,29488,11473.056,445.957458,427.931091,2024-09-13 03:00:00,1270.171
2024-09-13,04:00-05:00,2024,9,13,5,0,3,4,0,1,29388,10795.286,448.059479,428.011749,2024-09-13 04:00:00,1218.939
2024-09-13,05:00-06:00,2024,9,13,5,0,3,5,0,1,30100,10870.395,448.039886,428.020325,2024-09-13 05:00:00,1153.404
2024-09-13,06:00-07:00,2024,9,13,5,0,3,6,0,1,31110,11113.714,447.942413,430.273956,2024-09-13 06:00:00,1762.319
2024-09-13,07:00-08:00,2024,9,13,5,0,3,7,0,0,32909,11073.926,450.569427,445.898468,2024-09-13 07:00:00,3664.919
2024-09-13,08:00-09:00,2024,9,13,5,0,3,8,1,0,35486,11703.035,476.989838,483.705963,2024-09-13 08:00:00,5997.949
2024-09-13,09:00-10:00,2024,9,13,5,0,3,9,1,0,36987,12371.291,466.285553,448.952148,2024-09-13 09:00:00,8125.522
2024-09-13,10:00-11:00,2024,9,13,5,0,3,10,1,0,38151,13384.773,464.06424,437.911102,2024-09-13 10:00:00,10070.967
2024-09-13,11:00-12:00,2024,9,13,5,0,3,11,1,0,37341,15525.734,454.899506,430.754089,2024-09-13 11:00:00,11310.454
2024-09-13,12:00-13:00,2024,9,13,5,0,3,12,1,0,38130,15627.212,458.589935,430.661591,2024-09-13 12:00:00,11570.092
2024-09-13,13:00-14:00,2024,9,13,5,0,3,13,1,0,37974,15582.784,451.222382,430.237885,2024-09-13 13:00:00,11046.985
2024-09-13,14:00-15:00,2024,9,13,5,0,3,14,1,0,37971,15351.458,464.559509,434.513672,2024-09-13 14:00:00,9507.628
2024-09-13,15:00-16:00,2024,9,13,5,0,3,15,1,0,38071,15619.401,482.876862,427.288086,2024-09-13 15:00:00,7112.143
2024-09-13,16:00-17:00,2024,9,13,5,0,3,16,1,0,37953,15892.434,563.54834,445.373627,2024-09-13 16:00:00,4105.224
2024-09-13,17:00-18:00,2024,9,13,5,0,3,17,1,0,36396,15072.835,483.444092,431.820709,2024-09-13 17:00:00,1404.245
2024-09-13,18:00-19:00,2024,9,13,5,0,3,18,1,0,36239,17317.794,474.95874,431.90918,2024-09-13 18:00:00,984.248
2024-09-13,19:00-20:00,2024,9,13,5,0,3,19,1,0,37112,21040.66,476.763,428.332123,2024-09-13 19:00:00,1138.018
2024-09-13,20:00-21:00,2024,9,13,5,0,3,20,1,0,36207,21864.476,472.237457,432.264435,2024-09-13 20:00:00,1232.158
2024-09-13,21:00-22:00,2024,9,13,5,0,3,21,0,0,34356,20453.956,466.315002,439.24408,2024-09-13 21:00:00,1231.941
2024-09-13,22:00-23:00,2024,9,13,5,0,3,22,0,1,32898,18301.598,463.670715,431.918549,2024-09-13 22:00:00,1199.249
2024-09-13,23:00-24:00,2024,9,13,5,0,3,23,0,1,31613,15291.023,449.147186,432.15979,2024-09-13 23:00:00,1190.219
2024-09-14,00:00-01:00,2024,9,14,6,1,3,0,0,1,33189,13923.904,448.000031,447.368683,2024-09-14 00:00:00,1088.527
2024-09-14,01:00-02:00,2024,9,14,6,1,3,1,0,1,31955,11961.686,447.253998,447.269714,2024-09-14 01:00:00,1066.276
2024-09-14,02:00-03:00,2024,9,14,6,1,3,2,0,1,30926,11117.678,447.64325,444.444,2024-09-14 02:00:00,1073.732
2024-09-14,03:00-04:00,2024,9,14,6,1,3,3,0,1,30206,10948.382,431.792664,458.868347,2024-09-14 03:00:00,1100.155
2024-09-14,04:00-05:00,2024,9,14,6,1,3,4,0,1,30000,10880.799,432.406128,444.268036,2024-09-14 04:00:00,1134.414
2024-09-14,05:00-06:00,2024,9,14,6,1,3,5,0,1,30738,10867.976,447.249084,447.45816,2024-09-14 05:00:00,1165.624
2024-09-14,06:00-07:00,2024,9,14,6,1,3,6,0,1,32057,11196.956,432.291016,446.959015,2024-09-14 06:00:00,2406.146
2024-09-14,07:00-08:00,2024,9,14,6,1,3,7,0,0,34321,11789.786,435.020599,445.149506,2024-09-14 07:00:00,6042.719
2024-09-14,08:00-09:00,2024,9,14,6,1,3,8,1,0,37274,12494.546,430.934937,622.805725,2024-09-14 08:00:00,10358.351
2024-09-14,09:00-10:00,2024,9,14,6,1,3,9,1,0,39065,13522.026,419.05545,589.3414310000001,2024-09-14 09:00:00,13818.942
2024-09-14,10:00-11:00,2024,9,14,6,1,3,10,1,0,40236,14688.884,431.947876,476.462585,2024-09-14 10:00:00,15938.547
2024-09-14,11:00-12:00,2024,9,14,6,1,3,11,1,0,40095,16864.114,413.364807,425.169373,2024-09-14 11:00:00,16684.49
2024-09-14,12:00-13:00,2024,9,14,6,1,3,12,1,0,41500,16805.804,414.96994,424.375427,2024-09-14 12:00:00,16470.587
2024-09-14,13:00-14:00,2024,9,14,6,1,3,13,1,0,40886,16554.854,414.325073,432.194153,2024-09-14 13:00:00,15360.245
2024-09-14,14:00-15:00,2024,9,14,6,1,3,14,1,0,40640,15920.094,436.400238,434.43454,2024-09-14 14:00:00,12932.064
2024-09-14,15:00-16:00,2024,9,14,6,1,3,15,1,0,40317,16302.973,439.84256,482.273651,2024-09-14 15:00:00,9572.73
2024-09-14,16:00-17:00,2024,9,14,6,1,3,16,1,0,39675,16313.655,448.373352,694.585022,2024-09-14 16:00:00,5711.554
2024-09-14,17:00-18:00,2024,9,14,6,1,3,17,1,0,38112,15585.676,460.253693,873.5066612500001,2024-09-14 17:00:00,2618.359
2024-09-14,18:00-19:00,2024,9,14,6,1,3,18,1,0,37489,17689.914,449.15799,747.270935,2024-09-14 18:00:00,2600.196
2024-09-14,19:00-20:00,2024,9,14,6,1,3,19,1,0,38630,20682.566,435.338989,594.028137,2024-09-14 19:00:00,3168.847
2024-09-14,20:00-21:00,2024,9,14,6,1,3,20,1,0,37954,21630.926,431.185822,476.932159,2024-09-14 20:00:00,3499.236
2024-09-14,21:00-22:00,2024,9,14,6,1,3,21,0,0,36306,20332.016,429.568085,452.728058,2024-09-14 21:00:00,3636.652
2024-09-14,22:00-23:00,2024,9,14,6,1,3,22,0,1,34505,18297.394,427.999908,450.099121,2024-09-14 22:00:00,3682.892
2024-09-14,23:00-24:00,2024,9,14,6,1,3,23,0,1,32653,15564.904,427.999786,428.227051,2024-09-14 23:00:00,3684.505
2024-09-15,00:00-01:00,2024,9,15,7,1,3,0,0,1,31912,14183.431,428.863831,446.988831,2024-09-15 00:00:00,3747.275
2024-09-15,01:00-02:00,2024,9,15,7,1,3,1,0,1,30697,12013.514,432.395233,446.929047,2024-09-15 01:00:00,3712.787
2024-09-15,02:00-03:00,2024,9,15,7,1,3,2,0,1,29718,11478.735,432.316833,446.373138,2024-09-15 02:00:00,3744.437
2024-09-15,03:00-04:00,2024,9,15,7,1,3,3,0,1,29057,11302.29,428.963562,427.465668,2024-09-15 03:00:00,3827.809
2024-09-15,04:00-05:00,2024,9,15,7,1,3,4,0,1,29033,11198.93,428.929962,427.468658,2024-09-15 04:00:00,3933.118
2024-09-15,05:00-06:00,2024,9,15,7,1,3,5,0,1,29806,11247.953,428.904144,427.483398,2024-09-15 05:00:00,4048.535
2024-09-15,06:00-07:00,2024,9,15,7,1,3,6,0,1,30944,11565.846,428.885193,428.294189,2024-09-15 06:00:00,5201.961
2024-09-15,07:00-08:00,2024,9,15,7,1,3,7,0,0,33085,12090.97,409.481628,427.999786,2024-09-15 07:00:00,8327.672
2024-09-15,08:00-09:00,2024,9,15,7,1,3,8,1,0,35618,12682.604,409.624084,427.522186,2024-09-15 08:00:00,11847.39
2024-09-15,09:00-10:00,2024,9,15,7,1,3,9,1,0,37344,13621.444,409.63266,422.153595,2024-09-15 09:00:00,14778.636
2024-09-15,10:00-11:00,2024,9,15,7,1,3,10,1,0,38419,14398.045,412.908752,427.479431,2024-09-15 10:00:00,16986.559
2024-09-15,11:00-12:00,2024,9,15,7,1,3,11,1,0,37739,16688.462,409.214172,412.277039,2024-09-15 11:00:00,17956.852
2024-09-15,12:00-13:00,2024,9,15,7,1,3,12,1,0,39007,16687.482,404.439087,427.973938,2024-09-15 12:00:00,17941.233
2024-09-15,13:00-14:00,2024,9,15,7,1,3,13,1,0,38671,16465.402,409.026672,408.333649,2024-09-15 13:00:00,17070.193
2024-09-15,14:00-15:00,2024,9,15,7,1,3,14,1,0,38340,15897.402,416.861328,432.67392,2024-09-15 14:00:00,14991.412
2024-09-15,15:00-16:00,2024,9,15,7,1,3,15,1,0,38419,16149.047,433.180084,430.977539,2024-09-15 15:00:00,11945.507
2024-09-15,16:00-17:00,2024,9,15,7,1,3,16,1,0,37792,15705.677,432.720612,444.6474,2024-09-15 16:00:00,8374.635
2024-09-15,17:00-18:00,2024,9,15,7,1,3,17,1,0,35949,15270.878,445.669312,437.354248,2024-09-15 17:00:00,5393.341
2024-09-15,18:00-19:00,2024,9,15,7,1,3,18,1,0,36028,17117.556,424.497925,406.0401,2024-09-15 18:00:00,5207.319
2024-09-15,19:00-20:00,2024,9,15,7,1,3,19,1,0,36341,19751.686,424.072266,425.959778,2024-09-15 19:00:00,5462.674
2024-09-15,20:00-21:00,2024,9,15,7,1,3,20,1,0,36028,21340.472,427.999817,410.870087,2024-09-15 20:00:00,5538.553
2024-09-15,21:00-22:00,2024,9,15,7,1,3,21,0,0,34499,19931.078,427.999939,411.274231,2024-09-15 21:00:00,5477.291
2024-09-15,22:00-23:00,2024,9,15,7,1,3,22,0,1,32500,17730.956,428.0,428.432495,2024-09-15 22:00:00,5370.934
2024-09-15,23:00-24:00,2024,9,15,7,1,3,23,0,1,30736,15081.319,428.0,408.598022,2024-09-15 23:00:00,5221.762
2024-09-16,00:00-01:00,2024,9,16,1,0,3,0,0,1,29963,13867.467,424.647186,400.373566,2024-09-16 00:00:00,4892.578
2024-09-16,01:00-02:00,2024,9,16,1,0,3,1,0,1,28654,12278.408,428.940094,408.276184,2024-09-16 01:00:00,4781.563
2024-09-16,02:00-03:00,2024,9,16,1,0,3,2,0,1,27718,11593.009,421.087189,408.40976,2024-09-16 02:00:00,4691.67
2024-09-16,03:00-04:00,2024,9,16,1,0,3,3,0,1,27057,11338.318,408.83371,408.377594,2024-09-16 03:00:00,4639.484
2024-09-16,04:00-05:00,2024,9,16,1,0,3,4,0,1,27033,11310.968,408.000122,408.343445,2024-09-16 04:00:00,4607.575
2024-09-16,05:00-06:00,2024,9,16,1,0,3,5,0,1,27806,11254.658,408.133392,408.308167,2024-09-16 05:00:00,4532.625
2024-09-16,06:00-07:00,2024,9,16,1,0,3,6,0,1,28944,11620.938,408.000092,408.342224,2024-09-16 06:00:00,5658.042
2024-09-16,07:00-08:00,2024,9,16,1,0,3,7,0,0,30702,12721.778,409.460571,407.999847,2024-09-16 07:00:00,9285.832
2024-09-16,08:00-09:00,2024,9,16,1,0,3,8,1,0,33067,13392.658,361.167816,407.95755,2024-09-16 08:00:00,13770.762
2024-09-16,09:00-10:00,2024,9,16,1,0,3,9,1,0,34718,14458.338,308.643951,375.551239,2024-09-16 09:00:00,17364.652
2024-09-16,10:00-11:00,2024,9,16,1,0,3,10,1,0,35755,15212.418,318.763184,345.32312,2024-09-16 10:00:00,19667.261
2024-09-16,11:00-12:00,2024,9,16,1,0,3,11,1,0,35399,15524.014,292.27771,315.603516,2024-09-16 11:00:00,20581.594
2024-09-16,12:00-13:00,2024,9,16,1,0,3,12,1,0,35903,15475.414,314.313141,335.802673,2024-09-16 12:00:00,20344.205
2024-09-16,13:00-14:00,2024,9,16,1,0,3,13,1,0,35838,16482.194,308.57489,6.237254,2024-09-16 13:00:00,18900.798
2024-09-16,14:00-15:00,2024,9,16,1,0,3,14,1,0,35722,15856.514,390.218018,390.270294,2024-09-16 14:00:00,16072.02
2024-09-16,15:00-16:00,2024,9,16,1,0,3,15,1,0,35773,15540.994,425.771576,403.413025,2024-09-16 15:00:00,12283.274
2024-09-16,16:00-17:00,2024,9,16,1,0,3,16,1,0,35417,15775.785,429.36673,409.396301,2024-09-16 16:00:00,7932.979
2024-09-16,17:00-18:00,2024,9,16,1,0,3,17,1,0,34112,14962.039,463.909668,421.033661,2024-09-16 17:00:00,4497.63
2024-09-16,18:00-19:00,2024,9,16,1,0,3,18,1,0,34154,16816.25,438.364532,425.581543,2024-09-16 18:00:00,4187.993
2024-09-16,19:00-20:00,2024,9,16,1,0,3,19,1,0,35026,19962.336,420.098969,410.090088,2024-09-16 19:00:00,4488.156
2024-09-16,20:00-21:00,2024,9,16,1,0,3,20,1,0,34448,21555.433,421.40683,388.391846,2024-09-16 20:00:00,4667.456
2024-09-16,21:00-22:00,2024,9,16,1,0,3,21,0,0,32812,20213.174,421.575958,388.484222,2024-09-16 21:00:00,4706.736
2024-09-16,22:00-23:00,2024,9,16,1,0,3,22,0,1,30935,17350.558,424.380371,395.16571,2024-09-16 22:00:00,4697.376
2024-09-16,23:00-24:00,2024,9,16,1,0,3,23,0,1,28962,14268.58,428.000183,409.634949,2024-09-16 23:00:00,4619.839
2024-09-17,00:00-01:00,2024,9,17,2,0,3,0,0,1,28963,12568.003,427.999756,428.595093,2024-09-17 00:00:00,4647.064
2024-09-17,01:00-02:00,2024,9,17,2,0,3,1,0,1,27654,11623.066,409.471191,408.692352,2024-09-17 01:00:00,4663.572
2024-09-17,02:00-03:00,2024,9,17,2,0,3,2,0,1,26718,11225.707,409.40152,408.0,2024-09-17 02:00:00,4664.384
2024-09-17,03:00-04:00,2024,9,17,2,0,3,3,0,1,26057,11169.911,408.000244,408.000061,2024-09-17 03:00:00,4623.279
2024-09-17,04:00-05:00,2024,9,17,2,0,3,4,0,1,26033,11154.383,407.999725,408.000061,2024-09-17 04:00:00,4501.01
2024-09-17,05:00-06:00,2024,9,17,2,0,3,5,0,1,26506,11136.428,407.999847,408.0,2024-09-17 05:00:00,4368.742
2024-09-17,06:00-07:00,2024,9,17,2,0,3,6,0,1,27408,11277.058,407.999908,407.999817,2024-09-17 06:00:00,5000.344
2024-09-17,07:00-08:00,2024,9,17,2,0,3,7,0,0,29068,11498.898,358.619995,1.436353,2024-09-17 07:00:00,7134.347
2024-09-17,08:00-09:00,2024,9,17,2,0,3,8,1,0,30370,11655.938,219.999802,1.346149,2024-09-17 08:00:00,9386.857
2024-09-17,09:00-10:00,2024,9,17,2,0,3,9,1,0,31403,12221.484,66.213371,2.045623,2024-09-17 09:00:00,11101.671
2024-09-17,10:00-11:00,2024,9,17,2,0,3,10,1,0,32366,12730.058,130.941269,2.276012,2024-09-17 10:00:00,12191.69
2024-09-17,11:00-12:00,2024,9,17,2,0,3,11,1,0,31990,14657.954,149.88298,2.478245,2024-09-17 11:00:00,12612.34
2024-09-17,12:00-13:00,2024,9,17,2,0,3,12,1,0,32511,14660.994,139.957397,2.465275,2024-09-17 12:00:00,12270.36
2024-09-17,13:00-14:00,2024,9,17,2,0,3,13,1,0,32019,14402.868,321.941681,2.246272,2024-09-17 13:00:00,11211.621
2024-09-17,14:00-15:00,2024,9,17,2,0,3,14,1,0,32135,14628.894,384.141052,5.701237,2024-09-17 14:00:00,9337.621
2024-09-17,15:00-16:00,2024,9,17,2,0,3,15,1,0,32250,14602.554,398.597961,391.200073,2024-09-17 15:00:00,7142.256
2024-09-17,16:00-17:00,2024,9,17,2,0,3,16,1,0,33000,15006.534,415.402588,421.687225,2024-09-17 16:00:00,4564.102
2024-09-17,17:00-18:00,2024,9,17,2,0,3,17,1,0,32014,14162.099,424.077148,432.126282,2024-09-17 17:00:00,2286.482
2024-09-17,18:00-19:00,2024,9,17,2,0,3,18,1,0,31840,15901.114,428.383575,432.031891,2024-09-17 18:00:00,1827.527
2024-09-17,19:00-20:00,2024,9,17,2,0,3,19,1,0,32245,19182.47,430.995087,429.856781,2024-09-17 19:00:00,1720.607
2024-09-17,20:00-21:00,2024,9,17,2,0,3,20,1,0,31614,21279.609,405.633331,432.808044,2024-09-17 20:00:00,1573.849
2024-09-17,21:00-22:00,2024,9,17,2,0,3,21,0,0,30322,19679.998,415.90036,433.020264,2024-09-17 21:00:00,1428.614
2024-09-17,22:00-23:00,2024,9,17,2,0,3,22,0,1,28976,16695.05,451.524231,447.149841,2024-09-17 22:00:00,1325.647
2024-09-17,23:00-24:00,2024,9,17,2,0,3,23,0,1,27637,14894.392,416.561371,428.000092,2024-09-17 23:00:00,1275.07
2024-09-18,00:00-01:00,2024,9,18,3,0,3,0,0,1,28100,13136.612,427.999969,446.55481,2024-09-18 00:00:00,1848.963
2024-09-18,01:00-02:00,2024,9,18,3,0,3,1,0,1,27084,11892.034,432.581787,446.041077,2024-09-18 01:00:00,1823.233
2024-09-18,02:00-03:00,2024,9,18,3,0,3,2,0,1,26230,10989.424,432.407837,439.193665,2024-09-18 02:00:00,1781.112
2024-09-18,03:00-04:00,2024,9,18,3,0,3,3,0,1,25824,11010.274,432.278168,427.999908,2024-09-18 03:00:00,1735.483
2024-09-18,04:00-05:00,2024,9,18,3,0,3,4,0,1,25715,10974.134,432.391357,428.000122,2024-09-18 04:00:00,1645.381
2024-09-18,05:00-06:00,2024,9,18,3,0,3,5,0,1,26753,11203.19,432.210388,428.000061,2024-09-18 05:00:00,1548.54
2024-09-18,06:00-07:00,2024,9,18,3,0,3,6,0,1,29128,11654.204,428.000366,427.079834,2024-09-18 06:00:00,2637.875
2024-09-18,07:00-08:00,2024,9,18,3,0,3,7,0,0,31616,12034.134,434.891083,427.161346,2024-09-18 07:00:00,6168.18
2024-09-18,08:00-09:00,2024,9,18,3,0,3,8,1,0,34358,12728.73,435.300262,427.385742,2024-09-18 08:00:00,10275.405
2024-09-18,09:00-10:00,2024,9,18,3,0,3,9,1,0,36146,13782.114,428.147186,416.494934,2024-09-18 09:00:00,13406.415
2024-09-18,10:00-11:00,2024,9,18,3,0,3,10,1,0,37487,14441.384,426.589783,415.154755,2024-09-18 10:00:00,15160.793
2024-09-18,11:00-12:00,2024,9,18,3,0,3,11,1,0,36756,16413.274,420.005066,422.969482,2024-09-18 11:00:00,15755.366
2024-09-18,12:00-13:00,2024,9,18,3,0,3,12,1,0,37975,16395.494,418.066498,426.124908,2024-09-18 12:00:00,15484.216
2024-09-18,13:00-14:00,2024,9,18,3,0,3,13,1,0,37813,16130.194,422.029297,426.620728,2024-09-18 13:00:00,14281.742
2024-09-18,14:00-15:00,2024,9,18,3,0,3,14,1,0,37736,16170.864,442.789093,443.428619,2024-09-18 14:00:00,11918.177
2024-09-18,15:00-16:00,2024,9,18,3,0,3,15,1,0,37894,16078.778,737.128418,655.419739,2024-09-18 15:00:00,8675.631
2024-09-18,16:00-17:00,2024,9,18,3,0,3,16,1,0,37966,16336.964,753.4375,873.5066612500001,2024-09-18 16:00:00,5018.041
2024-09-18,17:00-18:00,2024,9,18,3,0,3,17,1,0,36377,15283.059,854.179122,873.5066612500001,2024-09-18 17:00:00,2180.62
2024-09-18,18:00-19:00,2024,9,18,3,0,3,18,1,0,36065,17917.742,588.191956,873.5066612500001,2024-09-18 18:00:00,2068.231
2024-09-18,19:00-20:00,2024,9,18,3,0,3,19,1,0,36756,21246.47,528.719727,873.5066612500001,2024-09-18 19:00:00,2407.349
2024-09-18,20:00-21:00,2024,9,18,3,0,3,20,1,0,36391,22534.542,585.229187,873.5066612500001,2024-09-18 20:00:00,2612.394
2024-09-18,21:00-22:00,2024,9,18,3,0,3,21,0,0,35008,21205.762,545.856567,486.296478,2024-09-18 21:00:00,2704.743
2024-09-18,22:00-23:00,2024,9,18,3,0,3,22,0,1,33261,19282.76,594.480713,466.684296,2024-09-18 22:00:00,2728.513
2024-09-18,23:00-24:00,2024,9,18,3,0,3,23,0,1,31473,17448.373,431.537903,447.999969,2024-09-18 23:00:00,2726.233
2024-09-19,00:00-01:00,2024,9,19,4,0,3,0,0,1,34238,15050.661,569.01355,450.819031,2024-09-19 00:00:00,2487.929
2024-09-19,01:00-02:00,2024,9,19,4,0,3,1,0,1,32825,12703.363,591.823853,451.668243,2024-09-19 01:00:00,2417.772
2024-09-19,02:00-03:00,2024,9,19,4,0,3,2,0,1,31707,11800.284,592.935303,454.089874,2024-09-19 02:00:00,2354.543
2024-09-19,03:00-04:00,2024,9,19,4,0,3,3,0,1,30962,11589.591,592.652283,453.301392,2024-09-19 03:00:00,2321.464
2024-09-19,04:00-05:00,2024,9,19,4,0,3,4,0,1,30853,11453.845,561.142029,472.674591,2024-09-19 04:00:00,2295.759
2024-09-19,05:00-06:00,2024,9,19,4,0,3,5,0,1,31437,11574.445,569.216614,599.87207,2024-09-19 05:00:00,2269.27
2024-09-19,06:00-07:00,2024,9,19,4,0,3,6,0,1,32601,11738.105,492.742615,598.550537,2024-09-19 06:00:00,3563.686
2024-09-19,07:00-08:00,2024,9,19,4,0,3,7,0,0,34857,12559.325,520.45636,805.786743,2024-09-19 07:00:00,7617.923
2024-09-19,08:00-09:00,2024,9,19,4,0,3,8,1,0,38009,13500.285,488.774261,789.984375,2024-09-19 08:00:00,12307.066
2024-09-19,09:00-10:00,2024,9,19,4,0,3,9,1,0,40012,14752.415,525.091492,511.535797,2024-09-19 09:00:00,15790.341
2024-09-19,10:00-11:00,2024,9,19,4,0,3,10,1,0,41676,15660.545,544.230591,513.253296,2024-09-19 10:00:00,17773.44
2024-09-19,11:00-12:00,2024,9,19,4,0,3,11,1,0,41202,18197.744,495.602234,442.430359,2024-09-19 11:00:00,18431.722
2024-09-19,12:00-13:00,2024,9,19,4,0,3,12,1,0,42421,18270.104,610.559631,795.454346,2024-09-19 12:00:00,18108.998
2024-09-19,13:00-14:00,2024,9,19,4,0,3,13,1,0,42478,18009.647,617.282593,750.796387,2024-09-19 13:00:00,16742.043
2024-09-19,14:00-15:00,2024,9,19,4,0,3,14,1,0,42567,17775.044,650.098511,711.600403,2024-09-19 14:00:00,14014.85
2024-09-19,15:00-16:00,2024,9,19,4,0,3,15,1,0,42914,17182.043,854.179122,873.5066612500001,2024-09-19 15:00:00,10488.741
2024-09-19,16:00-17:00,2024,9,19,4,0,3,16,1,0,42603,17413.663,854.179122,873.5066612500001,2024-09-19 16:00:00,6577.38
2024-09-19,17:00-18:00,2024,9,19,4,0,3,17,1,0,40628,16307.731,854.179122,873.5066612500001,2024-09-19 17:00:00,3776.83
2024-09-19,18:00-19:00,2024,9,19,4,0,3,18,1,0,41030,19302.368,794.575378,873.5066612500001,2024-09-19 18:00:00,3800.577
2024-09-19,19:00-20:00,2024,9,19,4,0,3,19,1,0,41437,22743.9,763.767151,611.966614,2024-09-19 19:00:00,4181.419
2024-09-19,20:00-21:00,2024,9,19,4,0,3,20,1,0,41154,23962.725,688.41272,480.965607,2024-09-19 20:00:00,4326.792
2024-09-19,21:00-22:00,2024,9,19,4,0,3,21,0,0,39521,22583.904,677.680481,446.20755,2024-09-19 21:00:00,4302.205
2024-09-19,22:00-23:00,2024,9,19,4,0,3,22,0,1,38260,21241.158,766.824036,480.400909,2024-09-19 22:00:00,4213.56
2024-09-19,23:00-24:00,2024,9,19,4,0,3,23,0,1,36590,18047.329,590.443665,433.695618,2024-09-19 23:00:00,4115.17
2024-09-20,00:00-01:00,2024,9,20,5,0,3,0,0,1,36303,15021.568,454.228851,548.934875,2024-09-20 00:00:00,4321.174
2024-09-20,01:00-02:00,2024,9,20,5,0,3,1,0,1,34799,12004.757,453.260101,513.703064,2024-09-20 01:00:00,4231.784
2024-09-20,02:00-03:00,2024,9,20,5,0,3,2,0,1,33568,11303.934,441.325256,550.852661,2024-09-20 02:00:00,4180.641
2024-09-20,03:00-04:00,2024,9,20,5,0,3,3,0,1,32701,11308.532,435.147064,446.96936,2024-09-20 03:00:00,4207.15
2024-09-20,04:00-05:00,2024,9,20,5,0,3,4,0,1,32400,11285.529,435.016571,452.571838,2024-09-20 04:00:00,4212.672
2024-09-20,05:00-06:00,2024,9,20,5,0,3,5,0,1,32609,11293.056,429.131165,563.007507,2024-09-20 05:00:00,4122.248
2024-09-20,06:00-07:00,2024,9,20,5,0,3,6,0,1,33477,11590.502,423.667847,662.958923,2024-09-20 06:00:00,5178.143
2024-09-20,07:00-08:00,2024,9,20,5,0,3,7,0,0,35592,12002.935,425.517731,689.065735,2024-09-20 07:00:00,8534.331
2024-09-20,08:00-09:00,2024,9,20,5,0,3,8,1,0,38723,13020.616,428.066559,763.741455,2024-09-20 08:00:00,12437.149
2024-09-20,09:00-10:00,2024,9,20,5,0,3,9,1,0,40826,14045.815,418.896179,809.989868,2024-09-20 09:00:00,15602.487
2024-09-20,10:00-11:00,2024,9,20,5,0,3,10,1,0,42492,14793.679,461.98233,873.5066612500001,2024-09-20 10:00:00,17861.458
2024-09-20,11:00-12:00,2024,9,20,5,0,3,11,1,0,42339,17479.742,397.400482,615.904541,2024-09-20 11:00:00,18771.516
2024-09-20,12:00-13:00,2024,9,20,5,0,3,12,1,0,43609,17569.342,442.565155,873.5066612500001,2024-09-20 12:00:00,18418.125
2024-09-20,13:00-14:00,2024,9,20,5,0,3,13,1,0,43501,17168.222,464.278015,873.5066612500001,2024-09-20 13:00:00,16993.886
2024-09-20,14:00-15:00,2024,9,20,5,0,3,14,1,0,43405,17130.452,497.984436,873.5066612500001,2024-09-20 14:00:00,14530.366
2024-09-20,15:00-16:00,2024,9,20,5,0,3,15,1,0,43264,17499.262,854.179122,873.5066612500001,2024-09-20 15:00:00,11394.94
2024-09-20,16:00-17:00,2024,9,20,5,0,3,16,1,0,42811,17852.253,854.179122,873.5066612500001,2024-09-20 16:00:00,7813.259
2024-09-20,17:00-18:00,2024,9,20,5,0,3,17,1,0,41115,16545.342,854.179122,873.5066612500001,2024-09-20 17:00:00,5007.579
2024-09-20,18:00-19:00,2024,9,20,5,0,3,18,1,0,41510,19018.174,616.538757,873.5066612500001,2024-09-20 18:00:00,4816.706
2024-09-20,19:00-20:00,2024,9,20,5,0,3,19,1,0,42760,22379.499,545.615967,873.5066612500001,2024-09-20 19:00:00,5066.193
2024-09-20,20:00-21:00,2024,9,20,5,0,3,20,1,0,42415,23496.684,483.01123,873.5066612500001,2024-09-20 20:00:00,5234.154
2024-09-20,21:00-22:00,2024,9,20,5,0,3,21,0,0,40775,22238.913,448.214691,873.5066612500001,2024-09-20 21:00:00,5314.85
2024-09-20,22:00-23:00,2024,9,20,5,0,3,22,0,1,38909,20885.522,462.153778,873.5066612500001,2024-09-20 22:00:00,5417.277
2024-09-20,23:00-24:00,2024,9,20,5,0,3,23,0,1,36477,17564.384,455.221527,873.5066612500001,2024-09-20 23:00:00,5530.72
2024-09-21,00:00-01:00,2024,9,21,6,1,3,0,0,1,35138,16282.274,537.963928,873.5066612500001,2024-09-21 00:00:00,5717.131
2024-09-21,01:00-02:00,2024,9,21,6,1,3,1,0,1,33715,12939.393,454.251648,799.857239,2024-09-21 01:00:00,5902.388
2024-09-21,02:00-03:00,2024,9,21,6,1,3,2,0,1,32225,11962.382,449.136536,521.659546,2024-09-21 02:00:00,6047.613
2024-09-21,03:00-04:00,2024,9,21,6,1,3,3,0,1,31049,11438.973,454.041443,550.499329,2024-09-21 03:00:00,6132.963
2024-09-21,04:00-05:00,2024,9,21,6,1,3,4,0,1,30642,11436.129,453.124359,447.62674,2024-09-21 04:00:00,6191.573
2024-09-21,05:00-06:00,2024,9,21,6,1,3,5,0,1,30642,11377.25,448.975098,447.999908,2024-09-21 05:00:00,6239.635
2024-09-21,06:00-07:00,2024,9,21,6,1,3,6,0,1,31049,11593.979,429.914856,428.512421,2024-09-21 06:00:00,6926.106
2024-09-21,07:00-08:00,2024,9,21,6,1,3,7,0,0,32065,11597.402,427.624725,423.965393,2024-09-21 07:00:00,9119.423
2024-09-21,08:00-09:00,2024,9,21,6,1,3,8,1,0,34054,12253.342,421.957306,428.243439,2024-09-21 08:00:00,11754.378
2024-09-21,09:00-10:00,2024,9,21,6,1,3,9,1,0,35326,12964.192,418.56134,409.542908,2024-09-21 09:00:00,14238.697
2024-09-21,10:00-11:00,2024,9,21,6,1,3,10,1,0,35898,13686.232,415.46524,392.240997,2024-09-21 10:00:00,16541.366
2024-09-21,11:00-12:00,2024,9,21,6,1,3,11,1,0,34948,14505.772,347.445587,52.215736,2024-09-21 11:00:00,17838.964
2024-09-21,12:00-13:00,2024,9,21,6,1,3,12,1,0,35230,14548.852,420.063568,89.326279,2024-09-21 12:00:00,17943.891
2024-09-21,13:00-14:00,2024,9,21,6,1,3,13,1,0,35196,14474.742,361.960266,126.111244,2024-09-21 13:00:00,17328.164
2024-09-21,14:00-15:00,2024,9,21,6,1,3,14,1,0,34984,14690.392,348.156799,279.163391,2024-09-21 14:00:00,15522.342
2024-09-21,15:00-16:00,2024,9,21,6,1,3,15,1,0,34935,16443.342,431.290894,424.695343,2024-09-21 15:00:00,12693.12
2024-09-21,16:00-17:00,2024,9,21,6,1,3,16,1,0,34722,16977.005,475.095123,431.862213,2024-09-21 16:00:00,9230.225
2024-09-21,17:00-18:00,2024,9,21,6,1,3,17,1,0,33420,16285.812,563.634521,438.55719,2024-09-21 17:00:00,6506.403
2024-09-21,18:00-19:00,2024,9,21,6,1,3,18,1,0,33420,16157.174,448.634186,434.557526,2024-09-21 18:00:00,6149.095
2024-09-21,19:00-20:00,2024,9,21,6,1,3,19,1,0,33710,17224.68,448.554504,454.530243,2024-09-21 19:00:00,6180.825
2024-09-21,20:00-21:00,2024,9,21,6,1,3,20,1,0,32326,18226.534,468.744049,439.287537,2024-09-21 20:00:00,6177.137
2024-09-21,21:00-22:00,2024,9,21,6,1,3,21,0,0,31012,17151.474,448.6633,430.994843,2024-09-21 21:00:00,6143.88
2024-09-21,22:00-23:00,2024,9,21,6,1,3,22,0,1,29578,16078.052,432.419678,431.80954,2024-09-21 22:00:00,6095.897
2024-09-21,23:00-24:00,2024,9,21,6,1,3,23,0,1,28068,12981.35,427.999878,427.999969,2024-09-21 23:00:00,6035.509
2024-09-22,00:00-01:00,2024,9,22,7,1,3,0,0,1,29376,13953.61,403.846954,358.000122,2024-09-22 00:00:00,5797.692
2024-09-22,01:00-02:00,2024,9,22,7,1,3,1,0,1,28129,13493.25,358.503204,338.620026,2024-09-22 01:00:00,5799.613
2024-09-22,02:00-03:00,2024,9,22,7,1,3,2,0,1,27046,12283.51,374.142792,358.619995,2024-09-22 02:00:00,5826.646
2024-09-22,03:00-04:00,2024,9,22,7,1,3,3,0,1,26500,11560.19,373.604309,357.999908,2024-09-22 03:00:00,5868.554
2024-09-22,04:00-05:00,2024,9,22,7,1,3,4,0,1,26635,11601.644,374.101166,357.506165,2024-09-22 04:00:00,5826.574
2024-09-22,05:00-06:00,2024,9,22,7,1,3,5,0,1,27386,11749.437,374.657684,358.620026,2024-09-22 05:00:00,5856.642
2024-09-22,06:00-07:00,2024,9,22,7,1,3,6,0,1,28527,11855.97,349.464111,338.908112,2024-09-22 06:00:00,7133.907
2024-09-22,07:00-08:00,2024,9,22,7,1,3,7,0,0,29738,12614.15,340.782806,339.058533,2024-09-22 07:00:00,11599.669
2024-09-22,08:00-09:00,2024,9,22,7,1,3,8,1,0,31544,14038.55,313.565399,309.37677,2024-09-22 08:00:00,17022.23
2024-09-22,09:00-10:00,2024,9,22,7,1,3,9,1,0,32348,15113.94,112.660698,33.610073,2024-09-22 09:00:00,20972.861
2024-09-22,10:00-11:00,2024,9,22,7,1,3,10,1,0,32809,15792.31,103.353165,35.35033,2024-09-22 10:00:00,23271.134
2024-09-22,11:00-12:00,2024,9,22,7,1,3,11,1,0,31715,16409.45,72.038223,3.228263,2024-09-22 11:00:00,24022.014
2024-09-22,12:00-13:00,2024,9,22,7,1,3,12,1,0,31509,16456.86,95.183022,36.281826,2024-09-22 12:00:00,23656.603
2024-09-22,13:00-14:00,2024,9,22,7,1,3,13,1,0,31475,16156.59,95.698273,35.509541,2024-09-22 13:00:00,22260.167
2024-09-22,14:00-15:00,2024,9,22,7,1,3,14,1,0,31372,16019.42,121.927528,65.548347,2024-09-22 14:00:00,19439.245
2024-09-22,15:00-16:00,2024,9,22,7,1,3,15,1,0,31605,17180.14,324.908112,83.775345,2024-09-22 15:00:00,14965.03
2024-09-22,16:00-17:00,2024,9,22,7,1,3,16,1,0,32104,16731.319,358.053131,354.393036,2024-09-22 16:00:00,9307.396
2024-09-22,17:00-18:00,2024,9,22,7,1,3,17,1,0,31566,15701.075,376.167084,374.978394,2024-09-22 17:00:00,5395.978
2024-09-22,18:00-19:00,2024,9,22,7,1,3,18,1,0,31999,16216.77,361.0177,365.673004,2024-09-22 18:00:00,5055.702
2024-09-22,19:00-20:00,2024,9,22,7,1,3,19,1,0,31509,17879.529,360.466949,340.330963,2024-09-22 19:00:00,5137.877
2024-09-22,20:00-21:00,2024,9,22,7,1,3,20,1,0,30651,18704.616,359.680115,340.753571,2024-09-22 20:00:00,5102.392
2024-09-22,21:00-22:00,2024,9,22,7,1,3,21,0,0,29244,17700.338,359.621185,339.595123,2024-09-22 21:00:00,4953.438
2024-09-22,22:00-23:00,2024,9,22,7,1,3,22,0,1,27905,16092.808,359.308777,339.934265,2024-09-22 22:00:00,4717.668
2024-09-22,23:00-24:00,2024,9,22,7,1,3,23,0,1,26944,13709.19,358.620148,339.608124,2024-09-22 23:00:00,4400.189
2024-09-23,00:00-01:00,2024,9,23,1,0,3,0,0,1,27940,13184.71,378.620117,361.289551,2024-09-23 00:00:00,4164.085
2024-09-23,01:00-02:00,2024,9,23,1,0,3,1,0,1,27012,12986.109,378.036163,360.223267,2024-09-23 01:00:00,3969.539
2024-09-23,02:00-03:00,2024,9,23,1,0,3,2,0,1,26421,12068.808,359.328888,360.305725,2024-09-23 02:00:00,3846.55
2024-09-23,03:00-04:00,2024,9,23,1,0,3,3,0,1,26103,11788.577,359.326935,360.311432,2024-09-23 03:00:00,3787.249
2024-09-23,04:00-05:00,2024,9,23,1,0,3,4,0,1,26310,11266.351,359.864075,360.196503,2024-09-23 04:00:00,3732.906
2024-09-23,05:00-06:00,2024,9,23,1,0,3,5,0,1,27531,11314.257,378.619934,360.038788,2024-09-23 05:00:00,3659.056
2024-09-23,06:00-07:00,2024,9,23,1,0,3,6,0,1,29223,11595.298,380.006409,360.609009,2024-09-23 06:00:00,4999.72
2024-09-23,07:00-08:00,2024,9,23,1,0,3,7,0,0,30970,12366.832,360.962372,350.000122,2024-09-23 07:00:00,9819.443
2024-09-23,08:00-09:00,2024,9,23,1,0,3,8,1,0,33091,14033.388,321.768829,319.892639,2024-09-23 08:00:00,15437.743
2024-09-23,09:00-10:00,2024,9,23,1,0,3,9,1,0,33885,15223.61,145.417648,172.953842,2024-09-23 09:00:00,19253.695
2024-09-23,10:00-11:00,2024,9,23,1,0,3,10,1,0,34283,15744.462,104.637817,79.09201,2024-09-23 10:00:00,21241.599
2024-09-23,11:00-12:00,2024,9,23,1,0,3,11,1,0,32927,16383.452,86.400826,3.450194,2024-09-23 11:00:00,21751.765
2024-09-23,12:00-13:00,2024,9,23,1,0,3,12,1,0,33186,16390.602,96.433334,54.441616,2024-09-23 12:00:00,21314.928
2024-09-23,13:00-14:00,2024,9,23,1,0,3,13,1,0,33118,16061.452,90.848915,36.538403,2024-09-23 13:00:00,19870.707
2024-09-23,14:00-15:00,2024,9,23,1,0,3,14,1,0,33278,15889.732,114.617355,99.041412,2024-09-23 14:00:00,16906.304
2024-09-23,15:00-16:00,2024,9,23,1,0,3,15,1,0,33805,16994.032,365.273041,352.176758,2024-09-23 15:00:00,12323.152
2024-09-23,16:00-17:00,2024,9,23,1,0,3,16,1,0,33951,18114.055,392.909576,388.814514,2024-09-23 16:00:00,6722.898
2024-09-23,17:00-18:00,2024,9,23,1,0,3,17,1,0,33048,17184.84,451.223267,873.5066612500001,2024-09-23 17:00:00,2980.995
2024-09-23,18:00-19:00,2024,9,23,1,0,3,18,1,0,33186,17837.796,388.999481,406.522491,2024-09-23 18:00:00,2910.656
2024-09-23,19:00-20:00,2024,9,23,1,0,3,19,1,0,32864,18029.126,386.124634,398.216827,2024-09-23 19:00:00,3210.241
2024-09-23,20:00-21:00,2024,9,23,1,0,3,20,1,0,31943,19626.141,368.984192,379.295746,2024-09-23 20:00:00,3280.07
2024-09-23,21:00-22:00,2024,9,23,1,0,3,21,0,0,30377,18679.18,359.378845,359.644073,2024-09-23 21:00:00,3157.526
2024-09-23,22:00-23:00,2024,9,23,1,0,3,22,0,1,29045,16593.145,392.772949,378.000031,2024-09-23 22:00:00,2966.4
2024-09-23,23:00-24:00,2024,9,23,1,0,3,23,0,1,27660,13758.298,385.173126,383.274506,2024-09-23 23:00:00,2722.597
2024-09-24,00:00-01:00,2024,9,24,2,0,3,0,0,1,28025,13215.74,417.638123,467.779938,2024-09-24 00:00:00,2334.481
2024-09-24,01:00-02:00,2024,9,24,2,0,3,1,0,1,27149,12913.76,398.267456,398.193542,2024-09-24 01:00:00,2204.282
2024-09-24,02:00-03:00,2024,9,24,2,0,3,2,0,1,26602,11356.44,398.43396,398.179871,2024-09-24 02:00:00,2107.86
2024-09-24,03:00-04:00,2024,9,24,2,0,3,3,0,1,26000,11034.31,398.371613,398.272278,2024-09-24 03:00:00,2030.694
2024-09-24,04:00-05:00,2024,9,24,2,0,3,4,0,1,26409,11021.29,399.687805,435.607391,2024-09-24 04:00:00,1982.027
2024-09-24,05:00-06:00,2024,9,24,2,0,3,5,0,1,27065,11126.91,482.854828,538.603516,2024-09-24 05:00:00,1944.578
2024-09-24,06:00-07:00,2024,9,24,2,0,3,6,0,1,28272,11360.877,456.484619,873.5066612500001,2024-09-24 06:00:00,3081.159
2024-09-24,07:00-08:00,2024,9,24,2,0,3,7,0,0,30205,11980.682,361.839539,385.79187,2024-09-24 07:00:00,7248.828
2024-09-24,08:00-09:00,2024,9,24,2,0,3,8,1,0,32214,13222.452,341.250916,343.670044,2024-09-24 08:00:00,12154.189
2024-09-24,09:00-10:00,2024,9,24,2,0,3,9,1,0,33237,14429.132,326.287506,318.040863,2024-09-24 09:00:00,15690.941
2024-09-24,10:00-11:00,2024,9,24,2,0,3,10,1,0,33761,15029.932,305.814117,254.887451,2024-09-24 10:00:00,17728.74
2024-09-24,11:00-12:00,2024,9,24,2,0,3,11,1,0,32540,15604.622,113.793961,0.0,2024-09-24 11:00:00,18358.999
2024-09-24,12:00-13:00,2024,9,24,2,0,3,12,1,0,33614,15592.532,124.391235,38.981632,2024-09-24 12:00:00,17961.185
2024-09-24,13:00-14:00,2024,9,24,2,0,3,13,1,0,33160,15424.772,251.086899,83.269424,2024-09-24 13:00:00,16554.914
2024-09-24,14:00-15:00,2024,9,24,2,0,3,14,1,0,33407,15211.232,332.567322,319.286987,2024-09-24 14:00:00,13847.18
2024-09-24,15:00-16:00,2024,9,24,2,0,3,15,1,0,33664,16512.442,361.946869,367.374786,2024-09-24 15:00:00,9818.023
2024-09-24,16:00-17:00,2024,9,24,2,0,3,16,1,0,33760,18186.564,725.713257,873.5066612500001,2024-09-24 16:00:00,4759.911
2024-09-24,17:00-18:00,2024,9,24,2,0,3,17,1,0,32667,17529.56,854.179122,873.5066612500001,2024-09-24 17:00:00,1154.032
2024-09-24,18:00-19:00,2024,9,24,2,0,3,18,1,0,32967,17574.027,497.56131,873.5066612500001,2024-09-24 18:00:00,940.109
2024-09-24,19:00-20:00,2024,9,24,2,0,3,19,1,0,32706,18879.358,449.045197,484.231873,2024-09-24 19:00:00,1031.954
2024-09-24,20:00-21:00,2024,9,24,2,0,3,20,1,0,32263,20504.507,477.654755,480.175446,2024-09-24 20:00:00,1007.994
2024-09-24,21:00-22:00,2024,9,24,2,0,3,21,0,0,30455,18886.172,447.803284,533.155334,2024-09-24 21:00:00,905.06
2024-09-24,22:00-23:00,2024,9,24,2,0,3,22,0,1,29014,16690.604,458.979126,873.5066612500001,2024-09-24 22:00:00,801.309
2024-09-24,23:00-24:00,2024,9,24,2,0,3,23,0,1,27679,13645.528,428.895996,493.534485,2024-09-24 23:00:00,711.77
2024-09-25,00:00-01:00,2024,9,25,3,0,3,0,0,1,27592,12295.168,854.179122,873.5066612500001,2024-09-25 00:00:00,351.768
2024-09-25,01:00-02:00,2024,9,25,3,0,3,1,0,1,26621,11623.48,854.179122,873.5066612500001,2024-09-25 01:00:00,333.711
2024-09-25,02:00-03:00,2024,9,25,3,0,3,2,0,1,26138,11189.71,756.830933,873.5066612500001,2024-09-25 02:00:00,308.727
2024-09-25,03:00-04:00,2024,9,25,3,0,3,3,0,1,25900,11084.83,734.811157,873.5066612500001,2024-09-25 03:00:00,281.858
2024-09-25,04:00-05:00,2024,9,25,3,0,3,4,0,1,26346,11334.07,854.179122,873.5066612500001,2024-09-25 04:00:00,254.58
2024-09-25,05:00-06:00,2024,9,25,3,0,3,5,0,1,27350,12112.287,854.179122,873.5066612500001,2024-09-25 05:00:00,246.637
2024-09-25,06:00-07:00,2024,9,25,3,0,3,6,0,1,29189,12386.864,854.179122,873.5066612500001,2024-09-25 06:00:00,1589.19
2024-09-25,07:00-08:00,2024,9,25,3,0,3,7,0,0,30707,12037.462,399.147278,466.758911,2024-09-25 07:00:00,6477.183
2024-09-25,08:00-09:00,2024,9,25,3,0,3,8,1,0,32501,13451.342,358.940094,376.823273,2024-09-25 08:00:00,12174.208
2024-09-25,09:00-10:00,2024,9,25,3,0,3,9,1,0,33579,14594.762,339.628082,348.627594,2024-09-25 09:00:00,16165.927
2024-09-25,10:00-11:00,2024,9,25,3,0,3,10,1,0,34000,15138.722,323.273254,314.426819,2024-09-25 10:00:00,18328.963
2024-09-25,11:00-12:00,2024,9,25,3,0,3,11,1,0,32105,15651.202,142.465408,125.918289,2024-09-25 11:00:00,18988.312
2024-09-25,12:00-13:00,2024,9,25,3,0,3,12,1,0,32944,15630.492,293.510345,327.374603,2024-09-25 12:00:00,18462.399
2024-09-25,13:00-14:00,2024,9,25,3,0,3,13,1,0,32539,15182.822,313.28244,323.73764,2024-09-25 13:00:00,16698.837
2024-09-25,14:00-15:00,2024,9,25,3,0,3,14,1,0,33033,14938.372,340.854248,374.215332,2024-09-25 14:00:00,13392.897
2024-09-25,15:00-16:00,2024,9,25,3,0,3,15,1,0,33156,14798.492,381.660278,505.274841,2024-09-25 15:00:00,8976.494
2024-09-25,16:00-17:00,2024,9,25,3,0,3,16,1,0,33516,15132.542,854.179122,873.5066612500001,2024-09-25 16:00:00,3899.897
2024-09-25,17:00-18:00,2024,9,25,3,0,3,17,1,0,32411,15270.498,854.179122,873.5066612500001,2024-09-25 17:00:00,597.817
2024-09-25,18:00-19:00,2024,9,25,3,0,3,18,1,0,32577,15134.472,854.179122,710.828918,2024-09-25 18:00:00,379.153
2024-09-25,19:00-20:00,2024,9,25,3,0,3,19,1,0,32369,16473.392,687.785278,587.104248,2024-09-25 19:00:00,510.494
2024-09-25,20:00-21:00,2024,9,25,3,0,3,20,1,0,31678,17275.882,854.179122,868.726685,2024-09-25 20:00:00,568.213
2024-09-25,21:00-22:00,2024,9,25,3,0,3,21,0,0,29592,15978.912,495.787048,574.375671,2024-09-25 21:00:00,591.385
2024-09-25,22:00-23:00,2024,9,25,3,0,3,22,0,1,28513,14618.792,412.42923,429.337036,2024-09-25 22:00:00,603.881
2024-09-25,23:00-24:00,2024,9,25,3,0,3,23,0,1,27420,12003.69,399.02359,403.346802,2024-09-25 23:00:00,619.944
2024-09-26,00:00-01:00,2024,9,26,4,0,3,0,0,1,28631,12161.567,533.975769,488.999237,2024-09-26 00:00:00,675.366
2024-09-26,01:00-02:00,2024,9,26,4,0,3,1,0,1,27681,11497.751,528.02887,528.384033,2024-09-26 01:00:00,643.753
2024-09-26,02:00-03:00,2024,9,26,4,0,3,2,0,1,27066,11066.265,449.498108,493.167572,2024-09-26 02:00:00,646.837
2024-09-26,03:00-04:00,2024,9,26,4,0,3,3,0,1,26501,10884.69,410.708466,422.256165,2024-09-26 03:00:00,670.701
2024-09-26,04:00-05:00,2024,9,26,4,0,3,4,0,1,27002,10895.92,460.628357,513.961487,2024-09-26 04:00:00,733.79
2024-09-26,05:00-06:00,2024,9,26,4,0,3,5,0,1,27942,11365.472,552.743103,694.080811,2024-09-26 05:00:00,838.258
2024-09-26,06:00-07:00,2024,9,26,4,0,3,6,0,1,29665,11878.36,527.903625,785.580017,2024-09-26 06:00:00,1879.251
2024-09-26,07:00-08:00,2024,9,26,4,0,3,7,0,0,31085,11889.172,397.276093,478.7099,2024-09-26 07:00:00,5305.331
2024-09-26,08:00-09:00,2024,9,26,4,0,3,8,1,0,33161,12885.491,354.658722,434.868591,2024-09-26 08:00:00,9285.995
2024-09-26,09:00-10:00,2024,9,26,4,0,3,9,1,0,34367,13626.102,351.317535,375.66803,2024-09-26 09:00:00,12555.002
2024-09-26,10:00-11:00,2024,9,26,4,0,3,10,1,0,34575,14185.872,354.23877,362.17276,2024-09-26 10:00:00,14678.485
2024-09-26,11:00-12:00,2024,9,26,4,0,3,11,1,0,32395,14773.892,315.615845,341.607544,2024-09-26 11:00:00,15391.689
2024-09-26,12:00-13:00,2024,9,26,4,0,3,12,1,0,33436,14818.882,347.844818,357.756439,2024-09-26 12:00:00,14917.751
2024-09-26,13:00-14:00,2024,9,26,4,0,3,13,1,0,33411,14373.932,356.47229,360.758026,2024-09-26 13:00:00,13197.883
2024-09-26,14:00-15:00,2024,9,26,4,0,3,14,1,0,34300,14271.432,381.849213,472.405029,2024-09-26 14:00:00,10343.967
2024-09-26,15:00-16:00,2024,9,26,4,0,3,15,1,0,34735,15331.428,595.773254,860.564575,2024-09-26 15:00:00,7144.868
2024-09-26,16:00-17:00,2024,9,26,4,0,3,16,1,0,34901,18049.604,854.179122,873.5066612500001,2024-09-26 16:00:00,3613.456
2024-09-26,17:00-18:00,2024,9,26,4,0,3,17,1,0,33632,17689.614,556.777771,873.5066612500001,2024-09-26 17:00:00,1288.041
2024-09-26,18:00-19:00,2024,9,26,4,0,3,18,1,0,33813,16582.096,545.68573,724.013,2024-09-26 18:00:00,1484.543
2024-09-26,19:00-20:00,2024,9,26,4,0,3,19,1,0,33342,17757.028,479.440186,607.156128,2024-09-26 19:00:00,1870.661
2024-09-26,20:00-21:00,2024,9,26,4,0,3,20,1,0,32436,17433.48,546.197266,700.953857,2024-09-26 20:00:00,2015.234
2024-09-26,21:00-22:00,2024,9,26,4,0,3,21,0,0,30660,16480.038,450.035187,534.034119,2024-09-26 21:00:00,1935.937
2024-09-26,22:00-23:00,2024,9,26,4,0,3,22,0,1,29355,15707.888,404.933289,448.353485,2024-09-26 22:00:00,1794.32
2024-09-26,23:00-24:00,2024,9,26,4,0,3,23,0,1,28159,12793.61,396.145691,466.529999,2024-09-26 23:00:00,1590.901
2024-09-27,00:00-01:00,2024,9,27,5,0,3,0,0,1,29469,11733.679,854.179122,843.249573,2024-09-27 00:00:00,1269.992
2024-09-27,01:00-02:00,2024,9,27,5,0,3,1,0,1,28340,10888.026,854.179122,842.225769,2024-09-27 01:00:00,1162.069
2024-09-27,02:00-03:00,2024,9,27,5,0,3,2,0,1,27528,10539.52,854.179122,841.882996,2024-09-27 02:00:00,1100.928
2024-09-27,03:00-04:00,2024,9,27,5,0,3,3,0,1,27200,10490.627,807.191711,785.122864,2024-09-27 03:00:00,1066.88
2024-09-27,04:00-05:00,2024,9,27,5,0,3,4,0,1,27465,10436.794,844.23761,873.5066612500001,2024-09-27 04:00:00,1039.663
2024-09-27,05:00-06:00,2024,9,27,5,0,3,5,0,1,28675,10916.883,854.179122,873.5066612500001,2024-09-27 05:00:00,1011.522
2024-09-27,06:00-07:00,2024,9,27,5,0,3,6,0,1,30358,11314.99,854.179122,873.5066612500001,2024-09-27 06:00:00,2369.355
2024-09-27,07:00-08:00,2024,9,27,5,0,3,7,0,0,31997,12436.026,477.865875,620.746887,2024-09-27 07:00:00,7523.514
2024-09-27,08:00-09:00,2024,9,27,5,0,3,8,1,0,34174,14467.692,431.520752,447.087769,2024-09-27 08:00:00,13621.192
2024-09-27,09:00-10:00,2024,9,27,5,0,3,9,1,0,35162,15331.402,409.606934,407.824921,2024-09-27 09:00:00,18036.239
2024-09-27,10:00-11:00,2024,9,27,5,0,3,10,1,0,35797,16100.032,389.144196,414.167206,2024-09-27 10:00:00,20462.98
2024-09-27,11:00-12:00,2024,9,27,5,0,3,11,1,0,34162,16656.202,347.153473,390.949005,2024-09-27 11:00:00,21108.015
2024-09-27,12:00-13:00,2024,9,27,5,0,3,12,1,0,35209,16564.902,421.240479,435.727386,2024-09-27 12:00:00,20644.251
2024-09-27,13:00-14:00,2024,9,27,5,0,3,13,1,0,35185,16128.112,429.776306,447.114014,2024-09-27 13:00:00,18991.348
2024-09-27,14:00-15:00,2024,9,27,5,0,3,14,1,0,35307,15767.742,469.293274,873.5066612500001,2024-09-27 14:00:00,15731.866
2024-09-27,15:00-16:00,2024,9,27,5,0,3,15,1,0,36353,15940.858,712.466492,873.5066612500001,2024-09-27 15:00:00,10941.472
2024-09-27,16:00-17:00,2024,9,27,5,0,3,16,1,0,36264,17692.871,854.179122,873.5066612500001,2024-09-27 16:00:00,5244.289
2024-09-27,17:00-18:00,2024,9,27,5,0,3,17,1,0,35120,17556.085,854.179122,873.5066612500001,2024-09-27 17:00:00,1623.815
2024-09-27,18:00-19:00,2024,9,27,5,0,3,18,1,0,35368,16635.688,854.179122,873.5066612500001,2024-09-27 18:00:00,1794.637
2024-09-27,19:00-20:00,2024,9,27,5,0,3,19,1,0,35072,17371.526,837.085632,873.5066612500001,2024-09-27 19:00:00,2225.472
2024-09-27,20:00-21:00,2024,9,27,5,0,3,20,1,0,34174,17467.948,854.179122,873.5066612500001,2024-09-27 20:00:00,2391.886
2024-09-27,21:00-22:00,2024,9,27,5,0,3,21,0,0,32480,16276.548,697.708008,873.5066612500001,2024-09-27 21:00:00,2406.447
2024-09-27,22:00-23:00,2024,9,27,5,0,3,22,0,1,30888,15532.728,635.863953,831.56073,2024-09-27 22:00:00,2379.661
2024-09-27,23:00-24:00,2024,9,27,5,0,3,23,0,1,29817,12692.62,612.913208,642.279358,2024-09-27 23:00:00,2302.656
2024-09-28,00:00-01:00,2024,9,28,6,1,3,0,0,1,30384,11937.51,595.357178,660.7476810000001,2024-09-28 00:00:00,2525.233
2024-09-28,01:00-02:00,2024,9,28,6,1,3,1,0,1,29504,11292.96,563.905457,600.407104,2024-09-28 01:00:00,2375.964
2024-09-28,02:00-03:00,2024,9,28,6,1,3,2,0,1,28588,10710.32,513.888062,560.704102,2024-09-28 02:00:00,2263.198
2024-09-28,03:00-04:00,2024,9,28,6,1,3,3,0,1,27600,10614.37,465.681305,528.871765,2024-09-28 03:00:00,2189.034
2024-09-28,04:00-05:00,2024,9,28,6,1,3,4,0,1,27965,10592.93,484.462677,542.937683,2024-09-28 04:00:00,2134.092
2024-09-28,05:00-06:00,2024,9,28,6,1,3,5,0,1,28757,10658.758,535.673035,581.670166,2024-09-28 05:00:00,2093.738
2024-09-28,06:00-07:00,2024,9,28,6,1,3,6,0,1,30357,11171.62,487.100769,567.419495,2024-09-28 06:00:00,3420.536
2024-09-28,07:00-08:00,2024,9,28,6,1,3,7,0,0,31795,12261.982,434.295624,500.33551,2024-09-28 07:00:00,8533.128
2024-09-28,08:00-09:00,2024,9,28,6,1,3,8,1,0,33782,13955.772,403.700897,445.88266,2024-09-28 08:00:00,14509.545
2024-09-28,09:00-10:00,2024,9,28,6,1,3,9,1,0,35331,15417.342,361.644806,429.060333,2024-09-28 09:00:00,18813.098
2024-09-28,10:00-11:00,2024,9,28,6,1,3,10,1,0,36427,16035.412,371.246155,415.816345,2024-09-28 10:00:00,21019.614
2024-09-28,11:00-12:00,2024,9,28,6,1,3,11,1,0,35580,16579.882,303.435089,347.201874,2024-09-28 11:00:00,21556.732
2024-09-28,12:00-13:00,2024,9,28,6,1,3,12,1,0,36404,16468.352,399.467987,452.075043,2024-09-28 12:00:00,21073.819
2024-09-28,13:00-14:00,2024,9,28,6,1,3,13,1,0,36453,15970.112,432.597076,873.5066612500001,2024-09-28 13:00:00,19290.781
2024-09-28,14:00-15:00,2024,9,28,6,1,3,14,1,0,36503,15499.652,577.132813,873.5066612500001,2024-09-28 14:00:00,15660.164
2024-09-28,15:00-16:00,2024,9,28,6,1,3,15,1,0,37101,15754.608,729.567017,873.5066612500001,2024-09-28 15:00:00,11017.432
2024-09-28,16:00-17:00,2024,9,28,6,1,3,16,1,0,37101,18629.506,837.67334,873.5066612500001,2024-09-28 16:00:00,5833.255
2024-09-28,17:00-18:00,2024,9,28,6,1,3,17,1,0,35457,17931.997,832.818604,873.5066612500001,2024-09-28 17:00:00,2680.778
2024-09-28,18:00-19:00,2024,9,28,6,1,3,18,1,0,35706,16964.98,641.088318,873.5066612500001,2024-09-28 18:00:00,2942.616
2024-09-28,19:00-20:00,2024,9,28,6,1,3,19,1,0,35208,17744.156,566.177979,873.5066612500001,2024-09-28 19:00:00,3329.254
2024-09-28,20:00-21:00,2024,9,28,6,1,3,20,1,0,34611,18011.32,636.838318,873.5066612500001,2024-09-28 20:00:00,3499.228
2024-09-28,21:00-22:00,2024,9,28,6,1,3,21,0,0,32569,16447.656,664.436523,873.5066612500001,2024-09-28 21:00:00,3482.18
2024-09-28,22:00-23:00,2024,9,28,6,1,3,22,0,1,30776,15421.116,678.979431,873.5066612500001,2024-09-28 22:00:00,3407.597
2024-09-28,23:00-24:00,2024,9,28,6,1,3,23,0,1,29177,12538.653,596.298279,873.5066612500001,2024-09-28 23:00:00,3298.173
2024-09-29,00:00-01:00,2024,9,29,7,1,3,0,0,1,30481,11614.175,854.179122,873.5066612500001,2024-09-29 00:00:00,3316.903
2024-09-29,01:00-02:00,2024,9,29,7,1,3,1,0,1,29238,11391.29,683.294312,873.5066612500001,2024-09-29 01:00:00,3162.948
2024-09-29,02:00-03:00,2024,9,29,7,1,3,2,0,1,28344,11137.52,588.078247,749.568298,2024-09-29 02:00:00,3015.816
2024-09-29,03:00-04:00,2024,9,29,7,1,3,3,0,1,27901,11070.779,486.165863,626.705627,2024-09-29 03:00:00,2867.598
2024-09-29,04:00-05:00,2024,9,29,7,1,3,4,0,1,28140,11028.53,553.968262,634.677856,2024-09-29 04:00:00,2716.296
2024-09-29,05:00-06:00,2024,9,29,7,1,3,5,0,1,28979,11018.37,641.767212,791.868835,2024-09-29 05:00:00,2556.373
2024-09-29,06:00-07:00,2024,9,29,7,1,3,6,0,1,30747,11451.88,802.358582,792.422363,2024-09-29 06:00:00,3697.568
2024-09-29,07:00-08:00,2024,9,29,7,1,3,7,0,0,33037,12418.46,485.986755,445.408447,2024-09-29 07:00:00,8304.228
2024-09-29,08:00-09:00,2024,9,29,7,1,3,8,1,0,35180,14036.32,422.945374,447.518341,2024-09-29 08:00:00,13771.766
2024-09-29,09:00-10:00,2024,9,29,7,1,3,9,1,0,36889,15449.39,402.346527,411.468811,2024-09-29 09:00:00,17919.386
2024-09-29,10:00-11:00,2024,9,29,7,1,3,10,1,0,38015,16141.55,383.928558,430.862793,2024-09-29 10:00:00,20119.375
2024-09-29,11:00-12:00,2024,9,29,7,1,3,11,1,0,36544,16693.9,349.922333,411.681671,2024-09-29 11:00:00,20648.111
2024-09-29,12:00-13:00,2024,9,29,7,1,3,12,1,0,38129,16591.87,443.377106,873.5066612500001,2024-09-29 12:00:00,20105.991
2024-09-29,13:00-14:00,2024,9,29,7,1,3,13,1,0,37829,16096.4,687.636047,873.5066612500001,2024-09-29 13:00:00,18269.747
2024-09-29,14:00-15:00,2024,9,29,7,1,3,14,1,0,37872,15768.56,854.179122,873.5066612500001,2024-09-29 14:00:00,14787.019
2024-09-29,15:00-16:00,2024,9,29,7,1,3,15,1,0,37800,15558.93,854.179122,873.5066612500001,2024-09-29 15:00:00,10180.764
2024-09-29,16:00-17:00,2024,9,29,7,1,3,16,1,0,37329,16289.81,854.179122,873.5066612500001,2024-09-29 16:00:00,5160.554
2024-09-29,17:00-18:00,2024,9,29,7,1,3,17,1,0,35616,15838.28,854.179122,873.5066612500001,2024-09-29 17:00:00,2103.466
2024-09-29,18:00-19:00,2024,9,29,7,1,3,18,1,0,36430,16149.01,854.179122,873.5066612500001,2024-09-29 18:00:00,2360.53
2024-09-29,19:00-20:00,2024,9,29,7,1,3,19,1,0,36051,17235.936,854.179122,873.5066612500001,2024-09-29 19:00:00,2730.042
2024-09-29,20:00-21:00,2024,9,29,7,1,3,20,1,0,35623,17221.104,854.179122,873.5066612500001,2024-09-29 20:00:00,2889.814
2024-09-29,21:00-22:00,2024,9,29,7,1,3,21,0,0,33482,15421.378,854.179122,873.5066612500001,2024-09-29 21:00:00,2984.625
2024-09-29,22:00-23:00,2024,9,29,7,1,3,22,0,1,31198,13776.288,854.179122,873.5066612500001,2024-09-29 22:00:00,3060.313
2024-09-29,23:00-24:00,2024,9,29,7,1,3,23,0,1,29742,11352.23,854.179122,873.5066612500001,2024-09-29 23:00:00,3165.245
2024-09-30,00:00-01:00,2024,9,30,1,0,3,0,0,1,30685,13615.888,447.631195,873.5066612500001,2024-09-30 00:00:00,2960.873
2024-09-30,01:00-02:00,2024,9,30,1,0,3,1,0,1,29709,12825.19,447.636353,434.547455,2024-09-30 01:00:00,3205.519
2024-09-30,02:00-03:00,2024,9,30,1,0,3,2,0,1,28768,11685.574,446.167328,585.654419,2024-09-30 02:00:00,3541.083
2024-09-30,03:00-04:00,2024,9,30,1,0,3,3,0,1,28086,11619.16,426.160461,679.858459,2024-09-30 03:00:00,4088.626
2024-09-30,04:00-05:00,2024,9,30,1,0,3,4,0,1,27979,11409.07,426.171692,595.213745,2024-09-30 04:00:00,4572.298
2024-09-30,05:00-06:00,2024,9,30,1,0,3,5,0,1,28587,11457.743,426.185364,565.181763,2024-09-30 05:00:00,4927.824
2024-09-30,06:00-07:00,2024,9,30,1,0,3,6,0,1,30009,11880.35,426.249176,488.000153,2024-09-30 06:00:00,6268.2
2024-09-30,07:00-08:00,2024,9,30,1,0,3,7,0,0,31416,12512.42,425.915314,467.026764,2024-09-30 07:00:00,10200.092
2024-09-30,08:00-09:00,2024,9,30,1,0,3,8,1,0,32955,13656.09,402.641693,422.561981,2024-09-30 08:00:00,14547.923
2024-09-30,09:00-10:00,2024,9,30,1,0,3,9,1,0,33707,14664.01,380.268036,419.78186,2024-09-30 09:00:00,17821.763
2024-09-30,10:00-11:00,2024,9,30,1,0,3,10,1,0,34200,15143.57,383.448883,873.5066612500001,2024-09-30 10:00:00,19583.371
2024-09-30,11:00-12:00,2024,9,30,1,0,3,11,1,0,32717,15593.0,357.702942,873.5066612500001,2024-09-30 11:00:00,20053.54
2024-09-30,12:00-13:00,2024,9,30,1,0,3,12,1,0,33185,15415.35,400.688995,873.5066612500001,2024-09-30 12:00:00,19492.769
2024-09-30,13:00-14:00,2024,9,30,1,0,3,13,1,0,33024,14934.34,401.291534,873.5066612500001,2024-09-30 13:00:00,17794.721
2024-09-30,14:00-15:00,2024,9,30,1,0,3,14,1,0,32813,14657.08,420.842285,873.5066612500001,2024-09-30 14:00:00,14900.619
2024-09-30,15:00-16:00,2024,9,30,1,0,3,15,1,0,32526,15668.156,450.165009,873.5066612500001,2024-09-30 15:00:00,11704.472
2024-09-30,16:00-17:00,2024,9,30,1,0,3,16,1,0,32540,18237.114,425.296539,873.5066612500001,2024-09-30 16:00:00,8565.355
2024-09-30,17:00-18:00,2024,9,30,1,0,3,17,1,0,31344,17380.766,425.557587,417.733826,2024-09-30 17:00:00,6665.426
2024-09-30,18:00-19:00,2024,9,30,1,0,3,18,1,0,31721,17352.916,425.442688,408.189087,2024-09-30 18:00:00,6638.012
2024-09-30,19:00-20:00,2024,9,30,1,0,3,19,1,0,30806,18365.386,424.748444,408.542572,2024-09-30 19:00:00,6698.543
2024-09-30,20:00-21:00,2024,9,30,1,0,3,20,1,0,29666,18278.086,425.021179,414.748932,2024-09-30 20:00:00,6715.628
2024-09-30,21:00-22:00,2024,9,30,1,0,3,21,0,0,28286,17081.576,421.009644,397.247101,2024-09-30 21:00:00,6629.128
2024-09-30,22:00-23:00,2024,9,30,1,0,3,22,0,1,27015,15939.307,425.870178,420.079651,2024-09-30 22:00:00,6536.137
2024-09-30,23:00-24:00,2024,9,30,1,0,3,23,0,1,26000,12929.71,413.110138,415.052338,2024-09-30 23:00:00,6434.731
2024-10-01,00:00-01:00,2024,10,1,2,0,4,0,0,1,23991,11512.031,378.000244,377.689575,2024-10-01 00:00:00,6348.246
2024-10-01,01:00-02:00,2024,10,1,2,0,4,1,0,1,23047,11198.662,377.999969,378.180206,2024-10-01 01:00:00,6300.622
2024-10-01,02:00-03:00,2024,10,1,2,0,4,2,0,1,22573,11131.127,378.000092,377.457977,2024-10-01 02:00:00,6306.769
2024-10-01,03:00-04:00,2024,10,1,2,0,4,3,0,1,22092,11018.442,378.000153,377.999939,2024-10-01 03:00:00,6339.34
2024-10-01,04:00-05:00,2024,10,1,2,0,4,4,0,1,22423,10926.862,378.000031,377.999847,2024-10-01 04:00:00,6394.652
2024-10-01,05:00-06:00,2024,10,1,2,0,4,5,0,1,23154,10942.532,380.0,380.000153,2024-10-01 05:00:00,6465.926
2024-10-01,06:00-07:00,2024,10,1,2,0,4,6,0,1,23943,11130.855,397.999725,429.999847,2024-10-01 06:00:00,6982.906
2024-10-01,07:00-08:00,2024,10,1,2,0,4,7,0,0,25102,11523.512,377.999969,398.000183,2024-10-01 07:00:00,9016.425
2024-10-01,08:00-09:00,2024,10,1,2,0,4,8,1,0,25656,12127.372,378.000122,400.000092,2024-10-01 08:00:00,11455.739
2024-10-01,09:00-10:00,2024,10,1,2,0,4,9,1,0,26489,12871.541,351.147095,60.000034,2024-10-01 09:00:00,13589.641
2024-10-01,10:00-11:00,2024,10,1,2,0,4,10,1,0,26857,12705.182,298.402069,7.912305,2024-10-01 10:00:00,15308.977
2024-10-01,11:00-12:00,2024,10,1,2,0,4,11,1,0,26192,12305.902,87.686409,0.0,2024-10-01 11:00:00,16120.657
2024-10-01,12:00-13:00,2024,10,1,2,0,4,12,1,0,26423,13069.892,87.828209,0.0,2024-10-01 12:00:00,15779.421
2024-10-01,13:00-14:00,2024,10,1,2,0,4,13,1,0,26150,13472.662,86.524307,0.0,2024-10-01 13:00:00,14507.734
2024-10-01,14:00-15:00,2024,10,1,2,0,4,14,1,0,26143,13449.952,259.557526,0.0,2024-10-01 14:00:00,12372.542
2024-10-01,15:00-16:00,2024,10,1,2,0,4,15,1,0,26526,13241.853,368.642853,357.999939,2024-10-01 15:00:00,9709.929
2024-10-01,16:00-17:00,2024,10,1,2,0,4,16,1,0,27239,13227.725,378.000214,378.000122,2024-10-01 16:00:00,6703.144
2024-10-01,17:00-18:00,2024,10,1,2,0,4,17,1,0,27129,14383.586,398.000061,400.000153,2024-10-01 17:00:00,4533.97
2024-10-01,18:00-19:00,2024,10,1,2,0,4,18,1,0,27370,14014.335,397.999969,399.960663,2024-10-01 18:00:00,4367.895
2024-10-01,19:00-20:00,2024,10,1,2,0,4,19,1,0,26809,15517.437,397.649689,377.658752,2024-10-01 19:00:00,4346.41
2024-10-01,20:00-21:00,2024,10,1,2,0,4,20,1,0,26189,14964.852,397.999817,761.216187,2024-10-01 20:00:00,4284.366
2024-10-01,21:00-22:00,2024,10,1,2,0,4,21,0,0,24894,13750.787,400.000031,707.884155,2024-10-01 21:00:00,4141.677
2024-10-01,22:00-23:00,2024,10,1,2,0,4,22,0,1,23806,11736.912,400.000092,410.999817,2024-10-01 22:00:00,3974.883
2024-10-01,23:00-24:00,2024,10,1,2,0,4,23,0,1,22479,10900.832,397.999969,377.999939,2024-10-01 23:00:00,3821.491
2024-10-02,00:00-01:00,2024,10,2,3,0,4,0,0,1,22928,10809.052,460.11615,380.658905,2024-10-02 00:00:00,3722.35
2024-10-02,01:00-02:00,2024,10,2,3,0,4,1,0,1,22177,10802.052,398.117218,369.390137,2024-10-02 01:00:00,3645.818
2024-10-02,02:00-03:00,2024,10,2,3,0,4,2,0,1,21778,10782.152,381.110229,359.061829,2024-10-02 02:00:00,3579.079
2024-10-02,03:00-04:00,2024,10,2,3,0,4,3,0,1,21507,10778.022,370.103333,349.999847,2024-10-02 03:00:00,3556.057
2024-10-02,04:00-05:00,2024,10,2,3,0,4,4,0,1,21914,10777.732,380.089874,358.000031,2024-10-02 04:00:00,3538.363
2024-10-02,05:00-06:00,2024,10,2,3,0,4,5,0,1,22574,10780.592,403.075104,365.000153,2024-10-02 05:00:00,3519.747
2024-10-02,06:00-07:00,2024,10,2,3,0,4,6,0,1,23894,11267.102,494.000061,366.000061,2024-10-02 06:00:00,4670.239
2024-10-02,07:00-08:00,2024,10,2,3,0,4,7,0,0,25248,12670.902,324.899994,322.399963,2024-10-02 07:00:00,9676.718
2024-10-02,08:00-09:00,2024,10,2,3,0,4,8,1,0,26158,14315.522,40.000004,0.0,2024-10-02 08:00:00,15500.352
2024-10-02,09:00-10:00,2024,10,2,3,0,4,9,1,0,26756,15792.842,19.999992,0.0,2024-10-02 09:00:00,19766.2
2024-10-02,10:00-11:00,2024,10,2,3,0,4,10,1,0,27214,15984.074,20.000002,0.0,2024-10-02 10:00:00,22215.848
2024-10-02,11:00-12:00,2024,10,2,3,0,4,11,1,0,26176,15616.112,19.999996,0.0,2024-10-02 11:00:00,22987.561
2024-10-02,12:00-13:00,2024,10,2,3,0,4,12,1,0,26609,16120.099,19.999992,0.0,2024-10-02 12:00:00,22532.057
2024-10-02,13:00-14:00,2024,10,2,3,0,4,13,1,0,26343,16253.432,19.999996,0.0,2024-10-02 13:00:00,20778.5
2024-10-02,14:00-15:00,2024,10,2,3,0,4,14,1,0,26452,15885.782,19.999983,0.0,2024-10-02 14:00:00,17329.078
2024-10-02,15:00-16:00,2024,10,2,3,0,4,15,1,0,27162,14141.012,200.000046,0.0,2024-10-02 15:00:00,12214.947
2024-10-02,16:00-17:00,2024,10,2,3,0,4,16,1,0,27827,13800.542,526.028442,509.999786,2024-10-02 16:00:00,6422.535
2024-10-02,17:00-18:00,2024,10,2,3,0,4,17,1,0,27728,15200.006,615.478699,461.784363,2024-10-02 17:00:00,2939.611
2024-10-02,18:00-19:00,2024,10,2,3,0,4,18,1,0,27619,14387.573,615.7724,450.059662,2024-10-02 18:00:00,3013.07
2024-10-02,19:00-20:00,2024,10,2,3,0,4,19,1,0,26944,15269.183,508.760254,389.210907,2024-10-02 19:00:00,3244.48
2024-10-02,20:00-21:00,2024,10,2,3,0,4,20,1,0,26200,14812.126,501.204041,419.223785,2024-10-02 20:00:00,3254.838
2024-10-02,21:00-22:00,2024,10,2,3,0,4,21,0,0,24937,14066.22,468.670105,420.591949,2024-10-02 21:00:00,3167.666
2024-10-02,22:00-23:00,2024,10,2,3,0,4,22,0,1,23859,11912.505,402.999969,381.000061,2024-10-02 22:00:00,3050.902
2024-10-02,23:00-24:00,2024,10,2,3,0,4,23,0,1,22420,10980.677,422.999878,434.999908,2024-10-02 23:00:00,2880.839
2024-10-03,00:00-01:00,2024,10,3,4,0,4,0,0,1,23111,10479.158,479.999634,510.079315,2024-10-03 00:00:00,3042.063
2024-10-03,01:00-02:00,2024,10,3,4,0,4,1,0,1,22212,10343.175,505.000031,540.099915,2024-10-03 01:00:00,2872.253
2024-10-03,02:00-03:00,2024,10,3,4,0,4,2,0,1,21778,10320.762,499.0,499.000153,2024-10-03 02:00:00,2733.253
2024-10-03,03:00-04:00,2024,10,3,4,0,4,3,0,1,21622,10326.442,430.000092,469.999908,2024-10-03 03:00:00,2650.338
2024-10-03,04:00-05:00,2024,10,3,4,0,4,4,0,1,22101,10320.792,520.000122,483.000061,2024-10-03 04:00:00,2587.468
2024-10-03,05:00-06:00,2024,10,3,4,0,4,5,0,1,22819,10905.136,580.338867,536.100037,2024-10-03 05:00:00,2539.166
2024-10-03,06:00-07:00,2024,10,3,4,0,4,6,0,1,24409,11628.3,704.449646,581.242981,2024-10-03 06:00:00,3803.48
2024-10-03,07:00-08:00,2024,10,3,4,0,4,7,0,0,26310,13026.482,340.000092,342.400024,2024-10-03 07:00:00,9496.75
2024-10-03,08:00-09:00,2024,10,3,4,0,4,8,1,0,27025,14553.799,40.000008,0.0,2024-10-03 08:00:00,15810.076
2024-10-03,09:00-10:00,2024,10,3,4,0,4,9,1,0,27732,15977.306,38.91647,0.127202,2024-10-03 09:00:00,20182.046
2024-10-03,10:00-11:00,2024,10,3,4,0,4,10,1,0,27667,16133.115,39.999996,0.0,2024-10-03 10:00:00,22408.495
2024-10-03,11:00-12:00,2024,10,3,4,0,4,11,1,0,26785,15731.047,20.201967,1.012249,2024-10-03 11:00:00,22947.872
2024-10-03,12:00-13:00,2024,10,3,4,0,4,12,1,0,26764,16236.792,20.00001,0.0,2024-10-03 12:00:00,22487.035
2024-10-03,13:00-14:00,2024,10,3,4,0,4,13,1,0,26443,16432.257,19.999994,2.396298,2024-10-03 13:00:00,20857.08
2024-10-03,14:00-15:00,2024,10,3,4,0,4,14,1,0,26722,16077.622,20.000002,184.308884,2024-10-03 14:00:00,17308.222
2024-10-03,15:00-16:00,2024,10,3,4,0,4,15,1,0,27493,14213.572,318.0,383.604706,2024-10-03 15:00:00,11801.337
2024-10-03,16:00-17:00,2024,10,3,4,0,4,16,1,0,28278,13964.074,496.850159,667.257141,2024-10-03 16:00:00,5488.093
2024-10-03,17:00-18:00,2024,10,3,4,0,4,17,1,0,28030,15099.596,708.45874,739.261108,2024-10-03 17:00:00,1899.419
2024-10-03,18:00-19:00,2024,10,3,4,0,4,18,1,0,28042,14273.977,533.307739,468.193481,2024-10-03 18:00:00,2147.633
2024-10-03,19:00-20:00,2024,10,3,4,0,4,19,1,0,27655,15122.513,529.338989,390.656433,2024-10-03 19:00:00,2543.081
2024-10-03,20:00-21:00,2024,10,3,4,0,4,20,1,0,26568,14542.908,516.78479,518.261963,2024-10-03 20:00:00,2737.81
2024-10-03,21:00-22:00,2024,10,3,4,0,4,21,0,0,25836,13985.489,516.618225,409.258972,2024-10-03 21:00:00,2757.939
2024-10-03,22:00-23:00,2024,10,3,4,0,4,22,0,1,25164,12026.226,417.130188,382.949951,2024-10-03 22:00:00,2670.975
2024-10-03,23:00-24:00,2024,10,3,4,0,4,23,0,1,24199,11187.76,412.066223,405.999756,2024-10-03 23:00:00,2512.176
2024-10-04,00:00-01:00,2024,10,4,5,0,4,0,0,1,23426,11275.002,470.706177,517.019653,2024-10-04 00:00:00,2499.462
2024-10-04,01:00-02:00,2024,10,4,5,0,4,1,0,1,22757,10943.879,479.124573,539.938599,2024-10-04 01:00:00,2249.639
2024-10-04,02:00-03:00,2024,10,4,5,0,4,2,0,1,22240,10807.041,475.325226,439.745911,2024-10-04 02:00:00,2026.354
2024-10-04,03:00-04:00,2024,10,4,5,0,4,3,0,1,22000,10681.502,465.192017,480.452179,2024-10-04 03:00:00,1835.033
2024-10-04,04:00-05:00,2024,10,4,5,0,4,4,0,1,22471,10642.787,511.753998,499.795013,2024-10-04 04:00:00,1705.541
2024-10-04,05:00-06:00,2024,10,4,5,0,4,5,0,1,23271,10754.367,562.294678,716.959595,2024-10-04 05:00:00,1631.803
2024-10-04,06:00-07:00,2024,10,4,5,0,4,6,0,1,25297,11319.267,563.73114,717.632446,2024-10-04 06:00:00,2729.935
2024-10-04,07:00-08:00,2024,10,4,5,0,4,7,0,0,26586,12479.603,361.560791,419.11319,2024-10-04 07:00:00,7878.472
2024-10-04,08:00-09:00,2024,10,4,5,0,4,8,1,0,27444,13980.548,300.735474,378.999512,2024-10-04 08:00:00,13512.862
2024-10-04,09:00-10:00,2024,10,4,5,0,4,9,1,0,28229,15278.746,39.882271,315.999756,2024-10-04 09:00:00,17628.568
2024-10-04,10:00-11:00,2024,10,4,5,0,4,10,1,0,28532,15497.484,39.886692,0.372052,2024-10-04 10:00:00,20049.56
2024-10-04,11:00-12:00,2024,10,4,5,0,4,11,1,0,27311,15141.314,19.928448,0.0,2024-10-04 11:00:00,20796.533
2024-10-04,12:00-13:00,2024,10,4,5,0,4,12,1,0,27302,15720.176,20.000006,0.0,2024-10-04 12:00:00,20422.118
2024-10-04,13:00-14:00,2024,10,4,5,0,4,13,1,0,27174,15902.261,20.00001,0.40226,2024-10-04 13:00:00,18714.713
2024-10-04,14:00-15:00,2024,10,4,5,0,4,14,1,0,27693,15535.223,19.99999,0.0,2024-10-04 14:00:00,15210.734
2024-10-04,15:00-16:00,2024,10,4,5,0,4,15,1,0,28269,14423.429,332.434845,351.685425,2024-10-04 15:00:00,10128.276
2024-10-04,16:00-17:00,2024,10,4,5,0,4,16,1,0,29208,13824.073,458.704376,873.5066612500001,2024-10-04 16:00:00,4505.269
2024-10-04,17:00-18:00,2024,10,4,5,0,4,17,1,0,28875,14752.086,573.97522,873.5066612500001,2024-10-04 17:00:00,1379.168
2024-10-04,18:00-19:00,2024,10,4,5,0,4,18,1,0,28650,13784.381,494.166748,696.833679,2024-10-04 18:00:00,1754.0
2024-10-04,19:00-20:00,2024,10,4,5,0,4,19,1,0,27972,15115.464,461.031708,391.170959,2024-10-04 19:00:00,2170.079
2024-10-04,20:00-21:00,2024,10,4,5,0,4,20,1,0,27157,14577.928,462.845764,396.542267,2024-10-04 20:00:00,2372.187
2024-10-04,21:00-22:00,2024,10,4,5,0,4,21,0,0,25624,13641.251,462.869049,459.133606,2024-10-04 21:00:00,2390.036
2024-10-04,22:00-23:00,2024,10,4,5,0,4,22,0,1,24818,11761.033,460.884216,564.85675,2024-10-04 22:00:00,2310.415
2024-10-04,23:00-24:00,2024,10,4,5,0,4,23,0,1,23570,10958.472,425.350647,559.71698,2024-10-04 23:00:00,2193.806
2024-10-05,00:00-01:00,2024,10,5,6,1,4,0,0,1,24392,11536.383,573.461975,740.23584,2024-10-05 00:00:00,1656.942
2024-10-05,01:00-02:00,2024,10,5,6,1,4,1,0,1,23728,11106.054,573.661011,790.572205,2024-10-05 01:00:00,1557.935
2024-10-05,02:00-03:00,2024,10,5,6,1,4,2,0,1,23042,10770.346,552.464966,873.5066612500001,2024-10-05 02:00:00,1496.356
2024-10-05,03:00-04:00,2024,10,5,6,1,4,3,0,1,22619,10635.668,520.489746,862.892273,2024-10-05 03:00:00,1455.366
2024-10-05,04:00-05:00,2024,10,5,6,1,4,4,0,1,22768,10690.316,518.75415,873.5066612500001,2024-10-05 04:00:00,1441.799
2024-10-05,05:00-06:00,2024,10,5,6,1,4,5,0,1,23722,11065.728,534.291565,873.5066612500001,2024-10-05 05:00:00,1463.574
2024-10-05,06:00-07:00,2024,10,5,6,1,4,6,0,1,25463,12071.332,474.820038,873.5066612500001,2024-10-05 06:00:00,2329.51
2024-10-05,07:00-08:00,2024,10,5,6,1,4,7,0,0,26960,11877.104,375.277252,558.349487,2024-10-05 07:00:00,6206.425
2024-10-05,08:00-09:00,2024,10,5,6,1,4,8,1,0,27663,12963.354,348.874786,460.024445,2024-10-05 08:00:00,10536.438
2024-10-05,09:00-10:00,2024,10,5,6,1,4,9,1,0,28383,14115.894,318.339752,413.483673,2024-10-05 09:00:00,14101.121
2024-10-05,10:00-11:00,2024,10,5,6,1,4,10,1,0,28909,14298.104,299.049408,346.22995,2024-10-05 10:00:00,16465.898
2024-10-05,11:00-12:00,2024,10,5,6,1,4,11,1,0,27629,14003.291,61.348904,317.96698,2024-10-05 11:00:00,17405.115
2024-10-05,12:00-13:00,2024,10,5,6,1,4,12,1,0,28049,14479.724,241.060516,329.448975,2024-10-05 12:00:00,16933.355
2024-10-05,13:00-14:00,2024,10,5,6,1,4,13,1,0,27905,14538.674,294.541931,335.562134,2024-10-05 13:00:00,15005.543
2024-10-05,14:00-15:00,2024,10,5,6,1,4,14,1,0,27989,14140.904,314.75235,371.459015,2024-10-05 14:00:00,11636.795
2024-10-05,15:00-16:00,2024,10,5,6,1,4,15,1,0,28671,12738.934,358.181763,729.886963,2024-10-05 15:00:00,7717.928
2024-10-05,16:00-17:00,2024,10,5,6,1,4,16,1,0,29391,13630.004,491.3591,873.5066612500001,2024-10-05 16:00:00,4023.989
2024-10-05,17:00-18:00,2024,10,5,6,1,4,17,1,0,28974,14767.882,529.417603,873.5066612500001,2024-10-05 17:00:00,1957.97
2024-10-05,18:00-19:00,2024,10,5,6,1,4,18,1,0,28953,13766.373,451.96579,754.100952,2024-10-05 18:00:00,2368.439
2024-10-05,19:00-20:00,2024,10,5,6,1,4,19,1,0,28293,13070.719,405.728302,433.560181,2024-10-05 19:00:00,2755.758
2024-10-05,20:00-21:00,2024,10,5,6,1,4,20,1,0,27325,12389.88,426.518158,461.539734,2024-10-05 20:00:00,2952.0
2024-10-05,21:00-22:00,2024,10,5,6,1,4,21,0,0,26148,11348.872,409.460358,402.832245,2024-10-05 21:00:00,3023.609
2024-10-05,22:00-23:00,2024,10,5,6,1,4,22,0,1,25054,10895.14,382.999878,380.0,2024-10-05 22:00:00,3062.939
2024-10-05,23:00-24:00,2024,10,5,6,1,4,23,0,1,23957,10814.377,354.99353,360.030487,2024-10-05 23:00:00,3096.158
2024-10-06,00:00-01:00,2024,10,6,7,1,4,0,0,1,25117,11420.905,537.142517,392.025635,2024-10-06 00:00:00,2414.291
2024-10-06,01:00-02:00,2024,10,6,7,1,4,1,0,1,24283,10774.86,534.669922,383.017242,2024-10-06 01:00:00,2366.31
2024-10-06,02:00-03:00,2024,10,6,7,1,4,2,0,1,23611,10572.674,481.913391,380.072876,2024-10-06 02:00:00,2331.245
2024-10-06,03:00-04:00,2024,10,6,7,1,4,3,0,1,23200,10512.364,455.4198,371.008179,2024-10-06 03:00:00,2296.781
2024-10-06,04:00-05:00,2024,10,6,7,1,4,4,0,1,23481,10603.554,522.387939,392.004913,2024-10-06 04:00:00,2224.467
2024-10-06,05:00-06:00,2024,10,6,7,1,4,5,0,1,24270,10886.894,531.135681,459.508759,2024-10-06 05:00:00,2104.605
2024-10-06,06:00-07:00,2024,10,6,7,1,4,6,0,1,25586,11041.024,497.429901,438.777191,2024-10-06 06:00:00,2445.257
2024-10-06,07:00-08:00,2024,10,6,7,1,4,7,0,0,27009,11107.344,482.679565,447.523956,2024-10-06 07:00:00,4463.065
2024-10-06,08:00-09:00,2024,10,6,7,1,4,8,1,0,27974,11235.124,421.617126,457.246216,2024-10-06 08:00:00,6732.042
2024-10-06,09:00-10:00,2024,10,6,7,1,4,9,1,0,28843,11675.074,384.151917,373.999725,2024-10-06 09:00:00,8821.813
2024-10-06,10:00-11:00,2024,10,6,7,1,4,10,1,0,29466,12164.884,365.440521,379.000061,2024-10-06 10:00:00,10680.51
2024-10-06,11:00-12:00,2024,10,6,7,1,4,11,1,0,28621,12487.284,336.977264,357.903107,2024-10-06 11:00:00,11639.102
2024-10-06,12:00-13:00,2024,10,6,7,1,4,12,1,0,28375,12701.014,342.864868,350.742981,2024-10-06 12:00:00,11370.069
2024-10-06,13:00-14:00,2024,10,6,7,1,4,13,1,0,28491,12591.884,352.934174,356.528259,2024-10-06 13:00:00,9962.416
2024-10-06,14:00-15:00,2024,10,6,7,1,4,14,1,0,28723,12668.514,373.64563,373.000214,2024-10-06 14:00:00,7810.069
2024-10-06,15:00-16:00,2024,10,6,7,1,4,15,1,0,29550,12762.914,495.673523,405.494293,2024-10-06 15:00:00,5566.713
2024-10-06,16:00-17:00,2024,10,6,7,1,4,16,1,0,30141,14051.424,531.572998,380.999939,2024-10-06 16:00:00,3292.078
2024-10-06,17:00-18:00,2024,10,6,7,1,4,17,1,0,29762,14015.465,520.402344,370.000031,2024-10-06 17:00:00,2025.621
2024-10-06,18:00-19:00,2024,10,6,7,1,4,18,1,0,29785,13389.589,512.570496,379.082031,2024-10-06 18:00:00,2258.838
2024-10-06,19:00-20:00,2024,10,6,7,1,4,19,1,0,29468,14913.214,478.672882,363.03714,2024-10-06 19:00:00,2454.782
2024-10-06,20:00-21:00,2024,10,6,7,1,4,20,1,0,28606,14588.344,516.879883,370.069244,2024-10-06 20:00:00,2488.387
2024-10-06,21:00-22:00,2024,10,6,7,1,4,21,0,0,27205,13705.461,521.383911,380.000061,2024-10-06 21:00:00,2467.122
2024-10-06,22:00-23:00,2024,10,6,7,1,4,22,0,1,26343,11310.273,466.37326,362.950043,2024-10-06 22:00:00,2407.666
2024-10-06,23:00-24:00,2024,10,6,7,1,4,23,0,1,25347,10804.554,403.021606,360.01004,2024-10-06 23:00:00,2282.964
2024-10-07,00:00-01:00,2024,10,7,1,0,4,0,0,1,25865,10641.634,468.208099,422.864929,2024-10-07 00:00:00,2246.538
2024-10-07,01:00-02:00,2024,10,7,1,0,4,1,0,1,24937,10627.784,408.028992,403.02005,2024-10-07 01:00:00,2231.639
2024-10-07,02:00-03:00,2024,10,7,1,0,4,2,0,1,24381,10617.374,392.027771,388.012695,2024-10-07 02:00:00,2207.468
2024-10-07,03:00-04:00,2024,10,7,1,0,4,3,0,1,23900,10613.104,382.975952,382.965698,2024-10-07 03:00:00,2191.409
2024-10-07,04:00-05:00,2024,10,7,1,0,4,4,0,1,24010,10629.674,400.022461,391.00705,2024-10-07 04:00:00,2167.58
2024-10-07,05:00-06:00,2024,10,7,1,0,4,5,0,1,24906,10600.344,421.724854,403.007324,2024-10-07 05:00:00,2143.411
2024-10-07,06:00-07:00,2024,10,7,1,0,4,6,0,1,26487,10679.164,497.543701,400.013733,2024-10-07 06:00:00,2365.466
2024-10-07,07:00-08:00,2024,10,7,1,0,4,7,0,0,28083,10787.544,497.977325,460.236176,2024-10-07 07:00:00,3554.987
2024-10-07,08:00-09:00,2024,10,7,1,0,4,8,1,0,29699,10954.457,495.037994,525.625,2024-10-07 08:00:00,4917.403
2024-10-07,09:00-10:00,2024,10,7,1,0,4,9,1,0,30719,11768.914,511.848419,458.46994,2024-10-07 09:00:00,6055.74
2024-10-07,10:00-11:00,2024,10,7,1,0,4,10,1,0,30912,12100.084,549.758911,455.245209,2024-10-07 10:00:00,7028.707
2024-10-07,11:00-12:00,2024,10,7,1,0,4,11,1,0,29246,10590.744,431.637482,404.533234,2024-10-07 11:00:00,7519.742
2024-10-07,12:00-13:00,2024,10,7,1,0,4,12,1,0,29557,11195.914,410.47403,382.52536,2024-10-07 12:00:00,7475.171
2024-10-07,13:00-14:00,2024,10,7,1,0,4,13,1,0,29871,11808.034,394.376831,357.96109,2024-10-07 13:00:00,6967.353
2024-10-07,14:00-15:00,2024,10,7,1,0,4,14,1,0,30086,12107.424,385.159149,347.558563,2024-10-07 14:00:00,5979.746
2024-10-07,15:00-16:00,2024,10,7,1,0,4,15,1,0,30771,12664.729,475.766205,362.639191,2024-10-07 15:00:00,4584.492
2024-10-07,16:00-17:00,2024,10,7,1,0,4,16,1,0,31242,13136.052,495.847504,363.794342,2024-10-07 16:00:00,2815.62
2024-10-07,17:00-18:00,2024,10,7,1,0,4,17,1,0,30904,13696.404,495.02182,402.959259,2024-10-07 17:00:00,1554.849
2024-10-07,18:00-19:00,2024,10,7,1,0,4,18,1,0,30966,13326.252,494.900116,392.012177,2024-10-07 18:00:00,1539.766
2024-10-07,19:00-20:00,2024,10,7,1,0,4,19,1,0,31121,13030.516,439.69339,381.010162,2024-10-07 19:00:00,1566.438
2024-10-07,20:00-21:00,2024,10,7,1,0,4,20,1,0,30503,12661.313,478.878021,394.015289,2024-10-07 20:00:00,1507.999
2024-10-07,21:00-22:00,2024,10,7,1,0,4,21,0,0,28895,11932.985,494.882599,382.999878,2024-10-07 21:00:00,1398.068
2024-10-07,22:00-23:00,2024,10,7,1,0,4,22,0,1,27473,11405.82,459.768646,372.700012,2024-10-07 22:00:00,1298.291
2024-10-07,23:00-24:00,2024,10,7,1,0,4,23,0,1,26360,10733.474,405.444183,366.001831,2024-10-07 23:00:00,1212.001
2024-10-08,00:00-01:00,2024,10,8,2,0,4,0,0,1,25774,10735.734,537.559448,401.005585,2024-10-08 00:00:00,1368.614
2024-10-08,01:00-02:00,2024,10,8,2,0,4,1,0,1,24876,10699.514,507.849884,382.000153,2024-10-08 01:00:00,1354.782
2024-10-08,02:00-03:00,2024,10,8,2,0,4,2,0,1,24254,10670.154,437.795074,380.000153,2024-10-08 02:00:00,1381.058
2024-10-08,03:00-04:00,2024,10,8,2,0,4,3,0,1,24000,10609.274,419.016876,372.69986,2024-10-08 03:00:00,1440.763
2024-10-08,04:00-05:00,2024,10,8,2,0,4,4,0,1,24332,10663.748,418.883972,380.056976,2024-10-08 04:00:00,1503.894
2024-10-08,05:00-06:00,2024,10,8,2,0,4,5,0,1,25483,10750.744,530.677795,388.000183,2024-10-08 05:00:00,1544.295
2024-10-08,06:00-07:00,2024,10,8,2,0,4,6,0,1,27370,11134.584,571.988037,420.932495,2024-10-08 06:00:00,2391.275
2024-10-08,07:00-08:00,2024,10,8,2,0,4,7,0,0,28809,12163.184,370.000122,361.045441,2024-10-08 07:00:00,6843.207
2024-10-08,08:00-09:00,2024,10,8,2,0,4,8,1,0,30513,13633.824,322.400055,323.45636,2024-10-08 08:00:00,12143.028
2024-10-08,09:00-10:00,2024,10,8,2,0,4,9,1,0,31571,15127.504,83.61203,3.862907,2024-10-08 09:00:00,16356.374
2024-10-08,10:00-11:00,2024,10,8,2,0,4,10,1,0,31960,15327.924,59.766853,0.001238,2024-10-08 10:00:00,18671.639
2024-10-08,11:00-12:00,2024,10,8,2,0,4,11,1,0,29980,14980.044,39.86356,0.0013,2024-10-08 11:00:00,19413.559
2024-10-08,12:00-13:00,2024,10,8,2,0,4,12,1,0,30314,15380.034,60.0,0.00125,2024-10-08 12:00:00,18695.211
2024-10-08,13:00-14:00,2024,10,8,2,0,4,13,1,0,30256,15406.794,59.999985,0.00151,2024-10-08 13:00:00,16582.194
2024-10-08,14:00-15:00,2024,10,8,2,0,4,14,1,0,30782,14852.464,305.746735,127.640869,2024-10-08 14:00:00,12641.723
2024-10-08,15:00-16:00,2024,10,8,2,0,4,15,1,0,31925,13327.154,381.869965,359.999664,2024-10-08 15:00:00,7982.491
2024-10-08,16:00-17:00,2024,10,8,2,0,4,16,1,0,32469,13989.77,575.720215,517.060303,2024-10-08 16:00:00,3325.269
2024-10-08,17:00-18:00,2024,10,8,2,0,4,17,1,0,31983,14633.547,574.931396,571.847961,2024-10-08 17:00:00,690.545
2024-10-08,18:00-19:00,2024,10,8,2,0,4,18,1,0,31580,13804.771,562.109436,535.499634,2024-10-08 18:00:00,829.32
2024-10-08,19:00-20:00,2024,10,8,2,0,4,19,1,0,31636,13563.623,536.272461,459.599945,2024-10-08 19:00:00,960.019
2024-10-08,20:00-21:00,2024,10,8,2,0,4,20,1,0,30785,13006.465,562.990906,530.218079,2024-10-08 20:00:00,956.628
2024-10-08,21:00-22:00,2024,10,8,2,0,4,21,0,0,29424,11928.966,572.203796,440.941284,2024-10-08 21:00:00,896.798
2024-10-08,22:00-23:00,2024,10,8,2,0,4,22,0,1,27790,11161.339,535.384399,413.999817,2024-10-08 22:00:00,834.395
2024-10-08,23:00-24:00,2024,10,8,2,0,4,23,0,1,26599,11078.052,459.370209,379.999939,2024-10-08 23:00:00,790.612
2024-10-09,00:00-01:00,2024,10,9,3,0,4,0,0,1,25868,10728.364,532.68866,711.377502,2024-10-09 00:00:00,673.044
2024-10-09,01:00-02:00,2024,10,9,3,0,4,1,0,1,25036,10635.758,442.548035,555.845642,2024-10-09 01:00:00,627.064
2024-10-09,02:00-03:00,2024,10,9,3,0,4,2,0,1,24600,10590.594,406.677826,419.499847,2024-10-09 02:00:00,610.68
2024-10-09,03:00-04:00,2024,10,9,3,0,4,3,0,1,24446,10533.467,402.60733,402.950043,2024-10-09 03:00:00,621.961
2024-10-09,04:00-05:00,2024,10,9,3,0,4,4,0,1,24796,10577.534,418.650146,409.999969,2024-10-09 04:00:00,635.23
2024-10-09,05:00-06:00,2024,10,9,3,0,4,5,0,1,25955,10665.694,514.250427,483.0,2024-10-09 05:00:00,653.36
2024-10-09,06:00-07:00,2024,10,9,3,0,4,6,0,1,27686,11050.044,572.487366,674.462097,2024-10-09 06:00:00,1678.596
2024-10-09,07:00-08:00,2024,10,9,3,0,4,7,0,0,29210,12411.334,362.949738,383.000092,2024-10-09 07:00:00,7009.75
2024-10-09,08:00-09:00,2024,10,9,3,0,4,8,1,0,30518,14160.874,317.577026,322.400177,2024-10-09 08:00:00,13394.99
2024-10-09,09:00-10:00,2024,10,9,3,0,4,9,1,0,31486,15731.324,80.571159,21.34514,2024-10-09 09:00:00,18139.503
2024-10-09,10:00-11:00,2024,10,9,3,0,4,10,1,0,31835,15930.974,79.56456,0.0,2024-10-09 10:00:00,20626.587
2024-10-09,11:00-12:00,2024,10,9,3,0,4,11,1,0,29870,15584.214,39.999985,0.0,2024-10-09 11:00:00,21399.119
2024-10-09,12:00-13:00,2024,10,9,3,0,4,12,1,0,30534,16096.004,59.559132,0.0,2024-10-09 12:00:00,20828.366
2024-10-09,13:00-14:00,2024,10,9,3,0,4,13,1,0,30523,16225.124,59.999992,0.0,2024-10-09 13:00:00,18993.621
2024-10-09,14:00-15:00,2024,10,9,3,0,4,14,1,0,31231,15703.344,133.083588,248.75563,2024-10-09 14:00:00,15229.066
2024-10-09,15:00-16:00,2024,10,9,3,0,4,15,1,0,32183,13810.384,362.541473,379.982086,2024-10-09 15:00:00,9632.226
2024-10-09,16:00-17:00,2024,10,9,3,0,4,16,1,0,32500,13857.884,600.0,620.602051,2024-10-09 16:00:00,3566.285
2024-10-09,17:00-18:00,2024,10,9,3,0,4,17,1,0,31951,14918.184,744.398438,618.903687,2024-10-09 17:00:00,317.972
2024-10-09,18:00-19:00,2024,10,9,3,0,4,18,1,0,31643,14082.924,647.999878,570.799927,2024-10-09 18:00:00,348.914
2024-10-09,19:00-20:00,2024,10,9,3,0,4,19,1,0,31564,13695.254,579.999756,410.000153,2024-10-09 19:00:00,467.087
2024-10-09,20:00-21:00,2024,10,9,3,0,4,20,1,0,30789,13186.544,689.999878,463.000183,2024-10-09 20:00:00,579.755
2024-10-09,21:00-22:00,2024,10,9,3,0,4,21,0,0,29472,12465.938,700.000061,458.380035,2024-10-09 21:00:00,674.208
2024-10-09,22:00-23:00,2024,10,9,3,0,4,22,0,1,27923,11503.925,600.000061,403.000214,2024-10-09 22:00:00,756.418
2024-10-09,23:00-24:00,2024,10,9,3,0,4,23,0,1,26547,10929.984,482.000092,381.870026,2024-10-09 23:00:00,779.867
2024-10-10,00:00-01:00,2024,10,10,4,0,4,0,0,1,26622,10937.219,516.687012,516.007324,2024-10-10 00:00:00,839.517
2024-10-10,01:00-02:00,2024,10,10,4,0,4,1,0,1,25817,10376.533,497.567932,498.735077,2024-10-10 01:00:00,740.361
2024-10-10,02:00-03:00,2024,10,10,4,0,4,2,0,1,25182,10405.162,445.887146,441.356018,2024-10-10 02:00:00,651.258
2024-10-10,03:00-04:00,2024,10,10,4,0,4,3,0,1,24782,10345.982,440.046661,472.813232,2024-10-10 03:00:00,569.462
2024-10-10,04:00-05:00,2024,10,10,4,0,4,4,0,1,25197,10295.012,490.308411,519.576355,2024-10-10 04:00:00,522.891
2024-10-10,05:00-06:00,2024,10,10,4,0,4,5,0,1,26400,10729.732,553.994385,670.593811,2024-10-10 05:00:00,521.893
2024-10-10,06:00-07:00,2024,10,10,4,0,4,6,0,1,28246,11701.515,594.404541,706.439392,2024-10-10 06:00:00,1399.238
2024-10-10,07:00-08:00,2024,10,10,4,0,4,7,0,0,29768,11702.427,511.084808,546.348999,2024-10-10 07:00:00,5674.254
2024-10-10,08:00-09:00,2024,10,10,4,0,4,8,1,0,31485,13110.732,362.316742,513.003784,2024-10-10 08:00:00,10563.685
2024-10-10,09:00-10:00,2024,10,10,4,0,4,9,1,0,32109,14249.892,317.945465,362.784332,2024-10-10 09:00:00,14311.435
2024-10-10,10:00-11:00,2024,10,10,4,0,4,10,1,0,32262,14337.182,314.502075,351.853394,2024-10-10 10:00:00,16530.973
2024-10-10,11:00-12:00,2024,10,10,4,0,4,11,1,0,30260,13980.982,277.999756,322.894409,2024-10-10 11:00:00,17276.094
2024-10-10,12:00-13:00,2024,10,10,4,0,4,12,1,0,30787,14472.042,270.494629,314.919891,2024-10-10 12:00:00,16575.018
2024-10-10,13:00-14:00,2024,10,10,4,0,4,13,1,0,30433,14448.102,289.609222,337.179504,2024-10-10 13:00:00,14404.395
2024-10-10,14:00-15:00,2024,10,10,4,0,4,14,1,0,30360,13830.822,343.351013,520.124512,2024-10-10 14:00:00,10756.653
2024-10-10,15:00-16:00,2024,10,10,4,0,4,15,1,0,30439,12474.502,490.369324,873.5066612500001,2024-10-10 15:00:00,6803.423
2024-10-10,16:00-17:00,2024,10,10,4,0,4,16,1,0,31059,13895.202,585.553833,873.5066612500001,2024-10-10 16:00:00,3008.54
2024-10-10,17:00-18:00,2024,10,10,4,0,4,17,1,0,30362,14015.402,659.340637,593.938171,2024-10-10 17:00:00,967.378
2024-10-10,18:00-19:00,2024,10,10,4,0,4,18,1,0,30335,13380.242,565.648987,553.049927,2024-10-10 18:00:00,1176.018
2024-10-10,19:00-20:00,2024,10,10,4,0,4,19,1,0,30190,12974.452,523.628845,446.141144,2024-10-10 19:00:00,1348.15
2024-10-10,20:00-21:00,2024,10,10,4,0,4,20,1,0,29663,12485.612,568.389465,560.770081,2024-10-10 20:00:00,1398.842
2024-10-10,21:00-22:00,2024,10,10,4,0,4,21,0,0,27784,11190.002,553.336975,532.96698,2024-10-10 21:00:00,1354.654
2024-10-10,22:00-23:00,2024,10,10,4,0,4,22,0,1,26607,10537.998,481.697632,445.615204,2024-10-10 22:00:00,1302.506
2024-10-10,23:00-24:00,2024,10,10,4,0,4,23,0,1,25659,10528.572,388.512878,382.696869,2024-10-10 23:00:00,1246.674
2024-10-11,00:00-01:00,2024,10,11,5,0,4,0,0,1,26835,11149.573,396.017944,404.49527,2024-10-11 00:00:00,1218.059
2024-10-11,01:00-02:00,2024,10,11,5,0,4,1,0,1,25987,10879.119,385.338837,383.780762,2024-10-11 01:00:00,1185.309
2024-10-11,02:00-03:00,2024,10,11,5,0,4,2,0,1,25329,10509.873,377.789886,377.00943,2024-10-11 02:00:00,1161.555
2024-10-11,03:00-04:00,2024,10,11,5,0,4,3,0,1,24923,10419.122,374.630493,369.716949,2024-10-11 03:00:00,1177.724
2024-10-11,04:00-05:00,2024,10,11,5,0,4,4,0,1,25337,10413.566,384.045532,376.985718,2024-10-11 04:00:00,1213.897
2024-10-11,05:00-06:00,2024,10,11,5,0,4,5,0,1,26541,10794.672,420.165466,404.843201,2024-10-11 05:00:00,1264.914
2024-10-11,06:00-07:00,2024,10,11,5,0,4,6,0,1,28406,11629.082,423.513519,441.550629,2024-10-11 06:00:00,2255.076
2024-10-11,07:00-08:00,2024,10,11,5,0,4,7,0,0,29618,12120.352,363.476593,367.453369,2024-10-11 07:00:00,7188.446
2024-10-11,08:00-09:00,2024,10,11,5,0,4,8,1,0,31779,13625.691,305.273987,309.364014,2024-10-11 08:00:00,12934.158
2024-10-11,09:00-10:00,2024,10,11,5,0,4,9,1,0,32495,15044.772,202.106918,302.795715,2024-10-11 09:00:00,17212.786
2024-10-11,10:00-11:00,2024,10,11,5,0,4,10,1,0,32524,15157.542,78.197868,163.559906,2024-10-11 10:00:00,19534.725
2024-10-11,11:00-12:00,2024,10,11,5,0,4,11,1,0,30654,14774.892,42.117516,78.037888,2024-10-11 11:00:00,20097.871
2024-10-11,12:00-13:00,2024,10,11,5,0,4,12,1,0,30991,15178.802,60.000019,186.68898,2024-10-11 12:00:00,19213.289
2024-10-11,13:00-14:00,2024,10,11,5,0,4,13,1,0,30725,15035.622,64.241135,231.007462,2024-10-11 13:00:00,16716.378
2024-10-11,14:00-15:00,2024,10,11,5,0,4,14,1,0,30533,14418.012,304.99881,331.272034,2024-10-11 14:00:00,12393.414
2024-10-11,15:00-16:00,2024,10,11,5,0,4,15,1,0,30445,12762.212,370.402954,482.982849,2024-10-11 15:00:00,7626.976
2024-10-11,16:00-17:00,2024,10,11,5,0,4,16,1,0,31166,14077.552,422.496582,692.524719,2024-10-11 16:00:00,3308.569
2024-10-11,17:00-18:00,2024,10,11,5,0,4,17,1,0,30438,14048.404,423.704193,507.593872,2024-10-11 17:00:00,1383.725
2024-10-11,18:00-19:00,2024,10,11,5,0,4,18,1,0,30383,13411.554,394.751465,382.097321,2024-10-11 18:00:00,1799.665
2024-10-11,19:00-20:00,2024,10,11,5,0,4,19,1,0,29977,12975.682,376.534637,368.72226,2024-10-11 19:00:00,2159.513
2024-10-11,20:00-21:00,2024,10,11,5,0,4,20,1,0,29468,12006.112,386.525513,403.121307,2024-10-11 20:00:00,2311.872
2024-10-11,21:00-22:00,2024,10,11,5,0,4,21,0,0,27844,11105.163,383.47464,373.247162,2024-10-11 21:00:00,2285.741
2024-10-11,22:00-23:00,2024,10,11,5,0,4,22,0,1,26063,10711.033,371.652832,362.767517,2024-10-11 22:00:00,2179.226
2024-10-11,23:00-24:00,2024,10,11,5,0,4,23,0,1,25155,10665.982,362.03421,355.836121,2024-10-11 23:00:00,2026.744
2024-10-12,00:00-01:00,2024,10,12,6,1,4,0,0,1,26935,10476.002,384.947968,390.488312,2024-10-12 00:00:00,1900.139
2024-10-12,01:00-02:00,2024,10,12,6,1,4,1,0,1,25932,10431.412,364.786407,373.990051,2024-10-12 01:00:00,1814.607
2024-10-12,02:00-03:00,2024,10,12,6,1,4,2,0,1,25410,10442.544,363.994507,364.960114,2024-10-12 02:00:00,1747.381
2024-10-12,03:00-04:00,2024,10,12,6,1,4,3,0,1,25200,10424.311,360.138672,366.974396,2024-10-12 03:00:00,1689.904
2024-10-12,04:00-05:00,2024,10,12,6,1,4,4,0,1,25461,10417.351,363.70517,369.501617,2024-10-12 04:00:00,1660.868
2024-10-12,05:00-06:00,2024,10,12,6,1,4,5,0,1,26832,10501.072,384.11499,384.386322,2024-10-12 05:00:00,1641.236
2024-10-12,06:00-07:00,2024,10,12,6,1,4,6,0,1,28440,11479.052,411.396454,427.215973,2024-10-12 06:00:00,2039.779
2024-10-12,07:00-08:00,2024,10,12,6,1,4,7,0,0,30027,11619.62,382.532227,386.567017,2024-10-12 07:00:00,4138.189
2024-10-12,08:00-09:00,2024,10,12,6,1,4,8,1,0,31463,11899.593,371.015106,373.850159,2024-10-12 08:00:00,6642.468
2024-10-12,09:00-10:00,2024,10,12,6,1,4,9,1,0,32100,12263.732,358.355896,380.991669,2024-10-12 09:00:00,8767.309
2024-10-12,10:00-11:00,2024,10,12,6,1,4,10,1,0,32434,12062.801,342.759857,351.734344,2024-10-12 10:00:00,10267.874
2024-10-12,11:00-12:00,2024,10,12,6,1,4,11,1,0,30253,11634.362,320.000031,326.130157,2024-10-12 11:00:00,10867.416
2024-10-12,12:00-13:00,2024,10,12,6,1,4,12,1,0,30581,12174.512,322.000336,350.262451,2024-10-12 12:00:00,10254.959
2024-10-12,13:00-14:00,2024,10,12,6,1,4,13,1,0,30382,12354.664,330.949799,379.882141,2024-10-12 13:00:00,8551.58
2024-10-12,14:00-15:00,2024,10,12,6,1,4,14,1,0,30562,12197.162,358.326569,512.210632,2024-10-12 14:00:00,6217.982
2024-10-12,15:00-16:00,2024,10,12,6,1,4,15,1,0,30904,13054.482,403.010559,720.151855,2024-10-12 15:00:00,4049.946
2024-10-12,16:00-17:00,2024,10,12,6,1,4,16,1,0,31242,14178.797,422.355377,582.602417,2024-10-12 16:00:00,2161.57
2024-10-12,17:00-18:00,2024,10,12,6,1,4,17,1,0,30697,13736.041,408.98172,381.096588,2024-10-12 17:00:00,1366.36
2024-10-12,18:00-19:00,2024,10,12,6,1,4,18,1,0,30654,13166.688,394.189331,370.08548,2024-10-12 18:00:00,1545.863
2024-10-12,19:00-20:00,2024,10,12,6,1,4,19,1,0,29725,12976.451,372.541565,349.592072,2024-10-12 19:00:00,1643.019
2024-10-12,20:00-21:00,2024,10,12,6,1,4,20,1,0,29222,11682.455,384.497681,366.626526,2024-10-12 20:00:00,1609.695
2024-10-12,21:00-22:00,2024,10,12,6,1,4,21,0,0,27535,11130.041,381.270294,366.306702,2024-10-12 21:00:00,1501.58
2024-10-12,22:00-23:00,2024,10,12,6,1,4,22,0,1,26248,10721.782,372.062469,374.725677,2024-10-12 22:00:00,1371.223
2024-10-12,23:00-24:00,2024,10,12,6,1,4,23,0,1,25460,10671.011,354.959198,366.430817,2024-10-12 23:00:00,1200.845
2024-10-13,00:00-01:00,2024,10,13,7,1,4,0,0,1,26547,10671.366,399.095886,372.539368,2024-10-13 00:00:00,1496.882
2024-10-13,01:00-02:00,2024,10,13,7,1,4,1,0,1,25574,10575.96,372.220978,378.039032,2024-10-13 01:00:00,1269.02
2024-10-13,02:00-03:00,2024,10,13,7,1,4,2,0,1,25147,10575.66,372.177673,370.266235,2024-10-13 02:00:00,1086.494
2024-10-13,03:00-04:00,2024,10,13,7,1,4,3,0,1,24700,10554.96,372.254272,370.479919,2024-10-13 03:00:00,937.726
2024-10-13,04:00-05:00,2024,10,13,7,1,4,4,0,1,24959,10659.02,384.785797,381.459167,2024-10-13 04:00:00,823.904
2024-10-13,05:00-06:00,2024,10,13,7,1,4,5,0,1,25832,10743.644,416.253662,407.257263,2024-10-13 05:00:00,744.82
2024-10-13,06:00-07:00,2024,10,13,7,1,4,6,0,1,27294,11478.26,442.419464,418.108643,2024-10-13 06:00:00,1078.722
2024-10-13,07:00-08:00,2024,10,13,7,1,4,7,0,0,28938,11750.91,413.22171,397.393921,2024-10-13 07:00:00,3026.69
2024-10-13,08:00-09:00,2024,10,13,7,1,4,8,1,0,30610,12476.658,383.38266,385.561462,2024-10-13 08:00:00,5283.913
2024-10-13,09:00-10:00,2024,10,13,7,1,4,9,1,0,31033,12274.39,426.999939,549.420166,2024-10-13 09:00:00,7238.384
2024-10-13,10:00-11:00,2024,10,13,7,1,4,10,1,0,31500,12083.1,501.869781,873.5066612500001,2024-10-13 10:00:00,8623.558
2024-10-13,11:00-12:00,2024,10,13,7,1,4,11,1,0,29583,11586.84,372.699982,800.273743,2024-10-13 11:00:00,9004.219
2024-10-13,12:00-13:00,2024,10,13,7,1,4,12,1,0,29828,12057.93,371.999756,873.5066612500001,2024-10-13 12:00:00,8386.14
2024-10-13,13:00-14:00,2024,10,13,7,1,4,13,1,0,29435,12227.0,380.999878,739.848083,2024-10-13 13:00:00,6824.69
2024-10-13,14:00-15:00,2024,10,13,7,1,4,14,1,0,29550,12629.55,424.000275,648.620605,2024-10-13 14:00:00,4755.783
2024-10-13,15:00-16:00,2024,10,13,7,1,4,15,1,0,30034,13000.47,486.999786,561.742126,2024-10-13 15:00:00,3008.325
2024-10-13,16:00-17:00,2024,10,13,7,1,4,16,1,0,30467,13861.004,487.23941,390.964752,2024-10-13 16:00:00,1351.407
2024-10-13,17:00-18:00,2024,10,13,7,1,4,17,1,0,30173,13855.241,455.643005,394.815186,2024-10-13 17:00:00,563.364
2024-10-13,18:00-19:00,2024,10,13,7,1,4,18,1,0,30213,13090.12,396.805359,392.375183,2024-10-13 18:00:00,639.548
2024-10-13,19:00-20:00,2024,10,13,7,1,4,19,1,0,29244,12699.1,369.994476,379.525879,2024-10-13 19:00:00,707.97
2024-10-13,20:00-21:00,2024,10,13,7,1,4,20,1,0,28544,11528.978,389.823853,419.753296,2024-10-13 20:00:00,729.4
2024-10-13,21:00-22:00,2024,10,13,7,1,4,21,0,0,26817,10598.158,405.981079,462.404877,2024-10-13 21:00:00,707.322
2024-10-13,22:00-23:00,2024,10,13,7,1,4,22,0,1,25759,10363.93,376.069794,375.463196,2024-10-13 22:00:00,665.784
2024-10-13,23:00-24:00,2024,10,13,7,1,4,23,0,1,24829,10335.23,365.206543,375.812256,2024-10-13 23:00:00,601.224
2024-10-14,00:00-01:00,2024,10,14,1,0,4,0,0,1,25882,10445.821,401.53183,442.233612,2024-10-14 00:00:00,448.15
2024-10-14,01:00-02:00,2024,10,14,1,0,4,1,0,1,25194,10420.37,401.716003,436.009644,2024-10-14 01:00:00,398.356
2024-10-14,02:00-03:00,2024,10,14,1,0,4,2,0,1,24616,10522.23,385.228973,416.570923,2024-10-14 02:00:00,356.888
2024-10-14,03:00-04:00,2024,10,14,1,0,4,3,0,1,24300,10509.81,380.192352,397.939819,2024-10-14 03:00:00,302.436
2024-10-14,04:00-05:00,2024,10,14,1,0,4,4,0,1,24875,10623.81,384.777802,399.858734,2024-10-14 04:00:00,264.708
2024-10-14,05:00-06:00,2024,10,14,1,0,4,5,0,1,26155,10681.94,421.457062,431.119446,2024-10-14 05:00:00,249.598
2024-10-14,06:00-07:00,2024,10,14,1,0,4,6,0,1,28183,11684.634,485.185852,611.959229,2024-10-14 06:00:00,782.357
2024-10-14,07:00-08:00,2024,10,14,1,0,4,7,0,0,29871,11940.54,404.828796,738.128052,2024-10-14 07:00:00,3853.564
2024-10-14,08:00-09:00,2024,10,14,1,0,4,8,1,0,31700,13309.99,361.86438,873.5066612500001,2024-10-14 08:00:00,7677.802
2024-10-14,09:00-10:00,2024,10,14,1,0,4,9,1,0,32180,13763.81,339.367645,873.5066612500001,2024-10-14 09:00:00,10954.353
2024-10-14,10:00-11:00,2024,10,14,1,0,4,10,1,0,32400,13858.469,320.725098,395.271698,2024-10-14 10:00:00,13297.023
2024-10-14,11:00-12:00,2024,10,14,1,0,4,11,1,0,30249,13655.729,248.098343,340.003174,2024-10-14 11:00:00,14261.317
2024-10-14,12:00-13:00,2024,10,14,1,0,4,12,1,0,30508,14073.33,285.197144,349.752319,2024-10-14 12:00:00,13630.977
2024-10-14,13:00-14:00,2024,10,14,1,0,4,13,1,0,30182,13996.41,314.767395,378.108459,2024-10-14 13:00:00,11553.879
2024-10-14,14:00-15:00,2024,10,14,1,0,4,14,1,0,30338,13536.23,347.051758,383.796844,2024-10-14 14:00:00,8406.373
2024-10-14,15:00-16:00,2024,10,14,1,0,4,15,1,0,30775,12873.02,409.519043,542.341858,2024-10-14 15:00:00,5069.216
2024-10-14,16:00-17:00,2024,10,14,1,0,4,16,1,0,31368,13957.947,612.888245,723.333069,2024-10-14 16:00:00,1847.723
2024-10-14,17:00-18:00,2024,10,14,1,0,4,17,1,0,30868,14209.234,605.173889,716.955627,2024-10-14 17:00:00,334.474
2024-10-14,18:00-19:00,2024,10,14,1,0,4,18,1,0,30712,13723.442,431.32074,533.035645,2024-10-14 18:00:00,503.266
2024-10-14,19:00-20:00,2024,10,14,1,0,4,19,1,0,29869,12867.38,383.461975,394.159851,2024-10-14 19:00:00,680.62
2024-10-14,20:00-21:00,2024,10,14,1,0,4,20,1,0,29214,12009.13,405.71756,418.546875,2024-10-14 20:00:00,756.094
2024-10-14,21:00-22:00,2024,10,14,1,0,4,21,0,0,27568,10912.876,401.399261,417.875153,2024-10-14 21:00:00,740.67
2024-10-14,22:00-23:00,2024,10,14,1,0,4,22,0,1,26044,10877.986,412.815826,399.096893,2024-10-14 22:00:00,696.746
2024-10-14,23:00-24:00,2024,10,14,1,0,4,23,0,1,24950,10576.29,384.212494,375.097839,2024-10-14 23:00:00,667.63
2024-10-15,00:00-01:00,2024,10,15,2,0,4,0,0,1,26525,11114.958,555.858948,484.348907,2024-10-15 00:00:00,498.156
2024-10-15,01:00-02:00,2024,10,15,2,0,4,1,0,1,25637,10591.969,532.018616,501.782501,2024-10-15 01:00:00,381.844
2024-10-15,02:00-03:00,2024,10,15,2,0,4,2,0,1,25304,10409.42,519.999939,514.528992,2024-10-15 02:00:00,299.864
2024-10-15,03:00-04:00,2024,10,15,2,0,4,3,0,1,24900,10384.775,446.783844,536.410889,2024-10-15 03:00:00,258.822
2024-10-15,04:00-05:00,2024,10,15,2,0,4,4,0,1,25380,10445.218,522.637024,614.584961,2024-10-15 04:00:00,245.822
2024-10-15,05:00-06:00,2024,10,15,2,0,4,5,0,1,26559,11118.332,565.049683,736.252563,2024-10-15 05:00:00,257.756
2024-10-15,06:00-07:00,2024,10,15,2,0,4,6,0,1,28426,12220.096,605.539856,873.5066612500001,2024-10-15 06:00:00,850.425
2024-10-15,07:00-08:00,2024,10,15,2,0,4,7,0,0,29915,11715.511,545.841248,873.5066612500001,2024-10-15 07:00:00,4150.214
2024-10-15,08:00-09:00,2024,10,15,2,0,4,8,1,0,31684,13219.969,365.580353,873.5066612500001,2024-10-15 08:00:00,8252.587
2024-10-15,09:00-10:00,2024,10,15,2,0,4,9,1,0,32056,13739.863,327.886261,873.5066612500001,2024-10-15 09:00:00,11662.84
2024-10-15,10:00-11:00,2024,10,15,2,0,4,10,1,0,32262,13785.459,311.746796,351.472809,2024-10-15 10:00:00,13831.81
2024-10-15,11:00-12:00,2024,10,15,2,0,4,11,1,0,30226,13551.416,277.899139,326.292297,2024-10-15 11:00:00,14586.492
2024-10-15,12:00-13:00,2024,10,15,2,0,4,12,1,0,30633,13978.149,294.797852,337.790375,2024-10-15 12:00:00,13999.229
2024-10-15,13:00-14:00,2024,10,15,2,0,4,13,1,0,30273,13985.07,294.613342,339.471008,2024-10-15 13:00:00,12237.09
2024-10-15,14:00-15:00,2024,10,15,2,0,4,14,1,0,30520,13591.359,317.76358,314.819794,2024-10-15 14:00:00,9399.204
2024-10-15,15:00-16:00,2024,10,15,2,0,4,15,1,0,30973,12351.149,420.335052,542.653198,2024-10-15 15:00:00,6096.266
2024-10-15,16:00-17:00,2024,10,15,2,0,4,16,1,0,31627,13697.935,568.999756,704.262939,2024-10-15 16:00:00,2717.498
2024-10-15,17:00-18:00,2024,10,15,2,0,4,17,1,0,31052,13379.302,555.30011,564.999939,2024-10-15 17:00:00,1234.574
2024-10-15,18:00-19:00,2024,10,15,2,0,4,18,1,0,31052,12813.8,464.999817,570.800049,2024-10-15 18:00:00,1600.742
2024-10-15,19:00-20:00,2024,10,15,2,0,4,19,1,0,30097,12789.93,382.276245,391.305084,2024-10-15 19:00:00,1920.392
2024-10-15,20:00-21:00,2024,10,15,2,0,4,20,1,0,29424,11424.206,406.896454,540.499878,2024-10-15 20:00:00,2118.008
2024-10-15,21:00-22:00,2024,10,15,2,0,4,21,0,0,27548,10696.37,384.430969,411.000061,2024-10-15 21:00:00,2249.882
2024-10-15,22:00-23:00,2024,10,15,2,0,4,22,0,1,26065,10602.489,363.959839,367.999908,2024-10-15 22:00:00,2282.434
2024-10-15,23:00-24:00,2024,10,15,2,0,4,23,0,1,25024,10575.65,363.396881,372.700043,2024-10-15 23:00:00,2222.07
2024-10-16,00:00-01:00,2024,10,16,3,0,4,0,0,1,26717,10689.69,459.270294,439.999786,2024-10-16 00:00:00,2045.594
2024-10-16,01:00-02:00,2024,10,16,3,0,4,1,0,1,25757,10499.76,409.837128,397.976105,2024-10-16 01:00:00,1978.97
2024-10-16,02:00-03:00,2024,10,16,3,0,4,2,0,1,25272,10528.274,393.186493,382.296906,2024-10-16 02:00:00,1992.76
2024-10-16,03:00-04:00,2024,10,16,3,0,4,3,0,1,25026,10502.18,381.5242,382.598724,2024-10-16 03:00:00,2113.298
2024-10-16,04:00-05:00,2024,10,16,3,0,4,4,0,1,25350,10510.719,388.595551,383.328857,2024-10-16 04:00:00,2291.92
2024-10-16,05:00-06:00,2024,10,16,3,0,4,5,0,1,26579,10595.159,451.822327,419.999969,2024-10-16 05:00:00,2468.034
2024-10-16,06:00-07:00,2024,10,16,3,0,4,6,0,1,28608,11376.504,510.239624,465.000336,2024-10-16 06:00:00,3115.034
2024-10-16,07:00-08:00,2024,10,16,3,0,4,7,0,0,30122,11645.31,462.428589,510.01297,2024-10-16 07:00:00,5846.336
2024-10-16,08:00-09:00,2024,10,16,3,0,4,8,1,0,31882,12734.272,408.701996,517.514954,2024-10-16 08:00:00,8762.038
2024-10-16,09:00-10:00,2024,10,16,3,0,4,9,1,0,32253,12914.169,383.520447,423.266907,2024-10-16 09:00:00,11090.629
2024-10-16,10:00-11:00,2024,10,16,3,0,4,10,1,0,32496,12799.579,383.473145,384.327759,2024-10-16 10:00:00,12428.486
2024-10-16,11:00-12:00,2024,10,16,3,0,4,11,1,0,30463,12436.939,345.755005,327.025482,2024-10-16 11:00:00,12644.844
2024-10-16,12:00-13:00,2024,10,16,3,0,4,12,1,0,30648,12824.858,365.120209,332.471741,2024-10-16 12:00:00,11684.69
2024-10-16,13:00-14:00,2024,10,16,3,0,4,13,1,0,30519,12753.459,374.121338,342.771179,2024-10-16 13:00:00,9566.741
2024-10-16,14:00-15:00,2024,10,16,3,0,4,14,1,0,30618,12859.283,398.598907,361.836426,2024-10-16 14:00:00,7018.037
2024-10-16,15:00-16:00,2024,10,16,3,0,4,15,1,0,31200,13263.949,516.671692,396.955688,2024-10-16 15:00:00,4754.004
2024-10-16,16:00-17:00,2024,10,16,3,0,4,16,1,0,31668,13943.859,534.503906,456.336517,2024-10-16 16:00:00,2637.23
2024-10-16,17:00-18:00,2024,10,16,3,0,4,17,1,0,30957,13797.739,514.025085,550.63501,2024-10-16 17:00:00,1783.858
2024-10-16,18:00-19:00,2024,10,16,3,0,4,18,1,0,30834,13812.869,479.955444,476.249664,2024-10-16 18:00:00,2017.196
2024-10-16,19:00-20:00,2024,10,16,3,0,4,19,1,0,30216,12938.76,381.620483,378.787628,2024-10-16 19:00:00,2159.172
2024-10-16,20:00-21:00,2024,10,16,3,0,4,20,1,0,29567,11901.961,499.71637,437.359131,2024-10-16 20:00:00,2137.766
2024-10-16,21:00-22:00,2024,10,16,3,0,4,21,0,0,27930,11135.351,460.563782,411.521271,2024-10-16 21:00:00,2066.98
2024-10-16,22:00-23:00,2024,10,16,3,0,4,22,0,1,26818,10679.34,381.785583,365.58371,2024-10-16 22:00:00,1929.528
2024-10-16,23:00-24:00,2024,10,16,3,0,4,23,0,1,25892,10622.439,370.11557,361.539642,2024-10-16 23:00:00,1813.518
2024-10-17,00:00-01:00,2024,10,17,4,0,4,0,0,1,26867,10533.114,475.83078,427.467712,2024-10-17 00:00:00,1671.494
2024-10-17,01:00-02:00,2024,10,17,4,0,4,1,0,1,25874,10495.743,461.510986,438.126709,2024-10-17 01:00:00,1660.408
2024-10-17,02:00-03:00,2024,10,17,4,0,4,2,0,1,25362,10519.343,456.841766,457.149658,2024-10-17 02:00:00,1685.558
2024-10-17,03:00-04:00,2024,10,17,4,0,4,3,0,1,25100,10484.614,475.850464,488.781494,2024-10-17 03:00:00,1728.782
2024-10-17,04:00-05:00,2024,10,17,4,0,4,4,0,1,25474,10488.664,500.515747,494.743042,2024-10-17 04:00:00,1800.324
2024-10-17,05:00-06:00,2024,10,17,4,0,4,5,0,1,26728,10521.194,532.630798,523.820496,2024-10-17 05:00:00,1882.172
2024-10-17,06:00-07:00,2024,10,17,4,0,4,6,0,1,28631,10999.647,559.097473,550.081909,2024-10-17 06:00:00,2223.177
2024-10-17,07:00-08:00,2024,10,17,4,0,4,7,0,0,30049,11226.551,496.23465,506.711914,2024-10-17 07:00:00,3464.355
2024-10-17,08:00-09:00,2024,10,17,4,0,4,8,1,0,31763,12258.621,524.239563,525.055481,2024-10-17 08:00:00,4790.049
2024-10-17,09:00-10:00,2024,10,17,4,0,4,9,1,0,32241,12455.03,531.219299,585.334778,2024-10-17 09:00:00,5797.969
2024-10-17,10:00-11:00,2024,10,17,4,0,4,10,1,0,32531,12243.787,523.88324,571.280029,2024-10-17 10:00:00,6537.993
2024-10-17,11:00-12:00,2024,10,17,4,0,4,11,1,0,30175,10718.673,445.951202,453.728638,2024-10-17 11:00:00,6761.939
2024-10-17,12:00-13:00,2024,10,17,4,0,4,12,1,0,30539,10789.099,488.406738,505.861328,2024-10-17 12:00:00,6553.86
2024-10-17,13:00-14:00,2024,10,17,4,0,4,13,1,0,30440,10720.411,520.962708,501.647156,2024-10-17 13:00:00,5920.714
2024-10-17,14:00-15:00,2024,10,17,4,0,4,14,1,0,30274,11552.283,527.870422,476.58963,2024-10-17 14:00:00,4985.691
2024-10-17,15:00-16:00,2024,10,17,4,0,4,15,1,0,30869,12317.058,597.7789310000001,481.412018,2024-10-17 15:00:00,3903.53
2024-10-17,16:00-17:00,2024,10,17,4,0,4,16,1,0,31265,13228.049,559.173706,457.335815,2024-10-17 16:00:00,2650.901
2024-10-17,17:00-18:00,2024,10,17,4,0,4,17,1,0,30737,12883.303,530.709778,428.669647,2024-10-17 17:00:00,1980.83
2024-10-17,18:00-19:00,2024,10,17,4,0,4,18,1,0,30605,12991.298,475.538177,379.949799,2024-10-17 18:00:00,1973.59
2024-10-17,19:00-20:00,2024,10,17,4,0,4,19,1,0,29845,12889.702,418.173187,351.240021,2024-10-17 19:00:00,2017.41
2024-10-17,20:00-21:00,2024,10,17,4,0,4,20,1,0,29250,11028.114,493.884918,399.472046,2024-10-17 20:00:00,2030.992
2024-10-17,21:00-22:00,2024,10,17,4,0,4,21,0,0,27632,10846.984,428.003326,350.999939,2024-10-17 21:00:00,2036.07
2024-10-17,22:00-23:00,2024,10,17,4,0,4,22,0,1,26377,10698.604,402.356445,340.000153,2024-10-17 22:00:00,2020.974
2024-10-17,23:00-24:00,2024,10,17,4,0,4,23,0,1,25650,10557.324,379.947235,340.000122,2024-10-17 23:00:00,2038.796
2024-10-18,00:00-01:00,2024,10,18,5,0,4,0,0,1,26667,10955.974,390.625,344.050049,2024-10-18 00:00:00,2041.812
2024-10-18,01:00-02:00,2024,10,18,5,0,4,1,0,1,25674,10237.246,388.27832,342.999939,2024-10-18 01:00:00,1893.713
2024-10-18,02:00-03:00,2024,10,18,5,0,4,2,0,1,25162,9949.212,382.870697,344.049896,2024-10-18 02:00:00,1727.895
2024-10-18,03:00-04:00,2024,10,18,5,0,4,3,0,1,24900,9881.593,372.261841,344.050018,2024-10-18 03:00:00,1565.09
2024-10-18,04:00-05:00,2024,10,18,5,0,4,4,0,1,25274,10092.455,390.547882,350.000061,2024-10-18 04:00:00,1448.214
2024-10-18,05:00-06:00,2024,10,18,5,0,4,5,0,1,26728,11038.313,409.594269,361.864105,2024-10-18 05:00:00,1364.254
2024-10-18,06:00-07:00,2024,10,18,5,0,4,6,0,1,28631,12072.394,411.32135,387.556488,2024-10-18 06:00:00,1714.134
2024-10-18,07:00-08:00,2024,10,18,5,0,4,7,0,0,30049,12254.951,400.758789,382.897919,2024-10-18 07:00:00,4304.843
2024-10-18,08:00-09:00,2024,10,18,5,0,4,8,1,0,31763,12784.064,372.621399,359.836456,2024-10-18 08:00:00,7685.772
2024-10-18,09:00-10:00,2024,10,18,5,0,4,9,1,0,32241,13776.763,342.999969,322.415527,2024-10-18 09:00:00,10730.199
2024-10-18,10:00-11:00,2024,10,18,5,0,4,10,1,0,32531,13848.319,328.574951,273.394043,2024-10-18 10:00:00,13076.754
2024-10-18,11:00-12:00,2024,10,18,5,0,4,11,1,0,30145,14374.564,226.867432,10.454558,2024-10-18 11:00:00,14245.067
2024-10-18,12:00-13:00,2024,10,18,5,0,4,12,1,0,30539,14440.393,278.884521,10.527929,2024-10-18 12:00:00,14100.35
2024-10-18,13:00-14:00,2024,10,18,5,0,4,13,1,0,30440,14061.603,303.622101,98.84864,2024-10-18 13:00:00,12838.634
2024-10-18,14:00-15:00,2024,10,18,5,0,4,14,1,0,30289,13682.234,304.999756,0.0,2024-10-18 14:00:00,10294.895
2024-10-18,15:00-16:00,2024,10,18,5,0,4,15,1,0,30927,12493.114,387.770325,329.720734,2024-10-18 15:00:00,7137.573
2024-10-18,16:00-17:00,2024,10,18,5,0,4,16,1,0,31226,13889.794,405.278748,359.483032,2024-10-18 16:00:00,3859.483
2024-10-18,17:00-18:00,2024,10,18,5,0,4,17,1,0,30836,13533.194,408.569946,397.959808,2024-10-18 17:00:00,2794.77
2024-10-18,18:00-19:00,2024,10,18,5,0,4,18,1,0,30598,12893.454,395.850586,382.876953,2024-10-18 18:00:00,3650.96
2024-10-18,19:00-20:00,2024,10,18,5,0,4,19,1,0,29894,12948.074,350.493439,345.000031,2024-10-18 19:00:00,4391.614
2024-10-18,20:00-21:00,2024,10,18,5,0,4,20,1,0,29203,11241.634,370.999969,355.000061,2024-10-18 20:00:00,4911.735
2024-10-18,21:00-22:00,2024,10,18,5,0,4,21,0,0,27632,11063.664,350.277069,340.459961,2024-10-18 21:00:00,5322.163
2024-10-18,22:00-23:00,2024,10,18,5,0,4,22,0,1,26377,11010.764,335.558258,328.000031,2024-10-18 22:00:00,5651.546
2024-10-18,23:00-24:00,2024,10,18,5,0,4,23,0,1,25521,10914.564,327.714691,315.999908,2024-10-18 23:00:00,5891.717
2024-10-19,00:00-01:00,2024,10,19,6,1,4,0,0,1,26943,11854.161,309.999939,312.999786,2024-10-19 00:00:00,6019.928
2024-10-19,01:00-02:00,2024,10,19,6,1,4,1,0,1,25978,11037.172,308.10672,313.000061,2024-10-19 01:00:00,6197.418
2024-10-19,02:00-03:00,2024,10,19,6,1,4,2,0,1,25568,10971.132,288.296021,307.999939,2024-10-19 02:00:00,6358.711
2024-10-19,03:00-04:00,2024,10,19,6,1,4,3,0,1,25104,10943.832,268.300873,302.522888,2024-10-19 03:00:00,6495.308
2024-10-19,04:00-05:00,2024,10,19,6,1,4,4,0,1,25404,10930.442,284.088074,310.0,2024-10-19 04:00:00,6601.705
2024-10-19,05:00-06:00,2024,10,19,6,1,4,5,0,1,26315,10980.262,309.999908,310.700378,2024-10-19 05:00:00,6686.029
2024-10-19,06:00-07:00,2024,10,19,6,1,4,6,0,1,27691,11830.612,315.000092,313.0,2024-10-19 06:00:00,7066.936
2024-10-19,07:00-08:00,2024,10,19,6,1,4,7,0,0,29220,11995.898,310.700012,302.000061,2024-10-19 07:00:00,8812.143
2024-10-19,08:00-09:00,2024,10,19,6,1,4,8,1,0,30650,12540.882,309.720001,327.15451,2024-10-19 08:00:00,10734.422
2024-10-19,09:00-10:00,2024,10,19,6,1,4,9,1,0,31083,12328.506,309.734863,331.668732,2024-10-19 09:00:00,12236.864
2024-10-19,10:00-11:00,2024,10,19,6,1,4,10,1,0,31547,12281.92,299.141388,334.601288,2024-10-19 10:00:00,13126.012
2024-10-19,11:00-12:00,2024,10,19,6,1,4,11,1,0,29774,12033.012,179.147812,305.223755,2024-10-19 11:00:00,13287.587
2024-10-19,12:00-13:00,2024,10,19,6,1,4,12,1,0,30070,12082.162,198.472931,319.668365,2024-10-19 12:00:00,12852.876
2024-10-19,13:00-14:00,2024,10,19,6,1,4,13,1,0,29558,11824.353,237.160034,326.035004,2024-10-19 13:00:00,11870.058
2024-10-19,14:00-15:00,2024,10,19,6,1,4,14,1,0,29484,12533.032,214.164795,310.56424,2024-10-19 14:00:00,10479.472
2024-10-19,15:00-16:00,2024,10,19,6,1,4,15,1,0,29719,13022.652,320.000031,320.000122,2024-10-19 15:00:00,9081.203
2024-10-19,16:00-17:00,2024,10,19,6,1,4,16,1,0,30301,14183.576,319.999817,310.0,2024-10-19 16:00:00,7526.394
2024-10-19,17:00-18:00,2024,10,19,6,1,4,17,1,0,29977,13936.771,321.999939,325.000031,2024-10-19 17:00:00,6963.1
2024-10-19,18:00-19:00,2024,10,19,6,1,4,18,1,0,29827,13251.201,311.973541,303.300018,2024-10-19 18:00:00,7008.809
2024-10-19,19:00-20:00,2024,10,19,6,1,4,19,1,0,29226,13134.622,295.000031,276.126801,2024-10-19 19:00:00,7026.855
2024-10-19,20:00-21:00,2024,10,19,6,1,4,20,1,0,28571,11834.285,310.0,305.000031,2024-10-19 20:00:00,7005.224
2024-10-19,21:00-22:00,2024,10,19,6,1,4,21,0,0,27015,11343.562,303.300201,298.000031,2024-10-19 21:00:00,6938.346
2024-10-19,22:00-23:00,2024,10,19,6,1,4,22,0,1,25977,11177.702,283.0,240.000092,2024-10-19 22:00:00,6854.957
2024-10-19,23:00-24:00,2024,10,19,6,1,4,23,0,1,25022,11063.846,275.800049,199.999985,2024-10-19 23:00:00,6670.111
2024-10-20,00:00-01:00,2024,10,20,7,1,4,0,0,1,25944,10956.47,,257.20932,2024-10-20 00:00:00,6594.157
2024-10-20,01:00-02:00,2024,10,20,7,1,4,1,0,1,25012,10644.65,,277.122131,2024-10-20 01:00:00,6484.959
2024-10-20,02:00-03:00,2024,10,20,7,1,4,2,0,1,24641,10335.84,,255.4505,2024-10-20 02:00:00,6366.073
2024-10-20,03:00-04:00,2024,10,20,7,1,4,3,0,1,24200,10314.85,,227.999924,2024-10-20 03:00:00,6215.803
2024-10-20,04:00-05:00,2024,10,20,7,1,4,4,0,1,24516,10303.17,,239.500092,2024-10-20 04:00:00,6050.177
2024-10-20,05:00-06:00,2024,10,20,7,1,4,5,0,1,25310,10297.79,,287.000122,2024-10-20 05:00:00,5881.653
2024-10-20,06:00-07:00,2024,10,20,7,1,4,6,0,1,26931,10654.07,,308.499969,2024-10-20 06:00:00,5989.22
2024-10-20,07:00-08:00,2024,10,20,7,1,4,7,0,0,28468,11358.69,,318.000031,2024-10-20 07:00:00,7300.716
2024-10-20,08:00-09:00,2024,10,20,7,1,4,8,1,0,29783,11904.24,,327.166504,2024-10-20 08:00:00,8731.989
2024-10-20,09:00-10:00,2024,10,20,7,1,4,9,1,0,30431,12245.29,,322.880371,2024-10-20 09:00:00,9764.783
2024-10-20,10:00-11:00,2024,10,20,7,1,4,10,1,0,30731,11848.61,,314.119354,2024-10-20 10:00:00,10448.244
2024-10-20,11:00-12:00,2024,10,20,7,1,4,11,1,0,28954,12056.51,,224.042969,2024-10-20 11:00:00,10577.34
2024-10-20,12:00-13:00,2024,10,20,7,1,4,12,1,0,28981,12077.07,,300.010864,2024-10-20 12:00:00,10075.379
2024-10-20,13:00-14:00,2024,10,20,7,1,4,13,1,0,28803,11832.65,,327.959259,2024-10-20 13:00:00,8806.211
2024-10-20,14:00-15:00,2024,10,20,7,1,4,14,1,0,28640,11953.37,,331.747101,2024-10-20 14:00:00,7222.58
2024-10-20,15:00-16:00,2024,10,20,7,1,4,15,1,0,29517,12465.864,,345.705109,2024-10-20 15:00:00,5588.786
2024-10-20,16:00-17:00,2024,10,20,7,1,4,16,1,0,30160,13833.75,,330.700256,2024-10-20 16:00:00,3907.298
2024-10-20,17:00-18:00,2024,10,20,7,1,4,17,1,0,29941,14225.4,,331.240021,2024-10-20 17:00:00,3264.694
2024-10-20,18:00-19:00,2024,10,20,7,1,4,18,1,0,29769,13842.76,,330.700043,2024-10-20 18:00:00,3171.488
2024-10-20,19:00-20:00,2024,10,20,7,1,4,19,1,0,29123,13237.18,,325.0,2024-10-20 19:00:00,2934.073
2024-10-20,20:00-21:00,2024,10,20,7,1,4,20,1,0,28271,12011.967,,330.700226,2024-10-20 20:00:00,2564.248
2024-10-20,21:00-22:00,2024,10,20,7,1,4,21,0,0,26702,11968.42,,335.450043,2024-10-20 21:00:00,2167.74
2024-10-20,22:00-23:00,2024,10,20,7,1,4,22,0,1,25268,11243.537,,327.400055,2024-10-20 22:00:00,1849.438
2024-10-20,23:00-24:00,2024,10,20,7,1,4,23,0,1,24381,10985.37,,322.999939,2024-10-20 23:00:00,1661.28
2024-10-21,00:00-01:00,2024,10,21,1,0,4,0,0,1,25551,10444.11,,348.849976,2024-10-21 00:00:00,1576.396
2024-10-21,01:00-02:00,2024,10,21,1,0,4,1,0,1,24784,10100.16,,347.999878,2024-10-21 01:00:00,1476.767
2024-10-21,02:00-03:00,2024,10,21,1,0,4,2,0,1,24298,9836.74,,351.000153,2024-10-21 02:00:00,1341.872
2024-10-21,03:00-04:00,2024,10,21,1,0,4,3,0,1,24000,9778.67,,347.999878,2024-10-21 03:00:00,1218.251
2024-10-21,04:00-05:00,2024,10,21,1,0,4,4,0,1,24422,9772.82,,359.606781,2024-10-21 04:00:00,1095.475
2024-10-21,05:00-06:00,2024,10,21,1,0,4,5,0,1,25774,9785.01,,408.03183,2024-10-21 05:00:00,986.436
2024-10-21,06:00-07:00,2024,10,21,1,0,4,6,0,1,27973,10965.44,,481.417511,2024-10-21 06:00:00,1190.783
2024-10-21,07:00-08:00,2024,10,21,1,0,4,7,0,0,29871,11557.21,,552.826172,2024-10-21 07:00:00,2723.68
2024-10-21,08:00-09:00,2024,10,21,1,0,4,8,1,0,31315,11906.52,,684.919067,2024-10-21 08:00:00,4783.938
2024-10-21,09:00-10:00,2024,10,21,1,0,4,9,1,0,31783,12043.99,,720.260315,2024-10-21 09:00:00,6775.355
2024-10-21,10:00-11:00,2024,10,21,1,0,4,10,1,0,31912,11865.46,,726.28894,2024-10-21 10:00:00,8639.054
2024-10-21,11:00-12:00,2024,10,21,1,0,4,11,1,0,30091,12191.2,,438.616882,2024-10-21 11:00:00,9674.723
2024-10-21,12:00-13:00,2024,10,21,1,0,4,12,1,0,30288,12311.54,,480.631775,2024-10-21 12:00:00,9511.51
2024-10-21,13:00-14:00,2024,10,21,1,0,4,13,1,0,29756,12046.56,,438.104767,2024-10-21 13:00:00,8219.638
2024-10-21,14:00-15:00,2024,10,21,1,0,4,14,1,0,29754,12019.41,,500.354553,2024-10-21 14:00:00,6139.803
2024-10-21,15:00-16:00,2024,10,21,1,0,4,15,1,0,30477,12571.306,,560.613831,2024-10-21 15:00:00,3809.036
2024-10-21,16:00-17:00,2024,10,21,1,0,4,16,1,0,30999,14284.329,,502.914612,2024-10-21 16:00:00,1430.011
2024-10-21,17:00-18:00,2024,10,21,1,0,4,17,1,0,30822,14141.686,,478.102539,2024-10-21 17:00:00,622.233
2024-10-21,18:00-19:00,2024,10,21,1,0,4,18,1,0,30628,13175.271,,446.300171,2024-10-21 18:00:00,847.763
2024-10-21,19:00-20:00,2024,10,21,1,0,4,19,1,0,29958,12867.48,,359.999817,2024-10-21 19:00:00,1123.722
2024-10-21,20:00-21:00,2024,10,21,1,0,4,20,1,0,29223,11292.196,,418.52475,2024-10-21 20:00:00,1386.624
2024-10-21,21:00-22:00,2024,10,21,1,0,4,21,0,0,27710,10782.74,,368.000061,2024-10-21 21:00:00,1652.734
2024-10-21,22:00-23:00,2024,10,21,1,0,4,22,0,1,26220,10666.29,,331.000092,2024-10-21 22:00:00,1934.138
2024-10-21,23:00-24:00,2024,10,21,1,0,4,23,0,1,24965,10589.97,,328.000061,2024-10-21 23:00:00,2221.026
2024-10-22,00:00-01:00,2024,10,22,2,0,4,0,0,1,26136,10513.39,358.957794,339.453003,2024-10-22 00:00:00,1948.786
2024-10-22,01:00-02:00,2024,10,22,2,0,4,1,0,1,25272,10229.05,344.142822,325.307465,2024-10-22 01:00:00,2218.652
2024-10-22,02:00-03:00,2024,10,22,2,0,4,2,0,1,24799,9993.39,334.06955,323.771301,2024-10-22 02:00:00,2423.772
2024-10-22,03:00-04:00,2024,10,22,2,0,4,3,0,1,24493,9902.92,328.719421,315.000061,2024-10-22 03:00:00,2572.646
2024-10-22,04:00-05:00,2024,10,22,2,0,4,4,0,1,24852,9918.59,334.071167,327.745453,2024-10-22 04:00:00,2687.682
2024-10-22,05:00-06:00,2024,10,22,2,0,4,5,0,1,26080,9929.82,346.273315,344.149628,2024-10-22 05:00:00,2791.866
2024-10-22,06:00-07:00,2024,10,22,2,0,4,6,0,1,28082,11055.83,366.282837,363.679565,2024-10-22 06:00:00,3061.442
2024-10-22,07:00-08:00,2024,10,22,2,0,4,7,0,0,29703,11609.816,368.728943,366.198456,2024-10-22 07:00:00,4321.014
2024-10-22,08:00-09:00,2024,10,22,2,0,4,8,1,0,31074,12018.948,367.87207,350.128693,2024-10-22 08:00:00,6110.881
2024-10-22,09:00-10:00,2024,10,22,2,0,4,9,1,0,31385,12161.7,364.119965,330.358551,2024-10-22 09:00:00,8009.361
2024-10-22,10:00-11:00,2024,10,22,2,0,4,10,1,0,31748,12055.35,334.911285,304.691284,2024-10-22 10:00:00,10067.581
2024-10-22,11:00-12:00,2024,10,22,2,0,4,11,1,0,29514,12499.02,285.536285,137.417603,2024-10-22 11:00:00,11533.331
2024-10-22,12:00-13:00,2024,10,22,2,0,4,12,1,0,29826,12752.26,279.923431,66.390274,2024-10-22 12:00:00,11963.042
2024-10-22,13:00-14:00,2024,10,22,2,0,4,13,1,0,29398,12687.18,265.744598,107.147354,2024-10-22 13:00:00,11445.715
2024-10-22,14:00-15:00,2024,10,22,2,0,4,14,1,0,29368,12776.461,262.341949,15.54917,2024-10-22 14:00:00,9745.755
2024-10-22,15:00-16:00,2024,10,22,2,0,4,15,1,0,29870,11921.74,349.000061,314.480133,2024-10-22 15:00:00,6957.921
2024-10-22,16:00-17:00,2024,10,22,2,0,4,16,1,0,30534,13869.955,369.000092,330.999817,2024-10-22 16:00:00,3592.218
2024-10-22,17:00-18:00,2024,10,22,2,0,4,17,1,0,30485,13803.21,368.178802,366.209625,2024-10-22 17:00:00,2207.363
2024-10-22,18:00-19:00,2024,10,22,2,0,4,18,1,0,30487,13499.932,366.252319,379.567657,2024-10-22 18:00:00,2173.762
2024-10-22,19:00-20:00,2024,10,22,2,0,4,19,1,0,29736,12916.74,363.868164,373.049744,2024-10-22 19:00:00,2108.421
2024-10-22,20:00-21:00,2024,10,22,2,0,4,20,1,0,29224,11739.733,368.198486,382.443451,2024-10-22 20:00:00,1972.316
2024-10-22,21:00-22:00,2024,10,22,2,0,4,21,0,0,27661,11359.944,366.221283,383.59549,2024-10-22 21:00:00,1801.401
2024-10-22,22:00-23:00,2024,10,22,2,0,4,22,0,1,26178,10700.04,364.096588,367.690765,2024-10-22 22:00:00,1618.534
2024-10-22,23:00-24:00,2024,10,22,2,0,4,23,0,1,25414,10513.83,353.51535,363.60379,2024-10-22 23:00:00,1426.086
2024-10-23,00:00-01:00,2024,10,23,3,0,4,0,0,1,25830,10652.319,390.303955,390.288818,2024-10-23 00:00:00,1341.942
2024-10-23,01:00-02:00,2024,10,23,3,0,4,1,0,1,24971,10633.979,371.803772,387.359833,2024-10-23 01:00:00,1151.123
2024-10-23,02:00-03:00,2024,10,23,3,0,4,2,0,1,24349,10599.41,359.999908,370.824005,2024-10-23 02:00:00,983.283
2024-10-23,03:00-04:00,2024,10,23,3,0,4,3,0,1,24100,10582.33,358.000092,364.994476,2024-10-23 03:00:00,859.64
2024-10-23,04:00-05:00,2024,10,23,3,0,4,4,0,1,24482,10579.01,370.82724,402.211823,2024-10-23 04:00:00,777.702
2024-10-23,05:00-06:00,2024,10,23,3,0,4,5,0,1,25706,10579.109,420.890717,436.027985,2024-10-23 05:00:00,731.98
2024-10-23,06:00-07:00,2024,10,23,3,0,4,6,0,1,27604,10988.66,498.069122,490.261963,2024-10-23 06:00:00,1391.864
2024-10-23,07:00-08:00,2024,10,23,3,0,4,7,0,0,29604,12072.23,402.314819,438.524658,2024-10-23 07:00:00,5936.071
2024-10-23,08:00-09:00,2024,10,23,3,0,4,8,1,0,31311,13892.819,274.408417,243.551117,2024-10-23 08:00:00,11871.231
2024-10-23,09:00-10:00,2024,10,23,3,0,4,9,1,0,31536,14574.66,139.381302,4.028849,2024-10-23 09:00:00,16398.133
2024-10-23,10:00-11:00,2024,10,23,3,0,4,10,1,0,31902,14581.13,97.109077,8.131559,2024-10-23 10:00:00,18828.634
2024-10-23,11:00-12:00,2024,10,23,3,0,4,11,1,0,29681,14809.169,64.496216,4.371598,2024-10-23 11:00:00,19681.554
2024-10-23,12:00-13:00,2024,10,23,3,0,4,12,1,0,29973,14817.739,73.235588,0.0,2024-10-23 12:00:00,19248.526
2024-10-23,13:00-14:00,2024,10,23,3,0,4,13,1,0,29657,14514.239,80.567505,0.0,2024-10-23 13:00:00,17481.523
2024-10-23,14:00-15:00,2024,10,23,3,0,4,14,1,0,29341,14635.8,102.192574,5.270006,2024-10-23 14:00:00,13810.347
2024-10-23,15:00-16:00,2024,10,23,3,0,4,15,1,0,29870,12929.959,357.729156,291.906708,2024-10-23 15:00:00,8326.516
2024-10-23,16:00-17:00,2024,10,23,3,0,4,16,1,0,30637,14647.15,488.195923,340.19989,2024-10-23 16:00:00,2565.189
2024-10-23,17:00-18:00,2024,10,23,3,0,4,17,1,0,30297,14820.173,477.445435,451.155182,2024-10-23 17:00:00,753.532
2024-10-23,18:00-19:00,2024,10,23,3,0,4,18,1,0,29959,13912.509,424.910095,397.641113,2024-10-23 18:00:00,986.53
2024-10-23,19:00-20:00,2024,10,23,3,0,4,19,1,0,29404,13288.84,418.61731,384.292694,2024-10-23 19:00:00,1196.395
2024-10-23,20:00-21:00,2024,10,23,3,0,4,20,1,0,28796,11972.222,420.012573,415.178802,2024-10-23 20:00:00,1395.226
2024-10-23,21:00-22:00,2024,10,23,3,0,4,21,0,0,27076,11481.817,420.019653,419.05777,2024-10-23 21:00:00,1420.891
2024-10-23,22:00-23:00,2024,10,23,3,0,4,22,0,1,25515,11022.829,410.299957,384.810181,2024-10-23 22:00:00,1388.499
2024-10-23,23:00-24:00,2024,10,23,3,0,4,23,0,1,24692,10768.739,376.000061,360.000153,2024-10-23 23:00:00,1330.254
2024-10-24,00:00-01:00,2024,10,24,4,0,4,0,0,1,26130,11371.567,390.123138,362.864594,2024-10-24 00:00:00,901.074
2024-10-24,01:00-02:00,2024,10,24,4,0,4,1,0,1,25271,11061.573,370.645172,343.000031,2024-10-24 01:00:00,774.599
2024-10-24,02:00-03:00,2024,10,24,4,0,4,2,0,1,24706,10837.313,359.944275,342.999969,2024-10-24 02:00:00,670.694
2024-10-24,03:00-04:00,2024,10,24,4,0,4,3,0,1,24400,10664.764,370.636261,359.94342,2024-10-24 03:00:00,590.707
2024-10-24,04:00-05:00,2024,10,24,4,0,4,4,0,1,24782,10891.273,387.181274,370.633881,2024-10-24 04:00:00,543.05
2024-10-24,05:00-06:00,2024,10,24,4,0,4,5,0,1,26006,10962.004,414.591644,390.091797,2024-10-24 05:00:00,533.083
2024-10-24,06:00-07:00,2024,10,24,4,0,4,6,0,1,28105,11942.294,467.331085,481.380615,2024-10-24 06:00:00,1220.861
2024-10-24,07:00-08:00,2024,10,24,4,0,4,7,0,0,29904,12114.963,359.946289,374.300049,2024-10-24 07:00:00,5726.694
2024-10-24,08:00-09:00,2024,10,24,4,0,4,8,1,0,31311,13850.774,216.680801,221.879318,2024-10-24 08:00:00,11620.837
2024-10-24,09:00-10:00,2024,10,24,4,0,4,9,1,0,31610,14524.554,82.658424,6.160452,2024-10-24 09:00:00,16083.014
2024-10-24,10:00-11:00,2024,10,24,4,0,4,10,1,0,31902,14537.824,84.594307,5.535498,2024-10-24 10:00:00,18494.47
2024-10-24,11:00-12:00,2024,10,24,4,0,4,11,1,0,29683,14723.434,41.846279,5.12831,2024-10-24 11:00:00,19292.426
2024-10-24,12:00-13:00,2024,10,24,4,0,4,12,1,0,29973,14712.914,43.314358,5.633699,2024-10-24 12:00:00,18833.366
2024-10-24,13:00-14:00,2024,10,24,4,0,4,13,1,0,29657,14323.564,60.923153,0.0,2024-10-24 13:00:00,16975.807
2024-10-24,14:00-15:00,2024,10,24,4,0,4,14,1,0,29478,14373.214,83.670944,3.752641,2024-10-24 14:00:00,13189.205
2024-10-24,15:00-16:00,2024,10,24,4,0,4,15,1,0,30105,12766.254,331.655334,306.375092,2024-10-24 15:00:00,8032.473
2024-10-24,16:00-17:00,2024,10,24,4,0,4,16,1,0,30637,14170.814,387.21759,345.036774,2024-10-24 16:00:00,2988.595
2024-10-24,17:00-18:00,2024,10,24,4,0,4,17,1,0,30367,14018.513,372.000122,416.838898,2024-10-24 17:00:00,1707.459
2024-10-24,18:00-19:00,2024,10,24,4,0,4,18,1,0,30045,13571.003,345.0,380.53064,2024-10-24 18:00:00,2243.675
2024-10-24,19:00-20:00,2024,10,24,4,0,4,19,1,0,29404,13129.314,326.549957,332.099976,2024-10-24 19:00:00,2732.74
2024-10-24,20:00-21:00,2024,10,24,4,0,4,20,1,0,28896,11437.913,354.100006,372.000031,2024-10-24 20:00:00,3112.18
2024-10-24,21:00-22:00,2024,10,24,4,0,4,21,0,0,27176,11033.423,340.200073,363.000092,2024-10-24 21:00:00,3356.743
2024-10-24,22:00-23:00,2024,10,24,4,0,4,22,0,1,25615,10981.533,322.759949,332.099976,2024-10-24 22:00:00,3554.462
2024-10-24,23:00-24:00,2024,10,24,4,0,4,23,0,1,24692,10774.034,310.000092,320.000061,2024-10-24 23:00:00,3641.808
2024-10-25,00:00-01:00,2024,10,25,5,0,4,0,0,1,25846,11131.523,320.0,331.900024,2024-10-25 00:00:00,3683.792
2024-10-25,01:00-02:00,2024,10,25,5,0,4,1,0,1,25144,10917.074,293.396423,326.549988,2024-10-25 01:00:00,3724.961
2024-10-25,02:00-03:00,2024,10,25,5,0,4,2,0,1,24660,10529.054,281.738708,317.999939,2024-10-25 02:00:00,3815.289
2024-10-25,03:00-04:00,2024,10,25,5,0,4,3,0,1,24387,10505.693,273.453522,318.000031,2024-10-25 03:00:00,3955.865
2024-10-25,04:00-05:00,2024,10,25,5,0,4,4,0,1,24671,10489.634,281.692169,312.000061,2024-10-25 04:00:00,4163.743
2024-10-25,05:00-06:00,2024,10,25,5,0,4,5,0,1,25917,10736.588,306.741882,326.550079,2024-10-25 05:00:00,4368.894
2024-10-25,06:00-07:00,2024,10,25,5,0,4,6,0,1,28321,11968.894,323.000275,326.549896,2024-10-25 06:00:00,5063.989
2024-10-25,07:00-08:00,2024,10,25,5,0,4,7,0,0,30064,12136.213,303.359741,307.583405,2024-10-25 07:00:00,9063.766
2024-10-25,08:00-09:00,2024,10,25,5,0,4,8,1,0,31352,13694.983,100.671387,4.392834,2024-10-25 08:00:00,14106.6
2024-10-25,09:00-10:00,2024,10,25,5,0,4,9,1,0,31552,14300.074,62.190105,4.157375,2024-10-25 09:00:00,18061.349
2024-10-25,10:00-11:00,2024,10,25,5,0,4,10,1,0,31628,14372.503,61.377693,4.180197,2024-10-25 10:00:00,20375.956
2024-10-25,11:00-12:00,2024,10,25,5,0,4,11,1,0,29377,14717.263,40.986858,4.426917,2024-10-25 11:00:00,21151.178
2024-10-25,12:00-13:00,2024,10,25,5,0,4,12,1,0,29830,14721.793,41.060062,5.461256,2024-10-25 12:00:00,20679.962
2024-10-25,13:00-14:00,2024,10,25,5,0,4,13,1,0,29512,14245.614,41.472832,5.172663,2024-10-25 13:00:00,18798.956
2024-10-25,14:00-15:00,2024,10,25,5,0,4,14,1,0,29478,14324.203,45.755974,3.626003,2024-10-25 14:00:00,15166.804
2024-10-25,15:00-16:00,2024,10,25,5,0,4,15,1,0,29915,12915.314,212.053513,122.54277,2024-10-25 15:00:00,10462.536
2024-10-25,16:00-17:00,2024,10,25,5,0,4,16,1,0,30788,14719.613,310.699982,272.636414,2024-10-25 16:00:00,5797.596
2024-10-25,17:00-18:00,2024,10,25,5,0,4,17,1,0,30352,14426.524,321.999908,323.430511,2024-10-25 17:00:00,4599.046
2024-10-25,18:00-19:00,2024,10,25,5,0,4,18,1,0,30083,13488.294,311.000092,306.550079,2024-10-25 18:00:00,5047.243
2024-10-25,19:00-20:00,2024,10,25,5,0,4,19,1,0,29578,13253.304,306.000031,269.507629,2024-10-25 19:00:00,5282.422
2024-10-25,20:00-21:00,2024,10,25,5,0,4,20,1,0,29243,12400.264,319.999969,302.759918,2024-10-25 20:00:00,5314.809
2024-10-25,21:00-22:00,2024,10,25,5,0,4,21,0,0,27832,11742.24,321.999786,297.799866,2024-10-25 21:00:00,5283.599
2024-10-25,22:00-23:00,2024,10,25,5,0,4,22,0,1,25788,10869.354,306.549957,281.000031,2024-10-25 22:00:00,5160.919
2024-10-25,23:00-24:00,2024,10,25,5,0,4,23,0,1,24875,10775.534,283.410004,280.924957,2024-10-25 23:00:00,5068.459
2024-10-26,00:00-01:00,2024,10,26,6,1,4,0,0,1,26256,10990.164,298.67923,268.603058,2024-10-26 00:00:00,5137.259
2024-10-26,01:00-02:00,2024,10,26,6,1,4,1,0,1,25303,10816.894,273.183167,261.910492,2024-10-26 01:00:00,5137.038
2024-10-26,02:00-03:00,2024,10,26,6,1,4,2,0,1,24500,10889.254,232.948654,281.181519,2024-10-26 02:00:00,5214.986
2024-10-26,03:00-04:00,2024,10,26,6,1,4,3,0,1,24200,10816.814,205.663895,244.063828,2024-10-26 03:00:00,5316.853
2024-10-26,04:00-05:00,2024,10,26,6,1,4,4,0,1,24496,10826.404,216.287064,250.024689,2024-10-26 04:00:00,5372.163
2024-10-26,05:00-06:00,2024,10,26,6,1,4,5,0,1,25419,10837.204,298.661591,294.320496,2024-10-26 05:00:00,5390.971
2024-10-26,06:00-07:00,2024,10,26,6,1,4,6,0,1,27455,11291.183,306.723938,303.120636,2024-10-26 06:00:00,5647.254
2024-10-26,07:00-08:00,2024,10,26,6,1,4,7,0,0,28922,11706.794,304.078308,278.186707,2024-10-26 07:00:00,7785.191
2024-10-26,08:00-09:00,2024,10,26,6,1,4,8,1,0,30019,12505.914,282.653442,238.557007,2024-10-26 08:00:00,10351.534
2024-10-26,09:00-10:00,2024,10,26,6,1,4,9,1,0,30503,12609.444,220.246262,165.111908,2024-10-26 09:00:00,12353.459
2024-10-26,10:00-11:00,2024,10,26,6,1,4,10,1,0,30705,12317.154,222.160309,197.954941,2024-10-26 10:00:00,13696.377
2024-10-26,11:00-12:00,2024,10,26,6,1,4,11,1,0,28727,12557.924,59.633308,38.607025,2024-10-26 11:00:00,14117.193
2024-10-26,12:00-13:00,2024,10,26,6,1,4,12,1,0,29135,12615.724,99.329956,104.863579,2024-10-26 12:00:00,13605.551
2024-10-26,13:00-14:00,2024,10,26,6,1,4,13,1,0,28820,12252.674,143.263367,223.443268,2024-10-26 13:00:00,12142.295
2024-10-26,14:00-15:00,2024,10,26,6,1,4,14,1,0,28716,12746.434,271.307159,302.878906,2024-10-26 14:00:00,10007.739
2024-10-26,15:00-16:00,2024,10,26,6,1,4,15,1,0,29346,13104.348,308.000061,317.472687,2024-10-26 15:00:00,7577.507
2024-10-26,16:00-17:00,2024,10,26,6,1,4,16,1,0,30014,14528.64,307.999939,296.063599,2024-10-26 16:00:00,5053.148
2024-10-26,17:00-18:00,2024,10,26,6,1,4,17,1,0,29713,14289.104,306.549744,305.999817,2024-10-26 17:00:00,4289.644
2024-10-26,18:00-19:00,2024,10,26,6,1,4,18,1,0,29426,13592.214,303.299988,300.0,2024-10-26 18:00:00,4462.403
2024-10-26,19:00-20:00,2024,10,26,6,1,4,19,1,0,28934,13161.795,298.0,270.999878,2024-10-26 19:00:00,4576.978
2024-10-26,20:00-21:00,2024,10,26,6,1,4,20,1,0,28463,12226.784,306.549957,302.836487,2024-10-26 20:00:00,4578.438
2024-10-26,21:00-22:00,2024,10,26,6,1,4,21,0,0,26965,11425.224,306.000122,304.999878,2024-10-26 21:00:00,4557.512
2024-10-26,22:00-23:00,2024,10,26,6,1,4,22,0,1,25202,10973.394,300.000122,303.300018,2024-10-26 22:00:00,4564.359
2024-10-26,23:00-24:00,2024,10,26,6,1,4,23,0,1,24347,10944.624,274.592804,270.999939,2024-10-26 23:00:00,4576.897
2024-10-27,00:00-01:00,2024,10,27,7,1,4,0,0,1,25864,10779.814,,331.250092,2024-10-27 00:00:00,4261.872
2024-10-27,01:00-02:00,2024,10,27,7,1,4,1,0,1,24866,10698.095,,319.999969,2024-10-27 01:00:00,4237.084
2024-10-27,02:00-03:00,2024,10,27,7,1,4,2,0,1,24260,10787.364,,319.999817,2024-10-27 02:00:00,4228.762
2024-10-27,03:00-04:00,2024,10,27,7,1,4,3,0,1,23985,10709.124,,306.0,2024-10-27 03:00:00,4205.943
2024-10-27,04:00-05:00,2024,10,27,7,1,4,4,0,1,24175,10693.754,,317.999878,2024-10-27 04:00:00,4225.782
2024-10-27,05:00-06:00,2024,10,27,7,1,4,5,0,1,24747,10706.424,,327.999969,2024-10-27 05:00:00,4215.728
2024-10-27,06:00-07:00,2024,10,27,7,1,4,6,0,1,26137,10777.56,,348.663849,2024-10-27 06:00:00,4439.072
2024-10-27,07:00-08:00,2024,10,27,7,1,4,7,0,0,27972,11610.336,,317.999878,2024-10-27 07:00:00,6322.896
2024-10-27,08:00-09:00,2024,10,27,7,1,4,8,1,0,29050,12282.604,,312.999847,2024-10-27 08:00:00,8604.682
2024-10-27,09:00-10:00,2024,10,27,7,1,4,9,1,0,29887,12131.858,,304.023651,2024-10-27 09:00:00,10474.107
2024-10-27,10:00-11:00,2024,10,27,7,1,4,10,1,0,30305,11970.414,,299.601257,2024-10-27 10:00:00,12131.719
2024-10-27,11:00-12:00,2024,10,27,7,1,4,11,1,0,28333,12382.544,,194.445526,2024-10-27 11:00:00,13037.235
2024-10-27,12:00-13:00,2024,10,27,7,1,4,12,1,0,28691,12495.014,,139.704712,2024-10-27 12:00:00,12863.157
2024-10-27,13:00-14:00,2024,10,27,7,1,4,13,1,0,28757,12216.884,,203.556915,2024-10-27 13:00:00,11587.55
2024-10-27,14:00-15:00,2024,10,27,7,1,4,14,1,0,28064,12728.784,,298.178284,2024-10-27 14:00:00,9415.81
2024-10-27,15:00-16:00,2024,10,27,7,1,4,15,1,0,28378,12654.562,,338.699158,2024-10-27 15:00:00,6860.394
2024-10-27,16:00-17:00,2024,10,27,7,1,4,16,1,0,29315,13863.984,,331.57016,2024-10-27 16:00:00,3983.932
2024-10-27,17:00-18:00,2024,10,27,7,1,4,17,1,0,29139,14265.308,,340.263092,2024-10-27 17:00:00,3121.057
2024-10-27,18:00-19:00,2024,10,27,7,1,4,18,1,0,28781,13510.975,,356.697754,2024-10-27 18:00:00,3254.603
2024-10-27,19:00-20:00,2024,10,27,7,1,4,19,1,0,28378,13053.264,,331.560577,2024-10-27 19:00:00,3320.386
2024-10-27,20:00-21:00,2024,10,27,7,1,4,20,1,0,27990,12533.543,,340.029022,2024-10-27 20:00:00,3267.333
2024-10-27,21:00-22:00,2024,10,27,7,1,4,21,0,0,26271,11355.379,,346.877014,2024-10-27 21:00:00,3143.363
2024-10-27,22:00-23:00,2024,10,27,7,1,4,22,0,1,24412,10893.674,,330.325928,2024-10-27 22:00:00,2990.313
2024-10-27,23:00-24:00,2024,10,27,7,1,4,23,0,1,23638,10802.304,,326.753235,2024-10-27 23:00:00,2780.258
2024-10-28,00:00-01:00,2024,10,28,1,0,4,0,0,1,25329,10637.948,,330.814606,2024-10-28 00:00:00,2401.39
2024-10-28,01:00-02:00,2024,10,28,1,0,4,1,0,1,24484,10621.563,,330.999969,2024-10-28 01:00:00,2282.908
2024-10-28,02:00-03:00,2024,10,28,1,0,4,2,0,1,23934,10674.153,,331.475769,2024-10-28 02:00:00,2208.21
2024-10-28,03:00-04:00,2024,10,28,1,0,4,3,0,1,23721,10624.893,,331.000153,2024-10-28 03:00:00,2170.864
2024-10-28,04:00-05:00,2024,10,28,1,0,4,4,0,1,24097,10613.054,,331.249969,2024-10-28 04:00:00,2118.296
2024-10-28,05:00-06:00,2024,10,28,1,0,4,5,0,1,25443,10660.893,,358.008759,2024-10-28 05:00:00,2054.398
2024-10-28,06:00-07:00,2024,10,28,1,0,4,6,0,1,27612,10888.713,,420.000153,2024-10-28 06:00:00,2364.064
2024-10-28,07:00-08:00,2024,10,28,1,0,4,7,0,0,29428,11786.302,,391.808075,2024-10-28 07:00:00,5831.639
2024-10-28,08:00-09:00,2024,10,28,1,0,4,8,1,0,30709,13337.323,,316.591949,2024-10-28 08:00:00,10581.293
2024-10-28,09:00-10:00,2024,10,28,1,0,4,9,1,0,30888,14017.074,,168.365402,2024-10-28 09:00:00,14671.602
2024-10-28,10:00-11:00,2024,10,28,1,0,4,10,1,0,31084,14065.004,,118.824554,2024-10-28 10:00:00,17106.364
2024-10-28,11:00-12:00,2024,10,28,1,0,4,11,1,0,28838,14385.444,,0.007558,2024-10-28 11:00:00,17844.754
2024-10-28,12:00-13:00,2024,10,28,1,0,4,12,1,0,29155,14382.143,,1.076316,2024-10-28 12:00:00,17230.277
2024-10-28,13:00-14:00,2024,10,28,1,0,4,13,1,0,28930,13830.094,,1.551557,2024-10-28 13:00:00,15144.059
2024-10-28,14:00-15:00,2024,10,28,1,0,4,14,1,0,28810,13819.483,,184.51857,2024-10-28 14:00:00,11196.857
2024-10-28,15:00-16:00,2024,10,28,1,0,4,15,1,0,29718,12754.548,,348.743713,2024-10-28 15:00:00,6440.952
2024-10-28,16:00-17:00,2024,10,28,1,0,4,16,1,0,30248,14072.335,,403.286255,2024-10-28 16:00:00,1881.848
2024-10-28,17:00-18:00,2024,10,28,1,0,4,17,1,0,30158,14088.709,,451.578979,2024-10-28 17:00:00,596.348
2024-10-28,18:00-19:00,2024,10,28,1,0,4,18,1,0,29905,13567.457,,471.539825,2024-10-28 18:00:00,750.153
2024-10-28,19:00-20:00,2024,10,28,1,0,4,19,1,0,29252,12734.055,,394.140747,2024-10-28 19:00:00,866.496
2024-10-28,20:00-21:00,2024,10,28,1,0,4,20,1,0,29006,12271.263,,493.046814,2024-10-28 20:00:00,923.898
2024-10-28,21:00-22:00,2024,10,28,1,0,4,21,0,0,27266,11225.943,,451.000244,2024-10-28 21:00:00,924.487
2024-10-28,22:00-23:00,2024,10,28,1,0,4,22,0,1,25497,10619.141,,380.963104,2024-10-28 22:00:00,887.724
2024-10-28,23:00-24:00,2024,10,28,1,0,4,23,0,1,24598,10508.564,,405.890137,2024-10-28 23:00:00,817.449
2024-10-29,00:00-01:00,2024,10,29,2,0,4,0,0,1,25705,10408.544,426.879761,412.134766,2024-10-29 00:00:00,854.369
2024-10-29,01:00-02:00,2024,10,29,2,0,4,1,0,1,24801,10375.603,381.600098,380.531677,2024-10-29 01:00:00,775.673
2024-10-29,02:00-03:00,2024,10,29,2,0,4,2,0,1,24243,10407.444,390.999939,374.666748,2024-10-29 02:00:00,699.716
2024-10-29,03:00-04:00,2024,10,29,2,0,4,3,0,1,23993,10363.954,380.0,384.295105,2024-10-29 03:00:00,631.845
2024-10-29,04:00-05:00,2024,10,29,2,0,4,4,0,1,24406,10357.453,403.299896,400.000061,2024-10-29 04:00:00,586.758
2024-10-29,05:00-06:00,2024,10,29,2,0,4,5,0,1,25659,10376.023,462.316925,437.826447,2024-10-29 05:00:00,564.998
2024-10-29,06:00-07:00,2024,10,29,2,0,4,6,0,1,27710,10869.594,589.999939,669.145081,2024-10-29 06:00:00,1067.813
2024-10-29,07:00-08:00,2024,10,29,2,0,4,7,0,0,29215,11776.864,394.409088,440.000366,2024-10-29 07:00:00,5387.744
2024-10-29,08:00-09:00,2024,10,29,2,0,4,8,1,0,30540,13625.854,311.775024,334.000031,2024-10-29 08:00:00,11350.626
2024-10-29,09:00-10:00,2024,10,29,2,0,4,9,1,0,30746,14988.644,60.000015,34.699993,2024-10-29 09:00:00,16107.442
2024-10-29,10:00-11:00,2024,10,29,2,0,4,10,1,0,30981,15063.273,59.349785,3.810114,2024-10-29 10:00:00,18754.535
2024-10-29,11:00-12:00,2024,10,29,2,0,4,11,1,0,29125,15387.274,39.864166,2.313496,2024-10-29 11:00:00,19563.472
2024-10-29,12:00-13:00,2024,10,29,2,0,4,12,1,0,29282,15410.784,40.390575,0.0,2024-10-29 12:00:00,19146.34
2024-10-29,13:00-14:00,2024,10,29,2,0,4,13,1,0,29078,14912.223,59.179073,1.421324,2024-10-29 13:00:00,17234.209
2024-10-29,14:00-15:00,2024,10,29,2,0,4,14,1,0,29109,14269.994,98.762115,88.136932,2024-10-29 14:00:00,13336.423
2024-10-29,15:00-16:00,2024,10,29,2,0,4,15,1,0,29665,12757.624,331.843842,307.999603,2024-10-29 15:00:00,7800.59
2024-10-29,16:00-17:00,2024,10,29,2,0,4,16,1,0,30325,14045.213,403.42807,370.999939,2024-10-29 16:00:00,2423.478
2024-10-29,17:00-18:00,2024,10,29,2,0,4,17,1,0,30103,14041.664,391.0,403.299957,2024-10-29 17:00:00,1197.296
2024-10-29,18:00-19:00,2024,10,29,2,0,4,18,1,0,29848,13334.924,378.000092,391.000061,2024-10-29 18:00:00,1604.113
2024-10-29,19:00-20:00,2024,10,29,2,0,4,19,1,0,29130,12673.624,370.999969,371.000214,2024-10-29 19:00:00,1907.042
2024-10-29,20:00-21:00,2024,10,29,2,0,4,20,1,0,28512,11872.624,403.450226,413.999969,2024-10-29 20:00:00,2063.082
2024-10-29,21:00-22:00,2024,10,29,2,0,4,21,0,0,26939,11080.558,381.600006,391.000092,2024-10-29 21:00:00,2072.666
2024-10-29,22:00-23:00,2024,10,29,2,0,4,22,0,1,25362,10640.494,351.25,342.760101,2024-10-29 22:00:00,2042.896
2024-10-29,23:00-24:00,2024,10,29,2,0,4,23,0,1,24617,10553.424,336.000092,380.0,2024-10-29 23:00:00,2013.614
2024-10-30,00:00-01:00,2024,10,30,3,0,4,0,0,1,25852,11162.882,354.196411,338.000031,2024-10-30 00:00:00,1824.341
2024-10-30,01:00-02:00,2024,10,30,3,0,4,1,0,1,25013,10890.195,342.839996,335.525208,2024-10-30 01:00:00,1782.495
2024-10-30,02:00-03:00,2024,10,30,3,0,4,2,0,1,24467,10760.201,336.345306,328.000031,2024-10-30 02:00:00,1816.002
2024-10-30,03:00-04:00,2024,10,30,3,0,4,3,0,1,24232,10424.252,328.000092,326.000122,2024-10-30 03:00:00,1917.486
2024-10-30,04:00-05:00,2024,10,30,3,0,4,4,0,1,24609,10461.862,331.725647,328.000092,2024-10-30 04:00:00,2061.967
2024-10-30,05:00-06:00,2024,10,30,3,0,4,5,0,1,25722,10623.262,358.245056,338.400208,2024-10-30 05:00:00,2203.565
2024-10-30,06:00-07:00,2024,10,30,3,0,4,6,0,1,27726,11406.896,402.900024,398.0,2024-10-30 06:00:00,2845.431
2024-10-30,07:00-08:00,2024,10,30,3,0,4,7,0,0,29317,11879.672,320.000092,326.550262,2024-10-30 07:00:00,7274.101
2024-10-30,08:00-09:00,2024,10,30,3,0,4,8,1,0,30407,13692.486,120.000092,103.200005,2024-10-30 08:00:00,13106.425
2024-10-30,09:00-10:00,2024,10,30,3,0,4,9,1,0,30801,15040.122,59.271606,0.0,2024-10-30 09:00:00,17509.282
2024-10-30,10:00-11:00,2024,10,30,3,0,4,10,1,0,30902,15161.742,58.882927,0.0,2024-10-30 10:00:00,19920.24
2024-10-30,11:00-12:00,2024,10,30,3,0,4,11,1,0,28716,15155.102,39.809891,1.936299,2024-10-30 11:00:00,20639.066
2024-10-30,12:00-13:00,2024,10,30,3,0,4,12,1,0,29037,15308.602,39.203075,1.608548,2024-10-30 12:00:00,20072.009
2024-10-30,13:00-14:00,2024,10,30,3,0,4,13,1,0,28898,14951.542,39.154594,2.865489,2024-10-30 13:00:00,18098.211
2024-10-30,14:00-15:00,2024,10,30,3,0,4,14,1,0,28900,14309.202,72.607796,1.916289,2024-10-30 14:00:00,14216.23
2024-10-30,15:00-16:00,2024,10,30,3,0,4,15,1,0,29511,12570.162,328.261566,270.999969,2024-10-30 15:00:00,8747.43
2024-10-30,16:00-17:00,2024,10,30,3,0,4,16,1,0,30302,14030.072,391.000061,360.999725,2024-10-30 16:00:00,3602.879
2024-10-30,17:00-18:00,2024,10,30,3,0,4,17,1,0,30149,13736.582,371.000122,420.000092,2024-10-30 17:00:00,2792.915
2024-10-30,18:00-19:00,2024,10,30,3,0,4,18,1,0,29827,12709.292,354.100067,403.299835,2024-10-30 18:00:00,3594.225
2024-10-30,19:00-20:00,2024,10,30,3,0,4,19,1,0,29357,12135.712,327.999939,335.031494,2024-10-30 19:00:00,4135.396
2024-10-30,20:00-21:00,2024,10,30,3,0,4,20,1,0,28716,11022.072,325.838135,330.266602,2024-10-30 20:00:00,4341.361
2024-10-30,21:00-22:00,2024,10,30,3,0,4,21,0,0,27018,10708.402,325.657074,326.000061,2024-10-30 21:00:00,4317.254
2024-10-30,22:00-23:00,2024,10,30,3,0,4,22,0,1,25368,10693.862,299.873962,248.200012,2024-10-30 22:00:00,4181.031
2024-10-30,23:00-24:00,2024,10,30,3,0,4,23,0,1,24678,10627.582,288.124969,248.19986,2024-10-30 23:00:00,3994.807
2024-10-31,00:00-01:00,2024,10,31,4,0,4,0,0,1,25687,11020.602,304.999847,299.0,2024-10-31 00:00:00,4178.887
2024-10-31,01:00-02:00,2024,10,31,4,0,4,1,0,1,24876,10664.212,300.000031,299.0,2024-10-31 01:00:00,4038.41
2024-10-31,02:00-03:00,2024,10,31,4,0,4,2,0,1,24298,10706.852,296.600006,297.599854,2024-10-31 02:00:00,3934.691
2024-10-31,03:00-04:00,2024,10,31,4,0,4,3,0,1,24103,10628.232,291.999847,296.600006,2024-10-31 03:00:00,3858.013
2024-10-31,04:00-05:00,2024,10,31,4,0,4,4,0,1,24455,10611.782,299.999969,299.000122,2024-10-31 04:00:00,3794.234
2024-10-31,05:00-06:00,2024,10,31,4,0,4,5,0,1,25672,10762.234,303.300018,271.000031,2024-10-31 05:00:00,3744.82
2024-10-31,06:00-07:00,2024,10,31,4,0,4,6,0,1,27690,11729.395,337.999908,328.000092,2024-10-31 06:00:00,4099.172
2024-10-31,07:00-08:00,2024,10,31,4,0,4,7,0,0,29245,11887.882,304.999878,270.0,2024-10-31 07:00:00,7901.297
2024-10-31,08:00-09:00,2024,10,31,4,0,4,8,1,0,30583,13557.082,215.634094,120.000023,2024-10-31 08:00:00,13034.019
2024-10-31,09:00-10:00,2024,10,31,4,0,4,9,1,0,30764,14848.502,59.17968,0.0,2024-10-31 09:00:00,17235.829
2024-10-31,10:00-11:00,2024,10,31,4,0,4,10,1,0,30868,14806.731,56.532932,0.0,2024-10-31 10:00:00,19698.648
2024-10-31,11:00-12:00,2024,10,31,4,0,4,11,1,0,28763,15143.961,39.230881,0.0,2024-10-31 11:00:00,20622.847
2024-10-31,12:00-13:00,2024,10,31,4,0,4,12,1,0,28822,15241.052,39.175747,0.0,2024-10-31 12:00:00,20285.34
2024-10-31,13:00-14:00,2024,10,31,4,0,4,13,1,0,28687,14687.362,39.130272,0.0,2024-10-31 13:00:00,18427.924
2024-10-31,14:00-15:00,2024,10,31,4,0,4,14,1,0,28747,14068.882,59.171455,0.0,2024-10-31 14:00:00,14810.016
2024-10-31,15:00-16:00,2024,10,31,4,0,4,15,1,0,29420,13011.011,230.30101,151.466782,2024-10-31 15:00:00,10227.326
2024-10-31,16:00-17:00,2024,10,31,4,0,4,16,1,0,30071,14360.499,270.650513,223.116531,2024-10-31 16:00:00,5967.352
2024-10-31,17:00-18:00,2024,10,31,4,0,4,17,1,0,29991,14210.712,261.660004,290.145752,2024-10-31 17:00:00,5148.829
2024-10-31,18:00-19:00,2024,10,31,4,0,4,18,1,0,29581,12716.962,297.462891,297.373199,2024-10-31 18:00:00,5533.515
2024-10-31,19:00-20:00,2024,10,31,4,0,4,19,1,0,29037,11955.622,232.54277,247.821854,2024-10-31 19:00:00,5746.116
2024-10-31,20:00-21:00,2024,10,31,4,0,4,20,1,0,28598,11735.132,271.390198,274.000031,2024-10-31 20:00:00,5859.027
2024-10-31,21:00-22:00,2024,10,31,4,0,4,21,0,0,26955,11207.77,270.0,259.399963,2024-10-31 21:00:00,5857.659
2024-10-31,22:00-23:00,2024,10,31,4,0,4,22,0,1,25295,10886.182,203.299973,172.000031,2024-10-31 22:00:00,5819.179
2024-10-31,23:00-24:00,2024,10,31,4,0,4,23,0,1,24616,10907.382,152.0,119.999992,2024-10-31 23:00:00,5747.537
2024-11-01,00:00-01:00,2024,11,1,5,0,4,0,0,1,25627,10155.292,200.999985,202.331665,2024-11-01 00:00:00,5970.294
2024-11-01,01:00-02:00,2024,11,1,5,0,4,1,0,1,24841,10110.562,129.999985,130.0,2024-11-01 01:00:00,5965.768
2024-11-01,02:00-03:00,2024,11,1,5,0,4,2,0,1,24393,10147.043,120.0,111.199966,2024-11-01 02:00:00,5969.471
2024-11-01,03:00-04:00,2024,11,1,5,0,4,3,0,1,24133,10109.792,119.999977,100.000008,2024-11-01 03:00:00,5966.074
2024-11-01,04:00-05:00,2024,11,1,5,0,4,4,0,1,24540,10113.102,122.999992,111.199974,2024-11-01 04:00:00,5959.723
2024-11-01,05:00-06:00,2024,11,1,5,0,4,5,0,1,25656,10119.462,203.299988,161.000015,2024-11-01 05:00:00,5937.489
2024-11-01,06:00-07:00,2024,11,1,5,0,4,6,0,1,27804,10764.512,247.997635,250.999878,2024-11-01 06:00:00,6280.876
2024-11-01,07:00-08:00,2024,11,1,5,0,4,7,0,0,29375,11405.232,129.591675,161.250031,2024-11-01 07:00:00,9974.586
2024-11-01,08:00-09:00,2024,11,1,5,0,4,8,1,0,30674,13106.682,98.71962,220.080444,2024-11-01 08:00:00,14994.659
2024-11-01,09:00-10:00,2024,11,1,5,0,4,9,1,0,30678,14472.692,45.669289,91.436447,2024-11-01 09:00:00,19095.825
2024-11-01,10:00-11:00,2024,11,1,5,0,4,10,1,0,30852,14472.891,48.29018,57.40427,2024-11-01 10:00:00,21468.957
2024-11-01,11:00-12:00,2024,11,1,5,0,4,11,1,0,28994,14825.292,27.653002,0.139897,2024-11-01 11:00:00,22181.326
2024-11-01,12:00-13:00,2024,11,1,5,0,4,12,1,0,28988,14925.842,30.562761,0.146623,2024-11-01 12:00:00,21632.244
2024-11-01,13:00-14:00,2024,11,1,5,0,4,13,1,0,28796,14368.842,27.897436,0.372004,2024-11-01 13:00:00,19696.798
2024-11-01,14:00-15:00,2024,11,1,5,0,4,14,1,0,28794,13777.652,41.450916,95.366623,2024-11-01 14:00:00,16044.852
2024-11-01,15:00-16:00,2024,11,1,5,0,4,15,1,0,29503,12149.072,122.718666,217.547348,2024-11-01 15:00:00,11113.621
2024-11-01,16:00-17:00,2024,11,1,5,0,4,16,1,0,30123,13909.235,264.000031,418.565643,2024-11-01 16:00:00,6252.682
2024-11-01,17:00-18:00,2024,11,1,5,0,4,17,1,0,30102,13555.952,251.000107,407.833405,2024-11-01 17:00:00,4950.521
2024-11-01,18:00-19:00,2024,11,1,5,0,4,18,1,0,29748,12386.168,229.999969,320.000183,2024-11-01 18:00:00,4958.42
2024-11-01,19:00-20:00,2024,11,1,5,0,4,19,1,0,29063,11704.319,220.000015,303.300018,2024-11-01 19:00:00,4921.75
2024-11-01,20:00-21:00,2024,11,1,5,0,4,20,1,0,28562,11222.092,223.0,303.300049,2024-11-01 20:00:00,4792.734
2024-11-01,21:00-22:00,2024,11,1,5,0,4,21,0,0,27081,10562.355,203.300064,302.000061,2024-11-01 21:00:00,4582.832
2024-11-01,22:00-23:00,2024,11,1,5,0,4,22,0,1,25490,10308.82,202.999985,323.000061,2024-11-01 22:00:00,4368.491
2024-11-01,23:00-24:00,2024,11,1,5,0,4,23,0,1,24649,10215.022,155.999985,302.0,2024-11-01 23:00:00,4119.346
2024-11-02,00:00-01:00,2024,11,2,6,1,4,0,0,1,25266,10576.993,311.527863,357.763794,2024-11-02 00:00:00,3868.64
2024-11-02,01:00-02:00,2024,11,2,6,1,4,1,0,1,24416,10527.342,293.831146,341.068329,2024-11-02 01:00:00,3670.99
2024-11-02,02:00-03:00,2024,11,2,6,1,4,2,0,1,23856,10509.672,264.000183,325.120758,2024-11-02 02:00:00,3472.632
2024-11-02,03:00-04:00,2024,11,2,6,1,4,3,0,1,23600,10467.535,259.912842,319.506256,2024-11-02 03:00:00,3286.348
2024-11-02,04:00-05:00,2024,11,2,6,1,4,4,0,1,23903,10432.182,297.965729,332.83963,2024-11-02 04:00:00,3125.097
2024-11-02,05:00-06:00,2024,11,2,6,1,4,5,0,1,24753,10426.962,332.285675,359.26181,2024-11-02 05:00:00,2961.922
2024-11-02,06:00-07:00,2024,11,2,6,1,4,6,0,1,26367,10718.592,373.620117,407.618683,2024-11-02 06:00:00,3099.83
2024-11-02,07:00-08:00,2024,11,2,6,1,4,7,0,0,28212,11834.852,259.141052,337.782013,2024-11-02 07:00:00,6829.069
2024-11-02,08:00-09:00,2024,11,2,6,1,4,8,1,0,29453,13748.392,96.024689,832.941589,2024-11-02 08:00:00,12186.773
2024-11-02,09:00-10:00,2024,11,2,6,1,4,9,1,0,29653,15291.591,35.980515,291.053162,2024-11-02 09:00:00,16635.378
2024-11-02,10:00-11:00,2024,11,2,6,1,4,10,1,0,29925,15399.452,38.665691,140.406693,2024-11-02 10:00:00,19238.14
2024-11-02,11:00-12:00,2024,11,2,6,1,4,11,1,0,27951,15776.342,21.88578,20.392975,2024-11-02 11:00:00,20060.669
2024-11-02,12:00-13:00,2024,11,2,6,1,4,12,1,0,28324,15879.632,21.735195,22.210552,2024-11-02 12:00:00,19502.653
2024-11-02,13:00-14:00,2024,11,2,6,1,4,13,1,0,28218,15226.132,21.794968,55.264675,2024-11-02 13:00:00,17341.346
2024-11-02,14:00-15:00,2024,11,2,6,1,4,14,1,0,28197,14462.872,40.768463,214.574127,2024-11-02 14:00:00,13168.393
2024-11-02,15:00-16:00,2024,11,2,6,1,4,15,1,0,28867,13189.062,261.723877,366.889343,2024-11-02 15:00:00,7453.926
2024-11-02,16:00-17:00,2024,11,2,6,1,4,16,1,0,29543,14381.33,370.096283,529.320068,2024-11-02 16:00:00,1983.15
2024-11-02,17:00-18:00,2024,11,2,6,1,4,17,1,0,29595,13907.772,381.292664,527.310608,2024-11-02 17:00:00,688.702
2024-11-02,18:00-19:00,2024,11,2,6,1,4,18,1,0,29299,12691.681,375.555298,410.977905,2024-11-02 18:00:00,812.298
2024-11-02,19:00-20:00,2024,11,2,6,1,4,19,1,0,28496,12031.632,345.486633,380.770844,2024-11-02 19:00:00,905.945
2024-11-02,20:00-21:00,2024,11,2,6,1,4,20,1,0,28044,11711.392,360.828949,395.562073,2024-11-02 20:00:00,901.671
2024-11-02,21:00-22:00,2024,11,2,6,1,4,21,0,0,26374,10828.452,336.179871,367.177185,2024-11-02 21:00:00,830.99
2024-11-02,22:00-23:00,2024,11,2,6,1,4,22,0,1,24939,10699.452,315.313812,328.103363,2024-11-02 22:00:00,744.872
2024-11-02,23:00-24:00,2024,11,2,6,1,4,23,0,1,24063,10586.372,304.955658,309.453186,2024-11-02 23:00:00,706.648
2024-11-03,00:00-01:00,2024,11,3,7,1,4,0,0,1,24929,10913.862,325.501709,359.209717,2024-11-03 00:00:00,423.727
2024-11-03,01:00-02:00,2024,11,3,7,1,4,1,0,1,24097,10656.662,324.520905,348.117218,2024-11-03 01:00:00,387.849
2024-11-03,02:00-03:00,2024,11,3,7,1,4,2,0,1,23547,10304.272,302.214844,319.344147,2024-11-03 02:00:00,359.418
2024-11-03,03:00-04:00,2024,11,3,7,1,4,3,0,1,23255,10259.082,303.914459,310.124603,2024-11-03 03:00:00,329.369
2024-11-03,04:00-05:00,2024,11,3,7,1,4,4,0,1,23475,10227.142,304.602753,324.961426,2024-11-03 04:00:00,309.528
2024-11-03,05:00-06:00,2024,11,3,7,1,4,5,0,1,24229,10405.872,336.363159,345.404633,2024-11-03 05:00:00,305.207
2024-11-03,06:00-07:00,2024,11,3,7,1,4,6,0,1,25685,10917.333,361.220612,392.782837,2024-11-03 06:00:00,755.648
2024-11-03,07:00-08:00,2024,11,3,7,1,4,7,0,0,27329,12203.792,301.634857,326.49118,2024-11-03 07:00:00,5461.88
2024-11-03,08:00-09:00,2024,11,3,7,1,4,8,1,0,28411,14722.272,105.289673,123.000092,2024-11-03 08:00:00,12164.915
2024-11-03,09:00-10:00,2024,11,3,7,1,4,9,1,0,28732,16808.442,41.531876,32.136944,2024-11-03 09:00:00,17602.794
2024-11-03,10:00-11:00,2024,11,3,7,1,4,10,1,0,28944,17302.032,41.247162,5.594261,2024-11-03 10:00:00,20697.407
2024-11-03,11:00-12:00,2024,11,3,7,1,4,11,1,0,27091,17432.712,21.778557,2.24929,2024-11-03 11:00:00,21697.323
2024-11-03,12:00-13:00,2024,11,3,7,1,4,12,1,0,27482,17334.342,21.097567,2.344631,2024-11-03 12:00:00,21118.504
2024-11-03,13:00-14:00,2024,11,3,7,1,4,13,1,0,27101,16734.242,21.606644,6.291302,2024-11-03 13:00:00,18804.901
2024-11-03,14:00-15:00,2024,11,3,7,1,4,14,1,0,27290,15536.232,41.297802,60.17104,2024-11-03 14:00:00,14169.147
2024-11-03,15:00-16:00,2024,11,3,7,1,4,15,1,0,28023,13100.742,231.000061,317.654327,2024-11-03 15:00:00,7834.934
2024-11-03,16:00-17:00,2024,11,3,7,1,4,16,1,0,28918,14229.476,259.999878,445.153534,2024-11-03 16:00:00,1761.153
2024-11-03,17:00-18:00,2024,11,3,7,1,4,17,1,0,29300,13595.023,253.027466,433.551697,2024-11-03 17:00:00,390.404
2024-11-03,18:00-19:00,2024,11,3,7,1,4,18,1,0,28921,12045.504,254.160995,383.798218,2024-11-03 18:00:00,567.484
2024-11-03,19:00-20:00,2024,11,3,7,1,4,19,1,0,28169,11250.885,324.400146,343.000031,2024-11-03 19:00:00,807.402
2024-11-03,20:00-21:00,2024,11,3,7,1,4,20,1,0,27741,10855.532,333.721436,371.442657,2024-11-03 20:00:00,1073.637
2024-11-03,21:00-22:00,2024,11,3,7,1,4,21,0,0,25936,10448.672,317.13855,342.791412,2024-11-03 21:00:00,1388.147
2024-11-03,22:00-23:00,2024,11,3,7,1,4,22,0,1,24503,10421.772,231.0,249.575241,2024-11-03 22:00:00,1790.128
2024-11-03,23:00-24:00,2024,11,3,7,1,4,23,0,1,23702,10487.332,183.800003,219.999893,2024-11-03 23:00:00,2306.532
2024-11-04,00:00-01:00,2024,11,4,1,0,4,0,0,1,24856,10853.227,200.000015,203.300049,2024-11-04 00:00:00,2243.062
2024-11-04,01:00-02:00,2024,11,4,1,0,4,1,0,1,23833,10262.872,151.59996,213.0,2024-11-04 01:00:00,2801.755
2024-11-04,02:00-03:00,2024,11,4,1,0,4,2,0,1,23318,10561.982,110.086235,143.256821,2024-11-04 02:00:00,3316.846
2024-11-04,03:00-04:00,2024,11,4,1,0,4,3,0,1,23126,10485.222,98.846886,109.649414,2024-11-04 03:00:00,3787.751
2024-11-04,04:00-05:00,2024,11,4,1,0,4,4,0,1,23385,10390.972,98.800079,104.554398,2024-11-04 04:00:00,4215.177
2024-11-04,05:00-06:00,2024,11,4,1,0,4,5,0,1,24643,10353.342,118.609619,106.1138,2024-11-04 05:00:00,4576.302
2024-11-04,06:00-07:00,2024,11,4,1,0,4,6,0,1,26839,10601.292,199.999985,144.500092,2024-11-04 06:00:00,5186.097
2024-11-04,07:00-08:00,2024,11,4,1,0,4,7,0,0,28553,12011.088,161.689957,161.25,2024-11-04 07:00:00,8732.012
2024-11-04,08:00-09:00,2024,11,4,1,0,4,8,1,0,30038,13519.272,120.000099,277.878418,2024-11-04 08:00:00,13548.12
2024-11-04,09:00-10:00,2024,11,4,1,0,4,9,1,0,30324,15060.402,54.466194,199.881851,2024-11-04 09:00:00,17776.729
2024-11-04,10:00-11:00,2024,11,4,1,0,4,10,1,0,30476,15355.711,48.262638,102.600578,2024-11-04 10:00:00,20351.014
2024-11-04,11:00-12:00,2024,11,4,1,0,4,11,1,0,28400,15412.252,26.335112,66.173096,2024-11-04 11:00:00,21094.734
2024-11-04,12:00-13:00,2024,11,4,1,0,4,12,1,0,28743,15292.692,26.025656,85.477173,2024-11-04 12:00:00,20329.84
2024-11-04,13:00-14:00,2024,11,4,1,0,4,13,1,0,28301,14728.272,51.068996,190.199341,2024-11-04 13:00:00,17936.59
2024-11-04,14:00-15:00,2024,11,4,1,0,4,14,1,0,28748,13864.552,90.016609,380.830322,2024-11-04 14:00:00,13943.352
2024-11-04,15:00-16:00,2024,11,4,1,0,4,15,1,0,29324,13149.929,200.000061,339.2229,2024-11-04 15:00:00,9562.443
2024-11-04,16:00-17:00,2024,11,4,1,0,4,16,1,0,29956,14053.524,203.299957,318.288849,2024-11-04 16:00:00,5673.114
2024-11-04,17:00-18:00,2024,11,4,1,0,4,17,1,0,30074,13677.522,151.599991,221.086197,2024-11-04 17:00:00,4934.251
2024-11-04,18:00-19:00,2024,11,4,1,0,4,18,1,0,29500,12425.97,199.999985,203.0,2024-11-04 18:00:00,5212.225
2024-11-04,19:00-20:00,2024,11,4,1,0,4,19,1,0,28814,11531.292,144.500107,151.600037,2024-11-04 19:00:00,5343.891
2024-11-04,20:00-21:00,2024,11,4,1,0,4,20,1,0,28688,11249.384,159.799988,155.999954,2024-11-04 20:00:00,5312.336
2024-11-04,21:00-22:00,2024,11,4,1,0,4,21,0,0,26619,10615.462,120.000023,122.999947,2024-11-04 21:00:00,5114.901
2024-11-04,22:00-23:00,2024,11,4,1,0,4,22,0,1,25117,10590.752,90.000046,99.999992,2024-11-04 22:00:00,4873.056
2024-11-04,23:00-24:00,2024,11,4,1,0,4,23,0,1,24084,10630.532,89.999985,99.999977,2024-11-04 23:00:00,4585.593
2024-11-05,00:00-01:00,2024,11,5,2,0,4,0,0,1,25645,10468.064,222.830978,246.511429,2024-11-05 00:00:00,4419.197
2024-11-05,01:00-02:00,2024,11,5,2,0,4,1,0,1,24538,10415.724,222.999893,222.834427,2024-11-05 01:00:00,4156.269
2024-11-05,02:00-03:00,2024,11,5,2,0,4,2,0,1,24022,10389.624,219.000076,218.748016,2024-11-05 02:00:00,3937.003
2024-11-05,03:00-04:00,2024,11,5,2,0,4,3,0,1,23815,10372.154,210.860382,199.0,2024-11-05 03:00:00,3732.676
2024-11-05,04:00-05:00,2024,11,5,2,0,4,4,0,1,24038,10349.744,223.000031,210.869232,2024-11-05 04:00:00,3538.068
2024-11-05,05:00-06:00,2024,11,5,2,0,4,5,0,1,25308,10353.904,278.137207,243.000046,2024-11-05 05:00:00,3330.918
2024-11-05,06:00-07:00,2024,11,5,2,0,4,6,0,1,27346,10630.984,317.963623,316.277679,2024-11-05 06:00:00,3476.581
2024-11-05,07:00-08:00,2024,11,5,2,0,4,7,0,0,28872,11948.084,226.000076,259.45575,2024-11-05 07:00:00,7334.775
2024-11-05,08:00-09:00,2024,11,5,2,0,4,8,1,0,30458,14147.954,95.498329,120.000076,2024-11-05 08:00:00,12927.814
2024-11-05,09:00-10:00,2024,11,5,2,0,4,9,1,0,30717,15841.363,56.478359,68.032181,2024-11-05 09:00:00,17331.193
2024-11-05,10:00-11:00,2024,11,5,2,0,4,10,1,0,30744,16180.913,41.888908,6.215943,2024-11-05 10:00:00,19888.223
2024-11-05,11:00-12:00,2024,11,5,2,0,4,11,1,0,28454,16256.974,22.237297,2.347397,2024-11-05 11:00:00,20617.026
2024-11-05,12:00-13:00,2024,11,5,2,0,4,12,1,0,28798,16211.123,29.719538,6.471116,2024-11-05 12:00:00,20028.998
2024-11-05,13:00-14:00,2024,11,5,2,0,4,13,1,0,28384,15775.303,41.600231,8.311929,2024-11-05 13:00:00,17836.259
2024-11-05,14:00-15:00,2024,11,5,2,0,4,14,1,0,28847,14836.564,49.752621,61.407803,2024-11-05 14:00:00,13569.624
2024-11-05,15:00-16:00,2024,11,5,2,0,4,15,1,0,29345,12829.38,251.000031,296.231323,2024-11-05 15:00:00,7670.489
2024-11-05,16:00-17:00,2024,11,5,2,0,4,16,1,0,30035,13862.094,326.061127,340.866333,2024-11-05 16:00:00,2057.997
2024-11-05,17:00-18:00,2024,11,5,2,0,4,17,1,0,30283,13807.185,333.80954,361.57663,2024-11-05 17:00:00,1046.206
2024-11-05,18:00-19:00,2024,11,5,2,0,4,18,1,0,29734,12340.294,357.304291,367.59671,2024-11-05 18:00:00,1346.859
2024-11-05,19:00-20:00,2024,11,5,2,0,4,19,1,0,29053,11843.974,332.952026,354.70401,2024-11-05 19:00:00,1584.886
2024-11-05,20:00-21:00,2024,11,5,2,0,4,20,1,0,28830,11647.094,332.807953,351.240204,2024-11-05 20:00:00,1741.559
2024-11-05,21:00-22:00,2024,11,5,2,0,4,21,0,0,26754,10965.191,320.513794,329.224548,2024-11-05 21:00:00,1807.618
2024-11-05,22:00-23:00,2024,11,5,2,0,4,22,0,1,24829,10559.173,298.532471,303.47644,2024-11-05 22:00:00,1818.482
2024-11-05,23:00-24:00,2024,11,5,2,0,4,23,0,1,24091,10479.154,250.901901,263.592255,2024-11-05 23:00:00,1809.256
2024-11-06,00:00-01:00,2024,11,6,3,0,4,0,0,1,25507,10407.274,284.23996,304.599976,2024-11-06 00:00:00,1786.379
2024-11-06,01:00-02:00,2024,11,6,3,0,4,1,0,1,24563,10327.07,252.090057,261.0,2024-11-06 01:00:00,1780.146
2024-11-06,02:00-03:00,2024,11,6,3,0,4,2,0,1,23958,10134.924,230.000061,229.999939,2024-11-06 02:00:00,1772.173
2024-11-06,03:00-04:00,2024,11,6,3,0,4,3,0,1,23644,10122.724,222.999985,230.000061,2024-11-06 03:00:00,1728.945
2024-11-06,04:00-05:00,2024,11,6,3,0,4,4,0,1,24086,10084.444,260.600067,264.0,2024-11-06 04:00:00,1690.992
2024-11-06,05:00-06:00,2024,11,6,3,0,4,5,0,1,25318,10292.084,316.627319,304.999969,2024-11-06 05:00:00,1670.641
2024-11-06,06:00-07:00,2024,11,6,3,0,4,6,0,1,27360,10848.814,320.979248,333.819183,2024-11-06 06:00:00,2009.269
2024-11-06,07:00-08:00,2024,11,6,3,0,4,7,0,0,29112,11768.505,277.999969,304.999908,2024-11-06 07:00:00,6223.653
2024-11-06,08:00-09:00,2024,11,6,3,0,4,8,1,0,30356,14026.014,91.568726,122.999939,2024-11-06 08:00:00,12377.515
2024-11-06,09:00-10:00,2024,11,6,3,0,4,9,1,0,30479,15240.934,55.587624,46.496017,2024-11-06 09:00:00,17286.514
2024-11-06,10:00-11:00,2024,11,6,3,0,4,10,1,0,30590,15641.714,39.794659,3.050575,2024-11-06 10:00:00,20136.127
2024-11-06,11:00-12:00,2024,11,6,3,0,4,11,1,0,28442,15740.434,22.590143,2.899074,2024-11-06 11:00:00,21046.34
2024-11-06,12:00-13:00,2024,11,6,3,0,4,12,1,0,28598,15663.765,22.909578,3.040681,2024-11-06 12:00:00,20484.87
2024-11-06,13:00-14:00,2024,11,6,3,0,4,13,1,0,28490,15157.185,39.696621,2.962382,2024-11-06 13:00:00,18267.546
2024-11-06,14:00-15:00,2024,11,6,3,0,4,14,1,0,28656,14208.124,42.387974,69.313171,2024-11-06 14:00:00,13883.415
2024-11-06,15:00-16:00,2024,11,6,3,0,4,15,1,0,29279,13165.71,247.063049,277.508575,2024-11-06 15:00:00,7886.993
2024-11-06,16:00-17:00,2024,11,6,3,0,4,16,1,0,29964,13976.41,340.432831,379.754578,2024-11-06 16:00:00,2276.004
2024-11-06,17:00-18:00,2024,11,6,3,0,4,17,1,0,29986,13864.9,322.999939,384.669922,2024-11-06 17:00:00,1393.762
2024-11-06,18:00-19:00,2024,11,6,3,0,4,18,1,0,29569,12337.74,322.999847,342.414825,2024-11-06 18:00:00,1735.369
2024-11-06,19:00-20:00,2024,11,6,3,0,4,19,1,0,28898,11856.39,303.299988,322.999908,2024-11-06 19:00:00,1934.769
2024-11-06,20:00-21:00,2024,11,6,3,0,4,20,1,0,28580,11809.87,303.299866,322.999969,2024-11-06 20:00:00,1975.281
2024-11-06,21:00-22:00,2024,11,6,3,0,4,21,0,0,26945,11205.04,284.240112,322.44397,2024-11-06 21:00:00,1874.527
2024-11-06,22:00-23:00,2024,11,6,3,0,4,22,0,1,25419,10474.754,284.240021,304.706573,2024-11-06 22:00:00,1748.974
2024-11-06,23:00-24:00,2024,11,6,3,0,4,23,0,1,24697,10359.881,281.249908,319.743439,2024-11-06 23:00:00,1641.377
2024-11-07,00:00-01:00,2024,11,7,4,0,4,0,0,1,25623,10618.614,304.697571,319.531464,2024-11-07 00:00:00,1813.231
2024-11-07,01:00-02:00,2024,11,7,4,0,4,1,0,1,24722,10597.068,281.0,284.23999,2024-11-07 01:00:00,1661.752
2024-11-07,02:00-03:00,2024,11,7,4,0,4,2,0,1,24021,10349.224,264.240021,278.000122,2024-11-07 02:00:00,1557.276
2024-11-07,03:00-04:00,2024,11,7,4,0,4,3,0,1,23822,10343.034,259.543121,283.484711,2024-11-07 03:00:00,1472.643
2024-11-07,04:00-05:00,2024,11,7,4,0,4,4,0,1,24315,10333.494,282.284912,284.23996,2024-11-07 04:00:00,1418.151
2024-11-07,05:00-06:00,2024,11,7,4,0,4,5,0,1,25412,10529.074,315.947662,324.562653,2024-11-07 05:00:00,1383.737
2024-11-07,06:00-07:00,2024,11,7,4,0,4,6,0,1,27634,11044.796,356.704315,369.228668,2024-11-07 06:00:00,1669.267
2024-11-07,07:00-08:00,2024,11,7,4,0,4,7,0,0,29138,11910.744,290.0,320.822418,2024-11-07 07:00:00,5571.419
2024-11-07,08:00-09:00,2024,11,7,4,0,4,8,1,0,30473,13870.944,198.891708,222.896729,2024-11-07 08:00:00,11275.832
2024-11-07,09:00-10:00,2024,11,7,4,0,4,9,1,0,30501,14960.014,64.378441,60.324257,2024-11-07 09:00:00,15930.647
2024-11-07,10:00-11:00,2024,11,7,4,0,4,10,1,0,30672,15345.044,42.830799,25.292082,2024-11-07 10:00:00,18785.95
2024-11-07,11:00-12:00,2024,11,7,4,0,4,11,1,0,29023,15454.424,42.383064,5.660396,2024-11-07 11:00:00,19734.124
2024-11-07,12:00-13:00,2024,11,7,4,0,4,12,1,0,29170,15383.864,42.323307,6.40671,2024-11-07 12:00:00,19133.597
2024-11-07,13:00-14:00,2024,11,7,4,0,4,13,1,0,29505,14844.824,38.500652,6.506916,2024-11-07 13:00:00,16805.146
2024-11-07,14:00-15:00,2024,11,7,4,0,4,14,1,0,29568,13852.504,60.992916,82.142502,2024-11-07 14:00:00,12461.335
2024-11-07,15:00-16:00,2024,11,7,4,0,4,15,1,0,29790,13049.77,222.749954,263.901917,2024-11-07 15:00:00,6871.556
2024-11-07,16:00-17:00,2024,11,7,4,0,4,16,1,0,30229,14131.404,316.887604,357.602356,2024-11-07 16:00:00,1778.955
2024-11-07,17:00-18:00,2024,11,7,4,0,4,17,1,0,30127,14099.3,310.0,379.58197,2024-11-07 17:00:00,998.931
2024-11-07,18:00-19:00,2024,11,7,4,0,4,18,1,0,29554,12449.414,322.750061,343.421112,2024-11-07 18:00:00,1307.053
2024-11-07,19:00-20:00,2024,11,7,4,0,4,19,1,0,28970,12328.13,263.899963,316.639618,2024-11-07 19:00:00,1526.468
2024-11-07,20:00-21:00,2024,11,7,4,0,4,20,1,0,28667,11814.38,298.999908,322.66507,2024-11-07 20:00:00,1602.674
2024-11-07,21:00-22:00,2024,11,7,4,0,4,21,0,0,26816,11165.92,264.240051,316.2742,2024-11-07 21:00:00,1563.176
2024-11-07,22:00-23:00,2024,11,7,4,0,4,22,0,1,25041,10580.184,225.999969,273.000031,2024-11-07 22:00:00,1476.639
2024-11-07,23:00-24:00,2024,11,7,4,0,4,23,0,1,24316,10519.464,215.600159,237.600082,2024-11-07 23:00:00,1377.694
2024-11-08,00:00-01:00,2024,11,8,5,0,4,0,0,1,25715,10408.658,316.740601,331.768463,2024-11-08 00:00:00,1527.144
2024-11-08,01:00-02:00,2024,11,8,5,0,4,1,0,1,24800,10377.664,307.752197,320.328369,2024-11-08 01:00:00,1445.352
2024-11-08,02:00-03:00,2024,11,8,5,0,4,2,0,1,24118,10370.224,300.0,308.436462,2024-11-08 02:00:00,1361.864
2024-11-08,03:00-04:00,2024,11,8,5,0,4,3,0,1,23922,10355.794,280.000031,307.767792,2024-11-08 03:00:00,1303.38
2024-11-08,04:00-05:00,2024,11,8,5,0,4,4,0,1,24334,10350.844,304.123047,309.053711,2024-11-08 04:00:00,1269.325
2024-11-08,05:00-06:00,2024,11,8,5,0,4,5,0,1,25519,10443.634,307.705963,317.04483,2024-11-08 05:00:00,1252.375
2024-11-08,06:00-07:00,2024,11,8,5,0,4,6,0,1,27646,11103.44,320.524231,326.165436,2024-11-08 06:00:00,1425.365
2024-11-08,07:00-08:00,2024,11,8,5,0,4,7,0,0,29383,11552.174,303.325409,303.473419,2024-11-08 07:00:00,3524.627
2024-11-08,08:00-09:00,2024,11,8,5,0,4,8,1,0,30600,12391.214,297.812744,272.682037,2024-11-08 08:00:00,6476.032
2024-11-08,09:00-10:00,2024,11,8,5,0,4,9,1,0,30700,12157.724,264.743591,231.583633,2024-11-08 09:00:00,8905.572
2024-11-08,10:00-11:00,2024,11,8,5,0,4,10,1,0,30840,12126.584,209.922012,189.040619,2024-11-08 10:00:00,10570.139
2024-11-08,11:00-12:00,2024,11,8,5,0,4,11,1,0,28935,12163.544,101.226547,79.707367,2024-11-08 11:00:00,11156.829
2024-11-08,12:00-13:00,2024,11,8,5,0,4,12,1,0,29383,12141.254,141.656586,90.916344,2024-11-08 12:00:00,10561.793
2024-11-08,13:00-14:00,2024,11,8,5,0,4,13,1,0,29271,11902.434,203.585358,252.972336,2024-11-08 13:00:00,8657.656
2024-11-08,14:00-15:00,2024,11,8,5,0,4,14,1,0,29271,11890.114,272.603363,316.234955,2024-11-08 14:00:00,6019.89
2024-11-08,15:00-16:00,2024,11,8,5,0,4,15,1,0,29832,13033.373,319.602936,331.247986,2024-11-08 15:00:00,3554.305
2024-11-08,16:00-17:00,2024,11,8,5,0,4,16,1,0,30330,14510.43,319.745422,327.156433,2024-11-08 16:00:00,1305.8
2024-11-08,17:00-18:00,2024,11,8,5,0,4,17,1,0,30237,14411.01,319.775452,318.169403,2024-11-08 17:00:00,982.644
2024-11-08,18:00-19:00,2024,11,8,5,0,4,18,1,0,29676,12759.89,313.764404,324.934082,2024-11-08 18:00:00,1210.168
2024-11-08,19:00-20:00,2024,11,8,5,0,4,19,1,0,29044,12394.23,303.300171,298.503265,2024-11-08 19:00:00,1393.427
2024-11-08,20:00-21:00,2024,11,8,5,0,4,20,1,0,28731,11925.65,307.793243,308.446838,2024-11-08 20:00:00,1468.643
2024-11-08,21:00-22:00,2024,11,8,5,0,4,21,0,0,27019,11299.06,301.999847,295.705902,2024-11-08 21:00:00,1477.038
2024-11-08,22:00-23:00,2024,11,8,5,0,4,22,0,1,25283,10710.264,250.193634,265.883514,2024-11-08 22:00:00,1448.282
2024-11-08,23:00-24:00,2024,11,8,5,0,4,23,0,1,24427,10583.784,246.999954,257.043335,2024-11-08 23:00:00,1374.012
2024-11-09,00:00-01:00,2024,11,9,6,1,4,0,0,1,25689,10309.02,323.458496,327.165924,2024-11-09 00:00:00,1293.711
2024-11-09,01:00-02:00,2024,11,9,6,1,4,1,0,1,24832,10266.14,315.687592,325.326813,2024-11-09 01:00:00,1222.471
2024-11-09,02:00-03:00,2024,11,9,6,1,4,2,0,1,24303,10269.71,310.680237,315.024414,2024-11-09 02:00:00,1138.234
2024-11-09,03:00-04:00,2024,11,9,6,1,4,3,0,1,23890,10251.38,305.407501,310.19931,2024-11-09 03:00:00,1039.382
2024-11-09,04:00-05:00,2024,11,9,6,1,4,4,0,1,24165,10240.28,309.347412,314.624512,2024-11-09 04:00:00,957.388
2024-11-09,05:00-06:00,2024,11,9,6,1,4,5,0,1,25139,10842.12,317.639038,319.965546,2024-11-09 05:00:00,893.794
2024-11-09,06:00-07:00,2024,11,9,6,1,4,6,0,1,26702,11045.94,332.439819,323.829163,2024-11-09 06:00:00,962.031
2024-11-09,07:00-08:00,2024,11,9,6,1,4,7,0,0,28618,11617.93,350.384491,328.036865,2024-11-09 07:00:00,2212.447
2024-11-09,08:00-09:00,2024,11,9,6,1,4,8,1,0,29874,12183.61,360.297394,337.633026,2024-11-09 08:00:00,4002.402
2024-11-09,09:00-10:00,2024,11,9,6,1,4,9,1,0,30101,11829.923,359.965149,334.496429,2024-11-09 09:00:00,5644.277
2024-11-09,10:00-11:00,2024,11,9,6,1,4,10,1,0,30402,11475.68,354.157562,337.873047,2024-11-09 10:00:00,7040.833
2024-11-09,11:00-12:00,2024,11,9,6,1,4,11,1,0,28470,11408.48,317.116577,320.858398,2024-11-09 11:00:00,7639.771
2024-11-09,12:00-13:00,2024,11,9,6,1,4,12,1,0,28921,11526.94,316.364868,326.908813,2024-11-09 12:00:00,7384.546
2024-11-09,13:00-14:00,2024,11,9,6,1,4,13,1,0,28835,11409.74,322.501556,322.175507,2024-11-09 13:00:00,6386.812
2024-11-09,14:00-15:00,2024,11,9,6,1,4,14,1,0,28778,11553.636,337.722198,336.65155,2024-11-09 14:00:00,4783.19
2024-11-09,15:00-16:00,2024,11,9,6,1,4,15,1,0,29101,12649.272,363.099701,347.132416,2024-11-09 15:00:00,2922.972
2024-11-09,16:00-17:00,2024,11,9,6,1,4,16,1,0,29794,14252.069,355.060455,336.11264,2024-11-09 16:00:00,912.597
2024-11-09,17:00-18:00,2024,11,9,6,1,4,17,1,0,30062,14186.028,338.674866,338.971069,2024-11-09 17:00:00,448.963
2024-11-09,18:00-19:00,2024,11,9,6,1,4,18,1,0,29526,12800.488,346.558228,337.820099,2024-11-09 18:00:00,524.64
2024-11-09,19:00-20:00,2024,11,9,6,1,4,19,1,0,28785,12027.108,336.058075,327.372314,2024-11-09 19:00:00,585.784
2024-11-09,20:00-21:00,2024,11,9,6,1,4,20,1,0,28529,11923.213,335.570099,327.225311,2024-11-09 20:00:00,591.45
2024-11-09,21:00-22:00,2024,11,9,6,1,4,21,0,0,26684,10923.938,337.60907,333.561249,2024-11-09 21:00:00,574.19
2024-11-09,22:00-23:00,2024,11,9,6,1,4,22,0,1,24861,10363.49,322.143127,314.703491,2024-11-09 22:00:00,529.728
2024-11-09,23:00-24:00,2024,11,9,6,1,4,23,0,1,23955,10312.85,301.122284,309.588593,2024-11-09 23:00:00,488.383
2024-11-10,00:00-01:00,2024,11,10,7,1,4,0,0,1,25654,10294.05,,396.310974,2024-11-10 00:00:00,863.576
2024-11-10,01:00-02:00,2024,11,10,7,1,4,1,0,1,24707,10339.56,,401.048767,2024-11-10 01:00:00,823.349
2024-11-10,02:00-03:00,2024,11,10,7,1,4,2,0,1,24173,10117.62,,398.284576,2024-11-10 02:00:00,805.877
2024-11-10,03:00-04:00,2024,11,10,7,1,4,3,0,1,23675,10110.03,,407.854919,2024-11-10 03:00:00,794.755
2024-11-10,04:00-05:00,2024,11,10,7,1,4,4,0,1,23948,10102.08,,457.761932,2024-11-10 04:00:00,799.703
2024-11-10,05:00-06:00,2024,11,10,7,1,4,5,0,1,24813,10205.68,,450.299866,2024-11-10 05:00:00,775.77
2024-11-10,06:00-07:00,2024,11,10,7,1,4,6,0,1,26427,10479.67,,482.246399,2024-11-10 06:00:00,933.857
2024-11-10,07:00-08:00,2024,11,10,7,1,4,7,0,0,28108,11484.902,,569.330383,2024-11-10 07:00:00,4290.116
2024-11-10,08:00-09:00,2024,11,10,7,1,4,8,1,0,29351,13440.36,,287.137543,2024-11-10 08:00:00,9841.459
2024-11-10,09:00-10:00,2024,11,10,7,1,4,9,1,0,29682,14681.69,,95.945473,2024-11-10 09:00:00,14935.097
2024-11-10,10:00-11:00,2024,11,10,7,1,4,10,1,0,29853,15206.45,,14.471647,2024-11-10 10:00:00,18237.293
2024-11-10,11:00-12:00,2024,11,10,7,1,4,11,1,0,27786,14938.06,,22.498646,2024-11-10 11:00:00,19478.346
2024-11-10,12:00-13:00,2024,11,10,7,1,4,12,1,0,28455,15513.11,,24.018032,2024-11-10 12:00:00,19109.297
2024-11-10,13:00-14:00,2024,11,10,7,1,4,13,1,0,28135,15492.1,,23.771542,2024-11-10 13:00:00,16929.823
2024-11-10,14:00-15:00,2024,11,10,7,1,4,14,1,0,28001,13941.26,,61.395069,2024-11-10 14:00:00,12598.525
2024-11-10,15:00-16:00,2024,11,10,7,1,4,15,1,0,28556,13323.578,,339.651154,2024-11-10 15:00:00,6790.746
2024-11-10,16:00-17:00,2024,11,10,7,1,4,16,1,0,29300,14139.148,,448.367706,2024-11-10 16:00:00,1442.547
2024-11-10,17:00-18:00,2024,11,10,7,1,4,17,1,0,29762,14003.452,,488.042145,2024-11-10 17:00:00,629.426
2024-11-10,18:00-19:00,2024,11,10,7,1,4,18,1,0,29175,12448.368,,472.490112,2024-11-10 18:00:00,925.57
2024-11-10,19:00-20:00,2024,11,10,7,1,4,19,1,0,28588,11800.373,,419.993317,2024-11-10 19:00:00,1209.065
2024-11-10,20:00-21:00,2024,11,10,7,1,4,20,1,0,28481,11863.558,,423.142792,2024-11-10 20:00:00,1383.177
2024-11-10,21:00-22:00,2024,11,10,7,1,4,21,0,0,26362,11130.874,,421.642029,2024-11-10 21:00:00,1465.459
2024-11-10,22:00-23:00,2024,11,10,7,1,4,22,0,1,24525,10509.33,,383.713226,2024-11-10 22:00:00,1507.267
2024-11-10,23:00-24:00,2024,11,10,7,1,4,23,0,1,23632,10478.44,,368.411682,2024-11-10 23:00:00,1541.627
2024-11-11,00:00-01:00,2024,11,11,1,0,4,0,0,1,25328,10215.39,,347.049103,2024-11-11 00:00:00,1464.641
2024-11-11,01:00-02:00,2024,11,11,1,0,4,1,0,1,24475,10344.38,,339.226135,2024-11-11 01:00:00,1493.251
2024-11-11,02:00-03:00,2024,11,11,1,0,4,2,0,1,23877,10373.811,,328.308044,2024-11-11 02:00:00,1532.788
2024-11-11,03:00-04:00,2024,11,11,1,0,4,3,0,1,23529,10133.31,,328.317139,2024-11-11 03:00:00,1574.218
2024-11-11,04:00-05:00,2024,11,11,1,0,4,4,0,1,24010,10145.31,,342.531952,2024-11-11 04:00:00,1630.955
2024-11-11,05:00-06:00,2024,11,11,1,0,4,5,0,1,25219,10133.79,,358.483765,2024-11-11 05:00:00,1664.605
2024-11-11,06:00-07:00,2024,11,11,1,0,4,6,0,1,27469,10470.341,,395.110596,2024-11-11 06:00:00,1870.559
2024-11-11,07:00-08:00,2024,11,11,1,0,4,7,0,0,29278,11484.62,,403.358734,2024-11-11 07:00:00,5429.365
2024-11-11,08:00-09:00,2024,11,11,1,0,4,8,1,0,30821,13607.264,,297.000122,2024-11-11 08:00:00,11035.794
2024-11-11,09:00-10:00,2024,11,11,1,0,4,9,1,0,31193,14799.29,,233.552536,2024-11-11 09:00:00,15914.31
2024-11-11,10:00-11:00,2024,11,11,1,0,4,10,1,0,31244,15204.27,,22.146816,2024-11-11 10:00:00,18911.655
2024-11-11,11:00-12:00,2024,11,11,1,0,4,11,1,0,28981,14841.46,,39.628586,2024-11-11 11:00:00,19849.4
2024-11-11,12:00-13:00,2024,11,11,1,0,4,12,1,0,29637,15372.62,,21.197199,2024-11-11 12:00:00,19220.465
2024-11-11,13:00-14:00,2024,11,11,1,0,4,13,1,0,29095,15302.31,,23.166325,2024-11-11 13:00:00,16786.693
2024-11-11,14:00-15:00,2024,11,11,1,0,4,14,1,0,29164,13837.109,,262.592926,2024-11-11 14:00:00,12223.82
2024-11-11,15:00-16:00,2024,11,11,1,0,4,15,1,0,29669,13184.388,,365.545349,2024-11-11 15:00:00,6574.79
2024-11-11,16:00-17:00,2024,11,11,1,0,4,16,1,0,30157,14073.698,,534.402283,2024-11-11 16:00:00,1608.917
2024-11-11,17:00-18:00,2024,11,11,1,0,4,17,1,0,30395,14028.554,,475.669525,2024-11-11 17:00:00,1041.022
2024-11-11,18:00-19:00,2024,11,11,1,0,4,18,1,0,29763,12419.728,,479.31485,2024-11-11 18:00:00,1498.179
2024-11-11,19:00-20:00,2024,11,11,1,0,4,19,1,0,29114,12182.938,,406.884674,2024-11-11 19:00:00,1849.861
2024-11-11,20:00-21:00,2024,11,11,1,0,4,20,1,0,29045,11849.178,,381.858124,2024-11-11 20:00:00,1974.696
2024-11-11,21:00-22:00,2024,11,11,1,0,4,21,0,0,27032,11110.768,,365.441467,2024-11-11 21:00:00,1901.717
2024-11-11,22:00-23:00,2024,11,11,1,0,4,22,0,1,25207,10427.83,,351.788208,2024-11-11 22:00:00,1775.765
2024-11-11,23:00-24:00,2024,11,11,1,0,4,23,0,1,24259,10503.86,,332.14212,2024-11-11 23:00:00,1645.645
2024-11-12,00:00-01:00,2024,11,12,2,0,4,0,0,1,26061,10603.56,395.278229,383.820313,2024-11-12 00:00:00,1587.149
2024-11-12,01:00-02:00,2024,11,12,2,0,4,1,0,1,25059,10486.4,382.514374,375.940369,2024-11-12 01:00:00,1459.199
2024-11-12,02:00-03:00,2024,11,12,2,0,4,2,0,1,24604,10340.135,367.431854,353.490906,2024-11-12 02:00:00,1367.486
2024-11-12,03:00-04:00,2024,11,12,2,0,4,3,0,1,24459,10302.27,363.420959,351.282898,2024-11-12 03:00:00,1305.297
2024-11-12,04:00-05:00,2024,11,12,2,0,4,4,0,1,24984,10305.78,381.847992,368.065887,2024-11-12 04:00:00,1278.927
2024-11-12,05:00-06:00,2024,11,12,2,0,4,5,0,1,25829,10439.408,400.181885,377.766693,2024-11-12 05:00:00,1276.076
2024-11-12,06:00-07:00,2024,11,12,2,0,4,6,0,1,27891,10897.957,420.248291,417.812408,2024-11-12 06:00:00,1491.288
2024-11-12,07:00-08:00,2024,11,12,2,0,4,7,0,0,29914,11646.78,406.131958,407.341858,2024-11-12 07:00:00,4710.979
2024-11-12,08:00-09:00,2024,11,12,2,0,4,8,1,0,30980,13270.921,354.278229,328.283966,2024-11-12 08:00:00,9624.864
2024-11-12,09:00-10:00,2024,11,12,2,0,4,9,1,0,31449,14272.018,282.151672,255.445724,2024-11-12 09:00:00,14059.883
2024-11-12,10:00-11:00,2024,11,12,2,0,4,10,1,0,31760,14634.53,238.005402,230.068924,2024-11-12 10:00:00,16923.056
2024-11-12,11:00-12:00,2024,11,12,2,0,4,11,1,0,30241,14232.663,143.808411,145.95076,2024-11-12 11:00:00,17830.906
2024-11-12,12:00-13:00,2024,11,12,2,0,4,12,1,0,30341,14677.316,202.067245,212.135117,2024-11-12 12:00:00,17067.573
2024-11-12,13:00-14:00,2024,11,12,2,0,4,13,1,0,29995,14499.67,272.837677,313.311829,2024-11-12 13:00:00,14352.888
2024-11-12,14:00-15:00,2024,11,12,2,0,4,14,1,0,29616,12942.54,326.568329,504.114685,2024-11-12 14:00:00,10022.922
2024-11-12,15:00-16:00,2024,11,12,2,0,4,15,1,0,30000,12861.776,412.854828,503.045197,2024-11-12 15:00:00,5653.895
2024-11-12,16:00-17:00,2024,11,12,2,0,4,16,1,0,30690,14139.608,439.345795,514.969971,2024-11-12 16:00:00,1909.113
2024-11-12,17:00-18:00,2024,11,12,2,0,4,17,1,0,30650,14069.258,415.24704,484.946533,2024-11-12 17:00:00,1623.231
2024-11-12,18:00-19:00,2024,11,12,2,0,4,18,1,0,29622,12294.858,417.245239,478.220703,2024-11-12 18:00:00,2099.685
2024-11-12,19:00-20:00,2024,11,12,2,0,4,19,1,0,29406,12163.268,393.564209,403.92041,2024-11-12 19:00:00,2471.815
2024-11-12,20:00-21:00,2024,11,12,2,0,4,20,1,0,29020,11842.32,388.233795,385.37439,2024-11-12 20:00:00,2613.664
2024-11-12,21:00-22:00,2024,11,12,2,0,4,21,0,0,27251,11072.548,357.756744,341.472198,2024-11-12 21:00:00,2579.626
2024-11-12,22:00-23:00,2024,11,12,2,0,4,22,0,1,25510,10517.89,350.640839,316.258392,2024-11-12 22:00:00,2483.136
2024-11-12,23:00-24:00,2024,11,12,2,0,4,23,0,1,24456,10473.34,314.330078,300.084839,2024-11-12 23:00:00,2363.042
2024-11-13,00:00-01:00,2024,11,13,3,0,4,0,0,1,25988,10510.04,361.494324,330.212311,2024-11-13 00:00:00,2239.041
2024-11-13,01:00-02:00,2024,11,13,3,0,4,1,0,1,25224,10294.79,353.730011,333.238434,2024-11-13 01:00:00,2149.19
2024-11-13,02:00-03:00,2024,11,13,3,0,4,2,0,1,24687,10300.9,353.477081,340.401154,2024-11-13 02:00:00,2130.385
2024-11-13,03:00-04:00,2024,11,13,3,0,4,3,0,1,24190,10314.75,351.115723,353.453552,2024-11-13 03:00:00,2114.215
2024-11-13,04:00-05:00,2024,11,13,3,0,4,4,0,1,24603,10318.0,354.440643,360.596344,2024-11-13 04:00:00,2104.797
2024-11-13,05:00-06:00,2024,11,13,3,0,4,5,0,1,25685,10362.597,377.941406,393.564728,2024-11-13 05:00:00,2103.574
2024-11-13,06:00-07:00,2024,11,13,3,0,4,6,0,1,27913,10893.48,405.966431,408.817322,2024-11-13 06:00:00,2210.885
2024-11-13,07:00-08:00,2024,11,13,3,0,4,7,0,0,29760,11432.64,381.028503,387.605682,2024-11-13 07:00:00,4773.397
2024-11-13,08:00-09:00,2024,11,13,3,0,4,8,1,0,31269,12700.6,307.162811,354.040924,2024-11-13 08:00:00,8465.033
2024-11-13,09:00-10:00,2024,11,13,3,0,4,9,1,0,31529,13283.18,262.396301,311.536407,2024-11-13 09:00:00,11703.848
2024-11-13,10:00-11:00,2024,11,13,3,0,4,10,1,0,32071,13352.52,168.269119,300.212555,2024-11-13 10:00:00,13888.891
2024-11-13,11:00-12:00,2024,11,13,3,0,4,11,1,0,30410,12947.551,60.723541,307.524384,2024-11-13 11:00:00,14741.024
2024-11-13,12:00-13:00,2024,11,13,3,0,4,12,1,0,30641,13574.28,95.843414,313.254395,2024-11-13 12:00:00,14308.44
2024-11-13,13:00-14:00,2024,11,13,3,0,4,13,1,0,30196,13771.29,132.680069,362.670532,2024-11-13 13:00:00,12552.19
2024-11-13,14:00-15:00,2024,11,13,3,0,4,14,1,0,29952,12652.98,297.796478,610.274658,2024-11-13 14:00:00,9363.264
2024-11-13,15:00-16:00,2024,11,13,3,0,4,15,1,0,30416,12822.858,384.361267,529.078064,2024-11-13 15:00:00,5472.613
2024-11-13,16:00-17:00,2024,11,13,3,0,4,16,1,0,30877,14166.439,424.541382,526.055237,2024-11-13 16:00:00,1851.911
2024-11-13,17:00-18:00,2024,11,13,3,0,4,17,1,0,30635,14156.168,418.123138,468.038971,2024-11-13 17:00:00,1439.683
2024-11-13,18:00-19:00,2024,11,13,3,0,4,18,1,0,29822,12490.047,405.584808,419.896179,2024-11-13 18:00:00,1741.315
2024-11-13,19:00-20:00,2024,11,13,3,0,4,19,1,0,29456,12202.838,386.286194,399.132355,2024-11-13 19:00:00,1919.884
2024-11-13,20:00-21:00,2024,11,13,3,0,4,20,1,0,29111,12024.513,397.686371,399.001862,2024-11-13 20:00:00,1921.213
2024-11-13,21:00-22:00,2024,11,13,3,0,4,21,0,0,27199,11175.368,379.435486,386.441711,2024-11-13 21:00:00,1838.234
2024-11-13,22:00-23:00,2024,11,13,3,0,4,22,0,1,25492,10468.46,361.569855,359.58786,2024-11-13 22:00:00,1748.133
2024-11-13,23:00-24:00,2024,11,13,3,0,4,23,0,1,24441,10439.45,337.196747,326.866882,2024-11-13 23:00:00,1691.373
2024-11-14,00:00-01:00,2024,11,14,4,0,4,0,0,1,26309,10520.41,377.893219,374.067596,2024-11-14 00:00:00,1588.082
2024-11-14,01:00-02:00,2024,11,14,4,0,4,1,0,1,25117,10350.885,375.374451,370.348053,2024-11-14 01:00:00,1573.638
2024-11-14,02:00-03:00,2024,11,14,4,0,4,2,0,1,24772,10357.06,363.651794,360.70694,2024-11-14 02:00:00,1578.589
2024-11-14,03:00-04:00,2024,11,14,4,0,4,3,0,1,24415,10324.913,360.752686,349.075134,2024-11-14 03:00:00,1548.25
2024-11-14,04:00-05:00,2024,11,14,4,0,4,4,0,1,24683,10317.694,372.740417,369.661346,2024-11-14 04:00:00,1510.615
2024-11-14,05:00-06:00,2024,11,14,4,0,4,5,0,1,25814,10330.126,393.980896,402.120758,2024-11-14 05:00:00,1455.732
2024-11-14,06:00-07:00,2024,11,14,4,0,4,6,0,1,28262,10930.504,415.328857,441.574005,2024-11-14 06:00:00,1499.882
2024-11-14,07:00-08:00,2024,11,14,4,0,4,7,0,0,29906,11430.645,404.347992,432.146759,2024-11-14 07:00:00,4153.67
2024-11-14,08:00-09:00,2024,11,14,4,0,4,8,1,0,31468,13099.749,376.443451,464.439026,2024-11-14 08:00:00,8162.811
2024-11-14,09:00-10:00,2024,11,14,4,0,4,9,1,0,32079,13837.839,308.161377,385.845306,2024-11-14 09:00:00,11762.43
2024-11-14,10:00-11:00,2024,11,14,4,0,4,10,1,0,32203,14335.409,265.057983,365.979492,2024-11-14 10:00:00,14475.782
2024-11-14,11:00-12:00,2024,11,14,4,0,4,11,1,0,30144,13989.059,218.915665,393.485657,2024-11-14 11:00:00,15755.66
2024-11-14,12:00-13:00,2024,11,14,4,0,4,12,1,0,30729,14210.709,248.322403,430.122498,2024-11-14 12:00:00,15341.266
2024-11-14,13:00-14:00,2024,11,14,4,0,4,13,1,0,30106,14320.974,271.302704,494.417999,2024-11-14 13:00:00,13172.974
2024-11-14,14:00-15:00,2024,11,14,4,0,4,14,1,0,30183,13006.879,328.293396,857.152344,2024-11-14 14:00:00,9542.619
2024-11-14,15:00-16:00,2024,11,14,4,0,4,15,1,0,30488,12969.952,413.89798,851.625122,2024-11-14 15:00:00,5218.577
2024-11-14,16:00-17:00,2024,11,14,4,0,4,16,1,0,30843,13931.718,441.509155,546.031677,2024-11-14 16:00:00,1280.795
2024-11-14,17:00-18:00,2024,11,14,4,0,4,17,1,0,30946,13994.086,438.430176,466.793945,2024-11-14 17:00:00,733.476
2024-11-14,18:00-19:00,2024,11,14,4,0,4,18,1,0,30094,12572.605,412.298035,426.653107,2024-11-14 18:00:00,1020.383
2024-11-14,19:00-20:00,2024,11,14,4,0,4,19,1,0,29495,12089.988,407.370605,405.501678,2024-11-14 19:00:00,1301.499
2024-11-14,20:00-21:00,2024,11,14,4,0,4,20,1,0,29228,11871.628,406.04306,410.726746,2024-11-14 20:00:00,1485.989
2024-11-14,21:00-22:00,2024,11,14,4,0,4,21,0,0,27308,11056.148,403.619659,384.401733,2024-11-14 21:00:00,1594.164
2024-11-14,22:00-23:00,2024,11,14,4,0,4,22,0,1,25752,10417.41,391.525177,353.877747,2024-11-14 22:00:00,1660.371
2024-11-14,23:00-24:00,2024,11,14,4,0,4,23,0,1,24606,10397.58,352.510834,349.749268,2024-11-14 23:00:00,1730.709
2024-11-15,00:00-01:00,2024,11,15,5,0,4,0,0,1,26309,10367.57,360.71991,372.852264,2024-11-15 00:00:00,1915.177
2024-11-15,01:00-02:00,2024,11,15,5,0,4,1,0,1,25521,10347.38,351.532166,352.390961,2024-11-15 01:00:00,1934.245
2024-11-15,02:00-03:00,2024,11,15,5,0,4,2,0,1,24931,10286.043,333.759857,355.394226,2024-11-15 02:00:00,1918.258
2024-11-15,03:00-04:00,2024,11,15,5,0,4,3,0,1,24594,10252.051,327.047058,351.952576,2024-11-15 03:00:00,1867.771
2024-11-15,04:00-05:00,2024,11,15,5,0,4,4,0,1,24973,10339.19,349.555267,365.514496,2024-11-15 04:00:00,1833.376
2024-11-15,05:00-06:00,2024,11,15,5,0,4,5,0,1,26027,10349.701,377.046051,390.533722,2024-11-15 05:00:00,1829.366
2024-11-15,06:00-07:00,2024,11,15,5,0,4,6,0,1,28262,11223.138,393.715271,408.495148,2024-11-15 06:00:00,1914.356
2024-11-15,07:00-08:00,2024,11,15,5,0,4,7,0,0,30072,11651.974,393.436462,410.198792,2024-11-15 07:00:00,3947.962
2024-11-15,08:00-09:00,2024,11,15,5,0,4,8,1,0,31468,12287.973,394.030396,414.813049,2024-11-15 08:00:00,6780.565
2024-11-15,09:00-10:00,2024,11,15,5,0,4,9,1,0,32079,12612.266,388.914276,413.010834,2024-11-15 09:00:00,9260.444
2024-11-15,10:00-11:00,2024,11,15,5,0,4,10,1,0,32203,12865.66,403.574738,572.26123,2024-11-15 10:00:00,11118.94
2024-11-15,11:00-12:00,2024,11,15,5,0,4,11,1,0,30144,12237.45,366.593018,852.726196,2024-11-15 11:00:00,11828.59
2024-11-15,12:00-13:00,2024,11,15,5,0,4,12,1,0,30831,12580.09,385.205048,873.5066612500001,2024-11-15 12:00:00,11214.843
2024-11-15,13:00-14:00,2024,11,15,5,0,4,13,1,0,30106,12830.251,389.741425,873.5066612500001,2024-11-15 13:00:00,9323.98
2024-11-15,14:00-15:00,2024,11,15,5,0,4,14,1,0,30183,12093.898,390.047089,492.16571,2024-11-15 14:00:00,6749.469
2024-11-15,15:00-16:00,2024,11,15,5,0,4,15,1,0,30662,12874.504,409.180939,489.144745,2024-11-15 15:00:00,4263.081
2024-11-15,16:00-17:00,2024,11,15,5,0,4,16,1,0,30843,14379.028,392.117706,441.549072,2024-11-15 16:00:00,1863.015
2024-11-15,17:00-18:00,2024,11,15,5,0,4,17,1,0,30946,14015.868,379.473938,404.608337,2024-11-15 17:00:00,1718.719
2024-11-15,18:00-19:00,2024,11,15,5,0,4,18,1,0,30094,11900.27,375.778503,381.720306,2024-11-15 18:00:00,2123.43
2024-11-15,19:00-20:00,2024,11,15,5,0,4,19,1,0,29495,11233.718,363.999878,377.329102,2024-11-15 19:00:00,2425.492
2024-11-15,20:00-21:00,2024,11,15,5,0,4,20,1,0,29228,11191.578,371.924011,382.087646,2024-11-15 20:00:00,2555.329
2024-11-15,21:00-22:00,2024,11,15,5,0,4,21,0,0,27308,11103.202,375.148438,386.911896,2024-11-15 21:00:00,2523.997
2024-11-15,22:00-23:00,2024,11,15,5,0,4,22,0,1,25752,10430.265,350.846283,361.969116,2024-11-15 22:00:00,2444.037
2024-11-15,23:00-24:00,2024,11,15,5,0,4,23,0,1,24606,10373.604,325.979675,357.680908,2024-11-15 23:00:00,2369.993
2024-11-16,00:00-01:00,2024,11,16,6,1,4,0,0,1,26236,10836.259,324.494141,375.393219,2024-11-16 00:00:00,2342.581
2024-11-16,01:00-02:00,2024,11,16,6,1,4,1,0,1,25246,10557.377,326.030914,365.505371,2024-11-16 01:00:00,2345.184
2024-11-16,02:00-03:00,2024,11,16,6,1,4,2,0,1,24844,10262.382,313.856476,336.764069,2024-11-16 02:00:00,2381.755
2024-11-16,03:00-04:00,2024,11,16,6,1,4,3,0,1,24676,10249.93,306.441589,325.43576,2024-11-16 03:00:00,2426.737
2024-11-16,04:00-05:00,2024,11,16,6,1,4,4,0,1,24739,10244.426,306.400787,315.692383,2024-11-16 04:00:00,2481.268
2024-11-16,05:00-06:00,2024,11,16,6,1,4,5,0,1,25586,10527.862,316.393677,339.762695,2024-11-16 05:00:00,2540.244
2024-11-16,06:00-07:00,2024,11,16,6,1,4,6,0,1,27251,11171.93,317.795441,356.636139,2024-11-16 06:00:00,2685.059
2024-11-16,07:00-08:00,2024,11,16,6,1,4,7,0,0,29378,11794.167,318.077698,357.050659,2024-11-16 07:00:00,4596.124
2024-11-16,08:00-09:00,2024,11,16,6,1,4,8,1,0,31093,12477.937,323.989227,421.941193,2024-11-16 08:00:00,7220.246
2024-11-16,09:00-10:00,2024,11,16,6,1,4,9,1,0,31469,12315.77,315.021393,444.81781,2024-11-16 09:00:00,9478.737
2024-11-16,10:00-11:00,2024,11,16,6,1,4,10,1,0,31788,11619.73,326.324402,474.620972,2024-11-16 10:00:00,10972.638
2024-11-16,11:00-12:00,2024,11,16,6,1,4,11,1,0,29868,10489.855,304.232941,415.073547,2024-11-16 11:00:00,11633.523
2024-11-16,12:00-13:00,2024,11,16,6,1,4,12,1,0,30326,10808.614,314.563965,427.266541,2024-11-16 12:00:00,11330.468
2024-11-16,13:00-14:00,2024,11,16,6,1,4,13,1,0,30021,11151.0,309.236908,490.761749,2024-11-16 13:00:00,10123.038
2024-11-16,14:00-15:00,2024,11,16,6,1,4,14,1,0,29651,11367.47,314.095215,420.905518,2024-11-16 14:00:00,8516.73
2024-11-16,15:00-16:00,2024,11,16,6,1,4,15,1,0,30106,12545.439,330.472809,381.777069,2024-11-16 15:00:00,7065.034
2024-11-16,16:00-17:00,2024,11,16,6,1,4,16,1,0,30413,14325.178,296.876465,324.059509,2024-11-16 16:00:00,5625.991
2024-11-16,17:00-18:00,2024,11,16,6,1,4,17,1,0,30458,14447.138,287.0,308.801727,2024-11-16 17:00:00,5681.718
2024-11-16,18:00-19:00,2024,11,16,6,1,4,18,1,0,29504,13037.223,275.758942,302.820465,2024-11-16 18:00:00,5973.378
2024-11-16,19:00-20:00,2024,11,16,6,1,4,19,1,0,28746,11668.568,278.200897,317.828735,2024-11-16 19:00:00,6199.867
2024-11-16,20:00-21:00,2024,11,16,6,1,4,20,1,0,28240,11633.668,265.667297,312.858917,2024-11-16 20:00:00,6332.065
2024-11-16,21:00-22:00,2024,11,16,6,1,4,21,0,0,26656,11227.428,231.440247,278.764771,2024-11-16 21:00:00,6412.027
2024-11-16,22:00-23:00,2024,11,16,6,1,4,22,0,1,25038,10613.43,147.0,198.39534,2024-11-16 22:00:00,6465.277
2024-11-16,23:00-24:00,2024,11,16,6,1,4,23,0,1,24322,10611.7,79.999992,37.619987,2024-11-16 23:00:00,6487.4
2024-11-17,00:00-01:00,2024,11,17,7,1,4,0,0,1,26188,10671.94,96.498268,85.646553,2024-11-17 00:00:00,6806.897
2024-11-17,01:00-02:00,2024,11,17,7,1,4,1,0,1,25170,10666.2,79.999962,80.670601,2024-11-17 01:00:00,6835.454
2024-11-17,02:00-03:00,2024,11,17,7,1,4,2,0,1,24626,10669.59,59.999992,0.0,2024-11-17 02:00:00,6872.459
2024-11-17,03:00-04:00,2024,11,17,7,1,4,3,0,1,24378,10667.27,60.000015,0.0,2024-11-17 03:00:00,6898.751
2024-11-17,04:00-05:00,2024,11,17,7,1,4,4,0,1,24643,10651.87,79.999969,2.140613,2024-11-17 04:00:00,6902.053
2024-11-17,05:00-06:00,2024,11,17,7,1,4,5,0,1,25454,10648.15,80.000015,15.403996,2024-11-17 05:00:00,6881.041
2024-11-17,06:00-07:00,2024,11,17,7,1,4,6,0,1,27008,10656.98,144.730423,154.168823,2024-11-17 06:00:00,6863.826
2024-11-17,07:00-08:00,2024,11,17,7,1,4,7,0,0,29089,11088.135,173.445084,195.500717,2024-11-17 07:00:00,7167.727
2024-11-17,08:00-09:00,2024,11,17,7,1,4,8,1,0,30633,11355.64,246.266907,275.822754,2024-11-17 08:00:00,7755.02
2024-11-17,09:00-10:00,2024,11,17,7,1,4,9,1,0,31371,11109.44,270.541626,282.203217,2024-11-17 09:00:00,8240.165
2024-11-17,10:00-11:00,2024,11,17,7,1,4,10,1,0,31538,10247.058,326.22113,305.453918,2024-11-17 10:00:00,8624.19
2024-11-17,11:00-12:00,2024,11,17,7,1,4,11,1,0,30108,9456.124,307.11142,298.426117,2024-11-17 11:00:00,8802.951
2024-11-17,12:00-13:00,2024,11,17,7,1,4,12,1,0,30643,9962.03,301.83667,285.353058,2024-11-17 12:00:00,8580.69
2024-11-17,13:00-14:00,2024,11,17,7,1,4,13,1,0,30020,10382.012,286.667297,282.764587,2024-11-17 13:00:00,8052.329
2024-11-17,14:00-15:00,2024,11,17,7,1,4,14,1,0,29768,11060.06,266.216064,264.829895,2024-11-17 14:00:00,7394.012
2024-11-17,15:00-16:00,2024,11,17,7,1,4,15,1,0,29936,11877.748,288.25827,273.344757,2024-11-17 15:00:00,6810.277
2024-11-17,16:00-17:00,2024,11,17,7,1,4,16,1,0,30600,14565.446,181.490448,147.000122,2024-11-17 16:00:00,6191.611
2024-11-17,17:00-18:00,2024,11,17,7,1,4,17,1,0,30609,14757.428,143.364304,116.343834,2024-11-17 17:00:00,6100.443
2024-11-17,18:00-19:00,2024,11,17,7,1,4,18,1,0,29899,13234.788,137.232346,134.124283,2024-11-17 18:00:00,6185.633
2024-11-17,19:00-20:00,2024,11,17,7,1,4,19,1,0,29340,11848.868,191.886459,184.612625,2024-11-17 19:00:00,6242.876
2024-11-17,20:00-21:00,2024,11,17,7,1,4,20,1,0,28838,11795.928,186.445511,180.499878,2024-11-17 20:00:00,6251.22
2024-11-17,21:00-22:00,2024,11,17,7,1,4,21,0,0,26872,11352.578,115.866516,133.370316,2024-11-17 21:00:00,6230.929
2024-11-17,22:00-23:00,2024,11,17,7,1,4,22,0,1,25306,10732.42,80.0,0.17373,2024-11-17 22:00:00,6210.701
2024-11-17,23:00-24:00,2024,11,17,7,1,4,23,0,1,24521,10706.92,39.999989,0.001989,2024-11-17 23:00:00,6164.478
2024-11-18,00:00-01:00,2024,11,18,1,0,4,0,0,1,25506,10682.93,150.000046,151.108292,2024-11-18 00:00:00,5996.08
2024-11-18,01:00-02:00,2024,11,18,1,0,4,1,0,1,24695,10673.7,143.189529,145.30365,2024-11-18 01:00:00,5944.767
2024-11-18,02:00-03:00,2024,11,18,1,0,4,2,0,1,24190,10679.02,97.021568,99.948097,2024-11-18 02:00:00,5889.063
2024-11-18,03:00-04:00,2024,11,18,1,0,4,3,0,1,23900,10682.35,90.01429,93.180534,2024-11-18 03:00:00,5810.564
2024-11-18,04:00-05:00,2024,11,18,1,0,4,4,0,1,24557,10680.38,140.22377,177.915665,2024-11-18 04:00:00,5748.747
2024-11-18,05:00-06:00,2024,11,18,1,0,4,5,0,1,25690,10690.38,226.52243,274.850372,2024-11-18 05:00:00,5688.694
2024-11-18,06:00-07:00,2024,11,18,1,0,4,6,0,1,27851,10682.55,274.197174,273.186981,2024-11-18 06:00:00,5649.615
2024-11-18,07:00-08:00,2024,11,18,1,0,4,7,0,0,29874,10928.96,293.623322,302.230103,2024-11-18 07:00:00,6087.256
2024-11-18,08:00-09:00,2024,11,18,1,0,4,8,1,0,31981,11353.58,322.711487,326.084076,2024-11-18 08:00:00,6752.05
2024-11-18,09:00-10:00,2024,11,18,1,0,4,9,1,0,32884,11240.57,352.811401,371.341125,2024-11-18 09:00:00,7399.082
2024-11-18,10:00-11:00,2024,11,18,1,0,4,10,1,0,33200,10567.825,398.890594,380.390015,2024-11-18 10:00:00,7996.899
2024-11-18,11:00-12:00,2024,11,18,1,0,4,11,1,0,31213,9500.37,342.804596,354.830231,2024-11-18 11:00:00,8376.357
2024-11-18,12:00-13:00,2024,11,18,1,0,4,12,1,0,31970,10185.44,344.173035,369.581268,2024-11-18 12:00:00,8305.585
2024-11-18,13:00-14:00,2024,11,18,1,0,4,13,1,0,31088,10563.73,349.009125,355.092224,2024-11-18 13:00:00,7847.093
2024-11-18,14:00-15:00,2024,11,18,1,0,4,14,1,0,30992,11148.95,342.093262,331.12619,2024-11-18 14:00:00,7122.09
2024-11-18,15:00-16:00,2024,11,18,1,0,4,15,1,0,31160,12042.498,349.083282,338.193787,2024-11-18 15:00:00,6311.912
2024-11-18,16:00-17:00,2024,11,18,1,0,4,16,1,0,31799,14551.788,288.501068,286.091888,2024-11-18 16:00:00,5514.667
2024-11-18,17:00-18:00,2024,11,18,1,0,4,17,1,0,31722,14713.998,263.658356,261.243164,2024-11-18 17:00:00,5389.983
2024-11-18,18:00-19:00,2024,11,18,1,0,4,18,1,0,31057,13353.868,267.109253,256.973419,2024-11-18 18:00:00,5381.654
2024-11-18,19:00-20:00,2024,11,18,1,0,4,19,1,0,30201,11991.368,291.071564,276.895721,2024-11-18 19:00:00,5304.377
2024-11-18,20:00-21:00,2024,11,18,1,0,4,20,1,0,29723,11859.594,274.100037,270.999969,2024-11-18 20:00:00,5160.548
2024-11-18,21:00-22:00,2024,11,18,1,0,4,21,0,0,27704,11329.125,271.000061,259.999908,2024-11-18 21:00:00,4974.003
2024-11-18,22:00-23:00,2024,11,18,1,0,4,22,0,1,26063,10685.93,242.999954,195.999954,2024-11-18 22:00:00,4765.598
2024-11-18,23:00-24:00,2024,11,18,1,0,4,23,0,1,24881,10665.15,199.000015,132.999985,2024-11-18 23:00:00,4519.757
2024-11-19,00:00-01:00,2024,11,19,2,0,4,0,0,1,26528,10784.46,252.018204,266.492462,2024-11-19 00:00:00,4191.134
2024-11-19,01:00-02:00,2024,11,19,2,0,4,1,0,1,25506,10659.84,252.81781,273.536621,2024-11-19 01:00:00,4061.549
2024-11-19,02:00-03:00,2024,11,19,2,0,4,2,0,1,24923,10513.365,221.630249,259.06427,2024-11-19 02:00:00,3973.975
2024-11-19,03:00-04:00,2024,11,19,2,0,4,3,0,1,24612,10483.1,227.012085,243.930023,2024-11-19 03:00:00,3879.921
2024-11-19,04:00-05:00,2024,11,19,2,0,4,4,0,1,24975,10480.07,226.689316,246.84584,2024-11-19 04:00:00,3733.997
2024-11-19,05:00-06:00,2024,11,19,2,0,4,5,0,1,25985,10584.948,268.188416,260.402802,2024-11-19 05:00:00,3536.039
2024-11-19,06:00-07:00,2024,11,19,2,0,4,6,0,1,28216,10958.107,304.231506,303.956848,2024-11-19 06:00:00,3344.604
2024-11-19,07:00-08:00,2024,11,19,2,0,4,7,0,0,30157,10962.96,342.505341,358.467346,2024-11-19 07:00:00,4221.307
2024-11-19,08:00-09:00,2024,11,19,2,0,4,8,1,0,32437,11378.881,378.802582,366.279175,2024-11-19 08:00:00,5616.636
2024-11-19,09:00-10:00,2024,11,19,2,0,4,9,1,0,34067,11262.458,409.656097,414.462036,2024-11-19 09:00:00,6691.133
2024-11-19,10:00-11:00,2024,11,19,2,0,4,10,1,0,34307,10160.79,414.005157,426.923035,2024-11-19 10:00:00,7322.191
2024-11-19,11:00-12:00,2024,11,19,2,0,4,11,1,0,31986,9376.793,382.802704,453.142853,2024-11-19 11:00:00,7439.927
2024-11-19,12:00-13:00,2024,11,19,2,0,4,12,1,0,32381,9798.606,376.240387,489.872437,2024-11-19 12:00:00,6999.933
2024-11-19,13:00-14:00,2024,11,19,2,0,4,13,1,0,32209,10441.58,378.495758,549.515991,2024-11-19 13:00:00,6035.212
2024-11-19,14:00-15:00,2024,11,19,2,0,4,14,1,0,31715,10867.82,395.105499,516.453125,2024-11-19 14:00:00,4602.206
2024-11-19,15:00-16:00,2024,11,19,2,0,4,15,1,0,32406,11826.396,413.568542,474.978668,2024-11-19 15:00:00,3068.754
2024-11-19,16:00-17:00,2024,11,19,2,0,4,16,1,0,32832,14969.748,374.5513,377.242004,2024-11-19 16:00:00,1580.86
2024-11-19,17:00-18:00,2024,11,19,2,0,4,17,1,0,32783,15005.438,323.324677,339.976471,2024-11-19 17:00:00,1323.284
2024-11-19,18:00-19:00,2024,11,19,2,0,4,18,1,0,31668,13392.728,328.649261,330.723724,2024-11-19 18:00:00,1420.195
2024-11-19,19:00-20:00,2024,11,19,2,0,4,19,1,0,30872,11888.588,354.478851,355.406464,2024-11-19 19:00:00,1501.463
2024-11-19,20:00-21:00,2024,11,19,2,0,4,20,1,0,30527,11802.68,359.507721,349.18396,2024-11-19 20:00:00,1497.27
2024-11-19,21:00-22:00,2024,11,19,2,0,4,21,0,0,28501,10975.478,332.189697,324.526306,2024-11-19 21:00:00,1428.777
2024-11-19,22:00-23:00,2024,11,19,2,0,4,22,0,1,26579,10372.81,294.379822,297.186279,2024-11-19 22:00:00,1354.622
2024-11-19,23:00-24:00,2024,11,19,2,0,4,23,0,1,25101,10359.91,273.554565,272.275452,2024-11-19 23:00:00,1274.644
2024-11-20,00:00-01:00,2024,11,20,3,0,4,0,0,1,26858,10027.998,321.952484,325.63208,2024-11-20 00:00:00,1133.598
2024-11-20,01:00-02:00,2024,11,20,3,0,4,1,0,1,25685,9780.569,317.414307,315.018982,2024-11-20 01:00:00,1067.651
2024-11-20,02:00-03:00,2024,11,20,3,0,4,2,0,1,25306,9761.332,297.346191,297.198944,2024-11-20 02:00:00,1034.083
2024-11-20,03:00-04:00,2024,11,20,3,0,4,3,0,1,25260,9865.5,296.944855,294.470123,2024-11-20 03:00:00,993.564
2024-11-20,04:00-05:00,2024,11,20,3,0,4,4,0,1,25351,10195.264,294.450531,296.711823,2024-11-20 04:00:00,951.761
2024-11-20,05:00-06:00,2024,11,20,3,0,4,5,0,1,26237,10346.495,314.813873,315.18399,2024-11-20 05:00:00,879.225
2024-11-20,06:00-07:00,2024,11,20,3,0,4,6,0,1,28529,10436.351,342.627625,361.300354,2024-11-20 06:00:00,831.514
2024-11-20,07:00-08:00,2024,11,20,3,0,4,7,0,0,30983,11077.454,363.948151,384.807648,2024-11-20 07:00:00,2595.528
2024-11-20,08:00-09:00,2024,11,20,3,0,4,8,1,0,33271,12166.766,343.08847,384.914368,2024-11-20 08:00:00,5787.733
2024-11-20,09:00-10:00,2024,11,20,3,0,4,9,1,0,33630,12704.76,313.7677,386.872162,2024-11-20 09:00:00,8782.389
2024-11-20,10:00-11:00,2024,11,20,3,0,4,10,1,0,33796,12633.76,299.66394,314.016907,2024-11-20 10:00:00,11014.927
2024-11-20,11:00-12:00,2024,11,20,3,0,4,11,1,0,31482,13006.864,240.997253,256.908966,2024-11-20 11:00:00,12080.451
2024-11-20,12:00-13:00,2024,11,20,3,0,4,12,1,0,31841,12902.325,261.119598,288.102478,2024-11-20 12:00:00,11735.323
2024-11-20,13:00-14:00,2024,11,20,3,0,4,13,1,0,31531,12379.746,268.361816,312.52066,2024-11-20 13:00:00,10044.079
2024-11-20,14:00-15:00,2024,11,20,3,0,4,14,1,0,31285,12204.54,302.98114,359.212891,2024-11-20 14:00:00,7192.583
2024-11-20,15:00-16:00,2024,11,20,3,0,4,15,1,0,31716,12667.883,367.430908,408.563965,2024-11-20 15:00:00,3898.596
2024-11-20,16:00-17:00,2024,11,20,3,0,4,16,1,0,32442,14655.928,384.292419,362.74115,2024-11-20 16:00:00,782.392
2024-11-20,17:00-18:00,2024,11,20,3,0,4,17,1,0,32768,14664.478,350.011932,340.607666,2024-11-20 17:00:00,302.815
2024-11-20,18:00-19:00,2024,11,20,3,0,4,18,1,0,32317,13497.322,350.237213,362.249481,2024-11-20 18:00:00,341.817
2024-11-20,19:00-20:00,2024,11,20,3,0,4,19,1,0,31364,12397.718,355.937836,374.225494,2024-11-20 19:00:00,375.037
2024-11-20,20:00-21:00,2024,11,20,3,0,4,20,1,0,30701,11854.508,359.538574,374.439056,2024-11-20 20:00:00,388.25
2024-11-20,21:00-22:00,2024,11,20,3,0,4,21,0,0,28805,11152.588,347.348114,367.426239,2024-11-20 21:00:00,401.374
2024-11-20,22:00-23:00,2024,11,20,3,0,4,22,0,1,26949,10330.031,317.178772,336.781036,2024-11-20 22:00:00,416.598
2024-11-20,23:00-24:00,2024,11,20,3,0,4,23,0,1,25579,10344.644,299.446777,311.5271,2024-11-20 23:00:00,449.058
2024-11-21,00:00-01:00,2024,11,21,4,0,4,0,0,1,26792,10725.857,324.857666,331.32428,2024-11-21 00:00:00,372.165
2024-11-21,01:00-02:00,2024,11,21,4,0,4,1,0,1,25844,10589.55,312.710632,307.543121,2024-11-21 01:00:00,412.191
2024-11-21,02:00-03:00,2024,11,21,4,0,4,2,0,1,25196,10446.777,302.235718,302.932648,2024-11-21 02:00:00,459.892
2024-11-21,03:00-04:00,2024,11,21,4,0,4,3,0,1,25045,10348.216,300.096985,300.86499,2024-11-21 03:00:00,514.694
2024-11-21,04:00-05:00,2024,11,21,4,0,4,4,0,1,24999,10351.459,299.476074,304.368164,2024-11-21 04:00:00,562.286
2024-11-21,05:00-06:00,2024,11,21,4,0,4,5,0,1,26369,10361.084,320.520355,326.773529,2024-11-21 05:00:00,591.613
2024-11-21,06:00-07:00,2024,11,21,4,0,4,6,0,1,28407,11090.237,359.140076,358.619385,2024-11-21 06:00:00,669.983
2024-11-21,07:00-08:00,2024,11,21,4,0,4,7,0,0,31079,11713.704,346.25885,380.731812,2024-11-21 07:00:00,3360.26
2024-11-21,08:00-09:00,2024,11,21,4,0,4,8,1,0,32314,13158.179,297.374451,314.120148,2024-11-21 08:00:00,8242.324
2024-11-21,09:00-10:00,2024,11,21,4,0,4,9,1,0,32620,14251.103,197.809296,268.82251,2024-11-21 09:00:00,12886.394
2024-11-21,10:00-11:00,2024,11,21,4,0,4,10,1,0,32451,13693.649,89.723907,44.523453,2024-11-21 10:00:00,16058.814
2024-11-21,11:00-12:00,2024,11,21,4,0,4,11,1,0,30369,13226.043,40.999992,18.783686,2024-11-21 11:00:00,17254.149
2024-11-21,12:00-13:00,2024,11,21,4,0,4,12,1,0,31063,13519.224,67.035004,21.37207,2024-11-21 12:00:00,16594.388
2024-11-21,13:00-14:00,2024,11,21,4,0,4,13,1,0,30390,13590.39,80.215157,37.79921,2024-11-21 13:00:00,13993.097
2024-11-21,14:00-15:00,2024,11,21,4,0,4,14,1,0,30052,13202.839,253.225327,200.544296,2024-11-21 14:00:00,9558.487
2024-11-21,15:00-16:00,2024,11,21,4,0,4,15,1,0,30311,12855.208,342.466522,332.840271,2024-11-21 15:00:00,4833.281
2024-11-21,16:00-17:00,2024,11,21,4,0,4,16,1,0,31448,14968.308,350.912231,382.317902,2024-11-21 16:00:00,951.807
2024-11-21,17:00-18:00,2024,11,21,4,0,4,17,1,0,31590,14676.368,345.365753,323.619568,2024-11-21 17:00:00,432.327
2024-11-21,18:00-19:00,2024,11,21,4,0,4,18,1,0,31122,13488.798,342.111053,335.512543,2024-11-21 18:00:00,533.047
2024-11-21,19:00-20:00,2024,11,21,4,0,4,19,1,0,30503,12813.544,353.662598,353.66290300000003,2024-11-21 19:00:00,609.9
2024-11-21,20:00-21:00,2024,11,21,4,0,4,20,1,0,30203,12510.408,357.82962,371.043823,2024-11-21 20:00:00,635.962
2024-11-21,21:00-22:00,2024,11,21,4,0,4,21,0,0,28272,11743.576,335.794281,356.039398,2024-11-21 21:00:00,627.692
2024-11-21,22:00-23:00,2024,11,21,4,0,4,22,0,1,26222,10592.91,316.872711,324.438751,2024-11-21 22:00:00,617.07
2024-11-21,23:00-24:00,2024,11,21,4,0,4,23,0,1,25077,10526.73,298.381958,307.908325,2024-11-21 23:00:00,641.641
2024-11-22,00:00-01:00,2024,11,22,5,0,4,0,0,1,26891,10921.28,,318.687866,2024-11-22 00:00:00,552.719
2024-11-22,01:00-02:00,2024,11,22,5,0,4,1,0,1,25953,10612.602,,315.305084,2024-11-22 01:00:00,642.104
2024-11-22,02:00-03:00,2024,11,22,5,0,4,2,0,1,25438,10631.71,,302.133881,2024-11-22 02:00:00,783.504
2024-11-22,03:00-04:00,2024,11,22,5,0,4,3,0,1,25125,10386.47,,293.477753,2024-11-22 03:00:00,971.444
2024-11-22,04:00-05:00,2024,11,22,5,0,4,4,0,1,25218,10387.61,,300.122589,2024-11-22 04:00:00,1189.654
2024-11-22,05:00-06:00,2024,11,22,5,0,4,5,0,1,26488,10411.026,,315.627197,2024-11-22 05:00:00,1414.541
2024-11-22,06:00-07:00,2024,11,22,5,0,4,6,0,1,28716,11325.12,,331.829651,2024-11-22 06:00:00,1689.982
2024-11-22,07:00-08:00,2024,11,22,5,0,4,7,0,0,31102,11555.122,,336.10321,2024-11-22 07:00:00,4028.054
2024-11-22,08:00-09:00,2024,11,22,5,0,4,8,1,0,32719,12728.568,,306.784424,2024-11-22 08:00:00,7896.084
2024-11-22,09:00-10:00,2024,11,22,5,0,4,9,1,0,32971,13406.06,,261.644989,2024-11-22 09:00:00,11310.512
2024-11-22,10:00-11:00,2024,11,22,5,0,4,10,1,0,33135,12643.98,,323.774567,2024-11-22 10:00:00,13877.732
2024-11-22,11:00-12:00,2024,11,22,5,0,4,11,1,0,31113,12204.158,,327.740326,2024-11-22 11:00:00,14973.406
2024-11-22,12:00-13:00,2024,11,22,5,0,4,12,1,0,31711,12502.65,,364.214905,2024-11-22 12:00:00,14360.934
2024-11-22,13:00-14:00,2024,11,22,5,0,4,13,1,0,31268,12599.912,,395.524445,2024-11-22 13:00:00,12083.162
2024-11-22,14:00-15:00,2024,11,22,5,0,4,14,1,0,30932,12509.3,,414.625885,2024-11-22 14:00:00,8542.995
2024-11-22,15:00-16:00,2024,11,22,5,0,4,15,1,0,31187,13102.788,,403.981964,2024-11-22 15:00:00,5014.336
2024-11-22,16:00-17:00,2024,11,22,5,0,4,16,1,0,31947,14951.348,,396.208466,2024-11-22 16:00:00,2069.796
2024-11-22,17:00-18:00,2024,11,22,5,0,4,17,1,0,32071,14654.168,,339.631592,2024-11-22 17:00:00,2011.528
2024-11-22,18:00-19:00,2024,11,22,5,0,4,18,1,0,31381,13432.598,,332.18927,2024-11-22 18:00:00,2496.292
2024-11-22,19:00-20:00,2024,11,22,5,0,4,19,1,0,30947,12737.518,,362.77301,2024-11-22 19:00:00,2840.268
2024-11-22,20:00-21:00,2024,11,22,5,0,4,20,1,0,30887,12242.627,,335.832611,2024-11-22 20:00:00,2992.381
2024-11-22,21:00-22:00,2024,11,22,5,0,4,21,0,0,28941,11306.297,,316.141998,2024-11-22 21:00:00,3001.164
2024-11-22,22:00-23:00,2024,11,22,5,0,4,22,0,1,26696,10705.56,,291.446075,2024-11-22 22:00:00,2972.519
2024-11-22,23:00-24:00,2024,11,22,5,0,4,23,0,1,25600,10636.59,,259.556519,2024-11-22 23:00:00,2846.449
2024-11-23,00:00-01:00,2024,11,23,6,1,4,0,0,1,26860,10887.174,321.241241,327.197357,2024-11-23 00:00:00,2808.536
2024-11-23,01:00-02:00,2024,11,23,6,1,4,1,0,1,25886,10626.443,304.821564,321.211365,2024-11-23 01:00:00,2730.434
2024-11-23,02:00-03:00,2024,11,23,6,1,4,2,0,1,25358,10594.974,295.484497,300.463715,2024-11-23 02:00:00,2686.938
2024-11-23,03:00-04:00,2024,11,23,6,1,4,3,0,1,24952,10576.386,280.863007,290.562073,2024-11-23 03:00:00,2668.613
2024-11-23,04:00-05:00,2024,11,23,6,1,4,4,0,1,25172,10542.424,298.518372,295.679321,2024-11-23 04:00:00,2659.626
2024-11-23,05:00-06:00,2024,11,23,6,1,4,5,0,1,26085,10618.544,308.202301,305.41745,2024-11-23 05:00:00,2611.66
2024-11-23,06:00-07:00,2024,11,23,6,1,4,6,0,1,27819,10754.842,327.611725,324.674866,2024-11-23 06:00:00,2601.828
2024-11-23,07:00-08:00,2024,11,23,6,1,4,7,0,0,30581,11589.894,322.392151,322.12677,2024-11-23 07:00:00,5124.563
2024-11-23,08:00-09:00,2024,11,23,6,1,4,8,1,0,31685,13232.514,260.921295,299.999908,2024-11-23 08:00:00,9508.174
2024-11-23,09:00-10:00,2024,11,23,6,1,4,9,1,0,31843,13970.85,101.787453,216.804123,2024-11-23 09:00:00,13158.247
2024-11-23,10:00-11:00,2024,11,23,6,1,4,10,1,0,32268,13401.94,89.654968,97.761543,2024-11-23 10:00:00,15239.047
2024-11-23,11:00-12:00,2024,11,23,6,1,4,11,1,0,29986,12776.49,65.381233,91.463982,2024-11-23 11:00:00,15668.353
2024-11-23,12:00-13:00,2024,11,23,6,1,4,12,1,0,30585,12852.969,101.82885,111.287582,2024-11-23 12:00:00,14540.209
2024-11-23,13:00-14:00,2024,11,23,6,1,4,13,1,0,30678,12683.28,106.694885,240.78244,2024-11-23 13:00:00,11495.042
2024-11-23,14:00-15:00,2024,11,23,6,1,4,14,1,0,30631,11581.39,311.76767,338.798553,2024-11-23 14:00:00,7575.316
2024-11-23,15:00-16:00,2024,11,23,6,1,4,15,1,0,30662,13231.74,336.437775,354.293091,2024-11-23 15:00:00,4326.829
2024-11-23,16:00-17:00,2024,11,23,6,1,4,16,1,0,31436,15006.52,329.437073,340.500275,2024-11-23 16:00:00,1858.892
2024-11-23,17:00-18:00,2024,11,23,6,1,4,17,1,0,31634,14878.25,332.210815,336.359283,2024-11-23 17:00:00,1732.036
2024-11-23,18:00-19:00,2024,11,23,6,1,4,18,1,0,30871,13689.17,331.787445,333.187256,2024-11-23 18:00:00,2019.486
2024-11-23,19:00-20:00,2024,11,23,6,1,4,19,1,0,30415,13172.04,334.636108,337.284393,2024-11-23 19:00:00,2211.582
2024-11-23,20:00-21:00,2024,11,23,6,1,4,20,1,0,30175,13083.993,332.394745,341.152832,2024-11-23 20:00:00,2225.146
2024-11-23,21:00-22:00,2024,11,23,6,1,4,21,0,0,28453,11696.09,325.133606,340.641479,2024-11-23 21:00:00,2128.85
2024-11-23,22:00-23:00,2024,11,23,6,1,4,22,0,1,26433,10845.704,315.761627,316.672516,2024-11-23 22:00:00,1989.22
2024-11-23,23:00-24:00,2024,11,23,6,1,4,23,0,1,24887,10738.674,297.795441,296.260529,2024-11-23 23:00:00,1826.104
2024-11-24,00:00-01:00,2024,11,24,7,1,4,0,0,1,26735,10183.114,314.48407,324.290955,2024-11-24 00:00:00,1805.854
2024-11-24,01:00-02:00,2024,11,24,7,1,4,1,0,1,25586,8877.946,319.022919,324.994324,2024-11-24 01:00:00,1670.105
2024-11-24,02:00-03:00,2024,11,24,7,1,4,2,0,1,24761,8771.427,307.125,319.995178,2024-11-24 02:00:00,1577.805
2024-11-24,03:00-04:00,2024,11,24,7,1,4,3,0,1,24400,8734.276,302.608612,307.83197,2024-11-24 03:00:00,1526.35
2024-11-24,04:00-05:00,2024,11,24,7,1,4,4,0,1,24727,8734.958,315.216309,314.160339,2024-11-24 04:00:00,1517.011
2024-11-24,05:00-06:00,2024,11,24,7,1,4,5,0,1,25455,9548.1,315.102081,315.754181,2024-11-24 05:00:00,1504.414
2024-11-24,06:00-07:00,2024,11,24,7,1,4,6,0,1,26830,10473.226,303.183472,313.482971,2024-11-24 06:00:00,1522.561
2024-11-24,07:00-08:00,2024,11,24,7,1,4,7,0,0,29279,10836.349,326.040558,335.558075,2024-11-24 07:00:00,2336.946
2024-11-24,08:00-09:00,2024,11,24,7,1,4,8,1,0,31007,11437.531,342.435089,359.01474,2024-11-24 08:00:00,3522.721
2024-11-24,09:00-10:00,2024,11,24,7,1,4,9,1,0,31447,11748.318,322.996948,378.954132,2024-11-24 09:00:00,4384.492
2024-11-24,10:00-11:00,2024,11,24,7,1,4,10,1,0,32100,11705.351,340.377106,470.665161,2024-11-24 10:00:00,4924.261
2024-11-24,11:00-12:00,2024,11,24,7,1,4,11,1,0,30228,11349.39,304.420197,420.986664,2024-11-24 11:00:00,5038.083
2024-11-24,12:00-13:00,2024,11,24,7,1,4,12,1,0,30731,11400.097,324.030518,639.246948,2024-11-24 12:00:00,4701.37
2024-11-24,13:00-14:00,2024,11,24,7,1,4,13,1,0,30337,11383.992,323.661346,419.816742,2024-11-24 13:00:00,3949.184
2024-11-24,14:00-15:00,2024,11,24,7,1,4,14,1,0,29889,11561.42,323.34375,433.122528,2024-11-24 14:00:00,2987.467
2024-11-24,15:00-16:00,2024,11,24,7,1,4,15,1,0,30329,12567.88,346.545837,440.271942,2024-11-24 15:00:00,2132.13
2024-11-24,16:00-17:00,2024,11,24,7,1,4,16,1,0,31072,14683.88,317.839905,358.307465,2024-11-24 16:00:00,1389.357
2024-11-24,17:00-18:00,2024,11,24,7,1,4,17,1,0,31639,14861.11,287.503326,306.379852,2024-11-24 17:00:00,1496.651
2024-11-24,18:00-19:00,2024,11,24,7,1,4,18,1,0,30731,13244.025,305.033752,311.284576,2024-11-24 18:00:00,1804.37
2024-11-24,19:00-20:00,2024,11,24,7,1,4,19,1,0,30386,12776.57,300.416351,316.875641,2024-11-24 19:00:00,2036.736
2024-11-24,20:00-21:00,2024,11,24,7,1,4,20,1,0,29889,12076.49,319.950195,329.982056,2024-11-24 20:00:00,2129.505
2024-11-24,21:00-22:00,2024,11,24,7,1,4,21,0,0,28059,11268.34,300.17099,303.871979,2024-11-24 21:00:00,2133.665
2024-11-24,22:00-23:00,2024,11,24,7,1,4,22,0,1,25993,10688.364,265.970093,274.992889,2024-11-24 22:00:00,2174.197
2024-11-24,23:00-24:00,2024,11,24,7,1,4,23,0,1,24739,10651.684,225.762604,262.138489,2024-11-24 23:00:00,2310.445
2024-11-25,00:00-01:00,2024,11,25,1,0,4,0,0,1,26394,10310.384,279.141785,285.416077,2024-11-25 00:00:00,2678.905
2024-11-25,01:00-02:00,2024,11,25,1,0,4,1,0,1,25426,9632.054,282.315582,293.2854,2024-11-25 01:00:00,3065.767
2024-11-25,02:00-03:00,2024,11,25,1,0,4,2,0,1,24700,9525.844,249.696564,259.818542,2024-11-25 02:00:00,3479.741
2024-11-25,03:00-04:00,2024,11,25,1,0,4,3,0,1,24422,9608.554,238.273636,238.875641,2024-11-25 03:00:00,3869.084
2024-11-25,04:00-05:00,2024,11,25,1,0,4,4,0,1,24658,10000.554,224.554657,234.92041,2024-11-25 04:00:00,4279.686
2024-11-25,05:00-06:00,2024,11,25,1,0,4,5,0,1,25972,10116.904,232.780991,236.579681,2024-11-25 05:00:00,4655.565
2024-11-25,06:00-07:00,2024,11,25,1,0,4,6,0,1,28262,11088.124,255.529526,230.513733,2024-11-25 06:00:00,4953.3
2024-11-25,07:00-08:00,2024,11,25,1,0,4,7,0,0,30804,11572.029,284.694977,283.711517,2024-11-25 07:00:00,5564.913
2024-11-25,08:00-09:00,2024,11,25,1,0,4,8,1,0,33000,12607.324,306.734375,306.638977,2024-11-25 08:00:00,6476.862
2024-11-25,09:00-10:00,2024,11,25,1,0,4,9,1,0,33656,11689.14,316.219025,347.496307,2024-11-25 09:00:00,7562.72
2024-11-25,10:00-11:00,2024,11,25,1,0,4,10,1,0,34000,11858.8,327.759735,342.856659,2024-11-25 10:00:00,8877.101
2024-11-25,11:00-12:00,2024,11,25,1,0,4,11,1,0,31820,12140.71,202.892059,243.849213,2024-11-25 11:00:00,10105.842
2024-11-25,12:00-13:00,2024,11,25,1,0,4,12,1,0,32258,12467.92,185.325333,227.203064,2024-11-25 12:00:00,10645.116
2024-11-25,13:00-14:00,2024,11,25,1,0,4,13,1,0,31724,12592.73,179.054886,173.658249,2024-11-25 13:00:00,10625.169
2024-11-25,14:00-15:00,2024,11,25,1,0,4,14,1,0,31558,12431.91,217.663208,138.219315,2024-11-25 14:00:00,9617.239
2024-11-25,15:00-16:00,2024,11,25,1,0,4,15,1,0,32128,12989.44,280.625153,247.308197,2024-11-25 15:00:00,7435.585
2024-11-25,16:00-17:00,2024,11,25,1,0,4,16,1,0,32718,14343.634,254.519348,262.99707,2024-11-25 16:00:00,4889.415
2024-11-25,17:00-18:00,2024,11,25,1,0,4,17,1,0,32794,14445.05,249.082535,278.421051,2024-11-25 17:00:00,4346.271
2024-11-25,18:00-19:00,2024,11,25,1,0,4,18,1,0,32089,14764.78,254.909164,289.274139,2024-11-25 18:00:00,4144.035
2024-11-25,19:00-20:00,2024,11,25,1,0,4,19,1,0,31676,14652.96,256.293823,287.200043,2024-11-25 19:00:00,4007.875
2024-11-25,20:00-21:00,2024,11,25,1,0,4,20,1,0,31522,14148.21,288.283112,322.416473,2024-11-25 20:00:00,3880.865
2024-11-25,21:00-22:00,2024,11,25,1,0,4,21,0,0,29226,12172.06,270.113098,294.136353,2024-11-25 21:00:00,3771.398
2024-11-25,22:00-23:00,2024,11,25,1,0,4,22,0,1,27197,11454.584,242.014755,237.158859,2024-11-25 22:00:00,3701.904
2024-11-25,23:00-24:00,2024,11,25,1,0,4,23,0,1,25896,11264.494,217.402573,221.744446,2024-11-25 23:00:00,3622.139
2024-11-26,00:00-01:00,2024,11,26,2,0,4,0,0,1,27411,11040.044,294.26944,282.515961,2024-11-26 00:00:00,3489.816
2024-11-26,01:00-02:00,2024,11,26,2,0,4,1,0,1,26473,10954.584,277.023773,278.494659,2024-11-26 01:00:00,3298.602
2024-11-26,02:00-03:00,2024,11,26,2,0,4,2,0,1,25729,10926.797,264.748932,261.797607,2024-11-26 02:00:00,3050.301
2024-11-26,03:00-04:00,2024,11,26,2,0,4,3,0,1,25587,10903.914,264.164795,290.058136,2024-11-26 03:00:00,2746.808
2024-11-26,04:00-05:00,2024,11,26,2,0,4,4,0,1,25728,10844.064,285.243225,306.035797,2024-11-26 04:00:00,2408.126
2024-11-26,05:00-06:00,2024,11,26,2,0,4,5,0,1,26885,10917.15,311.095673,312.609772,2024-11-26 05:00:00,2069.804
2024-11-26,06:00-07:00,2024,11,26,2,0,4,6,0,1,28853,11070.924,351.619019,358.726593,2024-11-26 06:00:00,1791.147
2024-11-26,07:00-08:00,2024,11,26,2,0,4,7,0,0,32033,12153.644,370.499939,413.537384,2024-11-26 07:00:00,4084.564
2024-11-26,08:00-09:00,2024,11,26,2,0,4,8,1,0,33408,13554.755,328.095764,331.754578,2024-11-26 08:00:00,8504.745
2024-11-26,09:00-10:00,2024,11,26,2,0,4,9,1,0,33359,13371.604,243.325516,157.446487,2024-11-26 09:00:00,12138.83
2024-11-26,10:00-11:00,2024,11,26,2,0,4,10,1,0,34147,13578.094,197.596909,71.889008,2024-11-26 10:00:00,14003.907
2024-11-26,11:00-12:00,2024,11,26,2,0,4,11,1,0,31853,12827.034,125.263962,64.674995,2024-11-26 11:00:00,14227.681
2024-11-26,12:00-13:00,2024,11,26,2,0,4,12,1,0,32520,12902.874,175.586533,171.120956,2024-11-26 12:00:00,13169.296
2024-11-26,13:00-14:00,2024,11,26,2,0,4,13,1,0,32274,12828.334,235.038055,124.050377,2024-11-26 13:00:00,10490.847
2024-11-26,14:00-15:00,2024,11,26,2,0,4,14,1,0,32229,12419.034,340.309021,528.934082,2024-11-26 14:00:00,6794.826
2024-11-26,15:00-16:00,2024,11,26,2,0,4,15,1,0,32687,13310.829,392.737762,463.836517,2024-11-26 15:00:00,3621.293
2024-11-26,16:00-17:00,2024,11,26,2,0,4,16,1,0,33661,15165.225,399.891296,356.706512,2024-11-26 16:00:00,1158.667
2024-11-26,17:00-18:00,2024,11,26,2,0,4,17,1,0,33559,15312.26,372.867676,355.766449,2024-11-26 17:00:00,1064.405
2024-11-26,18:00-19:00,2024,11,26,2,0,4,18,1,0,32870,14074.07,388.767059,343.603058,2024-11-26 18:00:00,1483.89
2024-11-26,19:00-20:00,2024,11,26,2,0,4,19,1,0,32487,13417.48,376.8302,332.835144,2024-11-26 19:00:00,1906.782
2024-11-26,20:00-21:00,2024,11,26,2,0,4,20,1,0,32104,13005.32,350.28421,330.552307,2024-11-26 20:00:00,2259.124
2024-11-26,21:00-22:00,2024,11,26,2,0,4,21,0,0,30008,11715.19,385.400604,350.868103,2024-11-26 21:00:00,2531.928
2024-11-26,22:00-23:00,2024,11,26,2,0,4,22,0,1,27746,11075.074,322.222015,301.554718,2024-11-26 22:00:00,2716.438
2024-11-26,23:00-24:00,2024,11,26,2,0,4,23,0,1,26547,10994.694,302.587341,279.893829,2024-11-26 23:00:00,2880.789
2024-11-27,00:00-01:00,2024,11,27,3,0,4,0,0,1,27337,11021.744,288.977722,291.660797,2024-11-27 00:00:00,2674.394
2024-11-27,01:00-02:00,2024,11,27,3,0,4,1,0,1,26490,11027.034,268.359711,244.544174,2024-11-27 01:00:00,2747.223
2024-11-27,02:00-03:00,2024,11,27,3,0,4,2,0,1,25823,11023.624,237.889771,232.427872,2024-11-27 02:00:00,2895.045
2024-11-27,03:00-04:00,2024,11,27,3,0,4,3,0,1,25644,10975.814,204.672806,234.188141,2024-11-27 03:00:00,3084.968
2024-11-27,04:00-05:00,2024,11,27,3,0,4,4,0,1,25995,10975.404,222.7435,241.127121,2024-11-27 04:00:00,3247.093
2024-11-27,05:00-06:00,2024,11,27,3,0,4,5,0,1,27122,11025.314,279.673004,286.814453,2024-11-27 05:00:00,3277.64
2024-11-27,06:00-07:00,2024,11,27,3,0,4,6,0,1,29659,11100.444,326.587555,353.193878,2024-11-27 06:00:00,3273.356
2024-11-27,07:00-08:00,2024,11,27,3,0,4,7,0,0,32167,12051.754,314.483765,353.742188,2024-11-27 07:00:00,5829.466
2024-11-27,08:00-09:00,2024,11,27,3,0,4,8,1,0,34352,13879.754,231.758331,222.02153,2024-11-27 08:00:00,11037.632
2024-11-27,09:00-10:00,2024,11,27,3,0,4,9,1,0,34290,14249.574,74.641029,21.700306,2024-11-27 09:00:00,16067.358
2024-11-27,10:00-11:00,2024,11,27,3,0,4,10,1,0,34369,15179.074,55.459099,52.408001,2024-11-27 10:00:00,19912.927
2024-11-27,11:00-12:00,2024,11,27,3,0,4,11,1,0,32617,15013.404,38.700199,26.013577,2024-11-27 11:00:00,21666.973
2024-11-27,12:00-13:00,2024,11,27,3,0,4,12,1,0,32534,15323.434,40.219208,28.291058,2024-11-27 12:00:00,21350.197
2024-11-27,13:00-14:00,2024,11,27,3,0,4,13,1,0,32257,15395.194,39.651009,54.595921,2024-11-27 13:00:00,19090.41
2024-11-27,14:00-15:00,2024,11,27,3,0,4,14,1,0,31987,13718.354,80.769684,57.004021,2024-11-27 14:00:00,14276.971
2024-11-27,15:00-16:00,2024,11,27,3,0,4,15,1,0,32711,13738.89,299.994293,141.602081,2024-11-27 15:00:00,8012.085
2024-11-27,16:00-17:00,2024,11,27,3,0,4,16,1,0,33695,15166.65,386.400482,387.518707,2024-11-27 16:00:00,2715.342
2024-11-27,17:00-18:00,2024,11,27,3,0,4,17,1,0,33964,15291.59,385.359741,400.458862,2024-11-27 17:00:00,1871.342
2024-11-27,18:00-19:00,2024,11,27,3,0,4,18,1,0,33499,14544.752,388.266663,389.087097,2024-11-27 18:00:00,1888.003
2024-11-27,19:00-20:00,2024,11,27,3,0,4,19,1,0,33045,13862.938,398.831329,400.252319,2024-11-27 19:00:00,2063.127
2024-11-27,20:00-21:00,2024,11,27,3,0,4,20,1,0,32538,13746.04,390.978607,444.351868,2024-11-27 20:00:00,2302.992
2024-11-27,21:00-22:00,2024,11,27,3,0,4,21,0,0,30513,11711.99,382.180969,450.366913,2024-11-27 21:00:00,2606.826
2024-11-27,22:00-23:00,2024,11,27,3,0,4,22,0,1,28120,11012.662,331.337494,369.702179,2024-11-27 22:00:00,2916.025
2024-11-27,23:00-24:00,2024,11,27,3,0,4,23,0,1,26898,10945.644,287.004761,295.515869,2024-11-27 23:00:00,3137.758
2024-11-28,00:00-01:00,2024,11,28,4,0,4,0,0,1,27239,11014.444,245.162949,281.39093,2024-11-28 00:00:00,3489.999
2024-11-28,01:00-02:00,2024,11,28,4,0,4,1,0,1,26191,10991.014,207.448914,220.430359,2024-11-28 01:00:00,3565.177
2024-11-28,02:00-03:00,2024,11,28,4,0,4,2,0,1,25365,11004.054,176.100006,176.447815,2024-11-28 02:00:00,3565.347
2024-11-28,03:00-04:00,2024,11,28,4,0,4,3,0,1,25185,10952.234,157.912689,169.219193,2024-11-28 03:00:00,3539.758
2024-11-28,04:00-05:00,2024,11,28,4,0,4,4,0,1,25439,10957.484,183.000061,189.161301,2024-11-28 04:00:00,3508.406
2024-11-28,05:00-06:00,2024,11,28,4,0,4,5,0,1,26768,10963.844,289.521515,235.050217,2024-11-28 05:00:00,3483.601
2024-11-28,06:00-07:00,2024,11,28,4,0,4,6,0,1,29649,11196.964,355.822906,326.848907,2024-11-28 06:00:00,3517.116
2024-11-28,07:00-08:00,2024,11,28,4,0,4,7,0,0,31997,12156.354,329.864288,409.768585,2024-11-28 07:00:00,6608.507
2024-11-28,08:00-09:00,2024,11,28,4,0,4,8,1,0,33232,14515.234,166.343414,229.077927,2024-11-28 08:00:00,13061.003
2024-11-28,09:00-10:00,2024,11,28,4,0,4,9,1,0,33727,15141.584,60.408993,39.882984,2024-11-28 09:00:00,18812.488
2024-11-28,10:00-11:00,2024,11,28,4,0,4,10,1,0,33525,16014.344,47.695225,47.342091,2024-11-28 10:00:00,22546.206
2024-11-28,11:00-12:00,2024,11,28,4,0,4,11,1,0,31263,15759.924,34.404068,23.859388,2024-11-28 11:00:00,24183.774
2024-11-28,12:00-13:00,2024,11,28,4,0,4,12,1,0,31726,16083.364,34.681957,30.750837,2024-11-28 12:00:00,24021.77
2024-11-28,13:00-14:00,2024,11,28,4,0,4,13,1,0,31087,16142.364,31.643274,32.112762,2024-11-28 13:00:00,21801.049
2024-11-28,14:00-15:00,2024,11,28,4,0,4,14,1,0,31162,14393.124,57.765377,30.285545,2024-11-28 14:00:00,16878.411
2024-11-28,15:00-16:00,2024,11,28,4,0,4,15,1,0,31424,14127.51,244.647095,132.902954,2024-11-28 15:00:00,10192.502
2024-11-28,16:00-17:00,2024,11,28,4,0,4,16,1,0,32303,15271.42,481.087067,512.386475,2024-11-28 16:00:00,4272.638
2024-11-28,17:00-18:00,2024,11,28,4,0,4,17,1,0,32721,15491.79,427.693817,486.974548,2024-11-28 17:00:00,3194.318
2024-11-28,18:00-19:00,2024,11,28,4,0,4,18,1,0,32213,14282.47,433.490967,418.119049,2024-11-28 18:00:00,2992.838
2024-11-28,19:00-20:00,2024,11,28,4,0,4,19,1,0,31942,14037.7,428.96228,439.329041,2024-11-28 19:00:00,2881.955
2024-11-28,20:00-21:00,2024,11,28,4,0,4,20,1,0,31602,13858.5,439.195435,480.453796,2024-11-28 20:00:00,2753.308
2024-11-28,21:00-22:00,2024,11,28,4,0,4,21,0,0,29803,12701.074,457.177948,455.772064,2024-11-28 21:00:00,2607.566
2024-11-28,22:00-23:00,2024,11,28,4,0,4,22,0,1,27766,11401.304,389.53064,404.932159,2024-11-28 22:00:00,2494.477
2024-11-28,23:00-24:00,2024,11,28,4,0,4,23,0,1,26068,11120.964,351.277863,377.1427,2024-11-28 23:00:00,2364.083
2024-11-29,00:00-01:00,2024,11,29,5,0,4,0,0,1,27208,11087.65,353.618317,355.458221,2024-11-29 00:00:00,2014.186
2024-11-29,01:00-02:00,2024,11,29,5,0,4,1,0,1,26137,10855.104,317.833801,347.92038,2024-11-29 01:00:00,1973.69
2024-11-29,02:00-03:00,2024,11,29,5,0,4,2,0,1,25323,10874.074,291.542145,311.693176,2024-11-29 02:00:00,1945.32
2024-11-29,03:00-04:00,2024,11,29,5,0,4,3,0,1,25132,10836.404,288.386627,290.533478,2024-11-29 03:00:00,1946.774
2024-11-29,04:00-05:00,2024,11,29,5,0,4,4,0,1,25613,10819.444,297.55484,311.771362,2024-11-29 04:00:00,1980.536
2024-11-29,05:00-06:00,2024,11,29,5,0,4,5,0,1,26905,10883.934,344.930359,348.361938,2024-11-29 05:00:00,2046.864
2024-11-29,06:00-07:00,2024,11,29,5,0,4,6,0,1,29653,11138.984,510.39151,574.151001,2024-11-29 06:00:00,2179.467
2024-11-29,07:00-08:00,2024,11,29,5,0,4,7,0,0,31863,12208.834,422.387054,632.087219,2024-11-29 07:00:00,5296.059
2024-11-29,08:00-09:00,2024,11,29,5,0,4,8,1,0,33569,14359.794,279.272675,298.450073,2024-11-29 08:00:00,11674.874
2024-11-29,09:00-10:00,2024,11,29,5,0,4,9,1,0,33529,14966.834,59.075016,73.11084,2024-11-29 09:00:00,17306.746
2024-11-29,10:00-11:00,2024,11,29,5,0,4,10,1,0,33303,15722.944,64.351723,22.348503,2024-11-29 10:00:00,20720.615
2024-11-29,11:00-12:00,2024,11,29,5,0,4,11,1,0,30781,15522.884,38.490986,25.307955,2024-11-29 11:00:00,22018.626
2024-11-29,12:00-13:00,2024,11,29,5,0,4,12,1,0,31184,15889.714,50.118862,30.988356,2024-11-29 12:00:00,21622.553
2024-11-29,13:00-14:00,2024,11,29,5,0,4,13,1,0,31178,15888.554,42.170876,31.968224,2024-11-29 13:00:00,19231.847
2024-11-29,14:00-15:00,2024,11,29,5,0,4,14,1,0,30955,14143.144,57.429298,26.147837,2024-11-29 14:00:00,14217.319
2024-11-29,15:00-16:00,2024,11,29,5,0,4,15,1,0,31251,13859.54,321.2677,263.140228,2024-11-29 15:00:00,7554.835
2024-11-29,16:00-17:00,2024,11,29,5,0,4,16,1,0,32443,15248.53,495.115021,404.955688,2024-11-29 16:00:00,1961.755
2024-11-29,17:00-18:00,2024,11,29,5,0,4,17,1,0,32963,15445.69,536.728516,535.953064,2024-11-29 17:00:00,1203.058
2024-11-29,18:00-19:00,2024,11,29,5,0,4,18,1,0,32399,14304.509,538.687073,426.357849,2024-11-29 18:00:00,1336.248
2024-11-29,19:00-20:00,2024,11,29,5,0,4,19,1,0,32049,14062.159,547.282166,401.179535,2024-11-29 19:00:00,1442.422
2024-11-29,20:00-21:00,2024,11,29,5,0,4,20,1,0,31374,13831.629,531.579407,411.395569,2024-11-29 20:00:00,1454.73
2024-11-29,21:00-22:00,2024,11,29,5,0,4,21,0,0,29543,12209.512,274.554962,427.233887,2024-11-29 21:00:00,1398.55
2024-11-29,22:00-23:00,2024,11,29,5,0,4,22,0,1,27299,11110.123,393.247345,355.881805,2024-11-29 22:00:00,1330.175
2024-11-29,23:00-24:00,2024,11,29,5,0,4,23,0,1,26176,11035.143,341.132111,322.114471,2024-11-29 23:00:00,1257.57
2024-11-30,00:00-01:00,2024,11,30,6,1,4,0,0,1,27096,10987.329,350.456268,348.155121,2024-11-30 00:00:00,1246.351
2024-11-30,01:00-02:00,2024,11,30,6,1,4,1,0,1,25979,10700.758,328.080048,333.576355,2024-11-30 01:00:00,1145.591
2024-11-30,02:00-03:00,2024,11,30,6,1,4,2,0,1,25168,10593.258,307.547485,332.840302,2024-11-30 02:00:00,1083.354
2024-11-30,03:00-04:00,2024,11,30,6,1,4,3,0,1,25153,10602.138,294.81723,319.815948,2024-11-30 03:00:00,1041.681
2024-11-30,04:00-05:00,2024,11,30,6,1,4,4,0,1,25122,10555.938,314.691559,328.373322,2024-11-30 04:00:00,1053.072
2024-11-30,05:00-06:00,2024,11,30,6,1,4,5,0,1,26402,10722.748,344.341858,353.899841,2024-11-30 05:00:00,1106.896
2024-11-30,06:00-07:00,2024,11,30,6,1,4,6,0,1,28480,11263.418,414.690186,379.7099,2024-11-30 06:00:00,1203.238
2024-11-30,07:00-08:00,2024,11,30,6,1,4,7,0,0,31021,12357.098,359.400818,362.109589,2024-11-30 07:00:00,3610.169
2024-11-30,08:00-09:00,2024,11,30,6,1,4,8,1,0,32178,13341.218,291.455658,287.068542,2024-11-30 08:00:00,8506.721
2024-11-30,09:00-10:00,2024,11,30,6,1,4,9,1,0,32312,13433.034,141.352173,116.850929,2024-11-30 09:00:00,12865.931
2024-11-30,10:00-11:00,2024,11,30,6,1,4,10,1,0,32071,13829.334,83.569633,67.028351,2024-11-30 10:00:00,15589.383
2024-11-30,11:00-12:00,2024,11,30,6,1,4,11,1,0,30646,13409.094,56.123035,22.964933,2024-11-30 11:00:00,16519.137
2024-11-30,12:00-13:00,2024,11,30,6,1,4,12,1,0,30762,13699.814,56.936989,26.125895,2024-11-30 12:00:00,15957.613
2024-11-30,13:00-14:00,2024,11,30,6,1,4,13,1,0,30182,13813.664,61.528748,27.566494,2024-11-30 13:00:00,13761.982
2024-11-30,14:00-15:00,2024,11,30,6,1,4,14,1,0,29925,12446.314,147.281403,16.322693,2024-11-30 14:00:00,9834.956
2024-11-30,15:00-16:00,2024,11,30,6,1,4,15,1,0,30675,13086.35,332.85257,256.552704,2024-11-30 15:00:00,5457.334
2024-11-30,16:00-17:00,2024,11,30,6,1,4,16,1,0,31091,15187.126,360.859283,354.585785,2024-11-30 16:00:00,1692.325
2024-11-30,17:00-18:00,2024,11,30,6,1,4,17,1,0,32081,15602.606,338.288086,349.487823,2024-11-30 17:00:00,1339.664
2024-11-30,18:00-19:00,2024,11,30,6,1,4,18,1,0,31691,14411.946,343.015106,323.859528,2024-11-30 18:00:00,1669.145
2024-11-30,19:00-20:00,2024,11,30,6,1,4,19,1,0,31052,13699.996,350.952728,309.559479,2024-11-30 19:00:00,1973.408
2024-11-30,20:00-21:00,2024,11,30,6,1,4,20,1,0,30987,13648.466,357.946472,319.724365,2024-11-30 20:00:00,2140.887
2024-11-30,21:00-22:00,2024,11,30,6,1,4,21,0,0,29219,11931.237,351.808929,320.656799,2024-11-30 21:00:00,2219.115
2024-11-30,22:00-23:00,2024,11,30,6,1,4,22,0,1,27069,10782.428,329.530273,295.893829,2024-11-30 22:00:00,2221.498
2024-11-30,23:00-24:00,2024,11,30,6,1,4,23,0,1,25660,10677.128,289.754364,232.000092,2024-11-30 23:00:00,2163.518
2024-12-01,00:00-01:00,2024,12,1,7,1,4,0,0,1,26597,10662.624,308.358826,305.38559,2024-12-01 00:00:00,2369.275
2024-12-01,01:00-02:00,2024,12,1,7,1,4,1,0,1,25674,10581.152,290.866669,272.434631,2024-12-01 01:00:00,2146.549
2024-12-01,02:00-03:00,2024,12,1,7,1,4,2,0,1,25041,10572.941,282.286194,251.584503,2024-12-01 02:00:00,1892.097
2024-12-01,03:00-04:00,2024,12,1,7,1,4,3,0,1,24678,10571.663,273.108337,265.45282,2024-12-01 03:00:00,1626.305
2024-12-01,04:00-05:00,2024,12,1,7,1,4,4,0,1,24859,10523.572,294.196869,289.561401,2024-12-01 04:00:00,1409.309
2024-12-01,05:00-06:00,2024,12,1,7,1,4,5,0,1,25705,10589.647,316.174438,313.94809,2024-12-01 05:00:00,1240.545
2024-12-01,06:00-07:00,2024,12,1,7,1,4,6,0,1,27510,10880.178,357.879181,342.438904,2024-12-01 06:00:00,1129.689
2024-12-01,07:00-08:00,2024,12,1,7,1,4,7,0,0,30229,11768.528,356.035217,346.02771,2024-12-01 07:00:00,3605.256
2024-12-01,08:00-09:00,2024,12,1,7,1,4,8,1,0,31800,13726.989,238.330933,215.028595,2024-12-01 08:00:00,9436.566
2024-12-01,09:00-10:00,2024,12,1,7,1,4,9,1,0,31737,14182.146,63.149269,48.000011,2024-12-01 09:00:00,14906.688
2024-12-01,10:00-11:00,2024,12,1,7,1,4,10,1,0,31686,14993.075,49.616283,3.346484,2024-12-01 10:00:00,18488.467
2024-12-01,11:00-12:00,2024,12,1,7,1,4,11,1,0,29566,14673.634,23.296396,0.261012,2024-12-01 11:00:00,19838.301
2024-12-01,12:00-13:00,2024,12,1,7,1,4,12,1,0,30026,15059.744,23.425114,3.314331,2024-12-01 12:00:00,19424.182
2024-12-01,13:00-14:00,2024,12,1,7,1,4,13,1,0,29850,15144.784,23.424458,3.615766,2024-12-01 13:00:00,17147.262
2024-12-01,14:00-15:00,2024,12,1,7,1,4,14,1,0,29475,13440.764,69.18956,23.991646,2024-12-01 14:00:00,12432.705
2024-12-01,15:00-16:00,2024,12,1,7,1,4,15,1,0,30003,13408.771,298.158478,255.465378,2024-12-01 15:00:00,6377.777
2024-12-01,16:00-17:00,2024,12,1,7,1,4,16,1,0,31046,15195.946,355.153564,342.513062,2024-12-01 16:00:00,1222.58
2024-12-01,17:00-18:00,2024,12,1,7,1,4,17,1,0,31448,15459.416,339.982422,321.45108,2024-12-01 17:00:00,587.682
2024-12-01,18:00-19:00,2024,12,1,7,1,4,18,1,0,31166,14840.037,347.165436,319.751587,2024-12-01 18:00:00,797.467
2024-12-01,19:00-20:00,2024,12,1,7,1,4,19,1,0,30698,14179.827,359.627258,335.03595,2024-12-01 19:00:00,1034.668
2024-12-01,20:00-21:00,2024,12,1,7,1,4,20,1,0,30735,14146.191,364.712219,354.818878,2024-12-01 20:00:00,1179.225
2024-12-01,21:00-22:00,2024,12,1,7,1,4,21,0,0,28858,12271.908,364.581757,352.886475,2024-12-01 21:00:00,1217.46
2024-12-01,22:00-23:00,2024,12,1,7,1,4,22,0,1,26401,10814.042,319.849121,303.335541,2024-12-01 22:00:00,1199.765
2024-12-01,23:00-24:00,2024,12,1,7,1,4,23,0,1,25146,10714.455,296.738525,274.578735,2024-12-01 23:00:00,1237.331
2024-12-02,00:00-01:00,2024,12,2,1,0,4,0,0,1,26449,11481.266,313.823029,307.245361,2024-12-02 00:00:00,1001.785
2024-12-02,01:00-02:00,2024,12,2,1,0,4,1,0,1,25512,11231.825,307.278809,291.380219,2024-12-02 01:00:00,857.924
2024-12-02,02:00-03:00,2024,12,2,1,0,4,2,0,1,24818,11177.027,301.749359,274.716919,2024-12-02 02:00:00,692.821
2024-12-02,03:00-04:00,2024,12,2,1,0,4,3,0,1,24677,11150.378,302.794891,285.845032,2024-12-02 03:00:00,549.54
2024-12-02,04:00-05:00,2024,12,2,1,0,4,4,0,1,24983,11147.554,302.636292,288.0737,2024-12-02 04:00:00,469.69
2024-12-02,05:00-06:00,2024,12,2,1,0,4,5,0,1,26325,11022.743,322.110962,311.148865,2024-12-02 05:00:00,489.198
2024-12-02,06:00-07:00,2024,12,2,1,0,4,6,0,1,29124,11835.711,393.728516,368.899475,2024-12-02 06:00:00,671.183
2024-12-02,07:00-08:00,2024,12,2,1,0,4,7,0,0,31702,12370.744,407.609283,487.423523,2024-12-02 07:00:00,3263.451
2024-12-02,08:00-09:00,2024,12,2,1,0,4,8,1,0,33800,13665.521,305.069,333.369629,2024-12-02 08:00:00,9020.118
2024-12-02,09:00-10:00,2024,12,2,1,0,4,9,1,0,33621,13963.697,100.291962,121.593094,2024-12-02 09:00:00,14602.754
2024-12-02,10:00-11:00,2024,12,2,1,0,4,10,1,0,33475,14739.657,48.592911,40.681435,2024-12-02 10:00:00,18397.868
2024-12-02,11:00-12:00,2024,12,2,1,0,4,11,1,0,31110,14394.462,23.175507,3.088067,2024-12-02 11:00:00,20056.741
2024-12-02,12:00-13:00,2024,12,2,1,0,4,12,1,0,31754,14730.471,23.201284,10.361483,2024-12-02 12:00:00,19811.382
2024-12-02,13:00-14:00,2024,12,2,1,0,4,13,1,0,30980,14781.025,23.217541,13.169268,2024-12-02 13:00:00,17656.016
2024-12-02,14:00-15:00,2024,12,2,1,0,4,14,1,0,30821,13149.623,42.387226,129.790451,2024-12-02 14:00:00,13389.759
2024-12-02,15:00-16:00,2024,12,2,1,0,4,15,1,0,31351,13404.607,248.60173,312.021301,2024-12-02 15:00:00,8387.317
2024-12-02,16:00-17:00,2024,12,2,1,0,4,16,1,0,32297,14809.861,277.615601,355.552612,2024-12-02 16:00:00,4479.517
2024-12-02,17:00-18:00,2024,12,2,1,0,4,17,1,0,32619,15192.606,213.442673,294.223297,2024-12-02 17:00:00,4571.255
2024-12-02,18:00-19:00,2024,12,2,1,0,4,18,1,0,32183,13823.113,198.397537,271.048798,2024-12-02 18:00:00,5208.65
2024-12-02,19:00-20:00,2024,12,2,1,0,4,19,1,0,31797,13317.203,173.902054,239.790756,2024-12-02 19:00:00,5583.86
2024-12-02,20:00-21:00,2024,12,2,1,0,4,20,1,0,31619,13273.262,195.614243,179.64032,2024-12-02 20:00:00,5752.042
2024-12-02,21:00-22:00,2024,12,2,1,0,4,21,0,0,29758,11952.955,191.192719,142.999985,2024-12-02 21:00:00,5772.877
2024-12-02,22:00-23:00,2024,12,2,1,0,4,22,0,1,27518,11096.668,110.202538,80.59613,2024-12-02 22:00:00,5726.751
2024-12-02,23:00-24:00,2024,12,2,1,0,4,23,0,1,26228,11017.406,94.107552,75.716118,2024-12-02 23:00:00,5532.858
2024-12-03,00:00-01:00,2024,12,3,2,0,4,0,0,1,26812,10840.301,162.704849,142.870224,2024-12-03 00:00:00,5286.034
2024-12-03,01:00-02:00,2024,12,3,2,0,4,1,0,1,25961,10830.575,136.362305,104.999954,2024-12-03 01:00:00,5209.68
2024-12-03,02:00-03:00,2024,12,3,2,0,4,2,0,1,25465,10838.953,108.884811,86.0,2024-12-03 02:00:00,5184.242
2024-12-03,03:00-04:00,2024,12,3,2,0,4,3,0,1,25146,10845.2,98.13765,81.000015,2024-12-03 03:00:00,5159.712
2024-12-03,04:00-05:00,2024,12,3,2,0,4,4,0,1,25365,10801.583,104.003181,97.999977,2024-12-03 04:00:00,5139.449
2024-12-03,05:00-06:00,2024,12,3,2,0,4,5,0,1,26521,10835.734,148.061279,145.000015,2024-12-03 05:00:00,5109.52
2024-12-03,06:00-07:00,2024,12,3,2,0,4,6,0,1,29333,11057.265,256.938629,288.590179,2024-12-03 06:00:00,5048.343
2024-12-03,07:00-08:00,2024,12,3,2,0,4,7,0,0,31897,12086.645,278.444611,299.657806,2024-12-03 07:00:00,6423.38
2024-12-03,08:00-09:00,2024,12,3,2,0,4,8,1,0,34103,12829.388,262.71875,318.154266,2024-12-03 08:00:00,9552.351
2024-12-03,09:00-10:00,2024,12,3,2,0,4,9,1,0,34174,12161.02,164.690826,295.324219,2024-12-03 09:00:00,12355.29
2024-12-03,10:00-11:00,2024,12,3,2,0,4,10,1,0,34919,12274.247,148.53685,314.275574,2024-12-03 10:00:00,14257.18
2024-12-03,11:00-12:00,2024,12,3,2,0,4,11,1,0,32335,11669.934,58.722694,175.34761,2024-12-03 11:00:00,14855.216
2024-12-03,12:00-13:00,2024,12,3,2,0,4,12,1,0,32786,11995.954,86.067398,196.73999,2024-12-03 12:00:00,14254.174
2024-12-03,13:00-14:00,2024,12,3,2,0,4,13,1,0,32699,12316.78,100.374199,257.779358,2024-12-03 13:00:00,12285.837
2024-12-03,14:00-15:00,2024,12,3,2,0,4,14,1,0,32411,11457.5,164.027023,229.508224,2024-12-03 14:00:00,9213.557
2024-12-03,15:00-16:00,2024,12,3,2,0,4,15,1,0,32858,14062.7,292.768585,319.051849,2024-12-03 15:00:00,6156.796
2024-12-03,16:00-17:00,2024,12,3,2,0,4,16,1,0,33589,14713.076,315.433655,320.039612,2024-12-03 16:00:00,3640.188
2024-12-03,17:00-18:00,2024,12,3,2,0,4,17,1,0,33163,15279.5,258.490875,175.999954,2024-12-03 17:00:00,3444.99
2024-12-03,18:00-19:00,2024,12,3,2,0,4,18,1,0,32469,15297.686,228.74324,157.000046,2024-12-03 18:00:00,3640.163
2024-12-03,19:00-20:00,2024,12,3,2,0,4,19,1,0,32054,13519.352,271.298737,225.15271,2024-12-03 19:00:00,3731.698
2024-12-03,20:00-21:00,2024,12,3,2,0,4,20,1,0,31980,14181.186,297.409973,273.717743,2024-12-03 20:00:00,3694.777
2024-12-03,21:00-22:00,2024,12,3,2,0,4,21,0,0,29761,12396.338,257.355347,234.999939,2024-12-03 21:00:00,3579.518
2024-12-03,22:00-23:00,2024,12,3,2,0,4,22,0,1,27297,11005.432,187.399841,140.0,2024-12-03 22:00:00,3468.45
2024-12-03,23:00-24:00,2024,12,3,2,0,4,23,0,1,25968,10806.797,143.237091,105.000008,2024-12-03 23:00:00,3319.381
2024-12-04,00:00-01:00,2024,12,4,3,0,4,0,0,1,26996,10790.098,241.063065,187.440475,2024-12-04 00:00:00,3447.763
2024-12-04,01:00-02:00,2024,12,4,3,0,4,1,0,1,26078,10273.93,235.884491,177.756607,2024-12-04 01:00:00,3362.8
2024-12-04,02:00-03:00,2024,12,4,3,0,4,2,0,1,25334,9086.392,254.689774,227.545319,2024-12-04 02:00:00,3292.599
2024-12-04,03:00-04:00,2024,12,4,3,0,4,3,0,1,24983,9032.267,267.845032,267.8255,2024-12-04 03:00:00,3254.945
2024-12-04,04:00-05:00,2024,12,4,3,0,4,4,0,1,25291,8942.158,271.287506,267.32016,2024-12-04 04:00:00,3238.856
2024-12-04,05:00-06:00,2024,12,4,3,0,4,5,0,1,26349,9235.54,290.758636,294.333862,2024-12-04 05:00:00,3223.369
2024-12-04,06:00-07:00,2024,12,4,3,0,4,6,0,1,28888,9940.358,287.831238,302.324036,2024-12-04 06:00:00,3189.4
2024-12-04,07:00-08:00,2024,12,4,3,0,4,7,0,0,31988,11235.047,289.820282,302.218323,2024-12-04 07:00:00,3773.208
2024-12-04,08:00-09:00,2024,12,4,3,0,4,8,1,0,33950,12753.638,299.823944,311.642914,2024-12-04 08:00:00,4866.54
2024-12-04,09:00-10:00,2024,12,4,3,0,4,9,1,0,34615,12139.005,310.378021,325.945465,2024-12-04 09:00:00,5796.109
2024-12-04,10:00-11:00,2024,12,4,3,0,4,10,1,0,35056,12066.304,309.396973,312.28125,2024-12-04 10:00:00,6494.223
2024-12-04,11:00-12:00,2024,12,4,3,0,4,11,1,0,33216,11575.254,278.292267,292.409576,2024-12-04 11:00:00,6882.282
2024-12-04,12:00-13:00,2024,12,4,3,0,4,12,1,0,33508,11566.504,276.968781,362.272461,2024-12-04 12:00:00,6651.916
2024-12-04,13:00-14:00,2024,12,4,3,0,4,13,1,0,32979,11334.226,281.721832,385.404663,2024-12-04 13:00:00,5924.993
2024-12-04,14:00-15:00,2024,12,4,3,0,4,14,1,0,32286,11297.604,295.302582,324.185944,2024-12-04 14:00:00,4919.613
2024-12-04,15:00-16:00,2024,12,4,3,0,4,15,1,0,32564,12319.442,303.805573,313.164703,2024-12-04 15:00:00,3808.622
2024-12-04,16:00-17:00,2024,12,4,3,0,4,16,1,0,33068,13346.544,287.218567,289.456055,2024-12-04 16:00:00,2709.322
2024-12-04,17:00-18:00,2024,12,4,3,0,4,17,1,0,33150,15289.846,275.79306,278.4422,2024-12-04 17:00:00,2475.991
2024-12-04,18:00-19:00,2024,12,4,3,0,4,18,1,0,32545,14965.439,239.922043,218.181,2024-12-04 18:00:00,2389.802
2024-12-04,19:00-20:00,2024,12,4,3,0,4,19,1,0,32214,12973.27,234.69902,209.066895,2024-12-04 19:00:00,2285.003
2024-12-04,20:00-21:00,2024,12,4,3,0,4,20,1,0,31904,13027.458,292.088715,301.496674,2024-12-04 20:00:00,2149.157
2024-12-04,21:00-22:00,2024,12,4,3,0,4,21,0,0,29519,11511.589,242.063965,285.465057,2024-12-04 21:00:00,2044.441
2024-12-04,22:00-23:00,2024,12,4,3,0,4,22,0,1,27185,10693.468,163.471832,163.002441,2024-12-04 22:00:00,1977.084
2024-12-04,23:00-24:00,2024,12,4,3,0,4,23,0,1,25943,10691.458,137.608521,125.0,2024-12-04 23:00:00,1876.46
2024-12-05,00:00-01:00,2024,12,5,4,0,4,0,0,1,27286,10671.134,255.479065,257.983978,2024-12-05 00:00:00,1941.935
2024-12-05,01:00-02:00,2024,12,5,4,0,4,1,0,1,26376,10076.924,213.868591,233.432739,2024-12-05 01:00:00,1844.415
2024-12-05,02:00-03:00,2024,12,5,4,0,4,2,0,1,25791,8983.359,204.197937,235.517303,2024-12-05 02:00:00,1759.698
2024-12-05,03:00-04:00,2024,12,5,4,0,4,3,0,1,25505,8869.486,186.635208,193.3573,2024-12-05 03:00:00,1674.128
2024-12-05,04:00-05:00,2024,12,5,4,0,4,4,0,1,25886,8803.524,198.415771,199.194397,2024-12-05 04:00:00,1566.813
2024-12-05,05:00-06:00,2024,12,5,4,0,4,5,0,1,26883,9043.23,240.999924,235.470963,2024-12-05 05:00:00,1476.782
2024-12-05,06:00-07:00,2024,12,5,4,0,4,6,0,1,29500,10582.021,302.104553,300.808746,2024-12-05 06:00:00,1369.45
2024-12-05,07:00-08:00,2024,12,5,4,0,4,7,0,0,32331,11542.284,321.943024,314.239258,2024-12-05 07:00:00,1998.991
2024-12-05,08:00-09:00,2024,12,5,4,0,4,8,1,0,34054,12445.412,319.822876,295.072113,2024-12-05 08:00:00,3739.29
2024-12-05,09:00-10:00,2024,12,5,4,0,4,9,1,0,34602,11959.746,276.220947,175.909271,2024-12-05 09:00:00,5462.28
2024-12-05,10:00-11:00,2024,12,5,4,0,4,10,1,0,35300,12365.39,236.610153,77.485374,2024-12-05 10:00:00,6856.202
2024-12-05,11:00-12:00,2024,12,5,4,0,4,11,1,0,33415,12525.624,138.100021,8.449865,2024-12-05 11:00:00,7647.591
2024-12-05,12:00-13:00,2024,12,5,4,0,4,12,1,0,33542,12527.444,147.999969,8.556953,2024-12-05 12:00:00,7500.888
2024-12-05,13:00-14:00,2024,12,5,4,0,4,13,1,0,32970,12171.554,176.000031,162.568787,2024-12-05 13:00:00,6398.913
2024-12-05,14:00-15:00,2024,12,5,4,0,4,14,1,0,32628,11754.814,273.849915,311.476593,2024-12-05 14:00:00,4593.979
2024-12-05,15:00-16:00,2024,12,5,4,0,4,15,1,0,33050,13075.09,310.980011,321.142303,2024-12-05 15:00:00,2535.677
2024-12-05,16:00-17:00,2024,12,5,4,0,4,16,1,0,33880,14477.15,320.381561,320.000092,2024-12-05 16:00:00,672.709
2024-12-05,17:00-18:00,2024,12,5,4,0,4,17,1,0,34131,14187.78,307.385284,317.999969,2024-12-05 17:00:00,375.54
2024-12-05,18:00-19:00,2024,12,5,4,0,4,18,1,0,33034,13558.61,305.000061,304.999969,2024-12-05 18:00:00,383.6
2024-12-05,19:00-20:00,2024,12,5,4,0,4,19,1,0,32626,13307.1,306.343842,316.992523,2024-12-05 19:00:00,403.72
2024-12-05,20:00-21:00,2024,12,5,4,0,4,20,1,0,32051,12680.54,324.35318,332.000061,2024-12-05 20:00:00,412.76
2024-12-05,21:00-22:00,2024,12,5,4,0,4,21,0,0,30044,11360.773,308.0,321.878418,2024-12-05 21:00:00,429.836
2024-12-05,22:00-23:00,2024,12,5,4,0,4,22,0,1,27697,10682.204,235.000015,258.0,2024-12-05 22:00:00,461.976
2024-12-05,23:00-24:00,2024,12,5,4,0,4,23,0,1,26536,10567.644,186.0,185.999924,2024-12-05 23:00:00,601.943
2024-12-06,00:00-01:00,2024,12,6,5,0,4,0,0,1,27001,11639.934,305.908844,320.000061,2024-12-06 00:00:00,573.895
2024-12-06,01:00-02:00,2024,12,6,5,0,4,1,0,1,26146,11562.844,291.156128,303.855316,2024-12-06 01:00:00,585.235
2024-12-06,02:00-03:00,2024,12,6,5,0,4,2,0,1,25547,11598.244,265.260376,273.464264,2024-12-06 02:00:00,580.593
2024-12-06,03:00-04:00,2024,12,6,5,0,4,3,0,1,25028,11506.464,230.999985,258.000031,2024-12-06 03:00:00,571.217
2024-12-06,04:00-05:00,2024,12,6,5,0,4,4,0,1,25629,11508.204,270.833893,283.531586,2024-12-06 04:00:00,563.615
2024-12-06,05:00-06:00,2024,12,6,5,0,4,5,0,1,26534,11590.584,299.17852800000003,305.293945,2024-12-06 05:00:00,562.338
2024-12-06,06:00-07:00,2024,12,6,5,0,4,6,0,1,28969,12855.829,321.844238,318.886566,2024-12-06 06:00:00,558.695
2024-12-06,07:00-08:00,2024,12,6,5,0,4,7,0,0,31843,14083.396,324.847382,329.598572,2024-12-06 07:00:00,1941.408
2024-12-06,08:00-09:00,2024,12,6,5,0,4,8,1,0,33596,14536.874,331.746979,321.773254,2024-12-06 08:00:00,5837.984
2024-12-06,09:00-10:00,2024,12,6,5,0,4,9,1,0,33647,14381.604,203.424927,109.966164,2024-12-06 09:00:00,9858.903
2024-12-06,10:00-11:00,2024,12,6,5,0,4,10,1,0,33363,14672.864,156.48877,0.003576,2024-12-06 10:00:00,13174.49
2024-12-06,11:00-12:00,2024,12,6,5,0,4,11,1,0,31483,14387.594,73.913727,0.0,2024-12-06 11:00:00,14718.422
2024-12-06,12:00-13:00,2024,12,6,5,0,4,12,1,0,31947,14625.914,76.484238,0.022294,2024-12-06 12:00:00,14232.171
2024-12-06,13:00-14:00,2024,12,6,5,0,4,13,1,0,30526,14442.864,92.032524,36.601219,2024-12-06 13:00:00,11709.173
2024-12-06,14:00-15:00,2024,12,6,5,0,4,14,1,0,30587,13079.614,250.000031,103.787186,2024-12-06 14:00:00,7870.866
2024-12-06,15:00-16:00,2024,12,6,5,0,4,15,1,0,31348,14089.725,329.999969,237.954514,2024-12-06 15:00:00,4105.24
2024-12-06,16:00-17:00,2024,12,6,5,0,4,16,1,0,32190,15948.06,330.000122,321.930878,2024-12-06 16:00:00,1045.164
2024-12-06,17:00-18:00,2024,12,6,5,0,4,17,1,0,32670,15660.22,322.999939,321.999847,2024-12-06 17:00:00,702.567
2024-12-06,18:00-19:00,2024,12,6,5,0,4,18,1,0,32007,14547.207,329.999908,323.154663,2024-12-06 18:00:00,873.189
2024-12-06,19:00-20:00,2024,12,6,5,0,4,19,1,0,31781,14265.419,324.999878,325.334656,2024-12-06 19:00:00,1037.446
2024-12-06,20:00-21:00,2024,12,6,5,0,4,20,1,0,31563,14939.773,350.570343,359.743744,2024-12-06 20:00:00,1167.694
2024-12-06,21:00-22:00,2024,12,6,5,0,4,21,0,0,29613,13123.943,319.999908,321.999908,2024-12-06 21:00:00,1258.533
2024-12-06,22:00-23:00,2024,12,6,5,0,4,22,0,1,27380,11890.075,286.036072,309.189087,2024-12-06 22:00:00,1423.172
2024-12-06,23:00-24:00,2024,12,6,5,0,4,23,0,1,25943,11684.615,177.623077,197.999969,2024-12-06 23:00:00,1677.874
2024-12-07,00:00-01:00,2024,12,7,6,1,4,0,0,1,27159,11130.898,221.877945,258.153992,2024-12-07 00:00:00,1513.212
2024-12-07,01:00-02:00,2024,12,7,6,1,4,1,0,1,25888,10097.075,194.559418,196.836929,2024-12-07 01:00:00,1823.45
2024-12-07,02:00-03:00,2024,12,7,6,1,4,2,0,1,25303,9306.034,171.985107,157.71489,2024-12-07 02:00:00,2190.304
2024-12-07,03:00-04:00,2024,12,7,6,1,4,3,0,1,24911,8913.914,171.370377,125.204575,2024-12-07 03:00:00,2594.538
2024-12-07,04:00-05:00,2024,12,7,6,1,4,4,0,1,25129,8943.504,169.840042,125.120392,2024-12-07 04:00:00,3050.393
2024-12-07,05:00-06:00,2024,12,7,6,1,4,5,0,1,26139,9197.084,151.91832,133.259979,2024-12-07 05:00:00,3473.269
2024-12-07,06:00-07:00,2024,12,7,6,1,4,6,0,1,27623,10959.764,195.203598,188.566605,2024-12-07 06:00:00,3829.613
2024-12-07,07:00-08:00,2024,12,7,6,1,4,7,0,0,31144,11779.534,237.194153,201.764694,2024-12-07 07:00:00,4885.6
2024-12-07,08:00-09:00,2024,12,7,6,1,4,8,1,0,32686,12968.087,223.999954,200.999893,2024-12-07 08:00:00,7043.4
2024-12-07,09:00-10:00,2024,12,7,6,1,4,9,1,0,33232,12330.584,207.000122,159.999786,2024-12-07 09:00:00,9106.593
2024-12-07,10:00-11:00,2024,12,7,6,1,4,10,1,0,33447,12506.754,212.571808,156.15033,2024-12-07 10:00:00,10531.022
2024-12-07,11:00-12:00,2024,12,7,6,1,4,11,1,0,31849,12668.104,104.753021,45.116611,2024-12-07 11:00:00,11137.747
2024-12-07,12:00-13:00,2024,12,7,6,1,4,12,1,0,31925,12624.604,111.308128,29.465511,2024-12-07 12:00:00,10833.939
2024-12-07,13:00-14:00,2024,12,7,6,1,4,13,1,0,31526,12265.854,116.673126,73.795204,2024-12-07 13:00:00,9630.814
2024-12-07,14:00-15:00,2024,12,7,6,1,4,14,1,0,30765,11611.874,201.970398,161.781235,2024-12-07 14:00:00,7870.488
2024-12-07,15:00-16:00,2024,12,7,6,1,4,15,1,0,31494,13059.19,200.000061,219.673004,2024-12-07 15:00:00,6036.3
2024-12-07,16:00-17:00,2024,12,7,6,1,4,16,1,0,32346,14305.825,210.999969,252.740997,2024-12-07 16:00:00,4425.97
2024-12-07,17:00-18:00,2024,12,7,6,1,4,17,1,0,32532,13961.14,186.000015,287.831818,2024-12-07 17:00:00,4260.181
2024-12-07,18:00-19:00,2024,12,7,6,1,4,18,1,0,31926,13992.69,157.000076,168.0,2024-12-07 18:00:00,4396.738
2024-12-07,19:00-20:00,2024,12,7,6,1,4,19,1,0,31745,13477.92,139.821838,155.74469,2024-12-07 19:00:00,4397.707
2024-12-07,20:00-21:00,2024,12,7,6,1,4,20,1,0,31421,12781.05,203.000031,250.499634,2024-12-07 20:00:00,4295.791
2024-12-07,21:00-22:00,2024,12,7,6,1,4,21,0,0,29455,11795.35,188.099701,207.731293,2024-12-07 21:00:00,4122.266
2024-12-07,22:00-23:00,2024,12,7,6,1,4,22,0,1,27132,10916.344,126.573952,139.120178,2024-12-07 22:00:00,3914.887
2024-12-07,23:00-24:00,2024,12,7,6,1,4,23,0,1,25793,10765.654,87.000008,95.641701,2024-12-07 23:00:00,3648.414
2024-12-08,00:00-01:00,2024,12,8,7,1,4,0,0,1,26743,10704.844,145.337814,151.214935,2024-12-08 00:00:00,4018.148
2024-12-08,01:00-02:00,2024,12,8,7,1,4,1,0,1,25881,10712.794,118.442734,114.999992,2024-12-08 01:00:00,3837.973
2024-12-08,02:00-03:00,2024,12,8,7,1,4,2,0,1,25205,10695.114,105.093979,100.999992,2024-12-08 02:00:00,3679.035
2024-12-08,03:00-04:00,2024,12,8,7,1,4,3,0,1,24652,10690.804,103.10006,90.000008,2024-12-08 03:00:00,3539.995
2024-12-08,04:00-05:00,2024,12,8,7,1,4,4,0,1,24893,10676.894,109.999939,100.064499,2024-12-08 04:00:00,3382.464
2024-12-08,05:00-06:00,2024,12,8,7,1,4,5,0,1,25263,10662.824,130.999985,112.563568,2024-12-08 05:00:00,3164.152
2024-12-08,06:00-07:00,2024,12,8,7,1,4,6,0,1,26834,10658.054,158.315704,163.102814,2024-12-08 06:00:00,2924.886
2024-12-08,07:00-08:00,2024,12,8,7,1,4,7,0,0,29920,11235.854,202.676254,199.648529,2024-12-08 07:00:00,4291.437
2024-12-08,08:00-09:00,2024,12,8,7,1,4,8,1,0,32237,12884.554,167.999969,202.192093,2024-12-08 08:00:00,8414.107
2024-12-08,09:00-10:00,2024,12,8,7,1,4,9,1,0,33093,13846.914,81.000008,89.304764,2024-12-08 09:00:00,12277.948
2024-12-08,10:00-11:00,2024,12,8,7,1,4,10,1,0,33698,13455.144,59.999981,7.090587,2024-12-08 10:00:00,14830.058
2024-12-08,11:00-12:00,2024,12,8,7,1,4,11,1,0,31431,12766.324,39.999989,8.258181,2024-12-08 11:00:00,15559.576
2024-12-08,12:00-13:00,2024,12,8,7,1,4,12,1,0,31940,13261.034,60.777836,104.95224,2024-12-08 12:00:00,14651.846
2024-12-08,13:00-14:00,2024,12,8,7,1,4,13,1,0,31521,13016.734,75.224854,168.731949,2024-12-08 13:00:00,11869.995
2024-12-08,14:00-15:00,2024,12,8,7,1,4,14,1,0,31535,11634.034,199.242432,323.007965,2024-12-08 14:00:00,7928.857
2024-12-08,15:00-16:00,2024,12,8,7,1,4,15,1,0,31643,13170.095,304.321106,378.180664,2024-12-08 15:00:00,4210.384
2024-12-08,16:00-17:00,2024,12,8,7,1,4,16,1,0,32936,14882.072,341.29184,430.255707,2024-12-08 16:00:00,1333.79
2024-12-08,17:00-18:00,2024,12,8,7,1,4,17,1,0,32952,14788.796,319.687042,322.687683,2024-12-08 17:00:00,1061.538
2024-12-08,18:00-19:00,2024,12,8,7,1,4,18,1,0,32623,13559.19,248.065918,276.000153,2024-12-08 18:00:00,1252.642
2024-12-08,19:00-20:00,2024,12,8,7,1,4,19,1,0,33093,13781.468,240.18811,293.999634,2024-12-08 19:00:00,1395.563
2024-12-08,20:00-21:00,2024,12,8,7,1,4,20,1,0,32579,13162.28,319.683228,347.258667,2024-12-08 20:00:00,1420.518
2024-12-08,21:00-22:00,2024,12,8,7,1,4,21,0,0,30021,11692.052,308.0,330.006531,2024-12-08 21:00:00,1359.495
2024-12-08,22:00-23:00,2024,12,8,7,1,4,22,0,1,27214,10884.154,243.981247,297.281433,2024-12-08 22:00:00,1288.467
2024-12-08,23:00-24:00,2024,12,8,7,1,4,23,0,1,25924,10612.444,175.0,213.021881,2024-12-08 23:00:00,1190.286
2024-12-09,00:00-01:00,2024,12,9,1,0,4,0,0,1,27044,10491.474,250.427994,299.016998,2024-12-09 00:00:00,1084.98
2024-12-09,01:00-02:00,2024,12,9,1,0,4,1,0,1,25974,10353.584,202.398254,257.011292,2024-12-09 01:00:00,974.607
2024-12-09,02:00-03:00,2024,12,9,1,0,4,2,0,1,25213,9875.963,202.000015,224.000031,2024-12-09 02:00:00,872.034
2024-12-09,03:00-04:00,2024,12,9,1,0,4,3,0,1,24774,9800.184,197.999969,201.849274,2024-12-09 03:00:00,781.874
2024-12-09,04:00-05:00,2024,12,9,1,0,4,4,0,1,25112,9962.787,203.268341,222.000061,2024-12-09 04:00:00,704.975
2024-12-09,05:00-06:00,2024,12,9,1,0,4,5,0,1,26371,10140.182,258.836151,255.819351,2024-12-09 05:00:00,647.721
2024-12-09,06:00-07:00,2024,12,9,1,0,4,6,0,1,28961,10620.05,322.669098,302.67514,2024-12-09 06:00:00,594.241
2024-12-09,07:00-08:00,2024,12,9,1,0,4,7,0,0,32019,10844.558,359.02243,358.686188,2024-12-09 07:00:00,1164.527
2024-12-09,08:00-09:00,2024,12,9,1,0,4,8,1,0,34280,11914.062,405.892426,448.524994,2024-12-09 08:00:00,2669.134
2024-12-09,09:00-10:00,2024,12,9,1,0,4,9,1,0,34735,11702.293,405.706848,531.031067,2024-12-09 09:00:00,4016.097
2024-12-09,10:00-11:00,2024,12,9,1,0,4,10,1,0,35733,12215.133,398.722565,655.962097,2024-12-09 10:00:00,4899.126
2024-12-09,11:00-12:00,2024,12,9,1,0,4,11,1,0,33408,10732.421,359.259888,516.6745,2024-12-09 11:00:00,5209.516
2024-12-09,12:00-13:00,2024,12,9,1,0,4,12,1,0,34053,11019.674,394.913361,519.898621,2024-12-09 12:00:00,4902.301
2024-12-09,13:00-14:00,2024,12,9,1,0,4,13,1,0,33408,10829.712,394.90567,455.621307,2024-12-09 13:00:00,3966.661
2024-12-09,14:00-15:00,2024,12,9,1,0,4,14,1,0,33105,10953.734,397.767242,455.806183,2024-12-09 14:00:00,2754.344
2024-12-09,15:00-16:00,2024,12,9,1,0,4,15,1,0,33674,12861.782,407.905884,445.226837,2024-12-09 15:00:00,1601.702
2024-12-09,16:00-17:00,2024,12,9,1,0,4,16,1,0,34617,13786.11,387.896027,418.529694,2024-12-09 16:00:00,516.029
2024-12-09,17:00-18:00,2024,12,9,1,0,4,17,1,0,34166,14065.89,338.194214,357.786499,2024-12-09 17:00:00,412.138
2024-12-09,18:00-19:00,2024,12,9,1,0,4,18,1,0,33400,13894.366,315.99295,314.139526,2024-12-09 18:00:00,547.035
2024-12-09,19:00-20:00,2024,12,9,1,0,4,19,1,0,32966,13709.38,295.357056,327.486359,2024-12-09 19:00:00,675.853
2024-12-09,20:00-21:00,2024,12,9,1,0,4,20,1,0,33085,11994.839,355.634521,355.678162,2024-12-09 20:00:00,752.251
2024-12-09,21:00-22:00,2024,12,9,1,0,4,21,0,0,30900,11506.279,317.503113,335.703827,2024-12-09 21:00:00,800.54
2024-12-09,22:00-23:00,2024,12,9,1,0,4,22,0,1,28297,10828.159,273.651367,290.670227,2024-12-09 22:00:00,844.276
2024-12-09,23:00-24:00,2024,12,9,1,0,4,23,0,1,26550,10726.264,196.807465,230.215149,2024-12-09 23:00:00,1021.755
2024-12-10,00:00-01:00,2024,12,10,2,0,4,0,0,1,27675,10782.442,276.970276,279.213196,2024-12-10 00:00:00,878.137
2024-12-10,01:00-02:00,2024,12,10,2,0,4,1,0,1,26551,9693.198,294.467438,289.317963,2024-12-10 01:00:00,958.084
2024-12-10,02:00-03:00,2024,12,10,2,0,4,2,0,1,25852,9280.636,289.862061,299.039978,2024-12-10 02:00:00,1065.93
2024-12-10,03:00-04:00,2024,12,10,2,0,4,3,0,1,25553,9284.454,262.281708,290.408325,2024-12-10 03:00:00,1207.938
2024-12-10,04:00-05:00,2024,12,10,2,0,4,4,0,1,25731,9280.64,275.459961,295.256409,2024-12-10 04:00:00,1365.495
2024-12-10,05:00-06:00,2024,12,10,2,0,4,5,0,1,26948,9517.785,294.32663,294.185913,2024-12-10 05:00:00,1549.011
2024-12-10,06:00-07:00,2024,12,10,2,0,4,6,0,1,29388,10255.209,315.03653,316.965942,2024-12-10 06:00:00,1744.318
2024-12-10,07:00-08:00,2024,12,10,2,0,4,7,0,0,32192,10989.371,331.578674,347.575256,2024-12-10 07:00:00,2182.634
2024-12-10,08:00-09:00,2024,12,10,2,0,4,8,1,0,35037,11330.928,390.827515,397.39209,2024-12-10 08:00:00,2944.658
2024-12-10,09:00-10:00,2024,12,10,2,0,4,9,1,0,36194,11168.094,397.209381,449.716583,2024-12-10 09:00:00,3587.045
2024-12-10,10:00-11:00,2024,12,10,2,0,4,10,1,0,37241,12239.574,404.999817,411.804108,2024-12-10 10:00:00,4066.108
2024-12-10,11:00-12:00,2024,12,10,2,0,4,11,1,0,35621,11166.757,360.283356,387.789124,2024-12-10 11:00:00,4350.026
2024-12-10,12:00-13:00,2024,12,10,2,0,4,12,1,0,36366,11884.174,384.547028,497.974365,2024-12-10 12:00:00,4391.907
2024-12-10,13:00-14:00,2024,12,10,2,0,4,13,1,0,35879,11274.58,388.480652,434.684448,2024-12-10 13:00:00,4229.606
2024-12-10,14:00-15:00,2024,12,10,2,0,4,14,1,0,35276,11010.394,377.417786,426.507782,2024-12-10 14:00:00,3951.832
2024-12-10,15:00-16:00,2024,12,10,2,0,4,15,1,0,35531,12115.239,406.738556,478.054504,2024-12-10 15:00:00,3630.568
2024-12-10,16:00-17:00,2024,12,10,2,0,4,16,1,0,36381,13704.474,377.143036,433.231445,2024-12-10 16:00:00,3278.358
2024-12-10,17:00-18:00,2024,12,10,2,0,4,17,1,0,36022,14409.568,329.674103,362.095795,2024-12-10 17:00:00,3350.691
2024-12-10,18:00-19:00,2024,12,10,2,0,4,18,1,0,34940,14325.92,316.532715,295.514313,2024-12-10 18:00:00,3517.426
2024-12-10,19:00-20:00,2024,12,10,2,0,4,19,1,0,34543,14063.5,314.389984,301.600983,2024-12-10 19:00:00,3598.024
2024-12-10,20:00-21:00,2024,12,10,2,0,4,20,1,0,34585,13229.69,324.723816,325.810181,2024-12-10 20:00:00,3578.562
2024-12-10,21:00-22:00,2024,12,10,2,0,4,21,0,0,32185,11933.966,309.790527,274.410553,2024-12-10 21:00:00,3540.352
2024-12-10,22:00-23:00,2024,12,10,2,0,4,22,0,1,29454,11256.534,252.118301,222.719147,2024-12-10 22:00:00,3482.466
2024-12-10,23:00-24:00,2024,12,10,2,0,4,23,0,1,27618,11058.183,190.254089,177.533859,2024-12-10 23:00:00,3447.556
2024-12-11,00:00-01:00,2024,12,11,3,0,4,0,0,1,28757,11224.929,204.597626,272.264679,2024-12-11 00:00:00,3809.572
2024-12-11,01:00-02:00,2024,12,11,3,0,4,1,0,1,27589,11061.68,201.122162,238.803482,2024-12-11 01:00:00,3762.375
2024-12-11,02:00-03:00,2024,12,11,3,0,4,2,0,1,26922,10642.949,194.315063,196.591507,2024-12-11 02:00:00,3727.689
2024-12-11,03:00-04:00,2024,12,11,3,0,4,3,0,1,26588,10609.429,181.435455,187.792725,2024-12-11 03:00:00,3709.584
2024-12-11,04:00-05:00,2024,12,11,3,0,4,4,0,1,26866,10609.523,202.923309,217.823608,2024-12-11 04:00:00,3675.165
2024-12-11,05:00-06:00,2024,12,11,3,0,4,5,0,1,28034,10783.138,229.774887,250.3228,2024-12-11 05:00:00,3582.492
2024-12-11,06:00-07:00,2024,12,11,3,0,4,6,0,1,30545,11235.634,265.418243,288.764191,2024-12-11 06:00:00,3408.396
2024-12-11,07:00-08:00,2024,12,11,3,0,4,7,0,0,34028,11698.222,305.043396,329.140747,2024-12-11 07:00:00,4116.649
2024-12-11,08:00-09:00,2024,12,11,3,0,4,8,1,0,36541,12914.42,311.103546,343.254211,2024-12-11 08:00:00,7042.958
2024-12-11,09:00-10:00,2024,12,11,3,0,4,9,1,0,37320,13283.861,280.003784,316.683899,2024-12-11 09:00:00,10241.71
2024-12-11,10:00-11:00,2024,12,11,3,0,4,10,1,0,37542,13600.774,238.404907,402.493713,2024-12-11 10:00:00,12817.418
2024-12-11,11:00-12:00,2024,12,11,3,0,4,11,1,0,35356,13660.734,157.8311,246.627472,2024-12-11 11:00:00,13895.711
2024-12-11,12:00-13:00,2024,12,11,3,0,4,12,1,0,36374,13650.277,172.460999,255.088425,2024-12-11 12:00:00,13431.292
2024-12-11,13:00-14:00,2024,12,11,3,0,4,13,1,0,35993,13086.032,176.231522,201.565079,2024-12-11 13:00:00,11485.448
2024-12-11,14:00-15:00,2024,12,11,3,0,4,14,1,0,35596,12131.254,228.30307,243.848602,2024-12-11 14:00:00,8368.457
2024-12-11,15:00-16:00,2024,12,11,3,0,4,15,1,0,36562,13936.309,290.350555,296.750977,2024-12-11 15:00:00,5017.54
2024-12-11,16:00-17:00,2024,12,11,3,0,4,16,1,0,37421,15248.26,320.939697,328.17218,2024-12-11 16:00:00,2014.286
2024-12-11,17:00-18:00,2024,12,11,3,0,4,17,1,0,37262,15129.714,316.543518,297.335968,2024-12-11 17:00:00,1638.648
2024-12-11,18:00-19:00,2024,12,11,3,0,4,18,1,0,36646,14598.275,316.016022,306.415863,2024-12-11 18:00:00,1855.128
2024-12-11,19:00-20:00,2024,12,11,3,0,4,19,1,0,36486,14418.435,306.879547,307.214294,2024-12-11 19:00:00,2040.8
2024-12-11,20:00-21:00,2024,12,11,3,0,4,20,1,0,36432,13623.891,322.0755,314.464935,2024-12-11 20:00:00,2138.072
2024-12-11,21:00-22:00,2024,12,11,3,0,4,21,0,0,33750,12212.328,294.723999,292.674927,2024-12-11 21:00:00,2165.208
2024-12-11,22:00-23:00,2024,12,11,3,0,4,22,0,1,30735,11287.378,255.904312,280.93631,2024-12-11 22:00:00,2194.494
2024-12-11,23:00-24:00,2024,12,11,3,0,4,23,0,1,28840,11150.21,207.075378,209.542221,2024-12-11 23:00:00,2162.454
2024-12-12,00:00-01:00,2024,12,12,4,0,4,0,0,1,28914,10981.355,232.473938,258.463837,2024-12-12 00:00:00,2072.634
2024-12-12,01:00-02:00,2024,12,12,4,0,4,1,0,1,27646,9899.932,242.279373,242.188339,2024-12-12 01:00:00,1999.971
2024-12-12,02:00-03:00,2024,12,12,4,0,4,2,0,1,27114,9371.89,245.865845,260.964203,2024-12-12 02:00:00,1875.266
2024-12-12,03:00-04:00,2024,12,12,4,0,4,3,0,1,26742,9315.628,244.369843,257.09024,2024-12-12 03:00:00,1769.567
2024-12-12,04:00-05:00,2024,12,12,4,0,4,4,0,1,27010,9312.934,246.380829,278.432007,2024-12-12 04:00:00,1735.243
2024-12-12,05:00-06:00,2024,12,12,4,0,4,5,0,1,28235,9484.454,280.401825,306.883636,2024-12-12 05:00:00,1731.308
2024-12-12,06:00-07:00,2024,12,12,4,0,4,6,0,1,30387,10353.594,315.444214,321.556213,2024-12-12 06:00:00,1751.759
2024-12-12,07:00-08:00,2024,12,12,4,0,4,7,0,0,33756,11524.709,320.382233,333.383911,2024-12-12 07:00:00,2681.845
2024-12-12,08:00-09:00,2024,12,12,4,0,4,8,1,0,36537,12885.454,347.187073,354.546509,2024-12-12 08:00:00,5035.115
2024-12-12,09:00-10:00,2024,12,12,4,0,4,9,1,0,37076,13047.144,323.061188,381.811829,2024-12-12 09:00:00,6914.061
2024-12-12,10:00-11:00,2024,12,12,4,0,4,10,1,0,37533,13086.534,315.38678,403.854584,2024-12-12 10:00:00,7993.873
2024-12-12,11:00-12:00,2024,12,12,4,0,4,11,1,0,35813,12956.794,324.95578,435.799286,2024-12-12 11:00:00,8209.975
2024-12-12,12:00-13:00,2024,12,12,4,0,4,12,1,0,36019,12785.364,313.424957,497.878021,2024-12-12 12:00:00,7621.045
2024-12-12,13:00-14:00,2024,12,12,4,0,4,13,1,0,35662,12719.733,300.453674,542.603516,2024-12-12 13:00:00,6142.389
2024-12-12,14:00-15:00,2024,12,12,4,0,4,14,1,0,35466,12285.704,334.204987,609.900757,2024-12-12 14:00:00,4301.715
2024-12-12,15:00-16:00,2024,12,12,4,0,4,15,1,0,36309,13680.62,376.058716,546.765686,2024-12-12 15:00:00,2764.152
2024-12-12,16:00-17:00,2024,12,12,4,0,4,16,1,0,37020,14805.964,373.338196,431.633942,2024-12-12 16:00:00,1469.513
2024-12-12,17:00-18:00,2024,12,12,4,0,4,17,1,0,36983,14678.14,326.258087,358.269958,2024-12-12 17:00:00,1335.487
2024-12-12,18:00-19:00,2024,12,12,4,0,4,18,1,0,35999,14203.84,316.19986,319.686951,2024-12-12 18:00:00,1434.198
2024-12-12,19:00-20:00,2024,12,12,4,0,4,19,1,0,35802,13987.937,314.581421,310.306274,2024-12-12 19:00:00,1498.41
2024-12-12,20:00-21:00,2024,12,12,4,0,4,20,1,0,35683,13409.76,337.474976,336.622986,2024-12-12 20:00:00,1496.881
2024-12-12,21:00-22:00,2024,12,12,4,0,4,21,0,0,33032,11841.03,318.648773,340.48233,2024-12-12 21:00:00,1487.427
2024-12-12,22:00-23:00,2024,12,12,4,0,4,22,0,1,29934,10921.154,286.872009,305.957794,2024-12-12 22:00:00,1524.998
2024-12-12,23:00-24:00,2024,12,12,4,0,4,23,0,1,28141,10847.244,247.653305,281.471466,2024-12-12 23:00:00,1657.714
2024-12-13,00:00-01:00,2024,12,13,5,0,4,0,0,1,28962,10840.775,270.734497,283.518188,2024-12-13 00:00:00,1731.992
2024-12-13,01:00-02:00,2024,12,13,5,0,4,1,0,1,27903,10837.686,202.268173,233.264816,2024-12-13 01:00:00,1944.575
2024-12-13,02:00-03:00,2024,12,13,5,0,4,2,0,1,27319,10871.234,175.476456,207.162933,2024-12-13 02:00:00,2201.889
2024-12-13,03:00-04:00,2024,12,13,5,0,4,3,0,1,27021,10922.842,162.566422,190.545059,2024-12-13 03:00:00,2537.755
2024-12-13,04:00-05:00,2024,12,13,5,0,4,4,0,1,27261,10947.784,155.461899,192.145996,2024-12-13 04:00:00,2873.487
2024-12-13,05:00-06:00,2024,12,13,5,0,4,5,0,1,28286,11015.414,169.804535,222.610703,2024-12-13 05:00:00,3199.836
2024-12-13,06:00-07:00,2024,12,13,5,0,4,6,0,1,30922,11052.204,260.67392,283.679108,2024-12-13 06:00:00,3550.815
2024-12-13,07:00-08:00,2024,12,13,5,0,4,7,0,0,33975,11775.006,277.430664,295.200226,2024-12-13 07:00:00,5281.742
2024-12-13,08:00-09:00,2024,12,13,5,0,4,8,1,0,36158,13336.214,229.369736,272.975189,2024-12-13 08:00:00,10101.396
2024-12-13,09:00-10:00,2024,12,13,5,0,4,9,1,0,36145,14535.912,100.511215,193.999664,2024-12-13 09:00:00,14840.766
2024-12-13,10:00-11:00,2024,12,13,5,0,4,10,1,0,36058,14888.924,60.146179,84.422585,2024-12-13 10:00:00,18700.367
2024-12-13,11:00-12:00,2024,12,13,5,0,4,11,1,0,34069,14274.634,43.726089,75.257217,2024-12-13 11:00:00,20367.692
2024-12-13,12:00-13:00,2024,12,13,5,0,4,12,1,0,34579,14517.239,44.376003,77.098488,2024-12-13 12:00:00,20106.034
2024-12-13,13:00-14:00,2024,12,13,5,0,4,13,1,0,34308,14781.124,44.156651,90.856194,2024-12-13 13:00:00,18050.266
2024-12-13,14:00-15:00,2024,12,13,5,0,4,14,1,0,34372,13368.314,99.102013,285.003082,2024-12-13 14:00:00,13914.787
2024-12-13,15:00-16:00,2024,12,13,5,0,4,15,1,0,35432,14148.125,241.031067,272.89267,2024-12-13 15:00:00,8588.126
2024-12-13,16:00-17:00,2024,12,13,5,0,4,16,1,0,36290,15509.939,284.557953,322.814087,2024-12-13 16:00:00,4029.13
2024-12-13,17:00-18:00,2024,12,13,5,0,4,17,1,0,36116,15472.495,282.989258,300.71579,2024-12-13 17:00:00,3352.085
2024-12-13,18:00-19:00,2024,12,13,5,0,4,18,1,0,35900,14374.45,279.368622,283.368622,2024-12-13 18:00:00,3472.826
2024-12-13,19:00-20:00,2024,12,13,5,0,4,19,1,0,36022,14333.36,282.909943,275.939972,2024-12-13 19:00:00,3542.883
2024-12-13,20:00-21:00,2024,12,13,5,0,4,20,1,0,35714,13635.19,296.437836,300.542572,2024-12-13 20:00:00,3435.958
2024-12-13,21:00-22:00,2024,12,13,5,0,4,21,0,0,33721,12839.324,293.713074,280.882355,2024-12-13 21:00:00,3246.137
2024-12-13,22:00-23:00,2024,12,13,5,0,4,22,0,1,30709,11462.874,274.152679,279.088257,2024-12-13 22:00:00,3050.493
2024-12-13,23:00-24:00,2024,12,13,5,0,4,23,0,1,28650,11224.494,224.210129,237.392944,2024-12-13 23:00:00,2790.421
2024-12-14,00:00-01:00,2024,12,14,6,1,4,0,0,1,29728,11135.354,280.555267,293.168793,2024-12-14 00:00:00,2354.96
2024-12-14,01:00-02:00,2024,12,14,6,1,4,1,0,1,28180,11095.334,246.806686,259.667572,2024-12-14 01:00:00,2151.94
2024-12-14,02:00-03:00,2024,12,14,6,1,4,2,0,1,27412,11002.306,247.061508,245.106628,2024-12-14 02:00:00,1976.582
2024-12-14,03:00-04:00,2024,12,14,6,1,4,3,0,1,26950,10951.844,240.948425,234.357986,2024-12-14 03:00:00,1810.276
2024-12-14,04:00-05:00,2024,12,14,6,1,4,4,0,1,27091,10907.66,251.654175,243.676163,2024-12-14 04:00:00,1643.653
2024-12-14,05:00-06:00,2024,12,14,6,1,4,5,0,1,28076,10914.885,279.556671,278.332306,2024-12-14 05:00:00,1486.324
2024-12-14,06:00-07:00,2024,12,14,6,1,4,6,0,1,29825,10929.476,319.366241,312.574554,2024-12-14 06:00:00,1333.722
2024-12-14,07:00-08:00,2024,12,14,6,1,4,7,0,0,33137,11719.326,346.713898,329.565887,2024-12-14 07:00:00,3088.611
2024-12-14,08:00-09:00,2024,12,14,6,1,4,8,1,0,35286,13829.907,307.677429,312.553162,2024-12-14 08:00:00,8983.211
2024-12-14,09:00-10:00,2024,12,14,6,1,4,9,1,0,35355,15460.614,187.627335,176.131805,2024-12-14 09:00:00,14950.421
2024-12-14,10:00-11:00,2024,12,14,6,1,4,10,1,0,35297,15919.804,90.256279,86.903969,2024-12-14 10:00:00,19016.576
2024-12-14,11:00-12:00,2024,12,14,6,1,4,11,1,0,33662,15335.464,40.938995,2.474465,2024-12-14 11:00:00,20783.444
2024-12-14,12:00-13:00,2024,12,14,6,1,4,12,1,0,33964,15534.029,39.135204,2.631229,2024-12-14 12:00:00,20531.323
2024-12-14,13:00-14:00,2024,12,14,6,1,4,13,1,0,33284,15701.365,58.775684,3.174547,2024-12-14 13:00:00,18170.485
2024-12-14,14:00-15:00,2024,12,14,6,1,4,14,1,0,33586,13954.614,141.089676,86.279678,2024-12-14 14:00:00,13351.654
2024-12-14,15:00-16:00,2024,12,14,6,1,4,15,1,0,34218,14070.401,312.296753,291.882385,2024-12-14 15:00:00,6934.746
2024-12-14,16:00-17:00,2024,12,14,6,1,4,16,1,0,35294,14676.576,386.484039,381.914246,2024-12-14 16:00:00,1338.044
2024-12-14,17:00-18:00,2024,12,14,6,1,4,17,1,0,36077,14736.078,381.50827,367.004272,2024-12-14 17:00:00,441.795
2024-12-14,18:00-19:00,2024,12,14,6,1,4,18,1,0,35906,13782.356,386.731079,377.319641,2024-12-14 18:00:00,461.463
2024-12-14,19:00-20:00,2024,12,14,6,1,4,19,1,0,36097,13809.497,383.599457,371.514282,2024-12-14 19:00:00,501.382
2024-12-14,20:00-21:00,2024,12,14,6,1,4,20,1,0,36192,12852.926,405.531555,392.636108,2024-12-14 20:00:00,547.828
2024-12-14,21:00-22:00,2024,12,14,6,1,4,21,0,0,33860,12075.12,393.181366,387.119995,2024-12-14 21:00:00,621.864
2024-12-14,22:00-23:00,2024,12,14,6,1,4,22,0,1,30760,11119.614,337.958557,340.009552,2024-12-14 22:00:00,713.499
2024-12-14,23:00-24:00,2024,12,14,6,1,4,23,0,1,28457,10895.576,312.063873,296.151337,2024-12-14 23:00:00,801.639
2024-12-15,00:00-01:00,2024,12,15,7,1,4,0,0,1,29230,10138.793,342.3927,332.003815,2024-12-15 00:00:00,968.372
2024-12-15,01:00-02:00,2024,12,15,7,1,4,1,0,1,27833,10065.572,301.267365,283.045074,2024-12-15 01:00:00,991.802
2024-12-15,02:00-03:00,2024,12,15,7,1,4,2,0,1,27107,10067.001,298.294373,282.826416,2024-12-15 02:00:00,997.201
2024-12-15,03:00-04:00,2024,12,15,7,1,4,3,0,1,26691,10053.596,295.308655,287.508392,2024-12-15 03:00:00,993.851
2024-12-15,04:00-05:00,2024,12,15,7,1,4,4,0,1,26905,10029.135,300.552002,290.424591,2024-12-15 04:00:00,989.404
2024-12-15,05:00-06:00,2024,12,15,7,1,4,5,0,1,27788,10074.654,321.897675,314.707245,2024-12-15 05:00:00,959.79
2024-12-15,06:00-07:00,2024,12,15,7,1,4,6,0,1,29549,10099.504,340.214874,339.474426,2024-12-15 06:00:00,948.419
2024-12-15,07:00-08:00,2024,12,15,7,1,4,7,0,0,32668,11246.385,356.421173,350.77182,2024-12-15 07:00:00,2849.616
2024-12-15,08:00-09:00,2024,12,15,7,1,4,8,1,0,34285,12936.361,316.756531,318.997437,2024-12-15 08:00:00,8835.035
2024-12-15,09:00-10:00,2024,12,15,7,1,4,9,1,0,34880,14285.271,164.081741,147.843414,2024-12-15 09:00:00,14807.744
2024-12-15,10:00-11:00,2024,12,15,7,1,4,10,1,0,34998,15398.47,61.304295,67.007462,2024-12-15 10:00:00,18873.777
2024-12-15,11:00-12:00,2024,12,15,7,1,4,11,1,0,33244,15145.869,42.263893,0.312871,2024-12-15 11:00:00,20679.442
2024-12-15,12:00-13:00,2024,12,15,7,1,4,12,1,0,33311,15412.959,41.670284,20.77393,2024-12-15 12:00:00,20479.113
2024-12-15,13:00-14:00,2024,12,15,7,1,4,13,1,0,32708,15566.279,41.098305,0.303346,2024-12-15 13:00:00,18163.556
2024-12-15,14:00-15:00,2024,12,15,7,1,4,14,1,0,32397,13877.192,129.461639,79.965286,2024-12-15 14:00:00,13513.449
2024-12-15,15:00-16:00,2024,12,15,7,1,4,15,1,0,33728,14033.491,295.310181,242.423767,2024-12-15 15:00:00,7207.056
2024-12-15,16:00-17:00,2024,12,15,7,1,4,16,1,0,35309,15532.946,367.964172,348.16684,2024-12-15 16:00:00,1585.947
2024-12-15,17:00-18:00,2024,12,15,7,1,4,17,1,0,36257,15353.363,381.161774,358.09491,2024-12-15 17:00:00,738.083
2024-12-15,18:00-19:00,2024,12,15,7,1,4,18,1,0,36132,14888.893,381.30014,350.375488,2024-12-15 18:00:00,884.158
2024-12-15,19:00-20:00,2024,12,15,7,1,4,19,1,0,36009,14724.763,378.052551,358.287354,2024-12-15 19:00:00,1062.748
2024-12-15,20:00-21:00,2024,12,15,7,1,4,20,1,0,35746,14582.236,390.02179,380.137604,2024-12-15 20:00:00,1196.661
2024-12-15,21:00-22:00,2024,12,15,7,1,4,21,0,0,33092,12315.869,369.254059,353.895264,2024-12-15 21:00:00,1307.417
2024-12-15,22:00-23:00,2024,12,15,7,1,4,22,0,1,30312,10892.911,340.356445,293.329742,2024-12-15 22:00:00,1407.86
2024-12-15,23:00-24:00,2024,12,15,7,1,4,23,0,1,28576,10833.614,292.433716,202.865204,2024-12-15 23:00:00,1464.951
2024-12-16,00:00-01:00,2024,12,16,1,0,4,0,0,1,28691,10755.296,289.162811,251.965866,2024-12-16 00:00:00,1598.635
2024-12-16,01:00-02:00,2024,12,16,1,0,4,1,0,1,27438,10736.054,252.776108,226.563644,2024-12-16 01:00:00,1568.159
2024-12-16,02:00-03:00,2024,12,16,1,0,4,2,0,1,26732,10683.623,247.465149,206.565704,2024-12-16 02:00:00,1483.555
2024-12-16,03:00-04:00,2024,12,16,1,0,4,3,0,1,26277,10664.308,234.071152,225.954803,2024-12-16 03:00:00,1368.104
2024-12-16,04:00-05:00,2024,12,16,1,0,4,4,0,1,26662,10644.627,248.437073,236.760605,2024-12-16 04:00:00,1275.866
2024-12-16,05:00-06:00,2024,12,16,1,0,4,5,0,1,27915,10690.236,278.249054,239.867676,2024-12-16 05:00:00,1247.301
2024-12-16,06:00-07:00,2024,12,16,1,0,4,6,0,1,30840,10838.691,339.045746,314.157166,2024-12-16 06:00:00,1278.393
2024-12-16,07:00-08:00,2024,12,16,1,0,4,7,0,0,34203,12009.629,344.747498,362.141846,2024-12-16 07:00:00,3311.01
2024-12-16,08:00-09:00,2024,12,16,1,0,4,8,1,0,36774,13807.405,297.247131,337.128418,2024-12-16 08:00:00,9738.655
2024-12-16,09:00-10:00,2024,12,16,1,0,4,9,1,0,36763,14662.774,180.795395,220.512344,2024-12-16 09:00:00,16008.694
2024-12-16,10:00-11:00,2024,12,16,1,0,4,10,1,0,36899,15778.454,75.888062,69.958626,2024-12-16 10:00:00,20052.427
2024-12-16,11:00-12:00,2024,12,16,1,0,4,11,1,0,34942,15506.248,39.071217,2.896358,2024-12-16 11:00:00,21779.654
2024-12-16,12:00-13:00,2024,12,16,1,0,4,12,1,0,35267,15762.004,51.212719,22.301367,2024-12-16 12:00:00,21542.518
2024-12-16,13:00-14:00,2024,12,16,1,0,4,13,1,0,34603,15924.233,40.011963,27.479496,2024-12-16 13:00:00,19277.708
2024-12-16,14:00-15:00,2024,12,16,1,0,4,14,1,0,34378,14215.924,97.008423,96.003632,2024-12-16 14:00:00,14522.292
2024-12-16,15:00-16:00,2024,12,16,1,0,4,15,1,0,35024,14192.861,283.796051,266.346252,2024-12-16 15:00:00,7885.135
2024-12-16,16:00-17:00,2024,12,16,1,0,4,16,1,0,36282,15714.631,347.501312,360.379608,2024-12-16 16:00:00,2127.478
2024-12-16,17:00-18:00,2024,12,16,1,0,4,17,1,0,36643,15511.681,344.682007,357.303284,2024-12-16 17:00:00,1434.887
2024-12-16,18:00-19:00,2024,12,16,1,0,4,18,1,0,36544,14964.844,345.988495,365.141205,2024-12-16 18:00:00,1767.833
2024-12-16,19:00-20:00,2024,12,16,1,0,4,19,1,0,36370,14670.845,345.081512,355.727112,2024-12-16 19:00:00,1994.615
2024-12-16,20:00-21:00,2024,12,16,1,0,4,20,1,0,35891,14571.366,346.941742,369.181854,2024-12-16 20:00:00,2033.627
2024-12-16,21:00-22:00,2024,12,16,1,0,4,21,0,0,33459,12285.046,346.913879,366.545441,2024-12-16 21:00:00,1915.281
2024-12-16,22:00-23:00,2024,12,16,1,0,4,22,0,1,30776,10885.621,321.878418,329.351471,2024-12-16 22:00:00,1765.917
2024-12-16,23:00-24:00,2024,12,16,1,0,4,23,0,1,28765,10791.954,277.160095,254.002853,2024-12-16 23:00:00,1642.36
2024-12-17,00:00-01:00,2024,12,17,2,0,4,0,0,1,29095,10690.554,301.135712,296.090973,2024-12-17 00:00:00,1350.262
2024-12-17,01:00-02:00,2024,12,17,2,0,4,1,0,1,28010,10606.994,277.735016,275.492279,2024-12-17 01:00:00,1067.698
2024-12-17,02:00-03:00,2024,12,17,2,0,4,2,0,1,26931,10575.684,279.535858,284.59201,2024-12-17 02:00:00,788.658
2024-12-17,03:00-04:00,2024,12,17,2,0,4,3,0,1,26740,10537.884,283.049042,284.938843,2024-12-17 03:00:00,580.198
2024-12-17,04:00-05:00,2024,12,17,2,0,4,4,0,1,26832,10537.944,290.795776,294.036713,2024-12-17 04:00:00,486.879
2024-12-17,05:00-06:00,2024,12,17,2,0,4,5,0,1,28066,10599.684,322.919983,321.821136,2024-12-17 05:00:00,480.885
2024-12-17,06:00-07:00,2024,12,17,2,0,4,6,0,1,31200,11423.554,352.430176,347.790253,2024-12-17 06:00:00,539.413
2024-12-17,07:00-08:00,2024,12,17,2,0,4,7,0,0,34544,12460.194,371.998901,394.032471,2024-12-17 07:00:00,2342.503
2024-12-17,08:00-09:00,2024,12,17,2,0,4,8,1,0,36806,13726.994,343.272003,377.269623,2024-12-17 08:00:00,7971.775
2024-12-17,09:00-10:00,2024,12,17,2,0,4,9,1,0,37134,14088.454,220.049774,376.259155,2024-12-17 09:00:00,13683.22
2024-12-17,10:00-11:00,2024,12,17,2,0,4,10,1,0,35431,15061.664,105.308487,358.102692,2024-12-17 10:00:00,17570.869
2024-12-17,11:00-12:00,2024,12,17,2,0,4,11,1,0,34167,14733.374,60.537697,324.277679,2024-12-17 11:00:00,19263.289
2024-12-17,12:00-13:00,2024,12,17,2,0,4,12,1,0,34538,15024.009,60.627792,280.899719,2024-12-17 12:00:00,19139.223
2024-12-17,13:00-14:00,2024,12,17,2,0,4,13,1,0,34105,15212.564,56.781475,218.212463,2024-12-17 13:00:00,17073.738
2024-12-17,14:00-15:00,2024,12,17,2,0,4,14,1,0,34105,13590.724,127.780319,259.051422,2024-12-17 14:00:00,12829.672
2024-12-17,15:00-16:00,2024,12,17,2,0,4,15,1,0,35094,14049.185,305.754822,339.186279,2024-12-17 15:00:00,7519.136
2024-12-17,16:00-17:00,2024,12,17,2,0,4,16,1,0,35465,15176.9,344.347137,371.42569,2024-12-17 16:00:00,3024.186
2024-12-17,17:00-18:00,2024,12,17,2,0,4,17,1,0,36516,15044.761,329.008606,329.639923,2024-12-17 17:00:00,2801.475
2024-12-17,18:00-19:00,2024,12,17,2,0,4,18,1,0,36392,14155.993,329.834503,323.041779,2024-12-17 18:00:00,3354.978
2024-12-17,19:00-20:00,2024,12,17,2,0,4,19,1,0,36392,13965.79,324.899109,312.411041,2024-12-17 19:00:00,3714.406
2024-12-17,20:00-21:00,2024,12,17,2,0,4,20,1,0,35840,13627.28,343.306122,339.166168,2024-12-17 20:00:00,3884.183
2024-12-17,21:00-22:00,2024,12,17,2,0,4,21,0,0,33443,11763.144,325.408661,319.237213,2024-12-17 21:00:00,3963.389
2024-12-17,22:00-23:00,2024,12,17,2,0,4,22,0,1,30328,10960.124,272.676544,256.216675,2024-12-17 22:00:00,4009.662
2024-12-17,23:00-24:00,2024,12,17,2,0,4,23,0,1,28304,10924.884,192.947632,178.25444,2024-12-17 23:00:00,4031.219
2024-12-18,00:00-01:00,2024,12,18,3,0,4,0,0,1,29491,10979.464,274.872833,230.912354,2024-12-18 00:00:00,3980.7
2024-12-18,01:00-02:00,2024,12,18,3,0,4,1,0,1,27933,11016.104,202.248978,186.508301,2024-12-18 01:00:00,4068.216
2024-12-18,02:00-03:00,2024,12,18,3,0,4,2,0,1,27225,11018.794,192.266983,183.557541,2024-12-18 02:00:00,4151.249
2024-12-18,03:00-04:00,2024,12,18,3,0,4,3,0,1,26917,10996.134,187.569122,166.396759,2024-12-18 03:00:00,4208.896
2024-12-18,04:00-05:00,2024,12,18,3,0,4,4,0,1,27101,10969.004,189.519089,159.504715,2024-12-18 04:00:00,4235.529
2024-12-18,05:00-06:00,2024,12,18,3,0,4,5,0,1,28254,10981.664,233.73172,196.326691,2024-12-18 05:00:00,4271.192
2024-12-18,06:00-07:00,2024,12,18,3,0,4,6,0,1,30934,11525.564,287.803894,255.224274,2024-12-18 06:00:00,4327.052
2024-12-18,07:00-08:00,2024,12,18,3,0,4,7,0,0,34109,12858.124,302.161804,311.462677,2024-12-18 07:00:00,5982.64
2024-12-18,08:00-09:00,2024,12,18,3,0,4,8,1,0,36659,13825.775,287.464569,343.318604,2024-12-18 08:00:00,11537.169
2024-12-18,09:00-10:00,2024,12,18,3,0,4,9,1,0,36654,14308.374,161.91188,241.615387,2024-12-18 09:00:00,17103.069
2024-12-18,10:00-11:00,2024,12,18,3,0,4,10,1,0,37223,15366.104,75.179466,105.187462,2024-12-18 10:00:00,20978.945
2024-12-18,11:00-12:00,2024,12,18,3,0,4,11,1,0,35399,14911.854,62.484154,44.170868,2024-12-18 11:00:00,22739.062
2024-12-18,12:00-13:00,2024,12,18,3,0,4,12,1,0,35666,15206.589,63.372326,48.519341,2024-12-18 12:00:00,22488.903
2024-12-18,13:00-14:00,2024,12,18,3,0,4,13,1,0,35169,15441.844,57.161747,77.865273,2024-12-18 13:00:00,20165.988
2024-12-18,14:00-15:00,2024,12,18,3,0,4,14,1,0,34598,13761.364,111.004478,174.492157,2024-12-18 14:00:00,15528.457
2024-12-18,15:00-16:00,2024,12,18,3,0,4,15,1,0,35092,14025.605,232.0457,239.21254,2024-12-18 15:00:00,9813.223
2024-12-18,16:00-17:00,2024,12,18,3,0,4,16,1,0,36413,16165.86,274.415833,269.112335,2024-12-18 16:00:00,4968.88
2024-12-18,17:00-18:00,2024,12,18,3,0,4,17,1,0,36552,15467.105,275.169098,292.954681,2024-12-18 17:00:00,4510.948
2024-12-18,18:00-19:00,2024,12,18,3,0,4,18,1,0,36271,14513.722,258.63443,288.231567,2024-12-18 18:00:00,4930.231
2024-12-18,19:00-20:00,2024,12,18,3,0,4,19,1,0,36365,14385.24,268.830902,273.633118,2024-12-18 19:00:00,5225.942
2024-12-18,20:00-21:00,2024,12,18,3,0,4,20,1,0,36213,14955.61,289.205383,308.099945,2024-12-18 20:00:00,5312.086
2024-12-18,21:00-22:00,2024,12,18,3,0,4,21,0,0,33496,12834.861,279.509796,304.078278,2024-12-18 21:00:00,5278.772
2024-12-18,22:00-23:00,2024,12,18,3,0,4,22,0,1,30536,11315.154,239.423721,253.843445,2024-12-18 22:00:00,5163.011
2024-12-18,23:00-24:00,2024,12,18,3,0,4,23,0,1,28474,11180.514,181.017517,182.813324,2024-12-18 23:00:00,4838.909
2024-12-19,00:00-01:00,2024,12,19,4,0,4,0,0,1,29163,11198.314,293.926117,279.733093,2024-12-19 00:00:00,4188.068
2024-12-19,01:00-02:00,2024,12,19,4,0,4,1,0,1,28163,11139.874,303.677032,288.301361,2024-12-19 01:00:00,3901.973
2024-12-19,02:00-03:00,2024,12,19,4,0,4,2,0,1,27502,11120.744,306.673706,278.786041,2024-12-19 02:00:00,3571.859
2024-12-19,03:00-04:00,2024,12,19,4,0,4,3,0,1,27000,11073.334,306.394226,308.957611,2024-12-19 03:00:00,3220.309
2024-12-19,04:00-05:00,2024,12,19,4,0,4,4,0,1,27303,11036.334,309.092377,299.29425,2024-12-19 04:00:00,2870.073
2024-12-19,05:00-06:00,2024,12,19,4,0,4,5,0,1,28431,11006.984,308.734528,281.568878,2024-12-19 05:00:00,2523.937
2024-12-19,06:00-07:00,2024,12,19,4,0,4,6,0,1,31349,10991.864,346.842865,340.535034,2024-12-19 06:00:00,2143.554
2024-12-19,07:00-08:00,2024,12,19,4,0,4,7,0,0,34936,11396.237,394.958405,373.261017,2024-12-19 07:00:00,2915.52
2024-12-19,08:00-09:00,2024,12,19,4,0,4,8,1,0,37701,13190.644,401.439209,359.171631,2024-12-19 08:00:00,6206.051
2024-12-19,09:00-10:00,2024,12,19,4,0,4,9,1,0,38489,12840.634,369.603333,313.727386,2024-12-19 09:00:00,9617.61
2024-12-19,10:00-11:00,2024,12,19,4,0,4,10,1,0,39900,13433.414,333.606567,219.294647,2024-12-19 10:00:00,12355.585
2024-12-19,11:00-12:00,2024,12,19,4,0,4,11,1,0,37952,12867.554,195.019913,157.681046,2024-12-19 11:00:00,13740.12
2024-12-19,12:00-13:00,2024,12,19,4,0,4,12,1,0,38636,13299.529,208.275818,269.799255,2024-12-19 12:00:00,13734.326
2024-12-19,13:00-14:00,2024,12,19,4,0,4,13,1,0,37959,13946.764,248.321533,331.848236,2024-12-19 13:00:00,12343.088
2024-12-19,14:00-15:00,2024,12,19,4,0,4,14,1,0,37805,12920.564,330.963715,336.851929,2024-12-19 14:00:00,9264.9
2024-12-19,15:00-16:00,2024,12,19,4,0,4,15,1,0,37855,14588.035,372.622467,362.255096,2024-12-19 15:00:00,5013.068
2024-12-19,16:00-17:00,2024,12,19,4,0,4,16,1,0,38871,16612.934,447.972321,399.409332,2024-12-19 16:00:00,942.974
2024-12-19,17:00-18:00,2024,12,19,4,0,4,17,1,0,39080,15972.635,423.914673,388.203644,2024-12-19 17:00:00,223.732
2024-12-19,18:00-19:00,2024,12,19,4,0,4,18,1,0,38468,14799.87,382.979431,372.365692,2024-12-19 18:00:00,278.008
2024-12-19,19:00-20:00,2024,12,19,4,0,4,19,1,0,38152,14374.534,395.92218,391.608582,2024-12-19 19:00:00,349.095
2024-12-19,20:00-21:00,2024,12,19,4,0,4,20,1,0,38002,15253.43,425.174835,408.138977,2024-12-19 20:00:00,418.487
2024-12-19,21:00-22:00,2024,12,19,4,0,4,21,0,0,35407,12591.399,396.849487,392.865417,2024-12-19 21:00:00,508.649
2024-12-19,22:00-23:00,2024,12,19,4,0,4,22,0,1,31717,10981.674,364.687317,352.42984,2024-12-19 22:00:00,592.96
2024-12-19,23:00-24:00,2024,12,19,4,0,4,23,0,1,29451,10912.753,338.305328,318.706635,2024-12-19 23:00:00,651.058
2024-12-20,00:00-01:00,2024,12,20,5,0,4,0,0,1,30175,10709.664,344.218628,345.38089,2024-12-20 00:00:00,635.764
2024-12-20,01:00-02:00,2024,12,20,5,0,4,1,0,1,28930,10712.264,318.284241,316.430573,2024-12-20 01:00:00,617.519
2024-12-20,02:00-03:00,2024,12,20,5,0,4,2,0,1,28139,10713.574,299.940796,308.027771,2024-12-20 02:00:00,558.59
2024-12-20,03:00-04:00,2024,12,20,5,0,4,3,0,1,27634,10679.514,297.261414,299.085785,2024-12-20 03:00:00,500.985
2024-12-20,04:00-05:00,2024,12,20,5,0,4,4,0,1,27913,10683.884,300.754456,306.641632,2024-12-20 04:00:00,465.759
2024-12-20,05:00-06:00,2024,12,20,5,0,4,5,0,1,29111,10698.904,321.58078,322.319031,2024-12-20 05:00:00,468.582
2024-12-20,06:00-07:00,2024,12,20,5,0,4,6,0,1,31862,10945.993,371.361908,369.184418,2024-12-20 06:00:00,540.973
2024-12-20,07:00-08:00,2024,12,20,5,0,4,7,0,0,36069,12747.814,375.359406,375.602417,2024-12-20 07:00:00,2244.896
2024-12-20,08:00-09:00,2024,12,20,5,0,4,8,1,0,37959,13829.83,367.85611,382.196991,2024-12-20 08:00:00,7968.29
2024-12-20,09:00-10:00,2024,12,20,5,0,4,9,1,0,38586,14409.712,221.713928,280.223328,2024-12-20 09:00:00,13925.934
2024-12-20,10:00-11:00,2024,12,20,5,0,4,10,1,0,38605,15495.781,127.515373,137.453537,2024-12-20 10:00:00,18184.028
2024-12-20,11:00-12:00,2024,12,20,5,0,4,11,1,0,35613,14992.584,61.901031,74.712036,2024-12-20 11:00:00,20089.979
2024-12-20,12:00-13:00,2024,12,20,5,0,4,12,1,0,35892,15306.519,61.257679,91.060051,2024-12-20 12:00:00,19869.58
2024-12-20,13:00-14:00,2024,12,20,5,0,4,13,1,0,35735,15613.314,53.447083,117.261322,2024-12-20 13:00:00,17553.452
2024-12-20,14:00-15:00,2024,12,20,5,0,4,14,1,0,35688,14019.516,168.84848,309.249908,2024-12-20 14:00:00,12797.38
2024-12-20,15:00-16:00,2024,12,20,5,0,4,15,1,0,36634,14882.105,323.987091,365.499573,2024-12-20 15:00:00,6603.43
2024-12-20,16:00-17:00,2024,12,20,5,0,4,16,1,0,37700,16489.491,364.928192,376.608185,2024-12-20 16:00:00,1133.527
2024-12-20,17:00-18:00,2024,12,20,5,0,4,17,1,0,37647,16161.385,365.17688,377.956879,2024-12-20 17:00:00,220.218
2024-12-20,18:00-19:00,2024,12,20,5,0,4,18,1,0,37449,15234.71,367.268768,368.961334,2024-12-20 18:00:00,268.886
2024-12-20,19:00-20:00,2024,12,20,5,0,4,19,1,0,37660,15291.746,386.186157,365.736176,2024-12-20 19:00:00,343.599
2024-12-20,20:00-21:00,2024,12,20,5,0,4,20,1,0,37550,15804.38,404.352844,371.952667,2024-12-20 20:00:00,433.406
2024-12-20,21:00-22:00,2024,12,20,5,0,4,21,0,0,35296,13543.704,384.089111,377.837891,2024-12-20 21:00:00,568.222
2024-12-20,22:00-23:00,2024,12,20,5,0,4,22,0,1,31674,11415.24,360.810486,368.516632,2024-12-20 22:00:00,770.002
2024-12-20,23:00-24:00,2024,12,20,5,0,4,23,0,1,29480,11414.21,312.980469,327.572449,2024-12-20 23:00:00,1065.428
2024-12-21,00:00-01:00,2024,12,21,6,1,4,0,0,1,30078,11656.342,257.418457,337.009003,2024-12-21 00:00:00,1463.292
2024-12-21,01:00-02:00,2024,12,21,6,1,4,1,0,1,28571,10993.094,211.652222,295.979309,2024-12-21 01:00:00,1989.954
2024-12-21,02:00-03:00,2024,12,21,6,1,4,2,0,1,27695,11095.944,187.536163,254.909424,2024-12-21 02:00:00,2513.674
2024-12-21,03:00-04:00,2024,12,21,6,1,4,3,0,1,27326,11073.274,159.393494,163.274948,2024-12-21 03:00:00,3055.141
2024-12-21,04:00-05:00,2024,12,21,6,1,4,4,0,1,27630,11123.174,150.892715,153.208603,2024-12-21 04:00:00,3556.329
2024-12-21,05:00-06:00,2024,12,21,6,1,4,5,0,1,28591,11177.484,162.593338,156.435318,2024-12-21 05:00:00,3946.939
2024-12-21,06:00-07:00,2024,12,21,6,1,4,6,0,1,30334,11200.364,204.080399,185.828827,2024-12-21 06:00:00,4251.256
2024-12-21,07:00-08:00,2024,12,21,6,1,4,7,0,0,34055,11770.921,253.746857,231.356079,2024-12-21 07:00:00,5822.185
2024-12-21,08:00-09:00,2024,12,21,6,1,4,8,1,0,37132,13769.726,222.549255,251.423828,2024-12-21 08:00:00,10918.346
2024-12-21,09:00-10:00,2024,12,21,6,1,4,9,1,0,37546,14197.004,101.937325,120.440773,2024-12-21 09:00:00,15996.62
2024-12-21,10:00-11:00,2024,12,21,6,1,4,10,1,0,38010,15283.13,55.118176,40.807758,2024-12-21 10:00:00,19658.487
2024-12-21,11:00-12:00,2024,12,21,6,1,4,11,1,0,36051,14744.533,40.44154,17.736311,2024-12-21 11:00:00,21142.116
2024-12-21,12:00-13:00,2024,12,21,6,1,4,12,1,0,36833,15098.458,41.500179,20.196331,2024-12-21 12:00:00,20721.284
2024-12-21,13:00-14:00,2024,12,21,6,1,4,13,1,0,35985,15419.848,40.35984,17.824539,2024-12-21 13:00:00,18460.347
2024-12-21,14:00-15:00,2024,12,21,6,1,4,14,1,0,36003,13973.514,98.185043,137.880096,2024-12-21 14:00:00,14153.521
2024-12-21,15:00-16:00,2024,12,21,6,1,4,15,1,0,35827,14918.255,238.325653,316.746887,2024-12-21 15:00:00,8672.308
2024-12-21,16:00-17:00,2024,12,21,6,1,4,16,1,0,36830,16949.321,299.917114,372.990479,2024-12-21 16:00:00,3903.773
2024-12-21,17:00-18:00,2024,12,21,6,1,4,17,1,0,37179,16673.813,290.219788,322.787659,2024-12-21 17:00:00,3393.6
2024-12-21,18:00-19:00,2024,12,21,6,1,4,18,1,0,37313,15695.323,283.704865,281.02652,2024-12-21 18:00:00,3810.299
2024-12-21,19:00-20:00,2024,12,21,6,1,4,19,1,0,37365,15452.082,290.328796,299.069794,2024-12-21 19:00:00,4097.369
2024-12-21,20:00-21:00,2024,12,21,6,1,4,20,1,0,37243,15932.953,295.874207,338.565857,2024-12-21 20:00:00,4098.681
2024-12-21,21:00-22:00,2024,12,21,6,1,4,21,0,0,34756,13886.763,279.921539,318.175385,2024-12-21 21:00:00,3945.582
2024-12-21,22:00-23:00,2024,12,21,6,1,4,22,0,1,31545,11894.53,237.5168,310.986542,2024-12-21 22:00:00,3739.251
2024-12-21,23:00-24:00,2024,12,21,6,1,4,23,0,1,29412,11805.36,181.901672,219.112991,2024-12-21 23:00:00,3382.905
2024-12-22,00:00-01:00,2024,12,22,7,1,4,0,0,1,29380,10088.123,250.243683,271.038422,2024-12-22 00:00:00,3082.896
2024-12-22,01:00-02:00,2024,12,22,7,1,4,1,0,1,28360,9041.639,242.928848,256.118958,2024-12-22 01:00:00,2880.767
2024-12-22,02:00-03:00,2024,12,22,7,1,4,2,0,1,27673,9029.554,221.94696,225.035767,2024-12-22 02:00:00,2760.893
2024-12-22,03:00-04:00,2024,12,22,7,1,4,3,0,1,27096,9070.674,209.597763,218.819992,2024-12-22 03:00:00,2719.876
2024-12-22,04:00-05:00,2024,12,22,7,1,4,4,0,1,27256,9065.614,215.87793,207.983749,2024-12-22 04:00:00,2699.307
2024-12-22,05:00-06:00,2024,12,22,7,1,4,5,0,1,27828,9907.174,187.534348,184.08963,2024-12-22 05:00:00,2648.04
2024-12-22,06:00-07:00,2024,12,22,7,1,4,6,0,1,29725,10934.465,235.143707,193.561066,2024-12-22 06:00:00,2536.488
2024-12-22,07:00-08:00,2024,12,22,7,1,4,7,0,0,33196,11190.19,295.762695,243.75383,2024-12-22 07:00:00,3349.842
2024-12-22,08:00-09:00,2024,12,22,7,1,4,8,1,0,35564,12475.07,296.526886,268.502197,2024-12-22 08:00:00,6226.083
2024-12-22,09:00-10:00,2024,12,22,7,1,4,9,1,0,36671,13168.15,248.766098,200.957092,2024-12-22 09:00:00,9034.832
2024-12-22,10:00-11:00,2024,12,22,7,1,4,10,1,0,37373,13989.09,178.958282,237.68399,2024-12-22 10:00:00,11073.707
2024-12-22,11:00-12:00,2024,12,22,7,1,4,11,1,0,35909,14154.897,128.498093,280.039825,2024-12-22 11:00:00,11841.245
2024-12-22,12:00-13:00,2024,12,22,7,1,4,12,1,0,36264,14003.944,160.404129,477.74472,2024-12-22 12:00:00,11162.445
2024-12-22,13:00-14:00,2024,12,22,7,1,4,13,1,0,35583,13287.378,243.430222,429.708344,2024-12-22 13:00:00,8921.206
2024-12-22,14:00-15:00,2024,12,22,7,1,4,14,1,0,35490,12688.164,324.020142,446.454285,2024-12-22 14:00:00,6076.786
2024-12-22,15:00-16:00,2024,12,22,7,1,4,15,1,0,36126,14265.481,364.308197,451.554047,2024-12-22 15:00:00,3504.432
2024-12-22,16:00-17:00,2024,12,22,7,1,4,16,1,0,37738,16351.537,363.632355,398.635773,2024-12-22 16:00:00,1347.758
2024-12-22,17:00-18:00,2024,12,22,7,1,4,17,1,0,38404,16284.759,365.4263,380.84024,2024-12-22 17:00:00,1071.325
2024-12-22,18:00-19:00,2024,12,22,7,1,4,18,1,0,38053,15071.863,363.082245,364.781097,2024-12-22 18:00:00,1206.047
2024-12-22,19:00-20:00,2024,12,22,7,1,4,19,1,0,38241,15135.216,367.614502,365.149261,2024-12-22 19:00:00,1297.603
2024-12-22,20:00-21:00,2024,12,22,7,1,4,20,1,0,37645,15459.134,375.062225,374.843597,2024-12-22 20:00:00,1275.972
2024-12-22,21:00-22:00,2024,12,22,7,1,4,21,0,0,34607,12595.068,361.204437,362.444702,2024-12-22 21:00:00,1192.907
2024-12-22,22:00-23:00,2024,12,22,7,1,4,22,0,1,31582,11444.97,317.697113,319.342926,2024-12-22 22:00:00,1099.385
2024-12-22,23:00-24:00,2024,12,22,7,1,4,23,0,1,29179,11390.7,275.604614,273.14325,2024-12-22 23:00:00,977.419
2024-12-23,00:00-01:00,2024,12,23,1,0,4,0,0,1,30365,9774.424,332.487366,320.327972,2024-12-23 00:00:00,767.202
2024-12-23,01:00-02:00,2024,12,23,1,0,4,1,0,1,29030,8827.804,320.18573,318.489685,2024-12-23 01:00:00,664.764
2024-12-23,02:00-03:00,2024,12,23,1,0,4,2,0,1,28256,8829.174,314.142761,311.770355,2024-12-23 02:00:00,582.458
2024-12-23,03:00-04:00,2024,12,23,1,0,4,3,0,1,27534,8877.164,295.022919,300.687286,2024-12-23 03:00:00,513.882
2024-12-23,04:00-05:00,2024,12,23,1,0,4,4,0,1,27776,8873.904,307.37207,293.274445,2024-12-23 04:00:00,470.741
2024-12-23,05:00-06:00,2024,12,23,1,0,4,5,0,1,29177,10040.094,307.453369,291.178009,2024-12-23 05:00:00,428.769
2024-12-23,06:00-07:00,2024,12,23,1,0,4,6,0,1,32212,10930.854,335.574066,320.249603,2024-12-23 06:00:00,389.895
2024-12-23,07:00-08:00,2024,12,23,1,0,4,7,0,0,35648,11628.882,365.851288,376.267181,2024-12-23 07:00:00,984.835
2024-12-23,08:00-09:00,2024,12,23,1,0,4,8,1,0,39825,13926.104,373.816589,405.625122,2024-12-23 08:00:00,3323.055
2024-12-23,09:00-10:00,2024,12,23,1,0,4,9,1,0,41180,13787.154,351.222351,445.772095,2024-12-23 09:00:00,6068.395
2024-12-23,10:00-11:00,2024,12,23,1,0,4,10,1,0,40855,14012.874,284.165314,398.2341,2024-12-23 10:00:00,8898.538
2024-12-23,11:00-12:00,2024,12,23,1,0,4,11,1,0,37734,13854.684,200.021637,347.17926,2024-12-23 11:00:00,10859.086
2024-12-23,12:00-13:00,2024,12,23,1,0,4,12,1,0,38338,13712.204,219.153885,321.328705,2024-12-23 12:00:00,11382.353
2024-12-23,13:00-14:00,2024,12,23,1,0,4,13,1,0,37906,13463.034,228.499573,306.669159,2024-12-23 13:00:00,10607.002
2024-12-23,14:00-15:00,2024,12,23,1,0,4,14,1,0,37734,12612.264,281.896179,321.524231,2024-12-23 14:00:00,8361.192
2024-12-23,15:00-16:00,2024,12,23,1,0,4,15,1,0,38631,14092.615,349.516174,370.722504,2024-12-23 15:00:00,4806.96
2024-12-23,16:00-17:00,2024,12,23,1,0,4,16,1,0,39673,15995.16,371.927368,397.900574,2024-12-23 16:00:00,1038.16
2024-12-23,17:00-18:00,2024,12,23,1,0,4,17,1,0,39780,15918.462,374.193115,385.6315,2024-12-23 17:00:00,396.337
2024-12-23,18:00-19:00,2024,12,23,1,0,4,18,1,0,40084,15137.43,372.935608,377.615814,2024-12-23 18:00:00,563.748
2024-12-23,19:00-20:00,2024,12,23,1,0,4,19,1,0,40080,15196.714,378.676453,391.359802,2024-12-23 19:00:00,714.481
2024-12-23,20:00-21:00,2024,12,23,1,0,4,20,1,0,39781,15505.57,396.954529,400.677795,2024-12-23 20:00:00,800.097
2024-12-23,21:00-22:00,2024,12,23,1,0,4,21,0,0,36172,12633.519,396.751404,383.804596,2024-12-23 21:00:00,850.22
2024-12-23,22:00-23:00,2024,12,23,1,0,4,22,0,1,32640,11402.62,351.543732,355.278625,2024-12-23 22:00:00,893.729
2024-12-23,23:00-24:00,2024,12,23,1,0,4,23,0,1,30249,11382.03,314.42627,314.890289,2024-12-23 23:00:00,921.353
2024-12-24,00:00-01:00,2024,12,24,2,0,4,0,0,1,30781,9767.784,319.988495,317.41684,2024-12-24 00:00:00,746.908
2024-12-24,01:00-02:00,2024,12,24,2,0,4,1,0,1,29427,9755.954,315.983063,314.37146,2024-12-24 01:00:00,822.822
2024-12-24,02:00-03:00,2024,12,24,2,0,4,2,0,1,28657,9789.454,297.648926,309.059601,2024-12-24 02:00:00,930.145
2024-12-24,03:00-04:00,2024,12,24,2,0,4,3,0,1,27930,9782.904,273.367828,280.223297,2024-12-24 03:00:00,1072.153
2024-12-24,04:00-05:00,2024,12,24,2,0,4,4,0,1,28120,9783.354,278.278107,277.460052,2024-12-24 04:00:00,1162.404
2024-12-24,05:00-06:00,2024,12,24,2,0,4,5,0,1,29479,10117.844,284.971558,294.484985,2024-12-24 05:00:00,1201.453
2024-12-24,06:00-07:00,2024,12,24,2,0,4,6,0,1,32612,11015.234,318.185913,329.125397,2024-12-24 06:00:00,1184.058
2024-12-24,07:00-08:00,2024,12,24,2,0,4,7,0,0,35940,11936.435,365.05899,376.704346,2024-12-24 07:00:00,2569.856
2024-12-24,08:00-09:00,2024,12,24,2,0,4,8,1,0,39913,14066.422,330.655365,363.730011,2024-12-24 08:00:00,7856.021
2024-12-24,09:00-10:00,2024,12,24,2,0,4,9,1,0,41213,15449.604,239.384109,249.505203,2024-12-24 09:00:00,13454.185
2024-12-24,10:00-11:00,2024,12,24,2,0,4,10,1,0,40713,16261.834,136.114471,149.171982,2024-12-24 10:00:00,17450.239
2024-12-24,11:00-12:00,2024,12,24,2,0,4,11,1,0,37225,15162.344,60.295086,80.021652,2024-12-24 11:00:00,19322.278
2024-12-24,12:00-13:00,2024,12,24,2,0,4,12,1,0,37240,15160.999,73.720833,112.360954,2024-12-24 12:00:00,19080.671
2024-12-24,13:00-14:00,2024,12,24,2,0,4,13,1,0,37225,15453.604,82.424049,120.693848,2024-12-24 13:00:00,16709.577
2024-12-24,14:00-15:00,2024,12,24,2,0,4,14,1,0,37941,14005.924,176.357361,252.19574,2024-12-24 14:00:00,12094.936
2024-12-24,15:00-16:00,2024,12,24,2,0,4,15,1,0,38396,14833.775,313.848602,322.689178,2024-12-24 15:00:00,6354.501
2024-12-24,16:00-17:00,2024,12,24,2,0,4,16,1,0,39507,16582.66,350.630951,343.633881,2024-12-24 16:00:00,1288.409
2024-12-24,17:00-18:00,2024,12,24,2,0,4,17,1,0,39530,16260.775,373.311829,355.950806,2024-12-24 17:00:00,447.903
2024-12-24,18:00-19:00,2024,12,24,2,0,4,18,1,0,39674,15603.855,367.140625,348.220978,2024-12-24 18:00:00,589.366
2024-12-24,19:00-20:00,2024,12,24,2,0,4,19,1,0,39638,15443.42,376.206787,366.891357,2024-12-24 19:00:00,696.221
2024-12-24,20:00-21:00,2024,12,24,2,0,4,20,1,0,39309,15699.6,387.097504,371.351471,2024-12-24 20:00:00,730.114
2024-12-24,21:00-22:00,2024,12,24,2,0,4,21,0,0,35831,13263.95,378.313873,365.37265,2024-12-24 21:00:00,698.003
2024-12-24,22:00-23:00,2024,12,24,2,0,4,22,0,1,32195,11584.05,346.096405,329.554779,2024-12-24 22:00:00,675.432
2024-12-24,23:00-24:00,2024,12,24,2,0,4,23,0,1,29601,11555.33,307.906311,278.854095,2024-12-24 23:00:00,637.938
2024-12-25,00:00-01:00,2024,12,25,3,0,4,0,0,1,30595,10769.054,357.988922,355.987274,2024-12-25 00:00:00,347.489
2024-12-25,01:00-02:00,2024,12,25,3,0,4,1,0,1,29178,9361.864,348.193634,345.659729,2024-12-25 01:00:00,349.554
2024-12-25,02:00-03:00,2024,12,25,3,0,4,2,0,1,28387,9456.47,337.74646,332.901184,2024-12-25 02:00:00,353.637
2024-12-25,03:00-04:00,2024,12,25,3,0,4,3,0,1,27892,9507.534,329.090668,322.86557,2024-12-25 03:00:00,346.135
2024-12-25,04:00-05:00,2024,12,25,3,0,4,4,0,1,27783,9505.564,332.069885,327.009521,2024-12-25 04:00:00,325.439
2024-12-25,05:00-06:00,2024,12,25,3,0,4,5,0,1,29313,10541.014,340.122925,339.70993,2024-12-25 05:00:00,313.453
2024-12-25,06:00-07:00,2024,12,25,3,0,4,6,0,1,31933,11441.904,372.183289,366.28894,2024-12-25 06:00:00,296.049
2024-12-25,07:00-08:00,2024,12,25,3,0,4,7,0,0,35536,12262.289,423.218018,412.101959,2024-12-25 07:00:00,1091.627
2024-12-25,08:00-09:00,2024,12,25,3,0,4,8,1,0,39282,14368.752,372.925323,456.881042,2024-12-25 08:00:00,3981.237
2024-12-25,09:00-10:00,2024,12,25,3,0,4,9,1,0,39689,13410.704,346.993958,634.007446,2024-12-25 09:00:00,6672.794
2024-12-25,10:00-11:00,2024,12,25,3,0,4,10,1,0,40101,12470.604,323.802887,674.20343,2024-12-25 10:00:00,8507.265
2024-12-25,11:00-12:00,2024,12,25,3,0,4,11,1,0,38041,12678.974,276.034058,731.394958,2024-12-25 11:00:00,9278.32
2024-12-25,12:00-13:00,2024,12,25,3,0,4,12,1,0,38642,12569.214,293.888031,872.887756,2024-12-25 12:00:00,8867.09
2024-12-25,13:00-14:00,2024,12,25,3,0,4,13,1,0,37832,12158.734,301.593384,813.892761,2024-12-25 13:00:00,7215.07
2024-12-25,14:00-15:00,2024,12,25,3,0,4,14,1,0,37060,11888.664,368.396454,756.143982,2024-12-25 14:00:00,4907.101
2024-12-25,15:00-16:00,2024,12,25,3,0,4,15,1,0,37009,14786.885,381.151093,568.083984,2024-12-25 15:00:00,2699.131
2024-12-25,16:00-17:00,2024,12,25,3,0,4,16,1,0,37722,16754.291,395.141876,462.2005,2024-12-25 16:00:00,783.622
2024-12-25,17:00-18:00,2024,12,25,3,0,4,17,1,0,38182,16055.596,428.647247,459.002228,2024-12-25 17:00:00,430.631
2024-12-25,18:00-19:00,2024,12,25,3,0,4,18,1,0,37629,14577.777,424.103912,433.804138,2024-12-25 18:00:00,528.537
2024-12-25,19:00-20:00,2024,12,25,3,0,4,19,1,0,38504,15171.679,409.423492,419.544006,2024-12-25 19:00:00,623.839
2024-12-25,20:00-21:00,2024,12,25,3,0,4,20,1,0,38210,15387.882,429.762543,462.915436,2024-12-25 20:00:00,625.098
2024-12-25,21:00-22:00,2024,12,25,3,0,4,21,0,0,35347,12807.012,410.548248,435.689911,2024-12-25 21:00:00,624.849
2024-12-25,22:00-23:00,2024,12,25,3,0,4,22,0,1,31813,11533.79,367.046509,377.434662,2024-12-25 22:00:00,634.869
2024-12-25,23:00-24:00,2024,12,25,3,0,4,23,0,1,29628,11521.64,321.764771,337.183502,2024-12-25 23:00:00,716.207
2024-12-26,00:00-01:00,2024,12,26,4,0,4,0,0,1,29872,10935.704,337.714386,338.380188,2024-12-26 00:00:00,634.968
2024-12-26,01:00-02:00,2024,12,26,4,0,4,1,0,1,28655,9893.124,329.173706,327.600983,2024-12-26 01:00:00,788.068
2024-12-26,02:00-03:00,2024,12,26,4,0,4,2,0,1,27836,9953.199,311.590271,305.262054,2024-12-26 02:00:00,1013.844
2024-12-26,03:00-04:00,2024,12,26,4,0,4,3,0,1,27356,9932.154,291.679718,289.712463,2024-12-26 03:00:00,1315.82
2024-12-26,04:00-05:00,2024,12,26,4,0,4,4,0,1,27808,9960.496,289.81897,280.763214,2024-12-26 04:00:00,1620.644
2024-12-26,05:00-06:00,2024,12,26,4,0,4,5,0,1,29168,10672.654,302.59906,297.591949,2024-12-26 05:00:00,1889.786
2024-12-26,06:00-07:00,2024,12,26,4,0,4,6,0,1,31506,11636.204,333.516876,337.631256,2024-12-26 06:00:00,2074.219
2024-12-26,07:00-08:00,2024,12,26,4,0,4,7,0,0,34808,13176.535,364.37558,364.242981,2024-12-26 07:00:00,3010.53
2024-12-26,08:00-09:00,2024,12,26,4,0,4,8,1,0,38316,15330.697,356.481201,440.756134,2024-12-26 08:00:00,6344.974
2024-12-26,09:00-10:00,2024,12,26,4,0,4,9,1,0,38482,13902.871,327.853455,516.479492,2024-12-26 09:00:00,9833.719
2024-12-26,10:00-11:00,2024,12,26,4,0,4,10,1,0,38545,13142.988,283.599274,771.959839,2024-12-26 10:00:00,12688.391
2024-12-26,11:00-12:00,2024,12,26,4,0,4,11,1,0,36255,13099.991,196.811783,720.815979,2024-12-26 11:00:00,14241.755
2024-12-26,12:00-13:00,2024,12,26,4,0,4,12,1,0,36685,13906.734,200.420258,721.453857,2024-12-26 12:00:00,14140.046
2024-12-26,13:00-14:00,2024,12,26,4,0,4,13,1,0,35946,13968.704,201.955872,585.659058,2024-12-26 13:00:00,12427.672
2024-12-26,14:00-15:00,2024,12,26,4,0,4,14,1,0,35338,12902.014,288.583862,694.291443,2024-12-26 14:00:00,9397.814
2024-12-26,15:00-16:00,2024,12,26,4,0,4,15,1,0,35708,14989.119,332.869202,552.84314,2024-12-26 15:00:00,5784.825
2024-12-26,16:00-17:00,2024,12,26,4,0,4,16,1,0,36764,16906.271,332.581757,407.120758,2024-12-26 16:00:00,2455.767
2024-12-26,17:00-18:00,2024,12,26,4,0,4,17,1,0,37307,16887.712,350.248871,380.703186,2024-12-26 17:00:00,2211.012
2024-12-26,18:00-19:00,2024,12,26,4,0,4,18,1,0,37078,16205.407,377.09903,422.184967,2024-12-26 18:00:00,2722.955
2024-12-26,19:00-20:00,2024,12,26,4,0,4,19,1,0,37271,15365.176,372.26709,393.86731,2024-12-26 19:00:00,3058.818
2024-12-26,20:00-21:00,2024,12,26,4,0,4,20,1,0,37131,16058.342,370.162079,399.197479,2024-12-26 20:00:00,3112.43
2024-12-26,21:00-22:00,2024,12,26,4,0,4,21,0,0,34566,13683.55,363.724701,376.422485,2024-12-26 21:00:00,2947.18
2024-12-26,22:00-23:00,2024,12,26,4,0,4,22,0,1,31077,11774.45,329.903168,329.567047,2024-12-26 22:00:00,2700.233
2024-12-26,23:00-24:00,2024,12,26,4,0,4,23,0,1,28952,11661.88,287.608063,279.816193,2024-12-26 23:00:00,2474.879
2024-12-27,00:00-01:00,2024,12,27,5,0,4,0,0,1,29821,11341.084,309.517517,305.314056,2024-12-27 00:00:00,2523.631
2024-12-27,01:00-02:00,2024,12,27,5,0,4,1,0,1,28580,10470.994,304.755096,304.782227,2024-12-27 01:00:00,2384.223
2024-12-27,02:00-03:00,2024,12,27,5,0,4,2,0,1,27867,10494.284,281.348969,276.775513,2024-12-27 02:00:00,2329.936
2024-12-27,03:00-04:00,2024,12,27,5,0,4,3,0,1,27265,10479.744,274.089722,274.305145,2024-12-27 03:00:00,2366.352
2024-12-27,04:00-05:00,2024,12,27,5,0,4,4,0,1,27546,10459.344,277.822601,280.371765,2024-12-27 04:00:00,2483.227
2024-12-27,05:00-06:00,2024,12,27,5,0,4,5,0,1,28695,10917.974,281.002533,295.088196,2024-12-27 05:00:00,2569.869
2024-12-27,06:00-07:00,2024,12,27,5,0,4,6,0,1,31341,12026.394,321.044434,320.335144,2024-12-27 06:00:00,2660.08
2024-12-27,07:00-08:00,2024,12,27,5,0,4,7,0,0,34758,13754.952,323.729492,345.123718,2024-12-27 07:00:00,3686.955
2024-12-27,08:00-09:00,2024,12,27,5,0,4,8,1,0,37610,14945.966,327.917938,373.170837,2024-12-27 08:00:00,7658.534
2024-12-27,09:00-10:00,2024,12,27,5,0,4,9,1,0,37784,14632.59,302.809235,388.003815,2024-12-27 09:00:00,12048.605
2024-12-27,10:00-11:00,2024,12,27,5,0,4,10,1,0,37931,14118.166,242.79924,424.436493,2024-12-27 10:00:00,16058.594
2024-12-27,11:00-12:00,2024,12,27,5,0,4,11,1,0,35929,14066.301,69.262451,359.595612,2024-12-27 11:00:00,18502.563
2024-12-27,12:00-13:00,2024,12,27,5,0,4,12,1,0,35986,14914.181,60.340408,362.270508,2024-12-27 12:00:00,19051.316
2024-12-27,13:00-14:00,2024,12,27,5,0,4,13,1,0,35311,15088.04,47.359753,319.540375,2024-12-27 13:00:00,17541.717
2024-12-27,14:00-15:00,2024,12,27,5,0,4,14,1,0,35033,13871.484,94.417778,335.445374,2024-12-27 14:00:00,14032.323
2024-12-27,15:00-16:00,2024,12,27,5,0,4,15,1,0,35382,14663.373,263.82724,380.674805,2024-12-27 15:00:00,9204.614
2024-12-27,16:00-17:00,2024,12,27,5,0,4,16,1,0,36624,16269.962,320.902222,368.242035,2024-12-27 16:00:00,4732.495
2024-12-27,17:00-18:00,2024,12,27,5,0,4,17,1,0,37331,17087.956,317.741547,336.318268,2024-12-27 17:00:00,3915.687
2024-12-27,18:00-19:00,2024,12,27,5,0,4,18,1,0,37394,16489.018,317.730347,303.242737,2024-12-27 18:00:00,4087.005
2024-12-27,19:00-20:00,2024,12,27,5,0,4,19,1,0,37556,15966.13,326.030792,305.768402,2024-12-27 19:00:00,4150.152
2024-12-27,20:00-21:00,2024,12,27,5,0,4,20,1,0,37628,16984.746,330.870361,305.871185,2024-12-27 20:00:00,4045.722
2024-12-27,21:00-22:00,2024,12,27,5,0,4,21,0,0,35674,14964.05,321.912628,308.19278,2024-12-27 21:00:00,3766.328
2024-12-27,22:00-23:00,2024,12,27,5,0,4,22,0,1,31972,12234.6,308.239807,281.392212,2024-12-27 22:00:00,3469.861
2024-12-27,23:00-24:00,2024,12,27,5,0,4,23,0,1,29828,11981.24,259.137878,241.05658,2024-12-27 23:00:00,3172.785
2024-12-28,00:00-01:00,2024,12,28,6,1,4,0,0,1,30215,10953.104,285.154266,286.106537,2024-12-28 00:00:00,3113.561
2024-12-28,01:00-02:00,2024,12,28,6,1,4,1,0,1,28809,10576.424,264.878174,299.776794,2024-12-28 01:00:00,2772.684
2024-12-28,02:00-03:00,2024,12,28,6,1,4,2,0,1,28020,10507.904,267.111877,284.176178,2024-12-28 02:00:00,2425.54
2024-12-28,03:00-04:00,2024,12,28,6,1,4,3,0,1,27505,10442.454,268.864319,272.880981,2024-12-28 03:00:00,2057.665
2024-12-28,04:00-05:00,2024,12,28,6,1,4,4,0,1,27527,10396.324,278.92276,280.286407,2024-12-28 04:00:00,1687.883
2024-12-28,05:00-06:00,2024,12,28,6,1,4,5,0,1,28582,10795.544,312.541687,297.07666,2024-12-28 05:00:00,1345.888
2024-12-28,06:00-07:00,2024,12,28,6,1,4,6,0,1,30286,11679.294,338.414856,317.770721,2024-12-28 06:00:00,1061.739
2024-12-28,07:00-08:00,2024,12,28,6,1,4,7,0,0,33817,12686.604,373.257141,361.319672,2024-12-28 07:00:00,2451.535
2024-12-28,08:00-09:00,2024,12,28,6,1,4,8,1,0,36767,15082.778,329.510956,349.775085,2024-12-28 08:00:00,8702.34
2024-12-28,09:00-10:00,2024,12,28,6,1,4,9,1,0,37537,16208.854,214.548416,216.084824,2024-12-28 09:00:00,15136.844
2024-12-28,10:00-11:00,2024,12,28,6,1,4,10,1,0,38249,16090.684,170.83403,143.729385,2024-12-28 10:00:00,19390.563
2024-12-28,11:00-12:00,2024,12,28,6,1,4,11,1,0,36688,15637.784,60.249798,4.73596,2024-12-28 11:00:00,21235.477
2024-12-28,12:00-13:00,2024,12,28,6,1,4,12,1,0,36623,16056.179,59.290909,3.279809,2024-12-28 12:00:00,21124.187
2024-12-28,13:00-14:00,2024,12,28,6,1,4,13,1,0,35879,16413.044,40.646172,3.201313,2024-12-28 13:00:00,19058.629
2024-12-28,14:00-15:00,2024,12,28,6,1,4,14,1,0,35477,14874.634,184.470016,77.776451,2024-12-28 14:00:00,14664.849
2024-12-28,15:00-16:00,2024,12,28,6,1,4,15,1,0,35603,15179.4,318.409576,269.985626,2024-12-28 15:00:00,8231.707
2024-12-28,16:00-17:00,2024,12,28,6,1,4,16,1,0,36967,16760.373,377.787903,363.381012,2024-12-28 16:00:00,1969.749
2024-12-28,17:00-18:00,2024,12,28,6,1,4,17,1,0,37506,16904.74,382.142487,380.118134,2024-12-28 17:00:00,749.723
2024-12-28,18:00-19:00,2024,12,28,6,1,4,18,1,0,37683,16984.361,367.214142,369.74176,2024-12-28 18:00:00,1024.431
2024-12-28,19:00-20:00,2024,12,28,6,1,4,19,1,0,38023,16175.576,379.499023,382.643585,2024-12-28 19:00:00,1327.295
2024-12-28,20:00-21:00,2024,12,28,6,1,4,20,1,0,38115,16794.012,384.36911,382.698761,2024-12-28 20:00:00,1573.113
2024-12-28,21:00-22:00,2024,12,28,6,1,4,21,0,0,35606,14035.683,383.014526,368.13028,2024-12-28 21:00:00,1732.562
2024-12-28,22:00-23:00,2024,12,28,6,1,4,22,0,1,31955,12008.23,348.586365,337.746796,2024-12-28 22:00:00,1838.649
2024-12-28,23:00-24:00,2024,12,28,6,1,4,23,0,1,29633,11798.11,296.376801,282.752045,2024-12-28 23:00:00,1876.24
2024-12-29,00:00-01:00,2024,12,29,7,1,4,0,0,1,29642,10738.098,333.181091,322.7789,2024-12-29 00:00:00,2081.465
2024-12-29,01:00-02:00,2024,12,29,7,1,4,1,0,1,28081,10358.884,306.512695,295.384796,2024-12-29 01:00:00,2080.922
2024-12-29,02:00-03:00,2024,12,29,7,1,4,2,0,1,27431,10247.964,282.09082,281.106537,2024-12-29 02:00:00,2042.135
2024-12-29,03:00-04:00,2024,12,29,7,1,4,3,0,1,27089,10173.059,275.113312,267.004242,2024-12-29 03:00:00,1970.257
2024-12-29,04:00-05:00,2024,12,29,7,1,4,4,0,1,27091,10171.416,279.852203,271.093994,2024-12-29 04:00:00,1933.653
2024-12-29,05:00-06:00,2024,12,29,7,1,4,5,0,1,27993,10655.521,284.640717,279.510986,2024-12-29 05:00:00,1945.607
2024-12-29,06:00-07:00,2024,12,29,7,1,4,6,0,1,29481,11652.044,285.537994,264.455475,2024-12-29 06:00:00,1961.421
2024-12-29,07:00-08:00,2024,12,29,7,1,4,7,0,0,32347,12125.544,328.273956,311.685394,2024-12-29 07:00:00,3351.421
2024-12-29,08:00-09:00,2024,12,29,7,1,4,8,1,0,35411,14401.364,294.829773,305.795135,2024-12-29 08:00:00,9173.508
2024-12-29,09:00-10:00,2024,12,29,7,1,4,9,1,0,36331,15351.224,179.874344,167.277649,2024-12-29 09:00:00,15045.823
2024-12-29,10:00-11:00,2024,12,29,7,1,4,10,1,0,37107,15398.444,70.464401,12.823355,2024-12-29 10:00:00,18750.507
2024-12-29,11:00-12:00,2024,12,29,7,1,4,11,1,0,35602,14812.514,39.999996,5.808726,2024-12-29 11:00:00,20239.155
2024-12-29,12:00-13:00,2024,12,29,7,1,4,12,1,0,36168,15135.599,39.999992,7.244118,2024-12-29 12:00:00,19627.56
2024-12-29,13:00-14:00,2024,12,29,7,1,4,13,1,0,35376,15185.584,40.000008,3.84033,2024-12-29 13:00:00,16633.105
2024-12-29,14:00-15:00,2024,12,29,7,1,4,14,1,0,34824,13424.307,166.449493,87.244034,2024-12-29 14:00:00,11453.114
2024-12-29,15:00-16:00,2024,12,29,7,1,4,15,1,0,35399,14194.88,333.321747,298.373413,2024-12-29 15:00:00,5963.48
2024-12-29,16:00-17:00,2024,12,29,7,1,4,16,1,0,36098,15801.676,390.362061,398.224976,2024-12-29 16:00:00,1457.316
2024-12-29,17:00-18:00,2024,12,29,7,1,4,17,1,0,36628,16291.317,390.552399,393.87326,2024-12-29 17:00:00,619.52
2024-12-29,18:00-19:00,2024,12,29,7,1,4,18,1,0,36738,16287.451,369.215881,349.381134,2024-12-29 18:00:00,771.916
2024-12-29,19:00-20:00,2024,12,29,7,1,4,19,1,0,36835,15411.578,395.473236,377.699402,2024-12-29 19:00:00,911.942
2024-12-29,20:00-21:00,2024,12,29,7,1,4,20,1,0,37061,15931.92,395.926361,381.683044,2024-12-29 20:00:00,989.839
2024-12-29,21:00-22:00,2024,12,29,7,1,4,21,0,0,33767,13107.744,407.8526,389.825745,2024-12-29 21:00:00,1034.483
2024-12-29,22:00-23:00,2024,12,29,7,1,4,22,0,1,30264,11656.91,361.697784,348.333832,2024-12-29 22:00:00,1069.562
2024-12-29,23:00-24:00,2024,12,29,7,1,4,23,0,1,27881,11588.24,317.999969,299.460541,2024-12-29 23:00:00,1113.209
2024-12-30,00:00-01:00,2024,12,30,1,0,4,0,0,1,29569,10792.844,347.381958,330.175079,2024-12-30 00:00:00,1008.581
2024-12-30,01:00-02:00,2024,12,30,1,0,4,1,0,1,27995,10417.864,324.029968,313.30899,2024-12-30 01:00:00,986.216
2024-12-30,02:00-03:00,2024,12,30,1,0,4,2,0,1,27361,10425.129,311.327332,296.66806,2024-12-30 02:00:00,946.781
2024-12-30,03:00-04:00,2024,12,30,1,0,4,3,0,1,26903,10351.565,299.046295,288.323303,2024-12-30 03:00:00,928.241
2024-12-30,04:00-05:00,2024,12,30,1,0,4,4,0,1,27195,10355.536,312.259399,290.302094,2024-12-30 04:00:00,918.273
2024-12-30,05:00-06:00,2024,12,30,1,0,4,5,0,1,28447,10858.114,331.498322,306.782318,2024-12-30 05:00:00,916.596
2024-12-30,06:00-07:00,2024,12,30,1,0,4,6,0,1,31392,11654.464,358.92804,321.978119,2024-12-30 06:00:00,914.203
2024-12-30,07:00-08:00,2024,12,30,1,0,4,7,0,0,34786,13098.879,385.756927,382.585876,2024-12-30 07:00:00,1590.567
2024-12-30,08:00-09:00,2024,12,30,1,0,4,8,1,0,38131,14928.834,359.428406,384.864838,2024-12-30 08:00:00,4500.347
2024-12-30,09:00-10:00,2024,12,30,1,0,4,9,1,0,38654,13777.436,340.763489,408.087463,2024-12-30 09:00:00,7878.879
2024-12-30,10:00-11:00,2024,12,30,1,0,4,10,1,0,38499,13385.082,289.461395,388.510834,2024-12-30 10:00:00,11143.497
2024-12-30,11:00-12:00,2024,12,30,1,0,4,11,1,0,36153,12958.47,165.953735,339.377991,2024-12-30 11:00:00,13391.679
2024-12-30,12:00-13:00,2024,12,30,1,0,4,12,1,0,35827,13403.934,171.056686,303.664246,2024-12-30 12:00:00,13944.748
2024-12-30,13:00-14:00,2024,12,30,1,0,4,13,1,0,34918,14242.514,130.915741,252.103363,2024-12-30 13:00:00,13129.946
2024-12-30,14:00-15:00,2024,12,30,1,0,4,14,1,0,34794,13379.578,237.593536,287.00473,2024-12-30 14:00:00,10627.899
2024-12-30,15:00-16:00,2024,12,30,1,0,4,15,1,0,34953,14573.575,349.16745,351.34256,2024-12-30 15:00:00,6457.397
2024-12-30,16:00-17:00,2024,12,30,1,0,4,16,1,0,35449,15355.815,425.412109,432.321655,2024-12-30 16:00:00,1943.643
2024-12-30,17:00-18:00,2024,12,30,1,0,4,17,1,0,36142,16214.44,407.798126,420.868591,2024-12-30 17:00:00,865.325
2024-12-30,18:00-19:00,2024,12,30,1,0,4,18,1,0,36039,16141.007,380.272797,370.646606,2024-12-30 18:00:00,927.763
2024-12-30,19:00-20:00,2024,12,30,1,0,4,19,1,0,36772,15239.389,408.092041,406.585022,2024-12-30 19:00:00,1010.002
2024-12-30,20:00-21:00,2024,12,30,1,0,4,20,1,0,37288,15737.255,415.808044,416.796906,2024-12-30 20:00:00,1061.631
2024-12-30,21:00-22:00,2024,12,30,1,0,4,21,0,0,34680,13472.44,396.501312,389.521851,2024-12-30 21:00:00,1099.098
2024-12-30,22:00-23:00,2024,12,30,1,0,4,22,0,1,31298,11697.534,375.625946,357.533325,2024-12-30 22:00:00,1123.929
2024-12-30,23:00-24:00,2024,12,30,1,0,4,23,0,1,28849,11582.78,336.150757,300.223145,2024-12-30 23:00:00,1142.733
2024-12-31,00:00-01:00,2024,12,31,2,0,4,0,0,1,28622,10520.194,324.661163,336.748352,2024-12-31 00:00:00,1317.213
2024-12-31,01:00-02:00,2024,12,31,2,0,4,1,0,1,27227,10145.594,310.752808,323.04303,2024-12-31 01:00:00,1270.764
2024-12-31,02:00-03:00,2024,12,31,2,0,4,2,0,1,26381,10146.46,288.954865,294.746704,2024-12-31 02:00:00,1218.169
2024-12-31,03:00-04:00,2024,12,31,2,0,4,3,0,1,26094,10089.194,284.163544,285.713043,2024-12-31 03:00:00,1176.96
2024-12-31,04:00-05:00,2024,12,31,2,0,4,4,0,1,26203,10084.693,292.105408,293.243988,2024-12-31 04:00:00,1154.069
2024-12-31,05:00-06:00,2024,12,31,2,0,4,5,0,1,27118,10590.784,317.352997,318.670929,2024-12-31 05:00:00,1124.444
2024-12-31,06:00-07:00,2024,12,31,2,0,4,6,0,1,29315,11348.084,360.239655,354.624969,2024-12-31 06:00:00,1054.513
2024-12-31,07:00-08:00,2024,12,31,2,0,4,7,0,0,32775,12478.752,378.186523,390.729462,2024-12-31 07:00:00,2419.768
2024-12-31,08:00-09:00,2024,12,31,2,0,4,8,1,0,35311,14439.254,347.853241,385.983521,2024-12-31 08:00:00,8305.079
2024-12-31,09:00-10:00,2024,12,31,2,0,4,9,1,0,35730,15368.304,222.278992,270.589539,2024-12-31 09:00:00,14545.984
2024-12-31,10:00-11:00,2024,12,31,2,0,4,10,1,0,35938,15780.206,126.953186,125.629692,2024-12-31 10:00:00,18945.971
2024-12-31,11:00-12:00,2024,12,31,2,0,4,11,1,0,33394,15276.204,59.619991,0.470041,2024-12-31 11:00:00,20904.794
2024-12-31,12:00-13:00,2024,12,31,2,0,4,12,1,0,33345,15612.529,59.547802,1.878873,2024-12-31 12:00:00,20917.001
2024-12-31,13:00-14:00,2024,12,31,2,0,4,13,1,0,32764,16001.914,39.083015,2.650286,2024-12-31 13:00:00,18972.423
2024-12-31,14:00-15:00,2024,12,31,2,0,4,14,1,0,32199,14452.804,144.029495,68.50573,2024-12-31 14:00:00,14726.807
2024-12-31,15:00-16:00,2024,12,31,2,0,4,15,1,0,32641,14931.433,312.094635,257.516418,2024-12-31 15:00:00,8543.446
2024-12-31,16:00-17:00,2024,12,31,2,0,4,16,1,0,33950,15470.85,381.863373,357.602081,2024-12-31 16:00:00,2415.487
2024-12-31,17:00-18:00,2024,12,31,2,0,4,17,1,0,34691,16266.274,380.433655,357.325134,2024-12-31 17:00:00,1149.605
2024-12-31,18:00-19:00,2024,12,31,2,0,4,18,1,0,34907,16130.647,365.736053,322.377228,2024-12-31 18:00:00,1541.212
2024-12-31,19:00-20:00,2024,12,31,2,0,4,19,1,0,35194,15502.692,371.46579,330.978546,2024-12-31 19:00:00,1911.606
2024-12-31,20:00-21:00,2024,12,31,2,0,4,20,1,0,35171,15661.514,376.926117,336.294922,2024-12-31 20:00:00,2139.427
2024-12-31,21:00-22:00,2024,12,31,2,0,4,21,0,0,33159,13685.438,360.021332,318.2146,2024-12-31 21:00:00,2264.952
2024-12-31,22:00-23:00,2024,12,31,2,0,4,22,0,1,30033,11663.959,348.209137,314.889221,2024-12-31 22:00:00,2375.509
2024-12-31,23:00-24:00,2024,12,31,2,0,4,23,0,1,27689,11368.31,309.022095,265.000122,2024-12-31 23:00:00,2470.395
2025-01-01,00:00-01:00,2025,1,1,3,0,1,0,0,1,28367,10564.963,427.618042,423.999908,2025-01-01 00:00:00,2655.45
2025-01-01,01:00-02:00,2025,1,1,3,0,1,1,0,1,26873,10175.223,391.615997,309.999908,2025-01-01 01:00:00,2613.365
2025-01-01,02:00-03:00,2025,1,1,3,0,1,2,0,1,25743,10114.113,329.727631,286.641968,2025-01-01 02:00:00,2461.529
2025-01-01,03:00-04:00,2025,1,1,3,0,1,3,0,1,25287,10006.733,300.000031,280.249023,2025-01-01 03:00:00,2266.475
2025-01-01,04:00-05:00,2025,1,1,3,0,1,4,0,1,25665,10040.483,349.711609,289.000092,2025-01-01 04:00:00,2054.095
2025-01-01,05:00-06:00,2025,1,1,3,0,1,5,0,1,26215,10479.913,425.575836,319.000092,2025-01-01 05:00:00,1826.961
2025-01-01,06:00-07:00,2025,1,1,3,0,1,6,0,1,27934,11416.963,433.414551,423.524109,2025-01-01 06:00:00,1624.399
2025-01-01,07:00-08:00,2025,1,1,3,0,1,7,0,0,30958,11927.233,453.365967,433.825409,2025-01-01 07:00:00,2841.36
2025-01-01,08:00-09:00,2025,1,1,3,0,1,8,1,0,33023,14040.533,434.512421,409.999512,2025-01-01 08:00:00,8575.88
2025-01-01,09:00-10:00,2025,1,1,3,0,1,9,1,0,33026,15001.813,132.502945,22.5606,2025-01-01 09:00:00,14660.872
2025-01-01,10:00-11:00,2025,1,1,3,0,1,10,1,0,32809,15336.653,128.0,22.293886,2025-01-01 10:00:00,18855.082
2025-01-01,11:00-12:00,2025,1,1,3,0,1,11,1,0,31355,14906.493,19.563383,2.753801,2025-01-01 11:00:00,20646.83
2025-01-01,12:00-13:00,2025,1,1,3,0,1,12,1,0,31201,15308.478,0.0,2.338512,2025-01-01 12:00:00,20551.845
2025-01-01,13:00-14:00,2025,1,1,3,0,1,13,1,0,30141,15825.023,0.0,2.670788,2025-01-01 13:00:00,18519.843
2025-01-01,14:00-15:00,2025,1,1,3,0,1,14,1,0,29702,14271.783,129.999985,2.772504,2025-01-01 14:00:00,14163.569
2025-01-01,15:00-16:00,2025,1,1,3,0,1,15,1,0,30271,14737.629,433.999786,323.830505,2025-01-01 15:00:00,7862.028
2025-01-01,16:00-17:00,2025,1,1,3,0,1,16,1,0,32215,14827.329,502.381104,469.831787,2025-01-01 16:00:00,1749.758
2025-01-01,17:00-18:00,2025,1,1,3,0,1,17,1,0,33561,15765.747,497.90155,470.324341,2025-01-01 17:00:00,343.966
2025-01-01,18:00-19:00,2025,1,1,3,0,1,18,1,0,34098,16248.599,486.710693,461.929626,2025-01-01 18:00:00,440.812
2025-01-01,19:00-20:00,2025,1,1,3,0,1,19,1,0,34476,15640.539,504.858704,478.477783,2025-01-01 19:00:00,560.65
2025-01-01,20:00-21:00,2025,1,1,3,0,1,20,1,0,34485,15446.339,507.205963,497.951447,2025-01-01 20:00:00,662.773
2025-01-01,21:00-22:00,2025,1,1,3,0,1,21,0,0,32069,13392.352,526.466553,508.416809,2025-01-01 21:00:00,780.231
2025-01-01,22:00-23:00,2025,1,1,3,0,1,22,0,1,29399,11718.52,487.70575,472.161865,2025-01-01 22:00:00,902.909
2025-01-01,23:00-24:00,2025,1,1,3,0,1,23,0,1,27148,11525.96,454.999847,448.000031,2025-01-01 23:00:00,1096.59
2025-01-02,00:00-01:00,2025,1,2,4,0,1,0,0,1,27760,11302.124,432.000122,393.349884,2025-01-02 00:00:00,1384.242
2025-01-02,01:00-02:00,2025,1,2,4,0,1,1,0,1,26382,11048.733,393.349762,353.350067,2025-01-02 01:00:00,1817.089
2025-01-02,02:00-03:00,2025,1,2,4,0,1,2,0,1,25605,10892.244,373.350006,333.349976,2025-01-02 02:00:00,2318.066
2025-01-02,03:00-04:00,2025,1,2,4,0,1,3,0,1,25000,10792.549,353.350098,313.350098,2025-01-02 03:00:00,2831.001
2025-01-02,04:00-05:00,2025,1,2,4,0,1,4,0,1,25656,10804.924,353.349945,313.349915,2025-01-02 04:00:00,3293.933
2025-01-02,05:00-06:00,2025,1,2,4,0,1,5,0,1,27014,10976.744,353.350006,313.350006,2025-01-02 05:00:00,3648.061
2025-01-02,06:00-07:00,2025,1,2,4,0,1,6,0,1,29986,11086.454,393.349945,353.350189,2025-01-02 06:00:00,3859.929
2025-01-02,07:00-08:00,2025,1,2,4,0,1,7,0,0,33587,11748.831,450.972504,426.000153,2025-01-02 07:00:00,5088.823
2025-01-02,08:00-09:00,2025,1,2,4,0,1,8,1,0,36802,13428.302,424.416199,425.664612,2025-01-02 08:00:00,9902.178
2025-01-02,09:00-10:00,2025,1,2,4,0,1,9,1,0,37820,14511.841,332.267365,347.842896,2025-01-02 09:00:00,14827.002
2025-01-02,10:00-11:00,2025,1,2,4,0,1,10,1,0,37760,14159.394,312.281433,336.740112,2025-01-02 10:00:00,18119.758
2025-01-02,11:00-12:00,2025,1,2,4,0,1,11,1,0,35304,13447.334,78.430351,116.241913,2025-01-02 11:00:00,19403.129
2025-01-02,12:00-13:00,2025,1,2,4,0,1,12,1,0,35664,13689.979,71.333099,64.619225,2025-01-02 12:00:00,19016.257
2025-01-02,13:00-14:00,2025,1,2,4,0,1,13,1,0,34298,14018.998,189.194321,152.050583,2025-01-02 13:00:00,16758.967
2025-01-02,14:00-15:00,2025,1,2,4,0,1,14,1,0,34405,12692.033,353.417755,354.127136,2025-01-02 14:00:00,12927.089
2025-01-02,15:00-16:00,2025,1,2,4,0,1,15,1,0,34585,14613.248,411.020782,393.286438,2025-01-02 15:00:00,8348.665
2025-01-02,16:00-17:00,2025,1,2,4,0,1,16,1,0,35484,15379.602,448.212463,450.907562,2025-01-02 16:00:00,4198.18
2025-01-02,17:00-18:00,2025,1,2,4,0,1,17,1,0,36082,16424.836,430.341888,448.299957,2025-01-02 17:00:00,3496.54
2025-01-02,18:00-19:00,2025,1,2,4,0,1,18,1,0,35962,16365.062,432.488037,447.999847,2025-01-02 18:00:00,3846.554
2025-01-02,19:00-20:00,2025,1,2,4,0,1,19,1,0,36441,15554.489,448.931702,448.104462,2025-01-02 19:00:00,4066.942
2025-01-02,20:00-21:00,2025,1,2,4,0,1,20,1,0,36501,15115.095,450.765015,448.319397,2025-01-02 20:00:00,4085.368
2025-01-02,21:00-22:00,2025,1,2,4,0,1,21,0,0,34345,13117.111,450.980774,449.395782,2025-01-02 21:00:00,4017.479
2025-01-02,22:00-23:00,2025,1,2,4,0,1,22,0,1,31229,11952.711,427.032318,431.999969,2025-01-02 22:00:00,3868.63
2025-01-02,23:00-24:00,2025,1,2,4,0,1,23,0,1,29013,11706.34,373.349854,391.000153,2025-01-02 23:00:00,3641.786
2025-01-03,00:00-01:00,2025,1,3,5,0,1,0,0,1,28391,10827.563,373.349945,373.350098,2025-01-03 00:00:00,3026.574
2025-01-03,01:00-02:00,2025,1,3,5,0,1,1,0,1,26952,10188.423,353.349884,373.349884,2025-01-03 01:00:00,2983.178
2025-01-03,02:00-03:00,2025,1,3,5,0,1,2,0,1,26027,10143.573,353.350128,353.350037,2025-01-03 02:00:00,2933.159
2025-01-03,03:00-04:00,2025,1,3,5,0,1,3,0,1,25433,10048.473,353.350098,353.350159,2025-01-03 03:00:00,2886.673
2025-01-03,04:00-05:00,2025,1,3,5,0,1,4,0,1,25563,10048.593,353.350037,373.350037,2025-01-03 04:00:00,2787.565
2025-01-03,05:00-06:00,2025,1,3,5,0,1,5,0,1,26422,10785.453,373.349976,373.349823,2025-01-03 05:00:00,2631.133
2025-01-03,06:00-07:00,2025,1,3,5,0,1,6,0,1,29306,11497.613,426.488495,445.169891,2025-01-03 06:00:00,2437.442
2025-01-03,07:00-08:00,2025,1,3,5,0,1,7,0,0,32587,12594.203,462.363586,489.342194,2025-01-03 07:00:00,3402.368
2025-01-03,08:00-09:00,2025,1,3,5,0,1,8,1,0,35092,13631.805,394.947388,467.085358,2025-01-03 08:00:00,8376.003
2025-01-03,09:00-10:00,2025,1,3,5,0,1,9,1,0,36826,14575.653,352.948212,395.337067,2025-01-03 09:00:00,13969.462
2025-01-03,10:00-11:00,2025,1,3,5,0,1,10,1,0,36793,13960.108,337.100525,381.715759,2025-01-03 10:00:00,18040.512
2025-01-03,11:00-12:00,2025,1,3,5,0,1,11,1,0,35384,14232.603,130.835785,333.349976,2025-01-03 11:00:00,19818.303
2025-01-03,12:00-13:00,2025,1,3,5,0,1,12,1,0,34658,15343.393,103.111885,313.084869,2025-01-03 12:00:00,19658.701
2025-01-03,13:00-14:00,2025,1,3,5,0,1,13,1,0,33939,14868.883,143.758591,333.159393,2025-01-03 13:00:00,17367.583
2025-01-03,14:00-15:00,2025,1,3,5,0,1,14,1,0,33187,13479.363,331.642944,374.239594,2025-01-03 14:00:00,12910.311
2025-01-03,15:00-16:00,2025,1,3,5,0,1,15,1,0,33321,14651.99,374.821564,432.955292,2025-01-03 15:00:00,7181.311
2025-01-03,16:00-17:00,2025,1,3,5,0,1,16,1,0,34340,15608.413,446.123657,462.603699,2025-01-03 16:00:00,2003.736
2025-01-03,17:00-18:00,2025,1,3,5,0,1,17,1,0,35097,16200.15,446.45755,449.246155,2025-01-03 17:00:00,855.843
2025-01-03,18:00-19:00,2025,1,3,5,0,1,18,1,0,35248,15594.712,447.128632,448.274811,2025-01-03 18:00:00,1123.927
2025-01-03,19:00-20:00,2025,1,3,5,0,1,19,1,0,34859,15106.289,450.474518,457.65152,2025-01-03 19:00:00,1350.955
2025-01-03,20:00-21:00,2025,1,3,5,0,1,20,1,0,34645,14922.09,448.214874,456.148682,2025-01-03 20:00:00,1425.792
2025-01-03,21:00-22:00,2025,1,3,5,0,1,21,0,0,32921,13790.558,444.598114,443.90567,2025-01-03 21:00:00,1371.73
2025-01-03,22:00-23:00,2025,1,3,5,0,1,22,0,1,30134,11809.561,431.098633,428.51828,2025-01-03 22:00:00,1311.022
2025-01-03,23:00-24:00,2025,1,3,5,0,1,23,0,1,27781,11598.23,392.869385,373.349854,2025-01-03 23:00:00,1342.413
2025-01-04,00:00-01:00,2025,1,4,6,1,1,0,0,1,28648,10445.713,373.321106,373.350098,2025-01-04 00:00:00,1268.818
2025-01-04,01:00-02:00,2025,1,4,6,1,1,1,0,1,27207,9796.753,373.350067,373.243896,2025-01-04 01:00:00,1226.061
2025-01-04,02:00-03:00,2025,1,4,6,1,1,2,0,1,26278,8928.244,373.30896,373.350006,2025-01-04 02:00:00,1142.793
2025-01-04,03:00-04:00,2025,1,4,6,1,1,3,0,1,25773,8320.048,373.33078,373.32135,2025-01-04 03:00:00,1038.232
2025-01-04,04:00-05:00,2025,1,4,6,1,1,4,0,1,25395,8821.019,373.350189,373.282135,2025-01-04 04:00:00,953.215
2025-01-04,05:00-06:00,2025,1,4,6,1,1,5,0,1,26571,10103.883,373.350067,373.350067,2025-01-04 05:00:00,896.635
2025-01-04,06:00-07:00,2025,1,4,6,1,1,6,0,1,28231,10756.143,372.937195,373.287079,2025-01-04 06:00:00,845.197
2025-01-04,07:00-08:00,2025,1,4,6,1,1,7,0,0,32188,12467.16,396.54657,382.452606,2025-01-04 07:00:00,1624.41
2025-01-04,08:00-09:00,2025,1,4,6,1,1,8,1,0,35623,14361.023,392.607147,389.777313,2025-01-04 08:00:00,4915.418
2025-01-04,09:00-10:00,2025,1,4,6,1,1,9,1,0,36660,14072.982,387.953003,391.020081,2025-01-04 09:00:00,8105.18
2025-01-04,10:00-11:00,2025,1,4,6,1,1,10,1,0,36886,13888.181,376.500519,389.043762,2025-01-04 10:00:00,10107.189
2025-01-04,11:00-12:00,2025,1,4,6,1,1,11,1,0,34840,13828.204,361.263916,393.536224,2025-01-04 11:00:00,10711.565
2025-01-04,12:00-13:00,2025,1,4,6,1,1,12,1,0,34544,13593.004,362.030457,420.166992,2025-01-04 12:00:00,9983.493
2025-01-04,13:00-14:00,2025,1,4,6,1,1,13,1,0,34690,12844.87,375.821411,393.864624,2025-01-04 13:00:00,7907.023
2025-01-04,14:00-15:00,2025,1,4,6,1,1,14,1,0,33542,11952.834,380.046417,393.160553,2025-01-04 14:00:00,5320.241
2025-01-04,15:00-16:00,2025,1,4,6,1,1,15,1,0,34075,13235.394,393.118256,391.832977,2025-01-04 15:00:00,3289.897
2025-01-04,16:00-17:00,2025,1,4,6,1,1,16,1,0,35231,14272.19,393.47052,392.184998,2025-01-04 16:00:00,1880.268
2025-01-04,17:00-18:00,2025,1,4,6,1,1,17,1,0,35896,15947.275,389.766785,392.095428,2025-01-04 17:00:00,1766.175
2025-01-04,18:00-19:00,2025,1,4,6,1,1,18,1,0,35631,15709.374,388.413208,373.626434,2025-01-04 18:00:00,2069.293
2025-01-04,19:00-20:00,2025,1,4,6,1,1,19,1,0,35455,14607.799,381.658447,372.967834,2025-01-04 19:00:00,2310.467
2025-01-04,20:00-21:00,2025,1,4,6,1,1,20,1,0,35009,13684.789,392.391693,392.052673,2025-01-04 20:00:00,2371.128
2025-01-04,21:00-22:00,2025,1,4,6,1,1,21,0,0,32628,12261.2,391.682373,373.520386,2025-01-04 21:00:00,2358.541
2025-01-04,22:00-23:00,2025,1,4,6,1,1,22,0,1,30178,11581.59,372.368439,353.573792,2025-01-04 22:00:00,2285.679
2025-01-04,23:00-24:00,2025,1,4,6,1,1,23,0,1,27916,11497.28,353.350098,353.349945,2025-01-04 23:00:00,2131.782
2025-01-05,00:00-01:00,2025,1,5,7,1,1,0,0,1,28493,11362.014,445.892181,447.965546,2025-01-05 00:00:00,2004.942
2025-01-05,01:00-02:00,2025,1,5,7,1,1,1,0,1,27259,11329.354,433.999878,446.000122,2025-01-05 01:00:00,2082.88
2025-01-05,02:00-03:00,2025,1,5,7,1,1,2,0,1,26230,11301.321,426.0,432.000153,2025-01-05 02:00:00,2161.239
2025-01-05,03:00-04:00,2025,1,5,7,1,1,3,0,1,25750,10911.904,426.000031,427.999878,2025-01-05 03:00:00,2254.874
2025-01-05,04:00-05:00,2025,1,5,7,1,1,4,0,1,25691,10899.214,426.000061,425.999969,2025-01-05 04:00:00,2314.033
2025-01-05,05:00-06:00,2025,1,5,7,1,1,5,0,1,26643,10875.134,425.999908,426.000153,2025-01-05 05:00:00,2324.491
2025-01-05,06:00-07:00,2025,1,5,7,1,1,6,0,1,28039,10889.414,434.000122,426.000153,2025-01-05 06:00:00,2287.98
2025-01-05,07:00-08:00,2025,1,5,7,1,1,7,0,0,31747,11781.094,447.889862,443.899719,2025-01-05 07:00:00,3298.287
2025-01-05,08:00-09:00,2025,1,5,7,1,1,8,1,0,34134,13023.244,434.441071,446.470154,2025-01-05 08:00:00,7963.684
2025-01-05,09:00-10:00,2025,1,5,7,1,1,9,1,0,34801,14447.407,164.578781,427.874237,2025-01-05 09:00:00,13471.442
2025-01-05,10:00-11:00,2025,1,5,7,1,1,10,1,0,34490,13883.501,103.715485,408.768219,2025-01-05 10:00:00,17946.938
2025-01-05,11:00-12:00,2025,1,5,7,1,1,11,1,0,32553,14351.868,0.625373,167.383789,2025-01-05 11:00:00,20193.163
2025-01-05,12:00-13:00,2025,1,5,7,1,1,12,1,0,32752,15640.374,0.0,43.196926,2025-01-05 12:00:00,20422.09
2025-01-05,13:00-14:00,2025,1,5,7,1,1,13,1,0,31939,15431.994,0.0,44.918217,2025-01-05 13:00:00,18700.833
2025-01-05,14:00-15:00,2025,1,5,7,1,1,14,1,0,31623,13956.274,60.875786,112.307518,2025-01-05 14:00:00,14757.077
2025-01-05,15:00-16:00,2025,1,5,7,1,1,15,1,0,32015,14993.7,424.601563,316.050262,2025-01-05 15:00:00,8742.513
2025-01-05,16:00-17:00,2025,1,5,7,1,1,16,1,0,32912,15001.79,450.367767,452.747101,2025-01-05 16:00:00,2764.976
2025-01-05,17:00-18:00,2025,1,5,7,1,1,17,1,0,35014,16496.877,448.447662,451.426636,2025-01-05 17:00:00,1295.535
2025-01-05,18:00-19:00,2025,1,5,7,1,1,18,1,0,35055,15814.6,448.725464,448.092468,2025-01-05 18:00:00,1536.611
2025-01-05,19:00-20:00,2025,1,5,7,1,1,19,1,0,35876,15296.906,453.8573,451.130463,2025-01-05 19:00:00,1701.388
2025-01-05,20:00-21:00,2025,1,5,7,1,1,20,1,0,35761,14935.069,452.074371,458.131195,2025-01-05 20:00:00,1688.902
2025-01-05,21:00-22:00,2025,1,5,7,1,1,21,0,0,33018,12987.915,457.061676,456.198181,2025-01-05 21:00:00,1547.03
2025-01-05,22:00-23:00,2025,1,5,7,1,1,22,0,1,29885,11701.218,448.000122,451.62912,2025-01-05 22:00:00,1363.527
2025-01-05,23:00-24:00,2025,1,5,7,1,1,23,0,1,27723,11417.69,434.000153,445.999847,2025-01-05 23:00:00,1254.276
2025-01-06,00:00-01:00,2025,1,6,1,0,1,0,0,1,27947,11659.079,444.0,445.913147,2025-01-06 00:00:00,685.909
2025-01-06,01:00-02:00,2025,1,6,1,0,1,1,0,1,26741,11297.455,434.0,444.000153,2025-01-06 01:00:00,645.173
2025-01-06,02:00-03:00,2025,1,6,1,0,1,2,0,1,25804,11050.323,425.999878,432.000061,2025-01-06 02:00:00,710.755
2025-01-06,03:00-04:00,2025,1,6,1,0,1,3,0,1,25560,10792.743,414.0,426.000061,2025-01-06 03:00:00,921.291
2025-01-06,04:00-05:00,2025,1,6,1,0,1,4,0,1,25863,10816.663,370.787537,424.0,2025-01-06 04:00:00,1236.118
2025-01-06,05:00-06:00,2025,1,6,1,0,1,5,0,1,26990,10811.743,423.924591,427.977142,2025-01-06 05:00:00,1634.739
2025-01-06,06:00-07:00,2025,1,6,1,0,1,6,0,1,29956,11463.453,442.836639,444.000183,2025-01-06 06:00:00,2063.305
2025-01-06,07:00-08:00,2025,1,6,1,0,1,7,0,0,33766,12355.735,448.202606,448.610718,2025-01-06 07:00:00,3531.382
2025-01-06,08:00-09:00,2025,1,6,1,0,1,8,1,0,36507,13339.164,431.714325,448.920074,2025-01-06 08:00:00,8651.776
2025-01-06,09:00-10:00,2025,1,6,1,0,1,9,1,0,37520,14592.523,240.545105,346.028595,2025-01-06 09:00:00,14177.841
2025-01-06,10:00-11:00,2025,1,6,1,0,1,10,1,0,37520,13705.158,207.96875,313.323273,2025-01-06 10:00:00,17918.952
2025-01-06,11:00-12:00,2025,1,6,1,0,1,11,1,0,35017,13991.073,48.065121,131.727081,2025-01-06 11:00:00,19421.514
2025-01-06,12:00-13:00,2025,1,6,1,0,1,12,1,0,35359,15101.343,68.053864,46.184174,2025-01-06 12:00:00,19093.904
2025-01-06,13:00-14:00,2025,1,6,1,0,1,13,1,0,34593,14687.343,52.694153,163.940002,2025-01-06 13:00:00,16841.789
2025-01-06,14:00-15:00,2025,1,6,1,0,1,14,1,0,33823,13147.193,299.998383,454.417053,2025-01-06 14:00:00,12800.697
2025-01-06,15:00-16:00,2025,1,6,1,0,1,15,1,0,33925,14368.839,424.858337,457.087921,2025-01-06 15:00:00,7960.414
2025-01-06,16:00-17:00,2025,1,6,1,0,1,16,1,0,34487,15071.724,444.173828,450.908234,2025-01-06 16:00:00,3748.709
2025-01-06,17:00-18:00,2025,1,6,1,0,1,17,1,0,35529,16593.339,437.153687,449.488068,2025-01-06 17:00:00,3155.145
2025-01-06,18:00-19:00,2025,1,6,1,0,1,18,1,0,35643,16076.484,429.870239,443.44928,2025-01-06 18:00:00,3899.705
2025-01-06,19:00-20:00,2025,1,6,1,0,1,19,1,0,36268,15297.339,433.999756,444.447815,2025-01-06 19:00:00,4373.122
2025-01-06,20:00-21:00,2025,1,6,1,0,1,20,1,0,35927,14686.91,444.089752,443.397491,2025-01-06 20:00:00,4502.671
2025-01-06,21:00-22:00,2025,1,6,1,0,1,21,0,0,33477,12888.247,439.589722,439.868408,2025-01-06 21:00:00,4448.458
2025-01-06,22:00-23:00,2025,1,6,1,0,1,22,0,1,30227,11822.8,425.999969,419.970459,2025-01-06 22:00:00,4295.476
2025-01-06,23:00-24:00,2025,1,6,1,0,1,23,0,1,28176,11750.96,300.000061,342.382507,2025-01-06 23:00:00,3940.446
2025-01-07,00:00-01:00,2025,1,7,2,0,1,0,0,1,28329,10351.043,333.349976,328.342499,2025-01-07 00:00:00,3574.401
2025-01-07,01:00-02:00,2025,1,7,2,0,1,1,0,1,27278,10216.283,333.349976,328.179169,2025-01-07 01:00:00,3361.009
2025-01-07,02:00-03:00,2025,1,7,2,0,1,2,0,1,26403,9856.053,333.349976,328.024078,2025-01-07 02:00:00,3204.328
2025-01-07,03:00-04:00,2025,1,7,2,0,1,3,0,1,26000,8680.443,333.349762,328.383698,2025-01-07 03:00:00,3042.355
2025-01-07,04:00-05:00,2025,1,7,2,0,1,4,0,1,26372,9028.288,333.349945,325.519104,2025-01-07 04:00:00,2926.953
2025-01-07,05:00-06:00,2025,1,7,2,0,1,5,0,1,27287,10268.853,333.349976,325.202667,2025-01-07 05:00:00,2863.115
2025-01-07,06:00-07:00,2025,1,7,2,0,1,6,0,1,29702,10863.863,353.350128,348.096252,2025-01-07 06:00:00,2779.062
2025-01-07,07:00-08:00,2025,1,7,2,0,1,7,0,0,33787,11461.699,397.610199,371.572876,2025-01-07 07:00:00,3115.802
2025-01-07,08:00-09:00,2025,1,7,2,0,1,8,1,0,37111,12582.744,397.915833,391.102325,2025-01-07 08:00:00,4714.644
2025-01-07,09:00-10:00,2025,1,7,2,0,1,9,1,0,38135,12307.711,395.865051,393.043091,2025-01-07 09:00:00,6393.165
2025-01-07,10:00-11:00,2025,1,7,2,0,1,10,1,0,38408,13050.653,394.441437,391.976776,2025-01-07 10:00:00,7983.616
2025-01-07,11:00-12:00,2025,1,7,2,0,1,11,1,0,36869,13286.274,361.625702,356.216522,2025-01-07 11:00:00,8788.731
2025-01-07,12:00-13:00,2025,1,7,2,0,1,12,1,0,37188,13251.223,379.118073,352.213287,2025-01-07 12:00:00,8392.275
2025-01-07,13:00-14:00,2025,1,7,2,0,1,13,1,0,36794,12934.701,369.729248,353.928436,2025-01-07 13:00:00,6994.894
2025-01-07,14:00-15:00,2025,1,7,2,0,1,14,1,0,35481,12320.893,379.174042,353.93515,2025-01-07 14:00:00,4968.96
2025-01-07,15:00-16:00,2025,1,7,2,0,1,15,1,0,36175,14158.851,375.694427,371.798676,2025-01-07 15:00:00,2947.361
2025-01-07,16:00-17:00,2025,1,7,2,0,1,16,1,0,36925,15321.183,388.906372,372.7883,2025-01-07 16:00:00,1039.385
2025-01-07,17:00-18:00,2025,1,7,2,0,1,17,1,0,36774,16083.494,374.491425,391.900238,2025-01-07 17:00:00,425.225
2025-01-07,18:00-19:00,2025,1,7,2,0,1,18,1,0,36774,15386.923,374.351501,372.491974,2025-01-07 18:00:00,444.98
2025-01-07,19:00-20:00,2025,1,7,2,0,1,19,1,0,36965,14722.143,393.795929,391.852844,2025-01-07 19:00:00,509.201
2025-01-07,20:00-21:00,2025,1,7,2,0,1,20,1,0,36580,14198.33,393.715759,391.816223,2025-01-07 20:00:00,558.087
2025-01-07,21:00-22:00,2025,1,7,2,0,1,21,0,0,33805,12793.855,393.604523,371.331726,2025-01-07 21:00:00,601.696
2025-01-07,22:00-23:00,2025,1,7,2,0,1,22,0,1,30888,11500.28,374.084259,367.493988,2025-01-07 22:00:00,645.775
2025-01-07,23:00-24:00,2025,1,7,2,0,1,23,0,1,28728,11432.9,353.350006,347.978027,2025-01-07 23:00:00,820.752
2025-01-08,00:00-01:00,2025,1,8,3,0,1,0,0,1,29316,10767.583,371.1604,369.558411,2025-01-08 00:00:00,761.584
2025-01-08,01:00-02:00,2025,1,8,3,0,1,1,0,1,28021,10642.263,351.63269,350.419678,2025-01-08 01:00:00,722.366
2025-01-08,02:00-03:00,2025,1,8,3,0,1,2,0,1,27016,10217.003,351.54715,351.533356,2025-01-08 02:00:00,659.642
2025-01-08,03:00-04:00,2025,1,8,3,0,1,3,0,1,26600,9180.683,332.098175,332.055878,2025-01-08 03:00:00,597.381
2025-01-08,04:00-05:00,2025,1,8,3,0,1,4,0,1,26854,9682.658,333.349823,351.512634,2025-01-08 04:00:00,561.64
2025-01-08,05:00-06:00,2025,1,8,3,0,1,5,0,1,27869,10687.373,353.349915,351.620575,2025-01-08 05:00:00,550.638
2025-01-08,06:00-07:00,2025,1,8,3,0,1,6,0,1,30507,10989.863,400.013153,426.000214,2025-01-08 06:00:00,579.275
2025-01-08,07:00-08:00,2025,1,8,3,0,1,7,0,0,34422,12599.245,436.274628,443.852966,2025-01-08 07:00:00,1298.236
2025-01-08,08:00-09:00,2025,1,8,3,0,1,8,1,0,37690,13939.723,432.413757,444.47052,2025-01-08 08:00:00,4064.183
2025-01-08,09:00-10:00,2025,1,8,3,0,1,9,1,0,38216,13002.233,388.0242,424.393829,2025-01-08 09:00:00,7206.679
2025-01-08,10:00-11:00,2025,1,8,3,0,1,10,1,0,39200,12924.413,387.008179,396.557343,2025-01-08 10:00:00,9999.62
2025-01-08,11:00-12:00,2025,1,8,3,0,1,11,1,0,36619,12993.653,328.806549,347.64505,2025-01-08 11:00:00,11644.51
2025-01-08,12:00-13:00,2025,1,8,3,0,1,12,1,0,37024,12956.543,309.651245,302.410126,2025-01-08 12:00:00,11713.305
2025-01-08,13:00-14:00,2025,1,8,3,0,1,13,1,0,36357,12413.017,309.544464,301.259155,2025-01-08 13:00:00,10253.891
2025-01-08,14:00-15:00,2025,1,8,3,0,1,14,1,0,35694,11532.424,349.027527,329.673004,2025-01-08 14:00:00,7765.822
2025-01-08,15:00-16:00,2025,1,8,3,0,1,15,1,0,35994,14204.36,368.815308,342.847107,2025-01-08 15:00:00,5124.282
2025-01-08,16:00-17:00,2025,1,8,3,0,1,16,1,0,36852,14891.874,426.323059,388.234955,2025-01-08 16:00:00,2777.614
2025-01-08,17:00-18:00,2025,1,8,3,0,1,17,1,0,36850,16299.485,394.060455,428.008331,2025-01-08 17:00:00,2293.75
2025-01-08,18:00-19:00,2025,1,8,3,0,1,18,1,0,36792,16072.749,372.504608,391.156097,2025-01-08 18:00:00,2655.515
2025-01-08,19:00-20:00,2025,1,8,3,0,1,19,1,0,37139,15036.116,374.426422,426.024658,2025-01-08 19:00:00,2970.288
2025-01-08,20:00-21:00,2025,1,8,3,0,1,20,1,0,36797,14286.094,374.539032,394.05719,2025-01-08 20:00:00,3142.64
2025-01-08,21:00-22:00,2025,1,8,3,0,1,21,0,0,34306,12712.35,372.880951,373.429993,2025-01-08 21:00:00,3245.12
2025-01-08,22:00-23:00,2025,1,8,3,0,1,22,0,1,31225,11917.61,350.21759,351.978668,2025-01-08 22:00:00,3365.449
2025-01-08,23:00-24:00,2025,1,8,3,0,1,23,0,1,29004,11647.76,318.53476,328.676697,2025-01-08 23:00:00,3333.1
2025-01-09,00:00-01:00,2025,1,9,4,0,1,0,0,1,29634,10434.614,328.322296,327.483032,2025-01-09 00:00:00,3408.714
2025-01-09,01:00-02:00,2025,1,9,4,0,1,1,0,1,28331,10314.124,327.379547,317.219147,2025-01-09 01:00:00,3391.877
2025-01-09,02:00-03:00,2025,1,9,4,0,1,2,0,1,27394,9957.614,327.17392,308.086395,2025-01-09 02:00:00,3325.553
2025-01-09,03:00-04:00,2025,1,9,4,0,1,3,0,1,27262,8780.324,327.237274,327.380432,2025-01-09 03:00:00,3240.212
2025-01-09,04:00-05:00,2025,1,9,4,0,1,4,0,1,27367,9151.569,327.112946,313.944275,2025-01-09 04:00:00,3166.558
2025-01-09,05:00-06:00,2025,1,9,4,0,1,5,0,1,28466,10414.774,327.325562,308.347107,2025-01-09 05:00:00,3131.739
2025-01-09,06:00-07:00,2025,1,9,4,0,1,6,0,1,31052,10999.344,367.956299,348.437347,2025-01-09 06:00:00,3097.188
2025-01-09,07:00-08:00,2025,1,9,4,0,1,7,0,0,34781,11758.491,399.772369,370.412598,2025-01-09 07:00:00,3508.481
2025-01-09,08:00-09:00,2025,1,9,4,0,1,8,1,0,38278,13132.663,427.271759,370.843109,2025-01-09 08:00:00,5311.451
2025-01-09,09:00-10:00,2025,1,9,4,0,1,9,1,0,39445,13124.776,420.43576,361.980591,2025-01-09 09:00:00,7054.817
2025-01-09,10:00-11:00,2025,1,9,4,0,1,10,1,0,39842,13297.325,393.706665,353.651581,2025-01-09 10:00:00,8698.939
2025-01-09,11:00-12:00,2025,1,9,4,0,1,11,1,0,37442,13692.814,356.423187,308.927185,2025-01-09 11:00:00,9648.908
2025-01-09,12:00-13:00,2025,1,9,4,0,1,12,1,0,38639,13748.664,356.528778,337.05423,2025-01-09 12:00:00,9792.156
2025-01-09,13:00-14:00,2025,1,9,4,0,1,13,1,0,38078,13526.974,354.689789,334.50174,2025-01-09 13:00:00,9037.466
2025-01-09,14:00-15:00,2025,1,9,4,0,1,14,1,0,37139,12966.484,369.130768,354.626953,2025-01-09 14:00:00,7444.175
2025-01-09,15:00-16:00,2025,1,9,4,0,1,15,1,0,37362,14596.631,388.535858,371.590576,2025-01-09 15:00:00,5043.166
2025-01-09,16:00-17:00,2025,1,9,4,0,1,16,1,0,38077,15754.391,422.765778,387.835938,2025-01-09 16:00:00,2425.85
2025-01-09,17:00-18:00,2025,1,9,4,0,1,17,1,0,37989,16377.09,396.372681,422.80069,2025-01-09 17:00:00,1662.663
2025-01-09,18:00-19:00,2025,1,9,4,0,1,18,1,0,38420,15844.025,375.297638,420.469879,2025-01-09 18:00:00,1946.45
2025-01-09,19:00-20:00,2025,1,9,4,0,1,19,1,0,38728,15150.43,409.144501,428.081085,2025-01-09 19:00:00,2158.379
2025-01-09,20:00-21:00,2025,1,9,4,0,1,20,1,0,38720,14867.05,405.343048,423.681641,2025-01-09 20:00:00,2185.757
2025-01-09,21:00-22:00,2025,1,9,4,0,1,21,0,0,36479,13614.936,417.829437,388.197723,2025-01-09 21:00:00,2101.184
2025-01-09,22:00-23:00,2025,1,9,4,0,1,22,0,1,33313,12159.681,368.117279,367.872009,2025-01-09 22:00:00,1969.871
2025-01-09,23:00-24:00,2025,1,9,4,0,1,23,0,1,30419,11683.52,347.277405,347.476685,2025-01-09 23:00:00,1801.693
2025-01-10,00:00-01:00,2025,1,10,5,0,1,0,0,1,30147,10957.833,370.738617,367.646637,2025-01-10 00:00:00,1890.274
2025-01-10,01:00-02:00,2025,1,10,5,0,1,1,0,1,28690,10911.503,353.944641,347.533966,2025-01-10 01:00:00,1653.087
2025-01-10,02:00-03:00,2025,1,10,5,0,1,2,0,1,27720,10928.163,347.025299,327.359436,2025-01-10 02:00:00,1458.305
2025-01-10,03:00-04:00,2025,1,10,5,0,1,3,0,1,27472,10872.233,346.956024,337.977966,2025-01-10 03:00:00,1313.418
2025-01-10,04:00-05:00,2025,1,10,5,0,1,4,0,1,27903,10848.953,347.056641,347.137939,2025-01-10 04:00:00,1181.279
2025-01-10,05:00-06:00,2025,1,10,5,0,1,5,0,1,28994,10822.113,367.110413,367.208435,2025-01-10 05:00:00,1071.671
2025-01-10,06:00-07:00,2025,1,10,5,0,1,6,0,1,31516,10823.973,438.202118,428.270508,2025-01-10 06:00:00,958.448
2025-01-10,07:00-08:00,2025,1,10,5,0,1,7,0,0,35278,11772.852,453.277679,453.306366,2025-01-10 07:00:00,2101.091
2025-01-10,08:00-09:00,2025,1,10,5,0,1,8,1,0,39409,13555.173,441.243622,441.099426,2025-01-10 08:00:00,7254.201
2025-01-10,09:00-10:00,2025,1,10,5,0,1,9,1,0,40690,14941.163,351.026001,349.386841,2025-01-10 09:00:00,12793.231
2025-01-10,10:00-11:00,2025,1,10,5,0,1,10,1,0,40670,14004.248,312.778351,295.43161,2025-01-10 10:00:00,16742.673
2025-01-10,11:00-12:00,2025,1,10,5,0,1,11,1,0,37890,14109.788,114.403023,91.040688,2025-01-10 11:00:00,18440.554
2025-01-10,12:00-13:00,2025,1,10,5,0,1,12,1,0,38035,15263.18,99.552162,110.532486,2025-01-10 12:00:00,18267.848
2025-01-10,13:00-14:00,2025,1,10,5,0,1,13,1,0,37435,14775.413,144.345779,178.468903,2025-01-10 13:00:00,16042.334
2025-01-10,14:00-15:00,2025,1,10,5,0,1,14,1,0,37054,13324.633,323.208099,349.673462,2025-01-10 14:00:00,11842.434
2025-01-10,15:00-16:00,2025,1,10,5,0,1,15,1,0,37245,14982.419,425.396027,424.161285,2025-01-10 15:00:00,6681.11
2025-01-10,16:00-17:00,2025,1,10,5,0,1,16,1,0,38378,15319.454,450.113525,449.999939,2025-01-10 16:00:00,1817.529
2025-01-10,17:00-18:00,2025,1,10,5,0,1,17,1,0,38437,16608.449,447.267883,448.235809,2025-01-10 17:00:00,309.973
2025-01-10,18:00-19:00,2025,1,10,5,0,1,18,1,0,38934,16155.454,445.607544,445.490692,2025-01-10 18:00:00,380.965
2025-01-10,19:00-20:00,2025,1,10,5,0,1,19,1,0,39165,15584.259,452.102173,452.000244,2025-01-10 19:00:00,457.431
2025-01-10,20:00-21:00,2025,1,10,5,0,1,20,1,0,39116,15191.282,452.324524,450.811096,2025-01-10 20:00:00,489.954
2025-01-10,21:00-22:00,2025,1,10,5,0,1,21,0,0,37028,13597.045,450.695618,448.661011,2025-01-10 21:00:00,491.925
2025-01-10,22:00-23:00,2025,1,10,5,0,1,22,0,1,33735,11888.515,440.447113,442.440674,2025-01-10 22:00:00,493.948
2025-01-10,23:00-24:00,2025,1,10,5,0,1,23,0,1,31416,11485.28,420.059296,424.101776,2025-01-10 23:00:00,564.081
2025-01-11,00:00-01:00,2025,1,11,6,1,1,0,0,1,30270,11369.903,398.559265,425.282074,2025-01-11 00:00:00,433.533
2025-01-11,01:00-02:00,2025,1,11,6,1,1,1,0,1,28464,11239.453,378.235962,377.459991,2025-01-11 01:00:00,458.39
2025-01-11,02:00-03:00,2025,1,11,6,1,1,2,0,1,27521,11309.123,348.657959,357.308167,2025-01-11 02:00:00,482.577
2025-01-11,03:00-04:00,2025,1,11,6,1,1,3,0,1,27358,10789.213,347.437714,353.960083,2025-01-11 03:00:00,528.999
2025-01-11,04:00-05:00,2025,1,11,6,1,1,4,0,1,27461,10796.553,350.502625,337.670685,2025-01-11 04:00:00,583.041
2025-01-11,05:00-06:00,2025,1,11,6,1,1,5,0,1,28121,10743.663,373.451202,356.39447,2025-01-11 05:00:00,634.611
2025-01-11,06:00-07:00,2025,1,11,6,1,1,6,0,1,30311,10949.653,426.098419,400.0,2025-01-11 06:00:00,695.616
2025-01-11,07:00-08:00,2025,1,11,6,1,1,7,0,0,34092,12504.339,428.811066,424.912201,2025-01-11 07:00:00,1895.251
2025-01-11,08:00-09:00,2025,1,11,6,1,1,8,1,0,36753,13387.927,422.691101,431.395386,2025-01-11 08:00:00,7046.51
2025-01-11,09:00-10:00,2025,1,11,6,1,1,9,1,0,36950,14980.443,280.833649,295.980255,2025-01-11 09:00:00,13354.174
2025-01-11,10:00-11:00,2025,1,11,6,1,1,10,1,0,36674,15572.363,137.502243,138.845825,2025-01-11 10:00:00,18592.513
2025-01-11,11:00-12:00,2025,1,11,6,1,1,11,1,0,34783,15624.293,56.49773,86.769089,2025-01-11 11:00:00,21370.103
2025-01-11,12:00-13:00,2025,1,11,6,1,1,12,1,0,35429,16446.063,18.361124,49.184605,2025-01-11 12:00:00,21890.026
2025-01-11,13:00-14:00,2025,1,11,6,1,1,13,1,0,34599,16656.523,0.713232,0.690829,2025-01-11 13:00:00,20580.487
2025-01-11,14:00-15:00,2025,1,11,6,1,1,14,1,0,34092,15280.403,65.430176,3.778626,2025-01-11 14:00:00,17040.507
2025-01-11,15:00-16:00,2025,1,11,6,1,1,15,1,0,34875,15489.439,292.247314,134.754715,2025-01-11 15:00:00,11297.626
2025-01-11,16:00-17:00,2025,1,11,6,1,1,16,1,0,36120,15213.798,445.121246,370.324188,2025-01-11 16:00:00,5193.703
2025-01-11,17:00-18:00,2025,1,11,6,1,1,17,1,0,36950,16226.762,433.983032,393.495758,2025-01-11 17:00:00,3699.135
2025-01-11,18:00-19:00,2025,1,11,6,1,1,18,1,0,37458,15550.38,432.274292,361.442017,2025-01-11 18:00:00,4308.068
2025-01-11,19:00-20:00,2025,1,11,6,1,1,19,1,0,38518,15255.735,432.43927,341.307068,2025-01-11 19:00:00,4660.811
2025-01-11,20:00-21:00,2025,1,11,6,1,1,20,1,0,38103,14701.564,431.567596,365.983521,2025-01-11 20:00:00,4628.044
2025-01-11,21:00-22:00,2025,1,11,6,1,1,21,0,0,35267,13048.84,434.213287,429.222809,2025-01-11 21:00:00,4307.425
2025-01-11,22:00-23:00,2025,1,11,6,1,1,22,0,1,31924,11807.7,428.651306,427.243317,2025-01-11 22:00:00,3829.499
2025-01-11,23:00-24:00,2025,1,11,6,1,1,23,0,1,29446,11694.88,386.672394,314.984924,2025-01-11 23:00:00,3293.325
2025-01-12,00:00-01:00,2025,1,12,7,1,1,0,0,1,29832,11615.181,426.902252,393.35022,2025-01-12 00:00:00,3597.086
2025-01-12,01:00-02:00,2025,1,12,7,1,1,1,0,1,28450,11329.295,423.999847,349.999969,2025-01-12 01:00:00,3181.64
2025-01-12,02:00-03:00,2025,1,12,7,1,1,2,0,1,27402,11092.064,373.349915,333.350067,2025-01-12 02:00:00,2837.154
2025-01-12,03:00-04:00,2025,1,12,7,1,1,3,0,1,26849,10971.984,373.350037,319.999878,2025-01-12 03:00:00,2650.066
2025-01-12,04:00-05:00,2025,1,12,7,1,1,4,0,1,26836,10919.384,373.349915,333.349884,2025-01-12 04:00:00,2629.851
2025-01-12,05:00-06:00,2025,1,12,7,1,1,5,0,1,27600,11018.53,424.34906,393.350281,2025-01-12 05:00:00,2517.212
2025-01-12,06:00-07:00,2025,1,12,7,1,1,6,0,1,29327,10959.234,430.000244,427.999847,2025-01-12 06:00:00,2342.45
2025-01-12,07:00-08:00,2025,1,12,7,1,1,7,0,0,32726,11693.916,446.117401,443.999451,2025-01-12 07:00:00,3548.25
2025-01-12,08:00-09:00,2025,1,12,7,1,1,8,1,0,35480,13941.747,422.90686,424.6521,2025-01-12 08:00:00,9353.65
2025-01-12,09:00-10:00,2025,1,12,7,1,1,9,1,0,36457,15665.628,113.814331,117.938141,2025-01-12 09:00:00,15537.822
2025-01-12,10:00-11:00,2025,1,12,7,1,1,10,1,0,36457,15306.124,50.11491,111.312187,2025-01-12 10:00:00,19976.285
2025-01-12,11:00-12:00,2025,1,12,7,1,1,11,1,0,34799,15169.354,0.0,17.004772,2025-01-12 11:00:00,21846.567
2025-01-12,12:00-13:00,2025,1,12,7,1,1,12,1,0,35089,15847.124,0.0,0.885075,2025-01-12 12:00:00,21760.209
2025-01-12,13:00-14:00,2025,1,12,7,1,1,13,1,0,34343,16057.684,0.0,0.0,2025-01-12 13:00:00,20030.286
2025-01-12,14:00-15:00,2025,1,12,7,1,1,14,1,0,33596,14631.744,111.327614,22.676985,2025-01-12 14:00:00,16018.027
2025-01-12,15:00-16:00,2025,1,12,7,1,1,15,1,0,34094,15419.27,336.999969,291.0,2025-01-12 15:00:00,9791.192
2025-01-12,16:00-17:00,2025,1,12,7,1,1,16,1,0,35461,15201.365,449.999939,443.999695,2025-01-12 16:00:00,3242.41
2025-01-12,17:00-18:00,2025,1,12,7,1,1,17,1,0,36830,16865.05,449.999969,448.999786,2025-01-12 17:00:00,1298.814
2025-01-12,18:00-19:00,2025,1,12,7,1,1,18,1,0,37161,16373.545,449.916229,444.000031,2025-01-12 18:00:00,1664.481
2025-01-12,19:00-20:00,2025,1,12,7,1,1,19,1,0,37825,15619.1,452.074005,449.999786,2025-01-12 19:00:00,2048.656
2025-01-12,20:00-21:00,2025,1,12,7,1,1,20,1,0,37493,14906.955,450.090973,447.060486,2025-01-12 20:00:00,2307.583
2025-01-12,21:00-22:00,2025,1,12,7,1,1,21,0,0,35047,13259.48,451.999878,449.999817,2025-01-12 21:00:00,2490.743
2025-01-12,22:00-23:00,2025,1,12,7,1,1,22,0,1,31731,11952.644,446.000061,444.000092,2025-01-12 22:00:00,2673.303
2025-01-12,23:00-24:00,2025,1,12,7,1,1,23,0,1,29119,11651.74,427.999939,425.999847,2025-01-12 23:00:00,2728.529
2025-01-13,00:00-01:00,2025,1,13,1,0,1,0,0,1,29345,11110.929,373.350037,353.349854,2025-01-13 00:00:00,2594.171
2025-01-13,01:00-02:00,2025,1,13,1,0,1,1,0,1,27866,10852.719,353.350128,353.350067,2025-01-13 01:00:00,2637.538
2025-01-13,02:00-03:00,2025,1,13,1,0,1,2,0,1,26860,10882.579,353.349945,314.659882,2025-01-13 02:00:00,2668.782
2025-01-13,03:00-04:00,2025,1,13,1,0,1,3,0,1,26354,10816.779,333.350037,314.659424,2025-01-13 03:00:00,2692.856
2025-01-13,04:00-05:00,2025,1,13,1,0,1,4,0,1,26533,10814.859,353.350006,323.555634,2025-01-13 04:00:00,2677.472
2025-01-13,05:00-06:00,2025,1,13,1,0,1,5,0,1,27814,10817.759,373.35022,353.349823,2025-01-13 05:00:00,2632.326
2025-01-13,06:00-07:00,2025,1,13,1,0,1,6,0,1,30794,11508.989,425.999878,373.349792,2025-01-13 06:00:00,2578.994
2025-01-13,07:00-08:00,2025,1,13,1,0,1,7,0,0,34518,12971.412,446.000031,445.999695,2025-01-13 07:00:00,3690.457
2025-01-13,08:00-09:00,2025,1,13,1,0,1,8,1,0,38306,14667.348,428.620697,444.962006,2025-01-13 08:00:00,8721.583
2025-01-13,09:00-10:00,2025,1,13,1,0,1,9,1,0,38806,15063.66,319.297485,338.722839,2025-01-13 09:00:00,14225.805
2025-01-13,10:00-11:00,2025,1,13,1,0,1,10,1,0,38693,14605.318,300.145111,232.252228,2025-01-13 10:00:00,18239.666
2025-01-13,11:00-12:00,2025,1,13,1,0,1,11,1,0,36287,14470.097,111.284958,132.529068,2025-01-13 11:00:00,20150.428
2025-01-13,12:00-13:00,2025,1,13,1,0,1,12,1,0,36241,15214.896,107.401405,80.901932,2025-01-13 12:00:00,20032.654
2025-01-13,13:00-14:00,2025,1,13,1,0,1,13,1,0,35236,15252.75,142.307098,82.844345,2025-01-13 13:00:00,17747.161
2025-01-13,14:00-15:00,2025,1,13,1,0,1,14,1,0,34739,13583.744,333.517242,328.978668,2025-01-13 14:00:00,13298.439
2025-01-13,15:00-16:00,2025,1,13,1,0,1,15,1,0,35468,15143.16,426.72641,424.53714,2025-01-13 15:00:00,7604.967
2025-01-13,16:00-17:00,2025,1,13,1,0,1,16,1,0,36376,15850.802,452.56723,452.358276,2025-01-13 16:00:00,2407.745
2025-01-13,17:00-18:00,2025,1,13,1,0,1,17,1,0,36862,17496.943,446.512573,444.000092,2025-01-13 17:00:00,815.436
2025-01-13,18:00-19:00,2025,1,13,1,0,1,18,1,0,37188,16937.211,445.669128,430.000092,2025-01-13 18:00:00,993.037
2025-01-13,19:00-20:00,2025,1,13,1,0,1,19,1,0,37671,16306.817,455.984924,445.859924,2025-01-13 19:00:00,1118.941
2025-01-13,20:00-21:00,2025,1,13,1,0,1,20,1,0,37620,16221.039,449.319275,442.309631,2025-01-13 20:00:00,1121.33
2025-01-13,21:00-22:00,2025,1,13,1,0,1,21,0,0,35027,14052.416,457.575317,446.000183,2025-01-13 21:00:00,1058.745
2025-01-13,22:00-23:00,2025,1,13,1,0,1,22,0,1,31837,12126.449,445.999939,432.000031,2025-01-13 22:00:00,969.656
2025-01-13,23:00-24:00,2025,1,13,1,0,1,23,0,1,29210,11711.474,393.349884,393.350006,2025-01-13 23:00:00,1056.99
2025-01-14,00:00-01:00,2025,1,14,2,0,1,0,0,1,29360,11462.899,428.900116,426.0,2025-01-14 00:00:00,642.821
2025-01-14,01:00-02:00,2025,1,14,2,0,1,1,0,1,28080,11442.979,393.350067,393.349915,2025-01-14 01:00:00,587.606
2025-01-14,02:00-03:00,2025,1,14,2,0,1,2,0,1,27181,9915.919,393.350037,373.349884,2025-01-14 02:00:00,587.53
2025-01-14,03:00-04:00,2025,1,14,2,0,1,3,0,1,26899,9147.119,393.35022,393.350128,2025-01-14 03:00:00,641.008
2025-01-14,04:00-05:00,2025,1,14,2,0,1,4,0,1,27174,9495.514,393.35022,393.35022,2025-01-14 04:00:00,725.753
2025-01-14,05:00-06:00,2025,1,14,2,0,1,5,0,1,28315,10449.7,373.35025,373.350098,2025-01-14 05:00:00,815.736
2025-01-14,06:00-07:00,2025,1,14,2,0,1,6,0,1,30472,11067.351,423.999878,393.350006,2025-01-14 06:00:00,920.47
2025-01-14,07:00-08:00,2025,1,14,2,0,1,7,0,0,34361,13441.129,453.103394,444.000458,2025-01-14 07:00:00,1542.66
2025-01-14,08:00-09:00,2025,1,14,2,0,1,8,1,0,37784,15063.309,455.33252,444.322998,2025-01-14 08:00:00,3439.262
2025-01-14,09:00-10:00,2025,1,14,2,0,1,9,1,0,38386,13511.473,450.153748,435.472382,2025-01-14 09:00:00,5465.885
2025-01-14,10:00-11:00,2025,1,14,2,0,1,10,1,0,39004,13434.563,419.378235,421.373932,2025-01-14 10:00:00,7350.211
2025-01-14,11:00-12:00,2025,1,14,2,0,1,11,1,0,37434,12854.629,339.780609,358.232971,2025-01-14 11:00:00,8685.324
2025-01-14,12:00-13:00,2025,1,14,2,0,1,12,1,0,37144,12934.861,333.578888,338.762268,2025-01-14 12:00:00,9205.824
2025-01-14,13:00-14:00,2025,1,14,2,0,1,13,1,0,36531,12627.459,340.736359,320.059753,2025-01-14 13:00:00,8973.3
2025-01-14,14:00-15:00,2025,1,14,2,0,1,14,1,0,35194,12136.05,356.743103,356.252594,2025-01-14 14:00:00,8140.598
2025-01-14,15:00-16:00,2025,1,14,2,0,1,15,1,0,36225,13502.989,376.516785,375.23349,2025-01-14 15:00:00,6937.777
2025-01-14,16:00-17:00,2025,1,14,2,0,1,16,1,0,36500,15090.175,373.721161,369.673157,2025-01-14 16:00:00,5607.489
2025-01-14,17:00-18:00,2025,1,14,2,0,1,17,1,0,37246,17204.564,374.439941,374.03537,2025-01-14 17:00:00,5281.508
2025-01-14,18:00-19:00,2025,1,14,2,0,1,18,1,0,36903,16975.989,354.484863,353.350098,2025-01-14 18:00:00,5618.266
2025-01-14,19:00-20:00,2025,1,14,2,0,1,19,1,0,36767,15846.531,353.349854,353.350037,2025-01-14 19:00:00,5823.69
2025-01-14,20:00-21:00,2025,1,14,2,0,1,20,1,0,36777,15054.74,353.349945,353.349945,2025-01-14 20:00:00,5927.154
2025-01-14,21:00-22:00,2025,1,14,2,0,1,21,0,0,34745,13586.806,356.934296,354.473846,2025-01-14 21:00:00,5993.097
2025-01-14,22:00-23:00,2025,1,14,2,0,1,22,0,1,31283,12109.189,324.060516,316.618713,2025-01-14 22:00:00,6003.864
2025-01-14,23:00-24:00,2025,1,14,2,0,1,23,0,1,28740,12000.429,283.999969,130.000092,2025-01-14 23:00:00,5883.534
2025-01-15,00:00-01:00,2025,1,15,3,0,1,0,0,1,28990,11989.259,170.000031,126.0,2025-01-15 00:00:00,5677.228
2025-01-15,01:00-02:00,2025,1,15,3,0,1,1,0,1,27377,11966.119,135.617523,40.000019,2025-01-15 01:00:00,5503.191
2025-01-15,02:00-03:00,2025,1,15,3,0,1,2,0,1,26596,11913.169,131.364349,20.000002,2025-01-15 02:00:00,5271.743
2025-01-15,03:00-04:00,2025,1,15,3,0,1,3,0,1,26264,11880.229,126.000031,21.411709,2025-01-15 03:00:00,4996.599
2025-01-15,04:00-05:00,2025,1,15,3,0,1,4,0,1,26502,11849.739,135.999954,59.945953,2025-01-15 04:00:00,4678.569
2025-01-15,05:00-06:00,2025,1,15,3,0,1,5,0,1,27671,11827.189,280.921265,137.186432,2025-01-15 05:00:00,4354.833
2025-01-15,06:00-07:00,2025,1,15,3,0,1,6,0,1,30244,11807.499,427.999908,321.000183,2025-01-15 06:00:00,3968.433
2025-01-15,07:00-08:00,2025,1,15,3,0,1,7,0,0,34607,13025.299,448.600891,444.000092,2025-01-15 07:00:00,4896.656
2025-01-15,08:00-09:00,2025,1,15,3,0,1,8,1,0,38024,15168.715,444.813507,443.350708,2025-01-15 08:00:00,10187.616
2025-01-15,09:00-10:00,2025,1,15,3,0,1,9,1,0,39014,15589.571,156.111694,141.261368,2025-01-15 09:00:00,15869.584
2025-01-15,10:00-11:00,2025,1,15,3,0,1,10,1,0,38470,15085.983,126.669571,0.0,2025-01-15 10:00:00,19986.542
2025-01-15,11:00-12:00,2025,1,15,3,0,1,11,1,0,36524,15039.033,24.036501,1.088363,2025-01-15 11:00:00,21806.194
2025-01-15,12:00-13:00,2025,1,15,3,0,1,12,1,0,37041,15788.243,23.745655,2.668565,2025-01-15 12:00:00,21657.324
2025-01-15,13:00-14:00,2025,1,15,3,0,1,13,1,0,36527,15996.143,4.311838,2.375529,2025-01-15 13:00:00,19771.312
2025-01-15,14:00-15:00,2025,1,15,3,0,1,14,1,0,35749,14597.305,85.777496,0.583367,2025-01-15 14:00:00,15664.1
2025-01-15,15:00-16:00,2025,1,15,3,0,1,15,1,0,36192,15453.596,422.828491,253.585983,2025-01-15 15:00:00,9484.302
2025-01-15,16:00-17:00,2025,1,15,3,0,1,16,1,0,37133,15998.981,452.239471,446.0,2025-01-15 16:00:00,2917.781
2025-01-15,17:00-18:00,2025,1,15,3,0,1,17,1,0,37717,17607.718,451.238892,449.912598,2025-01-15 17:00:00,546.395
2025-01-15,18:00-19:00,2025,1,15,3,0,1,18,1,0,37990,17142.574,450.924866,449.912689,2025-01-15 18:00:00,595.702
2025-01-15,19:00-20:00,2025,1,15,3,0,1,19,1,0,38113,16326.695,451.976593,452.000092,2025-01-15 19:00:00,658.978
2025-01-15,20:00-21:00,2025,1,15,3,0,1,20,1,0,37773,15439.991,464.365631,454.000122,2025-01-15 20:00:00,677.541
2025-01-15,21:00-22:00,2025,1,15,3,0,1,21,0,0,35354,14130.38,459.000031,449.975769,2025-01-15 21:00:00,694.572
2025-01-15,22:00-23:00,2025,1,15,3,0,1,22,0,1,32095,12037.914,452.243286,450.699982,2025-01-15 22:00:00,726.666
2025-01-15,23:00-24:00,2025,1,15,3,0,1,23,0,1,29788,11656.329,446.000244,446.000061,2025-01-15 23:00:00,776.612
2025-01-16,00:00-01:00,2025,1,16,4,0,1,0,0,1,29515,11856.669,446.177917,446.112732,2025-01-16 00:00:00,860.085
2025-01-16,01:00-02:00,2025,1,16,4,0,1,1,0,1,28167,11867.079,444.289001,434.278412,2025-01-16 01:00:00,956.856
2025-01-16,02:00-03:00,2025,1,16,4,0,1,2,0,1,27187,11639.469,432.40451,428.399323,2025-01-16 02:00:00,1009.55
2025-01-16,03:00-04:00,2025,1,16,4,0,1,3,0,1,26738,11513.899,430.546997,426.606262,2025-01-16 03:00:00,1024.104
2025-01-16,04:00-05:00,2025,1,16,4,0,1,4,0,1,26802,11477.219,431.999939,427.999969,2025-01-16 04:00:00,1036.627
2025-01-16,05:00-06:00,2025,1,16,4,0,1,5,0,1,27886,11450.079,444.686279,434.856293,2025-01-16 05:00:00,1034.658
2025-01-16,06:00-07:00,2025,1,16,4,0,1,6,0,1,29792,11497.729,449.999847,445.999969,2025-01-16 06:00:00,1063.885
2025-01-16,07:00-08:00,2025,1,16,4,0,1,7,0,0,33718,12850.719,453.107605,451.999725,2025-01-16 07:00:00,2617.454
2025-01-16,08:00-09:00,2025,1,16,4,0,1,8,1,0,38024,15193.309,439.771667,446.027863,2025-01-16 08:00:00,8961.355
2025-01-16,09:00-10:00,2025,1,16,4,0,1,9,1,0,38394,15826.251,249.855865,297.802063,2025-01-16 09:00:00,15506.36
2025-01-16,10:00-11:00,2025,1,16,4,0,1,10,1,0,38054,15410.449,94.425278,133.557037,2025-01-16 10:00:00,19991.327
2025-01-16,11:00-12:00,2025,1,16,4,0,1,11,1,0,36062,15318.993,19.57604,20.765257,2025-01-16 11:00:00,22105.212
2025-01-16,12:00-13:00,2025,1,16,4,0,1,12,1,0,35765,15984.113,0.892129,14.849124,2025-01-16 12:00:00,22158.559
2025-01-16,13:00-14:00,2025,1,16,4,0,1,13,1,0,35586,16237.663,0.836268,0.522728,2025-01-16 13:00:00,20533.108
2025-01-16,14:00-15:00,2025,1,16,4,0,1,14,1,0,34777,14983.553,126.234337,40.003513,2025-01-16 14:00:00,16527.897
2025-01-16,15:00-16:00,2025,1,16,4,0,1,15,1,0,35370,15912.149,424.40332,291.796326,2025-01-16 15:00:00,10183.25
2025-01-16,16:00-17:00,2025,1,16,4,0,1,16,1,0,36647,16182.695,465.455658,450.000061,2025-01-16 16:00:00,3085.313
2025-01-16,17:00-18:00,2025,1,16,4,0,1,17,1,0,36876,17616.466,466.277557,458.000275,2025-01-16 17:00:00,441.839
2025-01-16,18:00-19:00,2025,1,16,4,0,1,18,1,0,37028,17005.252,469.977478,453.999969,2025-01-16 18:00:00,518.063
2025-01-16,19:00-20:00,2025,1,16,4,0,1,19,1,0,37518,16332.015,483.033386,465.051819,2025-01-16 19:00:00,624.654
2025-01-16,20:00-21:00,2025,1,16,4,0,1,20,1,0,37659,16082.518,471.1315,463.999817,2025-01-16 20:00:00,685.759
2025-01-16,21:00-22:00,2025,1,16,4,0,1,21,0,0,35383,14038.896,466.261536,461.886414,2025-01-16 21:00:00,704.585
2025-01-16,22:00-23:00,2025,1,16,4,0,1,22,0,1,32042,12136.088,466.000092,459.999939,2025-01-16 22:00:00,707.203
2025-01-16,23:00-24:00,2025,1,16,4,0,1,23,0,1,29484,11587.696,450.699738,450.000031,2025-01-16 23:00:00,688.512
2025-01-17,00:00-01:00,2025,1,17,5,0,1,0,0,1,29215,11967.409,450.700073,451.000031,2025-01-17 00:00:00,498.055
2025-01-17,01:00-02:00,2025,1,17,5,0,1,1,0,1,27596,11899.197,449.999939,449.999908,2025-01-17 01:00:00,529.048
2025-01-17,02:00-03:00,2025,1,17,5,0,1,2,0,1,26819,11916.124,445.999939,446.000153,2025-01-17 02:00:00,567.341
2025-01-17,03:00-04:00,2025,1,17,5,0,1,3,0,1,26581,11498.489,445.999817,443.999939,2025-01-17 03:00:00,615.218
2025-01-17,04:00-05:00,2025,1,17,5,0,1,4,0,1,26994,11492.796,445.999847,446.000183,2025-01-17 04:00:00,670.775
2025-01-17,05:00-06:00,2025,1,17,5,0,1,5,0,1,28060,11461.449,449.999908,446.000061,2025-01-17 05:00:00,748.424
2025-01-17,06:00-07:00,2025,1,17,5,0,1,6,0,1,30158,11769.14,450.999939,451.000153,2025-01-17 06:00:00,872.12
2025-01-17,07:00-08:00,2025,1,17,5,0,1,7,0,0,33973,13623.976,464.000183,462.268677,2025-01-17 07:00:00,2599.102
2025-01-17,08:00-09:00,2025,1,17,5,0,1,8,1,0,37515,15194.789,451.311157,453.999603,2025-01-17 08:00:00,9228.519
2025-01-17,09:00-10:00,2025,1,17,5,0,1,9,1,0,37329,15836.833,153.51738,299.621521,2025-01-17 09:00:00,15906.166
2025-01-17,10:00-11:00,2025,1,17,5,0,1,10,1,0,37637,15460.163,79.43309,134.980011,2025-01-17 10:00:00,20387.767
2025-01-17,11:00-12:00,2025,1,17,5,0,1,11,1,0,35878,15308.293,3.187573,129.115906,2025-01-17 11:00:00,22415.853
2025-01-17,12:00-13:00,2025,1,17,5,0,1,12,1,0,35768,15919.723,0.0,41.105534,2025-01-17 12:00:00,22456.562
2025-01-17,13:00-14:00,2025,1,17,5,0,1,13,1,0,35021,16095.343,0.0,0.0,2025-01-17 13:00:00,20739.871
2025-01-17,14:00-15:00,2025,1,17,5,0,1,14,1,0,34820,14744.073,101.141937,25.831953,2025-01-17 14:00:00,16676.789
2025-01-17,15:00-16:00,2025,1,17,5,0,1,15,1,0,35093,15639.469,425.130737,283.14563,2025-01-17 15:00:00,10476.834
2025-01-17,16:00-17:00,2025,1,17,5,0,1,16,1,0,36595,15909.026,453.983978,446.000153,2025-01-17 16:00:00,3744.395
2025-01-17,17:00-18:00,2025,1,17,5,0,1,17,1,0,36716,17266.199,451.000061,450.0,2025-01-17 17:00:00,1335.875
2025-01-17,18:00-19:00,2025,1,17,5,0,1,18,1,0,37088,16654.754,451.624878,450.000214,2025-01-17 18:00:00,1657.604
2025-01-17,19:00-20:00,2025,1,17,5,0,1,19,1,0,37295,15985.036,464.396851,451.01297,2025-01-17 19:00:00,1892.757
2025-01-17,20:00-21:00,2025,1,17,5,0,1,20,1,0,36706,15251.051,464.0,462.03125,2025-01-17 20:00:00,1879.144
2025-01-17,21:00-22:00,2025,1,17,5,0,1,21,0,0,34310,13698.329,464.000061,464.000122,2025-01-17 21:00:00,1742.114
2025-01-17,22:00-23:00,2025,1,17,5,0,1,22,0,1,31435,11860.299,452.000092,452.0,2025-01-17 22:00:00,1594.433
2025-01-17,23:00-24:00,2025,1,17,5,0,1,23,0,1,28933,11564.429,445.999695,448.000031,2025-01-17 23:00:00,1445.781
2025-01-18,00:00-01:00,2025,1,18,6,1,1,0,0,1,29082,12062.253,447.999939,447.0,2025-01-18 00:00:00,1133.209
2025-01-18,01:00-02:00,2025,1,18,6,1,1,1,0,1,27589,11918.659,446.000031,445.000275,2025-01-18 01:00:00,973.545
2025-01-18,02:00-03:00,2025,1,18,6,1,1,2,0,1,26714,11889.449,443.999939,444.000092,2025-01-18 02:00:00,840.894
2025-01-18,03:00-04:00,2025,1,18,6,1,1,3,0,1,26103,11476.859,444.000092,434.0,2025-01-18 03:00:00,723.868
2025-01-18,04:00-05:00,2025,1,18,6,1,1,4,0,1,26002,11503.309,444.999878,444.0,2025-01-18 04:00:00,640.725
2025-01-18,05:00-06:00,2025,1,18,6,1,1,5,0,1,26686,11469.739,446.000122,445.000153,2025-01-18 05:00:00,571.774
2025-01-18,06:00-07:00,2025,1,18,6,1,1,6,0,1,28080,11501.499,448.000061,447.000122,2025-01-18 06:00:00,520.411
2025-01-18,07:00-08:00,2025,1,18,6,1,1,7,0,0,31819,12946.863,451.999847,450.003998,2025-01-18 07:00:00,1712.457
2025-01-18,08:00-09:00,2025,1,18,6,1,1,8,1,0,34423,14412.688,442.193024,448.356354,2025-01-18 08:00:00,6727.736
2025-01-18,09:00-10:00,2025,1,18,6,1,1,9,1,0,35129,14618.797,204.19046,447.081909,2025-01-18 09:00:00,12032.221
2025-01-18,10:00-11:00,2025,1,18,6,1,1,10,1,0,35085,13525.088,163.617828,446.467651,2025-01-18 10:00:00,16216.339
2025-01-18,11:00-12:00,2025,1,18,6,1,1,11,1,0,33583,13908.323,27.408209,383.756378,2025-01-18 11:00:00,18332.088
2025-01-18,12:00-13:00,2025,1,18,6,1,1,12,1,0,33413,15254.453,0.0,274.594116,2025-01-18 12:00:00,18528.676
2025-01-18,13:00-14:00,2025,1,18,6,1,1,13,1,0,32988,14998.703,0.0,189.213135,2025-01-18 13:00:00,16806.202
2025-01-18,14:00-15:00,2025,1,18,6,1,1,14,1,0,32304,13746.573,81.167625,299.084076,2025-01-18 14:00:00,13105.195
2025-01-18,15:00-16:00,2025,1,18,6,1,1,15,1,0,32605,15014.469,423.823303,435.043701,2025-01-18 15:00:00,7983.826
2025-01-18,16:00-17:00,2025,1,18,6,1,1,16,1,0,33455,15789.975,452.670898,452.394043,2025-01-18 16:00:00,2665.758
2025-01-18,17:00-18:00,2025,1,18,6,1,1,17,1,0,34688,17377.65,452.718231,451.177246,2025-01-18 17:00:00,496.339
2025-01-18,18:00-19:00,2025,1,18,6,1,1,18,1,0,35198,16777.884,453.14743,451.379669,2025-01-18 18:00:00,678.461
2025-01-18,19:00-20:00,2025,1,18,6,1,1,19,1,0,35793,16143.494,465.264343,453.263092,2025-01-18 19:00:00,902.721
2025-01-18,20:00-21:00,2025,1,18,6,1,1,20,1,0,35340,15513.95,465.507477,453.26947,2025-01-18 20:00:00,1119.361
2025-01-18,21:00-22:00,2025,1,18,6,1,1,21,0,0,33540,13887.036,465.296936,453.789337,2025-01-18 21:00:00,1312.346
2025-01-18,22:00-23:00,2025,1,18,6,1,1,22,0,1,30881,12001.959,451.301971,448.765747,2025-01-18 22:00:00,1446.135
2025-01-18,23:00-24:00,2025,1,18,6,1,1,23,0,1,28301,11552.609,446.971405,443.807007,2025-01-18 23:00:00,1477.001
2025-01-19,00:00-01:00,2025,1,19,7,1,1,0,0,1,27955,11838.85,446.999847,446.000153,2025-01-19 00:00:00,1261.601
2025-01-19,01:00-02:00,2025,1,19,7,1,1,1,0,1,26233,11808.54,445.999969,444.000092,2025-01-19 01:00:00,1180.019
2025-01-19,02:00-03:00,2025,1,19,7,1,1,2,0,1,25397,11792.58,443.999878,429.999908,2025-01-19 02:00:00,1073.366
2025-01-19,03:00-04:00,2025,1,19,7,1,1,3,0,1,24867,11392.94,444.000122,430.000061,2025-01-19 03:00:00,968.928
2025-01-19,04:00-05:00,2025,1,19,7,1,1,4,0,1,24955,11371.16,446.000092,444.000122,2025-01-19 04:00:00,861.072
2025-01-19,05:00-06:00,2025,1,19,7,1,1,5,0,1,25323,11327.61,446.000153,444.000153,2025-01-19 05:00:00,740.631
2025-01-19,06:00-07:00,2025,1,19,7,1,1,6,0,1,26760,11361.06,447.000061,445.999969,2025-01-19 06:00:00,641.073
2025-01-19,07:00-08:00,2025,1,19,7,1,1,7,0,0,30097,12670.135,450.000031,452.000061,2025-01-19 07:00:00,2099.979
2025-01-19,08:00-09:00,2025,1,19,7,1,1,8,1,0,33477,14909.23,437.946228,446.994385,2025-01-19 08:00:00,8384.18
2025-01-19,09:00-10:00,2025,1,19,7,1,1,9,1,0,33705,15642.845,65.092239,164.110962,2025-01-19 09:00:00,15049.082
2025-01-19,10:00-11:00,2025,1,19,7,1,1,10,1,0,34121,14655.779,42.409428,138.253647,2025-01-19 10:00:00,19758.815
2025-01-19,11:00-12:00,2025,1,19,7,1,1,11,1,0,32572,15090.874,0.0,20.139229,2025-01-19 11:00:00,21964.34
2025-01-19,12:00-13:00,2025,1,19,7,1,1,12,1,0,32178,16403.524,0.0,0.0,2025-01-19 12:00:00,22068.069
2025-01-19,13:00-14:00,2025,1,19,7,1,1,13,1,0,31706,16172.534,0.0,0.0,2025-01-19 13:00:00,20431.038
2025-01-19,14:00-15:00,2025,1,19,7,1,1,14,1,0,31003,14766.604,2.011878,0.666277,2025-01-19 14:00:00,16428.443
2025-01-19,15:00-16:00,2025,1,19,7,1,1,15,1,0,31753,15433.62,281.578674,269.348785,2025-01-19 15:00:00,10187.695
2025-01-19,16:00-17:00,2025,1,19,7,1,1,16,1,0,32945,15666.581,452.856842,450.268982,2025-01-19 16:00:00,3346.456
2025-01-19,17:00-18:00,2025,1,19,7,1,1,17,1,0,33638,17111.303,461.400879,451.192444,2025-01-19 17:00:00,463.589
2025-01-19,18:00-19:00,2025,1,19,7,1,1,18,1,0,34033,16505.955,466.75351,460.42511,2025-01-19 18:00:00,514.684
2025-01-19,19:00-20:00,2025,1,19,7,1,1,19,1,0,34464,15723.854,474.204346,469.579987,2025-01-19 19:00:00,579.343
2025-01-19,20:00-21:00,2025,1,19,7,1,1,20,1,0,34329,15139.233,475.696716,469.716949,2025-01-19 20:00:00,603.696
2025-01-19,21:00-22:00,2025,1,19,7,1,1,21,0,0,32350,13897.711,471.983368,472.999939,2025-01-19 21:00:00,630.692
2025-01-19,22:00-23:00,2025,1,19,7,1,1,22,0,1,29387,11743.715,465.759369,467.71228,2025-01-19 22:00:00,641.168
2025-01-19,23:00-24:00,2025,1,19,7,1,1,23,0,1,27067,11378.385,449.869995,449.150238,2025-01-19 23:00:00,682.018
2025-01-20,00:00-01:00,2025,1,20,1,0,1,0,0,1,26998,12320.725,447.999939,448.000031,2025-01-20 00:00:00,457.414
2025-01-20,01:00-02:00,2025,1,20,1,0,1,1,0,1,25380,11988.049,448.000092,447.000214,2025-01-20 01:00:00,462.302
2025-01-20,02:00-03:00,2025,1,20,1,0,1,2,0,1,24648,12026.399,446.000092,446.0,2025-01-20 02:00:00,468.651
2025-01-20,03:00-04:00,2025,1,20,1,0,1,3,0,1,24262,11744.449,446.000031,445.000092,2025-01-20 03:00:00,466.751
2025-01-20,04:00-05:00,2025,1,20,1,0,1,4,0,1,24536,11545.199,446.999817,446.000275,2025-01-20 04:00:00,484.864
2025-01-20,05:00-06:00,2025,1,20,1,0,1,5,0,1,25303,11564.996,447.999908,446.500061,2025-01-20 05:00:00,492.238
2025-01-20,06:00-07:00,2025,1,20,1,0,1,6,0,1,27278,11707.339,452.000031,448.000092,2025-01-20 06:00:00,518.08
2025-01-20,07:00-08:00,2025,1,20,1,0,1,7,0,0,31323,13485.853,467.01181,464.320374,2025-01-20 07:00:00,1956.612
2025-01-20,08:00-09:00,2025,1,20,1,0,1,8,1,0,35186,15047.507,450.399963,464.000061,2025-01-20 08:00:00,7803.809
2025-01-20,09:00-10:00,2025,1,20,1,0,1,9,1,0,35220,15623.138,310.876068,427.997284,2025-01-20 09:00:00,14288.834
2025-01-20,10:00-11:00,2025,1,20,1,0,1,10,1,0,35623,14765.676,88.715279,131.999969,2025-01-20 10:00:00,19244.924
2025-01-20,11:00-12:00,2025,1,20,1,0,1,11,1,0,33718,15172.063,4.808444,57.886761,2025-01-20 11:00:00,21617.102
2025-01-20,12:00-13:00,2025,1,20,1,0,1,12,1,0,32901,16437.356,1.559773,94.983322,2025-01-20 12:00:00,21813.751
2025-01-20,13:00-14:00,2025,1,20,1,0,1,13,1,0,32557,16272.763,1.059086,3.916776,2025-01-20 13:00:00,20326.79
2025-01-20,14:00-15:00,2025,1,20,1,0,1,14,1,0,32026,15066.693,5.705994,21.834316,2025-01-20 14:00:00,16651.34
2025-01-20,15:00-16:00,2025,1,20,1,0,1,15,1,0,32622,15731.479,290.404083,275.999969,2025-01-20 15:00:00,10623.367
2025-01-20,16:00-17:00,2025,1,20,1,0,1,16,1,0,33742,15963.241,452.671661,447.999756,2025-01-20 16:00:00,3854.41
2025-01-20,17:00-18:00,2025,1,20,1,0,1,17,1,0,34100,17022.436,460.246429,452.000092,2025-01-20 17:00:00,1102.162
2025-01-20,18:00-19:00,2025,1,20,1,0,1,18,1,0,33992,16578.53,466.360687,451.999908,2025-01-20 18:00:00,1507.496
2025-01-20,19:00-20:00,2025,1,20,1,0,1,19,1,0,34455,15623.271,470.926086,466.000061,2025-01-20 19:00:00,1876.001
2025-01-20,20:00-21:00,2025,1,20,1,0,1,20,1,0,34251,14969.423,472.637421,468.296539,2025-01-20 20:00:00,2141.848
2025-01-20,21:00-22:00,2025,1,20,1,0,1,21,0,0,32264,13390.619,468.963226,468.000061,2025-01-20 21:00:00,2305.334
2025-01-20,22:00-23:00,2025,1,20,1,0,1,22,0,1,29368,11906.979,460.529144,455.000122,2025-01-20 22:00:00,2417.292
2025-01-20,23:00-24:00,2025,1,20,1,0,1,23,0,1,26957,11761.849,445.984222,445.966156,2025-01-20 23:00:00,2448.304
2025-01-21,00:00-01:00,2025,1,21,2,0,1,0,0,1,27535,12129.919,448.000031,445.999939,2025-01-21 00:00:00,1925.092
2025-01-21,01:00-02:00,2025,1,21,2,0,1,1,0,1,25959,11954.349,446.000092,444.000061,2025-01-21 01:00:00,1870.276
2025-01-21,02:00-03:00,2025,1,21,2,0,1,2,0,1,25126,11913.519,444.000061,426.000092,2025-01-21 02:00:00,1743.306
2025-01-21,03:00-04:00,2025,1,21,2,0,1,3,0,1,24763,11494.369,444.000031,428.000122,2025-01-21 03:00:00,1617.258
2025-01-21,04:00-05:00,2025,1,21,2,0,1,4,0,1,24927,11503.169,444.000092,428.000214,2025-01-21 04:00:00,1555.134
2025-01-21,05:00-06:00,2025,1,21,2,0,1,5,0,1,25538,11486.129,446.000061,444.000031,2025-01-21 05:00:00,1572.666
2025-01-21,06:00-07:00,2025,1,21,2,0,1,6,0,1,27341,11800.899,445.999969,446.000122,2025-01-21 06:00:00,1653.691
2025-01-21,07:00-08:00,2025,1,21,2,0,1,7,0,0,31259,13445.477,450.0,450.400146,2025-01-21 07:00:00,3078.976
2025-01-21,08:00-09:00,2025,1,21,2,0,1,8,1,0,34836,14754.229,448.77536,448.000244,2025-01-21 08:00:00,8435.619
2025-01-21,09:00-10:00,2025,1,21,2,0,1,9,1,0,35146,14934.123,130.028854,296.237183,2025-01-21 09:00:00,14231.002
2025-01-21,10:00-11:00,2025,1,21,2,0,1,10,1,0,35320,14479.963,25.342018,275.801422,2025-01-21 10:00:00,18595.199
2025-01-21,11:00-12:00,2025,1,21,2,0,1,11,1,0,33705,14395.553,0.0,20.046141,2025-01-21 11:00:00,20596.729
2025-01-21,12:00-13:00,2025,1,21,2,0,1,12,1,0,32980,15145.653,0.0,0.0,2025-01-21 12:00:00,20687.866
2025-01-21,13:00-14:00,2025,1,21,2,0,1,13,1,0,32648,15356.893,0.0,0.0,2025-01-21 13:00:00,18907.061
2025-01-21,14:00-15:00,2025,1,21,2,0,1,14,1,0,32017,14057.063,0.0,0.0,2025-01-21 14:00:00,14944.367
2025-01-21,15:00-16:00,2025,1,21,2,0,1,15,1,0,32720,15138.611,190.999954,294.999908,2025-01-21 15:00:00,9441.373
2025-01-21,16:00-17:00,2025,1,21,2,0,1,16,1,0,33726,15829.076,431.000122,444.000031,2025-01-21 16:00:00,3803.705
2025-01-21,17:00-18:00,2025,1,21,2,0,1,17,1,0,34013,17214.393,430.000122,427.999969,2025-01-21 17:00:00,1342.366
2025-01-21,18:00-19:00,2025,1,21,2,0,1,18,1,0,34042,16626.681,445.47345,429.999817,2025-01-21 18:00:00,1587.278
2025-01-21,19:00-20:00,2025,1,21,2,0,1,19,1,0,34443,15713.499,447.428894,447.376343,2025-01-21 19:00:00,1775.236
2025-01-21,20:00-21:00,2025,1,21,2,0,1,20,1,0,34204,15027.096,449.037323,447.854523,2025-01-21 20:00:00,1803.616
2025-01-21,21:00-22:00,2025,1,21,2,0,1,21,0,0,32256,13466.542,448.218262,447.578125,2025-01-21 21:00:00,1708.759
2025-01-21,22:00-23:00,2025,1,21,2,0,1,22,0,1,29382,11832.069,446.631866,445.649414,2025-01-21 22:00:00,1571.113
2025-01-21,23:00-24:00,2025,1,21,2,0,1,23,0,1,26966,11581.969,429.999939,426.000214,2025-01-21 23:00:00,1475.069
2025-01-22,00:00-01:00,2025,1,22,3,0,1,0,0,1,25962,12191.429,423.999969,340.000092,2025-01-22 00:00:00,1399.863
2025-01-22,01:00-02:00,2025,1,22,3,0,1,1,0,1,24625,11544.859,359.999817,311.999939,2025-01-22 01:00:00,1356.175
2025-01-22,02:00-03:00,2025,1,22,3,0,1,2,0,1,23761,11202.339,300.0,275.999969,2025-01-22 02:00:00,1376.271
2025-01-22,03:00-04:00,2025,1,22,3,0,1,3,0,1,23342,10245.099,277.999969,189.609985,2025-01-22 03:00:00,1460.039
2025-01-22,04:00-05:00,2025,1,22,3,0,1,4,0,1,23489,10558.599,278.000153,251.999939,2025-01-22 04:00:00,1659.911
2025-01-22,05:00-06:00,2025,1,22,3,0,1,5,0,1,24400,11671.699,295.000061,278.700012,2025-01-22 05:00:00,1907.967
2025-01-22,06:00-07:00,2025,1,22,3,0,1,6,0,1,26377,11845.359,399.999817,314.999908,2025-01-22 06:00:00,2155.35
2025-01-22,07:00-08:00,2025,1,22,3,0,1,7,0,0,30055,14474.598,416.299225,352.611237,2025-01-22 07:00:00,3297.27
2025-01-22,08:00-09:00,2025,1,22,3,0,1,8,1,0,32956,15134.109,353.172211,420.950775,2025-01-22 08:00:00,6766.377
2025-01-22,09:00-10:00,2025,1,22,3,0,1,9,1,0,33540,13603.797,291.82782,432.951447,2025-01-22 09:00:00,10182.058
2025-01-22,10:00-11:00,2025,1,22,3,0,1,10,1,0,33856,13079.433,277.947906,446.769287,2025-01-22 10:00:00,12773.228
2025-01-22,11:00-12:00,2025,1,22,3,0,1,11,1,0,32328,13502.213,110.093666,426.934204,2025-01-22 11:00:00,14033.26
2025-01-22,12:00-13:00,2025,1,22,3,0,1,12,1,0,32259,13448.783,52.873756,301.529541,2025-01-22 12:00:00,13964.523
2025-01-22,13:00-14:00,2025,1,22,3,0,1,13,1,0,31548,12993.573,40.347469,277.119324,2025-01-22 13:00:00,12620.599
2025-01-22,14:00-15:00,2025,1,22,3,0,1,14,1,0,31041,12213.823,276.000061,444.911255,2025-01-22 14:00:00,10074.944
2025-01-22,15:00-16:00,2025,1,22,3,0,1,15,1,0,31362,14056.471,423.999695,444.000183,2025-01-22 15:00:00,6914.431
2025-01-22,16:00-17:00,2025,1,22,3,0,1,16,1,0,32162,15856.792,418.981598,413.646881,2025-01-22 16:00:00,3651.099
2025-01-22,17:00-18:00,2025,1,22,3,0,1,17,1,0,32370,15949.269,389.415924,347.070587,2025-01-22 17:00:00,2403.988
2025-01-22,18:00-19:00,2025,1,22,3,0,1,18,1,0,32765,16008.179,327.232574,330.252899,2025-01-22 18:00:00,2941.485
2025-01-22,19:00-20:00,2025,1,22,3,0,1,19,1,0,32899,15917.179,417.212708,379.227844,2025-01-22 19:00:00,3396.962
2025-01-22,20:00-21:00,2025,1,22,3,0,1,20,1,0,32921,14967.374,420.71875,414.678497,2025-01-22 20:00:00,3641.518
2025-01-22,21:00-22:00,2025,1,22,3,0,1,21,0,0,30947,14080.17,356.277588,313.43924,2025-01-22 21:00:00,3780.301
2025-01-22,22:00-23:00,2025,1,22,3,0,1,22,0,1,28193,11950.13,333.473419,316.258972,2025-01-22 22:00:00,3818.566
2025-01-22,23:00-24:00,2025,1,22,3,0,1,23,0,1,26100,11780.69,193.231354,145.695847,2025-01-22 23:00:00,3773.194
2025-01-23,00:00-01:00,2025,1,23,4,0,1,0,0,1,26344,11367.099,150.000015,125.999969,2025-01-23 00:00:00,3647.256
2025-01-23,01:00-02:00,2025,1,23,4,0,1,1,0,1,25012,10413.309,146.0,19.999998,2025-01-23 01:00:00,3576.736
2025-01-23,02:00-03:00,2025,1,23,4,0,1,2,0,1,24149,10011.889,132.000015,0.0,2025-01-23 02:00:00,3523.528
2025-01-23,03:00-04:00,2025,1,23,4,0,1,3,0,1,23735,8892.139,171.099991,53.999973,2025-01-23 03:00:00,3503.562
2025-01-23,04:00-05:00,2025,1,23,4,0,1,4,0,1,23861,9293.139,148.999954,19.999998,2025-01-23 04:00:00,3492.031
2025-01-23,05:00-06:00,2025,1,23,4,0,1,5,0,1,24745,10710.379,119.000015,0.0,2025-01-23 05:00:00,3487.285
2025-01-23,06:00-07:00,2025,1,23,4,0,1,6,0,1,26581,11652.619,132.0,0.0,2025-01-23 06:00:00,3449.036
2025-01-23,07:00-08:00,2025,1,23,4,0,1,7,0,0,30292,12981.732,289.879547,163.162231,2025-01-23 07:00:00,3759.048
2025-01-23,08:00-09:00,2025,1,23,4,0,1,8,1,0,33368,14048.676,423.538666,284.974884,2025-01-23 08:00:00,4975.234
2025-01-23,09:00-10:00,2025,1,23,4,0,1,9,1,0,34119,13219.644,438.111511,303.540253,2025-01-23 09:00:00,6391.251
2025-01-23,10:00-11:00,2025,1,23,4,0,1,10,1,0,34578,13353.793,445.983704,280.068054,2025-01-23 10:00:00,7918.138
2025-01-23,11:00-12:00,2025,1,23,4,0,1,11,1,0,33211,12715.053,444.672546,320.826904,2025-01-23 11:00:00,9034.234
2025-01-23,12:00-13:00,2025,1,23,4,0,1,12,1,0,33153,12760.763,444.175476,424.000488,2025-01-23 12:00:00,9186.365
2025-01-23,13:00-14:00,2025,1,23,4,0,1,13,1,0,32469,12569.443,444.096802,423.999939,2025-01-23 13:00:00,8491.744
2025-01-23,14:00-15:00,2025,1,23,4,0,1,14,1,0,31982,12361.833,420.310974,290.226196,2025-01-23 14:00:00,7175.593
2025-01-23,15:00-16:00,2025,1,23,4,0,1,15,1,0,32365,13958.486,428.4953,423.668365,2025-01-23 15:00:00,5588.732
2025-01-23,16:00-17:00,2025,1,23,4,0,1,16,1,0,33157,15293.336,432.0,315.0,2025-01-23 16:00:00,3921.51
2025-01-23,17:00-18:00,2025,1,23,4,0,1,17,1,0,33310,16159.449,422.816406,286.528534,2025-01-23 17:00:00,3328.532
2025-01-23,18:00-19:00,2025,1,23,4,0,1,18,1,0,33670,16394.319,421.443542,267.023407,2025-01-23 18:00:00,3916.442
2025-01-23,19:00-20:00,2025,1,23,4,0,1,19,1,0,33753,16356.099,420.855652,406.619781,2025-01-23 19:00:00,4373.837
2025-01-23,20:00-21:00,2025,1,23,4,0,1,20,1,0,33644,15203.814,430.916382,418.02652,2025-01-23 20:00:00,4609.126
2025-01-23,21:00-22:00,2025,1,23,4,0,1,21,0,0,31586,13322.669,444.999817,401.000031,2025-01-23 21:00:00,4715.963
2025-01-23,22:00-23:00,2025,1,23,4,0,1,22,0,1,28833,11950.679,428.000061,427.999969,2025-01-23 22:00:00,4767.79
2025-01-23,23:00-24:00,2025,1,23,4,0,1,23,0,1,26729,11856.429,211.179962,227.399963,2025-01-23 23:00:00,4790.984
2025-01-24,00:00-01:00,2025,1,24,5,0,1,0,0,1,24824,11412.669,233.869965,190.999985,2025-01-24 00:00:00,4713.072
2025-01-24,01:00-02:00,2025,1,24,5,0,1,1,0,1,23527,10466.359,132.0,126.000015,2025-01-24 01:00:00,4746.142
2025-01-24,02:00-03:00,2025,1,24,5,0,1,2,0,1,22670,10077.779,140.999985,124.0,2025-01-24 02:00:00,4825.466
2025-01-24,03:00-04:00,2025,1,24,5,0,1,3,0,1,22290,8996.569,270.999969,171.000015,2025-01-24 03:00:00,4924.556
2025-01-24,04:00-05:00,2025,1,24,5,0,1,4,0,1,22368,9417.959,148.499969,141.000076,2025-01-24 04:00:00,5030.146
2025-01-24,05:00-06:00,2025,1,24,5,0,1,5,0,1,23175,10834.909,86.999969,96.000031,2025-01-24 05:00:00,5107.104
2025-01-24,06:00-07:00,2025,1,24,5,0,1,6,0,1,24672,11794.299,127.000023,128.0,2025-01-24 06:00:00,5160.695
2025-01-24,07:00-08:00,2025,1,24,5,0,1,7,0,0,28558,12727.669,300.000061,278.000183,2025-01-24 07:00:00,5492.156
2025-01-24,08:00-09:00,2025,1,24,5,0,1,8,1,0,31681,13887.839,444.0,427.999878,2025-01-24 08:00:00,6367.355
2025-01-24,09:00-10:00,2025,1,24,5,0,1,9,1,0,32477,13012.472,448.000122,431.895905,2025-01-24 09:00:00,7286.078
2025-01-24,10:00-11:00,2025,1,24,5,0,1,10,1,0,32815,13095.163,447.999969,446.000092,2025-01-24 10:00:00,8128.514
2025-01-24,11:00-12:00,2025,1,24,5,0,1,11,1,0,31625,12048.403,448.005249,447.999969,2025-01-24 11:00:00,8662.752
2025-01-24,12:00-13:00,2025,1,24,5,0,1,12,1,0,31289,11819.873,447.950562,449.469421,2025-01-24 12:00:00,8723.211
2025-01-24,13:00-14:00,2025,1,24,5,0,1,13,1,0,30623,11628.233,445.007568,448.000061,2025-01-24 13:00:00,8393.871
2025-01-24,14:00-15:00,2025,1,24,5,0,1,14,1,0,30309,11695.053,430.000214,445.999908,2025-01-24 14:00:00,7878.952
2025-01-24,15:00-16:00,2025,1,24,5,0,1,15,1,0,30936,13280.209,443.999817,445.000336,2025-01-24 15:00:00,7251.605
2025-01-24,16:00-17:00,2025,1,24,5,0,1,16,1,0,31827,14852.686,366.519135,424.544312,2025-01-24 16:00:00,6569.441
2025-01-24,17:00-18:00,2025,1,24,5,0,1,17,1,0,32138,16329.169,250.141037,206.689957,2025-01-24 17:00:00,6308.372
2025-01-24,18:00-19:00,2025,1,24,5,0,1,18,1,0,32537,16627.049,170.090393,143.28006,2025-01-24 18:00:00,6510.45
2025-01-24,19:00-20:00,2025,1,24,5,0,1,19,1,0,32574,16579.319,208.940369,269.256775,2025-01-24 19:00:00,6644.327
2025-01-24,20:00-21:00,2025,1,24,5,0,1,20,1,0,32325,15480.144,431.054016,430.000153,2025-01-24 20:00:00,6714.02
2025-01-24,21:00-22:00,2025,1,24,5,0,1,21,0,0,30267,13863.099,428.000061,443.999969,2025-01-24 21:00:00,6744.156
2025-01-24,22:00-23:00,2025,1,24,5,0,1,22,0,1,27754,12188.589,424.0,348.000061,2025-01-24 22:00:00,6728.469
2025-01-24,23:00-24:00,2025,1,24,5,0,1,23,0,1,25655,12077.769,147.999985,124.000015,2025-01-24 23:00:00,6694.211
2025-01-25,00:00-01:00,2025,1,25,6,1,1,0,0,1,24565,11793.839,80.000015,80.0,2025-01-25 00:00:00,6703.882
2025-01-25,01:00-02:00,2025,1,25,6,1,1,1,0,1,23246,10849.999,39.999992,39.999989,2025-01-25 01:00:00,6718.442
2025-01-25,02:00-03:00,2025,1,25,6,1,1,2,0,1,22375,10434.659,45.0,60.0,2025-01-25 02:00:00,6748.088
2025-01-25,03:00-04:00,2025,1,25,6,1,1,3,0,1,22000,9348.629,80.000031,80.000015,2025-01-25 03:00:00,6777.066
2025-01-25,04:00-05:00,2025,1,25,6,1,1,4,0,1,22028,9771.389,59.999992,66.999977,2025-01-25 04:00:00,6799.941
2025-01-25,05:00-06:00,2025,1,25,6,1,1,5,0,1,22782,11200.419,20.0,40.000004,2025-01-25 05:00:00,6845.459
2025-01-25,06:00-07:00,2025,1,25,6,1,1,6,0,1,24116,12173.959,20.000004,20.000008,2025-01-25 06:00:00,6869.737
2025-01-25,07:00-08:00,2025,1,25,6,1,1,7,0,0,27904,13022.249,91.999977,80.000008,2025-01-25 07:00:00,7033.684
2025-01-25,08:00-09:00,2025,1,25,6,1,1,8,1,0,31362,13294.45,429.999817,389.903595,2025-01-25 08:00:00,7462.357
2025-01-25,09:00-10:00,2025,1,25,6,1,1,9,1,0,32544,12573.557,444.303741,429.102448,2025-01-25 09:00:00,7863.959
2025-01-25,10:00-11:00,2025,1,25,6,1,1,10,1,0,33210,13037.587,446.000092,443.082092,2025-01-25 10:00:00,8161.091
2025-01-25,11:00-12:00,2025,1,25,6,1,1,11,1,0,32364,12415.023,448.270782,443.565735,2025-01-25 11:00:00,8312.681
2025-01-25,12:00-13:00,2025,1,25,6,1,1,12,1,0,32063,12157.819,445.731476,447.704681,2025-01-25 12:00:00,8184.601
2025-01-25,13:00-14:00,2025,1,25,6,1,1,13,1,0,31507,11946.021,444.548737,445.708435,2025-01-25 13:00:00,7871.844
2025-01-25,14:00-15:00,2025,1,25,6,1,1,14,1,0,31053,12031.356,445.002441,443.864899,2025-01-25 14:00:00,7474.38
2025-01-25,15:00-16:00,2025,1,25,6,1,1,15,1,0,31525,13909.381,446.00174,444.999969,2025-01-25 15:00:00,7068.641
2025-01-25,16:00-17:00,2025,1,25,6,1,1,16,1,0,32548,15487.606,445.999908,444.999847,2025-01-25 16:00:00,6613.947
2025-01-25,17:00-18:00,2025,1,25,6,1,1,17,1,0,33181,16875.659,423.999939,423.999908,2025-01-25 17:00:00,6330.407
2025-01-25,18:00-19:00,2025,1,25,6,1,1,18,1,0,33516,17072.309,424.399078,382.708221,2025-01-25 18:00:00,6280.149
2025-01-25,19:00-20:00,2025,1,25,6,1,1,19,1,0,33464,16976.919,434.311676,418.536041,2025-01-25 19:00:00,6206.989
2025-01-25,20:00-21:00,2025,1,25,6,1,1,20,1,0,33004,15762.816,444.512573,445.000061,2025-01-25 20:00:00,6124.982
2025-01-25,21:00-22:00,2025,1,25,6,1,1,21,0,0,30855,13874.326,448.627899,449.999939,2025-01-25 21:00:00,6022.546
2025-01-25,22:00-23:00,2025,1,25,6,1,1,22,0,1,28380,12468.623,444.936005,445.999817,2025-01-25 22:00:00,5908.625
2025-01-25,23:00-24:00,2025,1,25,6,1,1,23,0,1,26191,12089.589,295.000031,362.100128,2025-01-25 23:00:00,5690.981
2025-01-26,00:00-01:00,2025,1,26,7,1,1,0,0,1,24640,12517.784,130.0,240.000031,2025-01-26 00:00:00,5123.13
2025-01-26,01:00-02:00,2025,1,26,7,1,1,1,0,1,23133,12392.27,59.999996,77.999985,2025-01-26 01:00:00,4961.315
2025-01-26,02:00-03:00,2025,1,26,7,1,1,2,0,1,22271,12361.6,20.00001,19.999994,2025-01-26 02:00:00,4817.661
2025-01-26,03:00-04:00,2025,1,26,7,1,1,3,0,1,21678,11975.23,19.999992,21.100002,2025-01-26 03:00:00,4768.337
2025-01-26,04:00-05:00,2025,1,26,7,1,1,4,0,1,21550,11998.9,39.999996,20.0,2025-01-26 04:00:00,4735.282
2025-01-26,05:00-06:00,2025,1,26,7,1,1,5,0,1,22467,11977.09,40.000019,60.000008,2025-01-26 05:00:00,4684.24
2025-01-26,06:00-07:00,2025,1,26,7,1,1,6,0,1,23848,12015.81,80.0,80.000023,2025-01-26 06:00:00,4633.158
2025-01-26,07:00-08:00,2025,1,26,7,1,1,7,0,0,27741,13385.593,171.000076,273.999969,2025-01-26 07:00:00,5390.677
2025-01-26,08:00-09:00,2025,1,26,7,1,1,8,1,0,31005,14081.009,274.000122,423.999664,2025-01-26 08:00:00,8529.588
2025-01-26,09:00-10:00,2025,1,26,7,1,1,9,1,0,32001,13698.737,82.200867,130.139587,2025-01-26 09:00:00,12322.957
2025-01-26,10:00-11:00,2025,1,26,7,1,1,10,1,0,32578,12839.314,42.482368,62.27821,2025-01-26 10:00:00,16265.385
2025-01-26,11:00-12:00,2025,1,26,7,1,1,11,1,0,31771,12836.974,1.803698,0.589553,2025-01-26 11:00:00,18873.889
2025-01-26,12:00-13:00,2025,1,26,7,1,1,12,1,0,31423,13834.144,0.0,0.0,2025-01-26 12:00:00,19488.903
2025-01-26,13:00-14:00,2025,1,26,7,1,1,13,1,0,30546,14356.414,0.0,0.0,2025-01-26 13:00:00,18386.127
2025-01-26,14:00-15:00,2025,1,26,7,1,1,14,1,0,30190,13469.924,0.0,0.0,2025-01-26 14:00:00,15551.981
2025-01-26,15:00-16:00,2025,1,26,7,1,1,15,1,0,30685,15137.38,65.827797,0.0,2025-01-26 15:00:00,11223.762
2025-01-26,16:00-17:00,2025,1,26,7,1,1,16,1,0,31561,15860.635,447.08902,282.999908,2025-01-26 16:00:00,6498.575
2025-01-26,17:00-18:00,2025,1,26,7,1,1,17,1,0,32263,17776.41,446.733398,434.000122,2025-01-26 17:00:00,3831.335
2025-01-26,18:00-19:00,2025,1,26,7,1,1,18,1,0,33032,17231.475,454.39743,446.300018,2025-01-26 18:00:00,3752.284
2025-01-26,19:00-20:00,2025,1,26,7,1,1,19,1,0,33611,16572.183,460.465149,453.954224,2025-01-26 19:00:00,3724.426
2025-01-26,20:00-21:00,2025,1,26,7,1,1,20,1,0,33218,16121.619,465.990051,467.638641,2025-01-26 20:00:00,3587.762
2025-01-26,21:00-22:00,2025,1,26,7,1,1,21,0,0,31113,14190.867,484.846497,494.300262,2025-01-26 21:00:00,3378.068
2025-01-26,22:00-23:00,2025,1,26,7,1,1,22,0,1,28055,12382.22,471.888489,484.000092,2025-01-26 22:00:00,3150.05
2025-01-26,23:00-24:00,2025,1,26,7,1,1,23,0,1,25774,11895.65,453.955627,464.999969,2025-01-26 23:00:00,2837.149
2025-01-27,00:00-01:00,2025,1,27,1,0,1,0,0,1,24600,11714.299,446.299835,453.999908,2025-01-27 00:00:00,2550.771
2025-01-27,01:00-02:00,2025,1,27,1,0,1,1,0,1,22918,11632.249,443.999939,444.000183,2025-01-27 01:00:00,2276.865
2025-01-27,02:00-03:00,2025,1,27,1,0,1,2,0,1,22006,11595.859,425.999969,424.000122,2025-01-27 02:00:00,2004.889
2025-01-27,03:00-04:00,2025,1,27,1,0,1,3,0,1,21584,11557.069,375.000092,320.000031,2025-01-27 03:00:00,1757.584
2025-01-27,04:00-05:00,2025,1,27,1,0,1,4,0,1,21426,11526.379,423.999939,323.000183,2025-01-27 04:00:00,1562.016
2025-01-27,05:00-06:00,2025,1,27,1,0,1,5,0,1,22241,11510.979,425.999847,320.000122,2025-01-27 05:00:00,1360.57
2025-01-27,06:00-07:00,2025,1,27,1,0,1,6,0,1,23766,11509.429,444.999969,428.000397,2025-01-27 06:00:00,1222.265
2025-01-27,07:00-08:00,2025,1,27,1,0,1,7,0,0,27441,12990.629,451.999786,447.999908,2025-01-27 07:00:00,3022.59
2025-01-27,08:00-09:00,2025,1,27,1,0,1,8,1,0,30616,15221.159,430.000061,425.999969,2025-01-27 08:00:00,9454.276
2025-01-27,09:00-10:00,2025,1,27,1,0,1,9,1,0,31777,16008.3,0.377552,0.0,2025-01-27 09:00:00,15945.444
2025-01-27,10:00-11:00,2025,1,27,1,0,1,10,1,0,32207,15361.681,0.0,0.0,2025-01-27 10:00:00,20365.576
2025-01-27,11:00-12:00,2025,1,27,1,0,1,11,1,0,31300,15170.023,0.0,0.0,2025-01-27 11:00:00,22321.542
2025-01-27,12:00-13:00,2025,1,27,1,0,1,12,1,0,30557,15980.333,0.0,0.0,2025-01-27 12:00:00,22431.404
2025-01-27,13:00-14:00,2025,1,27,1,0,1,13,1,0,29551,16336.433,0.0,0.0,2025-01-27 13:00:00,21010.95
2025-01-27,14:00-15:00,2025,1,27,1,0,1,14,1,0,29193,15060.053,0.0,0.0,2025-01-27 14:00:00,17375.747
2025-01-27,15:00-16:00,2025,1,27,1,0,1,15,1,0,29408,15996.889,129.999954,0.0,2025-01-27 15:00:00,11316.251
2025-01-27,16:00-17:00,2025,1,27,1,0,1,16,1,0,30689,16015.056,466.284576,426.000061,2025-01-27 16:00:00,4279.513
2025-01-27,17:00-18:00,2025,1,27,1,0,1,17,1,0,31682,17682.765,470.999786,450.000153,2025-01-27 17:00:00,691.137
2025-01-27,18:00-19:00,2025,1,27,1,0,1,18,1,0,32751,16993.728,465.007416,447.999817,2025-01-27 18:00:00,732.226
2025-01-27,19:00-20:00,2025,1,27,1,0,1,19,1,0,33291,16447.675,468.289337,450.000092,2025-01-27 19:00:00,805.378
2025-01-27,20:00-21:00,2025,1,27,1,0,1,20,1,0,33405,16075.97,466.243622,466.000153,2025-01-27 20:00:00,835.432
2025-01-27,21:00-22:00,2025,1,27,1,0,1,21,0,0,31443,14558.911,470.968994,474.000061,2025-01-27 21:00:00,869.455
2025-01-27,22:00-23:00,2025,1,27,1,0,1,22,0,1,28422,12211.963,485.08725,489.999847,2025-01-27 22:00:00,873.304
2025-01-27,23:00-24:00,2025,1,27,1,0,1,23,0,1,25288,11886.529,470.999878,472.000122,2025-01-27 23:00:00,899.186
2025-01-28,00:00-01:00,2025,1,28,2,0,1,0,0,1,23169,12100.739,465.999969,467.999969,2025-01-28 00:00:00,747.486
2025-01-28,01:00-02:00,2025,1,28,2,0,1,1,0,1,21350,11505.249,449.999786,450.0,2025-01-28 01:00:00,695.487
2025-01-28,02:00-03:00,2025,1,28,2,0,1,2,0,1,20251,11467.499,444.999878,443.999939,2025-01-28 02:00:00,652.191
2025-01-28,03:00-04:00,2025,1,28,2,0,1,3,0,1,19743,11568.859,444.000061,431.999969,2025-01-28 03:00:00,613.067
2025-01-28,04:00-05:00,2025,1,28,2,0,1,4,0,1,19616,11435.349,433.999908,429.999969,2025-01-28 04:00:00,591.799
2025-01-28,05:00-06:00,2025,1,28,2,0,1,5,0,1,20166,11428.709,443.999817,430.000031,2025-01-28 05:00:00,576.761
2025-01-28,06:00-07:00,2025,1,28,2,0,1,6,0,1,21520,11597.859,446.299835,444.000061,2025-01-28 06:00:00,614.373
2025-01-28,07:00-08:00,2025,1,28,2,0,1,7,0,0,24904,14498.428,453.999817,452.499725,2025-01-28 07:00:00,2527.882
2025-01-28,08:00-09:00,2025,1,28,2,0,1,8,1,0,27780,16174.669,282.999969,276.000092,2025-01-28 08:00:00,8985.476
2025-01-28,09:00-10:00,2025,1,28,2,0,1,9,1,0,28119,15832.447,0.0,0.0,2025-01-28 09:00:00,15656.537
2025-01-28,10:00-11:00,2025,1,28,2,0,1,10,1,0,28161,15247.203,0.0,0.909868,2025-01-28 10:00:00,20232.264
2025-01-28,11:00-12:00,2025,1,28,2,0,1,11,1,0,27442,15053.423,0.0,0.0,2025-01-28 11:00:00,22224.271
2025-01-28,12:00-13:00,2025,1,28,2,0,1,12,1,0,26638,15890.393,0.0,0.0,2025-01-28 12:00:00,22363.416
2025-01-28,13:00-14:00,2025,1,28,2,0,1,13,1,0,26065,16285.813,0.0,0.0,2025-01-28 13:00:00,20959.121
2025-01-28,14:00-15:00,2025,1,28,2,0,1,14,1,0,25623,15027.243,0.0,0.0,2025-01-28 14:00:00,17357.567
2025-01-28,15:00-16:00,2025,1,28,2,0,1,15,1,0,26215,16135.519,0.0,0.0,2025-01-28 15:00:00,11335.428
2025-01-28,16:00-17:00,2025,1,28,2,0,1,16,1,0,27188,15772.73,452.000061,446.300354,2025-01-28 16:00:00,4316.964
2025-01-28,17:00-18:00,2025,1,28,2,0,1,17,1,0,28880,16578.229,473.999786,494.300079,2025-01-28 17:00:00,725.158
2025-01-28,18:00-19:00,2025,1,28,2,0,1,18,1,0,30826,18150.114,471.979858,467.999695,2025-01-28 18:00:00,948.808
2025-01-28,19:00-20:00,2025,1,28,2,0,1,19,1,0,31473,17363.309,466.000031,465.031738,2025-01-28 19:00:00,1207.233
2025-01-28,20:00-21:00,2025,1,28,2,0,1,20,1,0,31640,17260.069,469.153137,475.017456,2025-01-28 20:00:00,1410.325
2025-01-28,21:00-22:00,2025,1,28,2,0,1,21,0,0,30880,16776.569,469.000092,473.984314,2025-01-28 21:00:00,1561.577
2025-01-28,22:00-23:00,2025,1,28,2,0,1,22,0,1,29002,12322.479,530.000061,627.38147,2025-01-28 22:00:00,1683.395
2025-01-28,23:00-24:00,2025,1,28,2,0,1,23,0,1,27207,11718.689,513.700195,677.737,2025-01-28 23:00:00,1843.582
2025-01-29,00:00-01:00,2025,1,29,3,0,1,0,0,1,23534,14134.407,431.982971,485.000153,2025-01-29 00:00:00,1719.654
2025-01-29,01:00-02:00,2025,1,29,3,0,1,1,0,1,21234,13696.14,320.000031,449.999969,2025-01-29 01:00:00,1795.008
2025-01-29,02:00-03:00,2025,1,29,3,0,1,2,0,1,19784,12775.82,299.999969,432.000061,2025-01-29 02:00:00,1821.364
2025-01-29,03:00-04:00,2025,1,29,3,0,1,3,0,1,19164,12171.358,294.000153,390.000214,2025-01-29 03:00:00,1838.784
2025-01-29,04:00-05:00,2025,1,29,3,0,1,4,0,1,18985,11952.37,282.0,325.999939,2025-01-29 04:00:00,1891.594
2025-01-29,05:00-06:00,2025,1,29,3,0,1,5,0,1,19378,11914.354,276.000061,391.999939,2025-01-29 05:00:00,1979.1
2025-01-29,06:00-07:00,2025,1,29,3,0,1,6,0,1,20377,12118.58,320.000061,444.000397,2025-01-29 06:00:00,2110.022
2025-01-29,07:00-08:00,2025,1,29,3,0,1,7,0,0,22835,13745.1,424.000183,446.29953,2025-01-29 07:00:00,3982.855
2025-01-29,08:00-09:00,2025,1,29,3,0,1,8,1,0,24499,14854.96,0.0,0.0,2025-01-29 08:00:00,9806.766
2025-01-29,09:00-10:00,2025,1,29,3,0,1,9,1,0,24771,15339.804,0.0,0.0,2025-01-29 09:00:00,16042.627
2025-01-29,10:00-11:00,2025,1,29,3,0,1,10,1,0,24329,14853.414,0.0,0.0,2025-01-29 10:00:00,20765.842
2025-01-29,11:00-12:00,2025,1,29,3,0,1,11,1,0,23718,14775.444,0.0,0.0,2025-01-29 11:00:00,23222.782
2025-01-29,12:00-13:00,2025,1,29,3,0,1,12,1,0,22700,15676.754,0.0,0.0,2025-01-29 12:00:00,23638.719
2025-01-29,13:00-14:00,2025,1,29,3,0,1,13,1,0,22292,16016.244,0.0,0.0,2025-01-29 13:00:00,22321.767
2025-01-29,14:00-15:00,2025,1,29,3,0,1,14,1,0,22063,14901.884,0.0,0.0,2025-01-29 14:00:00,18808.29
2025-01-29,15:00-16:00,2025,1,29,3,0,1,15,1,0,22668,15781.56,0.0,0.0,2025-01-29 15:00:00,13256.76
2025-01-29,16:00-17:00,2025,1,29,3,0,1,16,1,0,24092,14989.375,0.0,0.0,2025-01-29 16:00:00,6972.882
2025-01-29,17:00-18:00,2025,1,29,3,0,1,17,1,0,25267,17107.25,279.999939,432.000153,2025-01-29 17:00:00,3981.916
2025-01-29,18:00-19:00,2025,1,29,3,0,1,18,1,0,26771,18521.205,80.000031,0.0,2025-01-29 18:00:00,4584.542
2025-01-29,19:00-20:00,2025,1,29,3,0,1,19,1,0,27980,17857.576,66.999992,0.0,2025-01-29 19:00:00,5062.603
2025-01-29,20:00-21:00,2025,1,29,3,0,1,20,1,0,28404,17578.16,240.000122,81.0,2025-01-29 20:00:00,5277.701
2025-01-29,21:00-22:00,2025,1,29,3,0,1,21,0,0,27196,17071.8,280.000031,132.999939,2025-01-29 21:00:00,5340.813
2025-01-29,22:00-23:00,2025,1,29,3,0,1,22,0,1,24821,14251.9,425.999939,300.000061,2025-01-29 22:00:00,5289.477
2025-01-29,23:00-24:00,2025,1,29,3,0,1,23,0,1,22556,12703.695,431.999969,299.999847,2025-01-29 23:00:00,5110.054
2025-01-30,00:00-01:00,2025,1,30,4,0,1,0,0,1,20826,11824.729,444.000031,139.999985,2025-01-30 00:00:00,4718.266
2025-01-30,01:00-02:00,2025,1,30,4,0,1,1,0,1,19280,11795.899,274.999969,0.0,2025-01-30 01:00:00,4450.259
2025-01-30,02:00-03:00,2025,1,30,4,0,1,2,0,1,18511,11734.069,131.999954,0.0,2025-01-30 02:00:00,4068.798
2025-01-30,03:00-04:00,2025,1,30,4,0,1,3,0,1,18235,11672.739,129.999985,0.0,2025-01-30 03:00:00,3614.721
2025-01-30,04:00-05:00,2025,1,30,4,0,1,4,0,1,18091,11689.859,146.500015,124.000023,2025-01-30 04:00:00,3219.59
2025-01-30,05:00-06:00,2025,1,30,4,0,1,5,0,1,18708,11632.126,282.000061,147.000046,2025-01-30 05:00:00,2864.602
2025-01-30,06:00-07:00,2025,1,30,4,0,1,6,0,1,19964,11942.691,432.000244,276.000153,2025-01-30 06:00:00,2578.58
2025-01-30,07:00-08:00,2025,1,30,4,0,1,7,0,0,22290,13509.884,446.0,430.000031,2025-01-30 07:00:00,3792.727
2025-01-30,08:00-09:00,2025,1,30,4,0,1,8,1,0,24295,14281.259,183.999939,239.999832,2025-01-30 08:00:00,7934.242
2025-01-30,09:00-10:00,2025,1,30,4,0,1,9,1,0,24585,14184.953,0.0,0.0,2025-01-30 09:00:00,12257.223
2025-01-30,10:00-11:00,2025,1,30,4,0,1,10,1,0,23895,13237.953,0.0,0.0,2025-01-30 10:00:00,15627.408
2025-01-30,11:00-12:00,2025,1,30,4,0,1,11,1,0,23114,12963.023,0.0,0.0,2025-01-30 11:00:00,17358.186
2025-01-30,12:00-13:00,2025,1,30,4,0,1,12,1,0,22469,13770.173,0.0,0.0,2025-01-30 12:00:00,17254.317
2025-01-30,13:00-14:00,2025,1,30,4,0,1,13,1,0,21875,13842.303,0.0,0.0,2025-01-30 13:00:00,15045.874
2025-01-30,14:00-15:00,2025,1,30,4,0,1,14,1,0,21610,12759.043,0.0,0.0,2025-01-30 14:00:00,11413.831
2025-01-30,15:00-16:00,2025,1,30,4,0,1,15,1,0,22505,14189.509,0.0,143.999985,2025-01-30 15:00:00,7209.84
2025-01-30,16:00-17:00,2025,1,30,4,0,1,16,1,0,24080,14922.61,424.000061,467.999939,2025-01-30 16:00:00,3390.003
2025-01-30,17:00-18:00,2025,1,30,4,0,1,17,1,0,25082,16080.279,450.000122,464.000031,2025-01-30 17:00:00,1812.727
2025-01-30,18:00-19:00,2025,1,30,4,0,1,18,1,0,26872,17141.144,425.999786,444.000031,2025-01-30 18:00:00,2352.343
2025-01-30,19:00-20:00,2025,1,30,4,0,1,19,1,0,28476,17099.577,326.0,434.000214,2025-01-30 19:00:00,2793.448
2025-01-30,20:00-21:00,2025,1,30,4,0,1,20,1,0,28766,16860.479,433.941803,444.999939,2025-01-30 20:00:00,3106.604
2025-01-30,21:00-22:00,2025,1,30,4,0,1,21,0,0,27159,15843.25,444.000122,446.299957,2025-01-30 21:00:00,3324.696
2025-01-30,22:00-23:00,2025,1,30,4,0,1,22,0,1,25142,13151.019,452.0,465.000153,2025-01-30 22:00:00,3483.487
2025-01-30,23:00-24:00,2025,1,30,4,0,1,23,0,1,23040,12344.679,445.000244,449.999908,2025-01-30 23:00:00,3617.053
2025-01-31,00:00-01:00,2025,1,31,5,0,1,0,0,1,20662,12343.707,274.000092,424.000244,2025-01-31 00:00:00,4753.312
2025-01-31,01:00-02:00,2025,1,31,5,0,1,1,0,1,18929,10794.09,274.000153,423.999939,2025-01-31 01:00:00,4787.51
2025-01-31,02:00-03:00,2025,1,31,5,0,1,2,0,1,17866,9816.809,277.999786,425.999878,2025-01-31 02:00:00,4859.326
2025-01-31,03:00-04:00,2025,1,31,5,0,1,3,0,1,17590,9585.369,241.999969,370.999847,2025-01-31 03:00:00,4960.137
2025-01-31,04:00-05:00,2025,1,31,5,0,1,4,0,1,17590,9674.375,146.999908,280.0,2025-01-31 04:00:00,5067.387
2025-01-31,05:00-06:00,2025,1,31,5,0,1,5,0,1,18023,10481.669,60.000008,126.0,2025-01-31 05:00:00,5149.991
2025-01-31,06:00-07:00,2025,1,31,5,0,1,6,0,1,19835,11502.309,19.999998,53.499989,2025-01-31 06:00:00,5203.632
2025-01-31,07:00-08:00,2025,1,31,5,0,1,7,0,0,22395,12616.789,424.0,282.000092,2025-01-31 07:00:00,5442.678
2025-01-31,08:00-09:00,2025,1,31,5,0,1,8,1,0,24679,13318.085,444.000336,443.999817,2025-01-31 08:00:00,6058.304
2025-01-31,09:00-10:00,2025,1,31,5,0,1,9,1,0,25185,12109.533,446.596771,450.177399,2025-01-31 09:00:00,6529.317
2025-01-31,10:00-11:00,2025,1,31,5,0,1,10,1,0,24708,11738.647,451.036469,466.35907,2025-01-31 10:00:00,6775.722
2025-01-31,11:00-12:00,2025,1,31,5,0,1,11,1,0,24111,11199.047,450.067261,472.422638,2025-01-31 11:00:00,6811.103
2025-01-31,12:00-13:00,2025,1,31,5,0,1,12,1,0,23355,11118.043,447.434235,467.999969,2025-01-31 12:00:00,6669.424
2025-01-31,13:00-14:00,2025,1,31,5,0,1,13,1,0,22838,10961.623,446.347687,454.0,2025-01-31 13:00:00,6348.49
2025-01-31,14:00-15:00,2025,1,31,5,0,1,14,1,0,22838,10949.64,446.566498,469.000214,2025-01-31 14:00:00,5909.988
2025-01-31,15:00-16:00,2025,1,31,5,0,1,15,1,0,23833,12917.106,446.609253,474.000427,2025-01-31 15:00:00,5456.142
2025-01-31,16:00-17:00,2025,1,31,5,0,1,16,1,0,24867,14352.259,450.000092,509.999939,2025-01-31 16:00:00,5005.473
2025-01-31,17:00-18:00,2025,1,31,5,0,1,17,1,0,26530,15415.064,446.449371,474.216675,2025-01-31 17:00:00,4731.53
2025-01-31,18:00-19:00,2025,1,31,5,0,1,18,1,0,27900,16602.619,428.220642,454.242279,2025-01-31 18:00:00,4782.796
2025-01-31,19:00-20:00,2025,1,31,5,0,1,19,1,0,28926,17212.009,444.314423,466.072845,2025-01-31 19:00:00,4772.237
2025-01-31,20:00-21:00,2025,1,31,5,0,1,20,1,0,29208,17075.214,444.422028,473.911346,2025-01-31 20:00:00,4733.679
2025-01-31,21:00-22:00,2025,1,31,5,0,1,21,0,0,27515,16082.904,445.575867,473.84549,2025-01-31 21:00:00,4626.262
2025-01-31,22:00-23:00,2025,1,31,5,0,1,22,0,1,25191,14256.419,445.000061,465.665588,2025-01-31 22:00:00,4511.43
2025-01-31,23:00-24:00,2025,1,31,5,0,1,23,0,1,22946,12470.37,443.999786,463.999878,2025-01-31 23:00:00,4412.921
2025-02-01,00:00-01:00,2025,2,1,6,1,1,0,0,1,21582,12821.328,331.439911,351.440094,2025-02-01 00:00:00,4393.88
2025-02-01,01:00-02:00,2025,2,1,6,1,1,1,0,1,19529,11057.998,331.440063,371.440094,2025-02-01 01:00:00,4299.6
2025-02-01,02:00-03:00,2025,2,1,6,1,1,2,0,1,18720,10422.779,331.440002,371.440063,2025-02-01 02:00:00,4235.509
2025-02-01,03:00-04:00,2025,2,1,6,1,1,3,0,1,18315,10013.933,331.439941,351.440002,2025-02-01 03:00:00,4144.775
2025-02-01,04:00-05:00,2025,2,1,6,1,1,4,0,1,18072,9824.215,331.440094,371.439941,2025-02-01 04:00:00,4064.865
2025-02-01,05:00-06:00,2025,2,1,6,1,1,5,0,1,18518,10378.519,331.439972,351.439911,2025-02-01 05:00:00,4007.527
2025-02-01,06:00-07:00,2025,2,1,6,1,1,6,0,1,20073,11301.479,331.440094,351.439941,2025-02-01 06:00:00,3881.361
2025-02-01,07:00-08:00,2025,2,1,6,1,1,7,0,0,22575,12507.569,371.439819,371.440063,2025-02-01 07:00:00,4118.775
2025-02-01,08:00-09:00,2025,2,1,6,1,1,8,1,0,25117,12969.408,391.923584,453.999908,2025-02-01 08:00:00,4996.332
2025-02-01,09:00-10:00,2025,2,1,6,1,1,9,1,0,26586,12147.813,371.440155,454.000183,2025-02-01 09:00:00,5807.146
2025-02-01,10:00-11:00,2025,2,1,6,1,1,10,1,0,26666,12233.523,371.449799,452.000153,2025-02-01 10:00:00,6218.314
2025-02-01,11:00-12:00,2025,2,1,6,1,1,11,1,0,25355,11590.128,372.406616,425.999969,2025-02-01 11:00:00,6223.692
2025-02-01,12:00-13:00,2025,2,1,6,1,1,12,1,0,24561,11307.833,371.009491,434.000153,2025-02-01 12:00:00,5867.55
2025-02-01,13:00-14:00,2025,2,1,6,1,1,13,1,0,23886,11055.633,370.999481,451.999939,2025-02-01 13:00:00,5264.49
2025-02-01,14:00-15:00,2025,2,1,6,1,1,14,1,0,24005,11325.114,372.052917,468.000092,2025-02-01 14:00:00,4599.614
2025-02-01,15:00-16:00,2025,2,1,6,1,1,15,1,0,24601,12884.946,371.440247,555.000244,2025-02-01 15:00:00,3992.838
2025-02-01,16:00-17:00,2025,2,1,6,1,1,16,1,0,25395,13991.637,371.439941,576.978943,2025-02-01 16:00:00,3437.573
2025-02-01,17:00-18:00,2025,2,1,6,1,1,17,1,0,26547,14860.635,371.43985,554.15033,2025-02-01 17:00:00,3129.252
2025-02-01,18:00-19:00,2025,2,1,6,1,1,18,1,0,28175,16387.949,351.877228,445.776855,2025-02-01 18:00:00,3286.107
2025-02-01,19:00-20:00,2025,2,1,6,1,1,19,1,0,29764,16983.259,351.439941,449.49115,2025-02-01 19:00:00,3400.737
2025-02-01,20:00-21:00,2025,2,1,6,1,1,20,1,0,29526,16655.689,371.440186,465.764465,2025-02-01 20:00:00,3421.907
2025-02-01,21:00-22:00,2025,2,1,6,1,1,21,0,0,27415,15918.769,371.440094,467.389374,2025-02-01 21:00:00,3353.924
2025-02-01,22:00-23:00,2025,2,1,6,1,1,22,0,1,24946,12930.408,391.440155,468.0,2025-02-01 22:00:00,3255.012
2025-02-01,23:00-24:00,2025,2,1,6,1,1,23,0,1,22723,11845.969,371.440002,426.000214,2025-02-01 23:00:00,3201.5
2025-02-02,00:00-01:00,2025,2,2,7,1,1,0,0,1,21663,11760.029,371.439819,371.439972,2025-02-02 00:00:00,3123.035
2025-02-02,01:00-02:00,2025,2,2,7,1,1,1,0,1,20111,10800.449,371.43988,371.440033,2025-02-02 01:00:00,3002.158
2025-02-02,02:00-03:00,2025,2,2,7,1,1,2,0,1,19218,10074.019,371.440002,371.440094,2025-02-02 02:00:00,2922.483
2025-02-02,03:00-04:00,2025,2,2,7,1,1,3,0,1,18529,8963.129,371.43988,371.440155,2025-02-02 03:00:00,2848.875
2025-02-02,04:00-05:00,2025,2,2,7,1,1,4,0,1,18862,9361.759,351.440063,371.439972,2025-02-02 04:00:00,2790.337
2025-02-02,05:00-06:00,2025,2,2,7,1,1,5,0,1,19283,10465.429,350.761475,371.440155,2025-02-02 05:00:00,2712.45
2025-02-02,06:00-07:00,2025,2,2,7,1,1,6,0,1,20410,11407.189,322.494873,351.440033,2025-02-02 06:00:00,2587.05
2025-02-02,07:00-08:00,2025,2,2,7,1,1,7,0,0,23621,12514.969,365.973267,371.440033,2025-02-02 07:00:00,2887.292
2025-02-02,08:00-09:00,2025,2,2,7,1,1,8,1,0,26387,13247.278,366.806946,384.968262,2025-02-02 08:00:00,3883.36
2025-02-02,09:00-10:00,2025,2,2,7,1,1,9,1,0,27856,12601.155,366.219971,384.744324,2025-02-02 09:00:00,4853.669
2025-02-02,10:00-11:00,2025,2,2,7,1,1,10,1,0,28223,12999.315,366.092041,364.571594,2025-02-02 10:00:00,5762.447
2025-02-02,11:00-12:00,2025,2,2,7,1,1,11,1,0,27069,12140.203,365.78302,364.563477,2025-02-02 11:00:00,6270.174
2025-02-02,12:00-13:00,2025,2,2,7,1,1,12,1,0,26073,11980.723,365.699646,344.796021,2025-02-02 12:00:00,6230.852
2025-02-02,13:00-14:00,2025,2,2,7,1,1,13,1,0,25601,11855.303,365.707153,344.841095,2025-02-02 13:00:00,5679.531
2025-02-02,14:00-15:00,2025,2,2,7,1,1,14,1,0,25077,11671.483,365.513397,364.388489,2025-02-02 14:00:00,4744.455
2025-02-02,15:00-16:00,2025,2,2,7,1,1,15,1,0,25391,13209.639,365.943451,364.108215,2025-02-02 15:00:00,3554.259
2025-02-02,16:00-17:00,2025,2,2,7,1,1,16,1,0,26440,14814.277,365.934052,365.485962,2025-02-02 16:00:00,2235.273
2025-02-02,17:00-18:00,2025,2,2,7,1,1,17,1,0,28013,16233.853,366.26944,385.031036,2025-02-02 17:00:00,1390.117
2025-02-02,18:00-19:00,2025,2,2,7,1,1,18,1,0,29219,16645.139,366.890045,365.700745,2025-02-02 18:00:00,1514.164
2025-02-02,19:00-20:00,2025,2,2,7,1,1,19,1,0,30110,16920.951,371.099823,385.318146,2025-02-02 19:00:00,1717.324
2025-02-02,20:00-21:00,2025,2,2,7,1,1,20,1,0,30320,16646.563,371.801178,370.697449,2025-02-02 20:00:00,1917.61
2025-02-02,21:00-22:00,2025,2,2,7,1,1,21,0,0,28170,15602.609,370.050629,370.688629,2025-02-02 21:00:00,2123.931
2025-02-02,22:00-23:00,2025,2,2,7,1,1,22,0,1,26073,13297.9,366.518036,390.136108,2025-02-02 22:00:00,2301.338
2025-02-02,23:00-24:00,2025,2,2,7,1,1,23,0,1,23890,11789.949,346.933044,365.881897,2025-02-02 23:00:00,2423.845
2025-02-03,00:00-01:00,2025,2,3,1,0,1,0,0,1,22169,11763.569,445.000122,449.999939,2025-02-03 00:00:00,3066.073
2025-02-03,01:00-02:00,2025,2,3,1,0,1,1,0,1,20584,11728.739,357.000061,423.999969,2025-02-03 01:00:00,3418.364
2025-02-03,02:00-03:00,2025,2,3,1,0,1,2,0,1,19647,11742.859,278.000031,275.999878,2025-02-03 02:00:00,3709.228
2025-02-03,03:00-04:00,2025,2,3,1,0,1,3,0,1,19193,11750.599,132.000076,136.0,2025-02-03 03:00:00,3871.665
2025-02-03,04:00-05:00,2025,2,3,1,0,1,4,0,1,19034,11710.239,141.000061,144.000061,2025-02-03 04:00:00,3912.094
2025-02-03,05:00-06:00,2025,2,3,1,0,1,5,0,1,19389,11690.899,144.000015,150.000015,2025-02-03 05:00:00,3836.764
2025-02-03,06:00-07:00,2025,2,3,1,0,1,6,0,1,21029,11668.609,330.000122,280.000061,2025-02-03 06:00:00,3655.548
2025-02-03,07:00-08:00,2025,2,3,1,0,1,7,0,0,24439,12879.687,444.000031,444.000458,2025-02-03 07:00:00,4837.863
2025-02-03,08:00-09:00,2025,2,3,1,0,1,8,1,0,27717,14370.919,424.3396,427.086426,2025-02-03 08:00:00,8877.416
2025-02-03,09:00-10:00,2025,2,3,1,0,1,9,1,0,29626,14505.73,20.650928,0.973122,2025-02-03 09:00:00,13451.585
2025-02-03,10:00-11:00,2025,2,3,1,0,1,10,1,0,29754,13686.671,0.0,0.0,2025-02-03 10:00:00,17110.078
2025-02-03,11:00-12:00,2025,2,3,1,0,1,11,1,0,28059,13476.003,0.0,0.626135,2025-02-03 11:00:00,19000.953
2025-02-03,12:00-13:00,2025,2,3,1,0,1,12,1,0,27229,14404.993,0.0,0.587762,2025-02-03 12:00:00,19199.934
2025-02-03,13:00-14:00,2025,2,3,1,0,1,13,1,0,26653,14749.643,0.0,0.53386,2025-02-03 13:00:00,17681.518
2025-02-03,14:00-15:00,2025,2,3,1,0,1,14,1,0,26742,13748.363,0.0,0.489324,2025-02-03 14:00:00,14288.123
2025-02-03,15:00-16:00,2025,2,3,1,0,1,15,1,0,27495,15108.299,357.000214,0.892491,2025-02-03 15:00:00,9510.798
2025-02-03,16:00-17:00,2025,2,3,1,0,1,16,1,0,28780,15871.524,453.999969,432.44397,2025-02-03 16:00:00,4210.323
2025-02-03,17:00-18:00,2025,2,3,1,0,1,17,1,0,29754,17832.689,473.000122,466.044861,2025-02-03 17:00:00,895.178
2025-02-03,18:00-19:00,2025,2,3,1,0,1,18,1,0,30791,17897.32,471.999969,451.999969,2025-02-03 18:00:00,801.312
2025-02-03,19:00-20:00,2025,2,3,1,0,1,19,1,0,31659,18004.604,471.135406,452.0,2025-02-03 19:00:00,802.385
2025-02-03,20:00-21:00,2025,2,3,1,0,1,20,1,0,31651,18170.509,474.000153,464.141632,2025-02-03 20:00:00,761.275
2025-02-03,21:00-22:00,2025,2,3,1,0,1,21,0,0,29216,16245.141,470.000153,452.000092,2025-02-03 21:00:00,701.092
2025-02-03,22:00-23:00,2025,2,3,1,0,1,22,0,1,26786,14892.429,470.000153,451.999847,2025-02-03 22:00:00,663.714
2025-02-03,23:00-24:00,2025,2,3,1,0,1,23,0,1,24660,12793.53,471.000153,451.999939,2025-02-03 23:00:00,652.719
2025-02-04,00:00-01:00,2025,2,4,2,0,1,0,0,1,23119,13205.86,454.000214,451.000061,2025-02-04 00:00:00,588.542
2025-02-04,01:00-02:00,2025,2,4,2,0,1,1,0,1,21455,12203.09,447.999817,444.999939,2025-02-04 01:00:00,606.323
2025-02-04,02:00-03:00,2025,2,4,2,0,1,2,0,1,20534,12106.12,443.999878,432.000061,2025-02-04 02:00:00,613.048
2025-02-04,03:00-04:00,2025,2,4,2,0,1,3,0,1,19956,11560.91,443.999756,443.999908,2025-02-04 03:00:00,605.818
2025-02-04,04:00-05:00,2025,2,4,2,0,1,4,0,1,19974,11563.44,444.000061,444.000061,2025-02-04 04:00:00,596.487
2025-02-04,05:00-06:00,2025,2,4,2,0,1,5,0,1,20436,11479.44,443.999969,445.000275,2025-02-04 05:00:00,583.956
2025-02-04,06:00-07:00,2025,2,4,2,0,1,6,0,1,21855,12960.769,452.0,452.000183,2025-02-04 06:00:00,616.957
2025-02-04,07:00-08:00,2025,2,4,2,0,1,7,0,0,25385,14550.626,454.000275,463.999878,2025-02-04 07:00:00,2742.078
2025-02-04,08:00-09:00,2025,2,4,2,0,1,8,1,0,28641,15159.23,390.25708,444.168488,2025-02-04 08:00:00,8895.343
2025-02-04,09:00-10:00,2025,2,4,2,0,1,9,1,0,30446,15816.5,0.42112,0.0,2025-02-04 09:00:00,15314.502
2025-02-04,10:00-11:00,2025,2,4,2,0,1,10,1,0,30938,15751.474,0.0,0.0,2025-02-04 10:00:00,19691.594
2025-02-04,11:00-12:00,2025,2,4,2,0,1,11,1,0,30520,15840.264,0.0,0.0,2025-02-04 11:00:00,21556.418
2025-02-04,12:00-13:00,2025,2,4,2,0,1,12,1,0,29336,14483.464,0.0,0.0,2025-02-04 12:00:00,21666.649
2025-02-04,13:00-14:00,2025,2,4,2,0,1,13,1,0,28363,14356.069,0.0,2.015705,2025-02-04 13:00:00,20171.619
2025-02-04,14:00-15:00,2025,2,4,2,0,1,14,1,0,27982,14627.964,0.0,0.540175,2025-02-04 14:00:00,16500.78
2025-02-04,15:00-16:00,2025,2,4,2,0,1,15,1,0,28321,15689.45,43.999989,0.0,2025-02-04 15:00:00,10887.361
2025-02-04,16:00-17:00,2025,2,4,2,0,1,16,1,0,29315,15925.1,454.000366,444.359863,2025-02-04 16:00:00,4447.59
2025-02-04,17:00-18:00,2025,2,4,2,0,1,17,1,0,30171,17195.616,464.999878,464.000397,2025-02-04 17:00:00,710.217
2025-02-04,18:00-19:00,2025,2,4,2,0,1,18,1,0,31178,17209.68,463.999939,453.999939,2025-02-04 18:00:00,738.733
2025-02-04,19:00-20:00,2025,2,4,2,0,1,19,1,0,31865,17268.7,464.000061,455.190277,2025-02-04 19:00:00,902.269
2025-02-04,20:00-21:00,2025,2,4,2,0,1,20,1,0,32066,17048.17,465.0,454.000061,2025-02-04 20:00:00,980.72
2025-02-04,21:00-22:00,2025,2,4,2,0,1,21,0,0,30021,16405.14,465.000092,453.999939,2025-02-04 21:00:00,1016.759
2025-02-04,22:00-23:00,2025,2,4,2,0,1,22,0,1,27219,14427.412,466.000183,454.000061,2025-02-04 22:00:00,976.86
2025-02-04,23:00-24:00,2025,2,4,2,0,1,23,0,1,24727,11979.796,465.000244,452.000153,2025-02-04 23:00:00,869.631
2025-02-05,00:00-01:00,2025,2,5,3,0,1,0,0,1,23277,13383.217,368.195068,351.43988,2025-02-05 00:00:00,760.15
2025-02-05,01:00-02:00,2025,2,5,3,0,1,1,0,1,21618,12923.714,371.440186,351.440094,2025-02-05 01:00:00,664.013
2025-02-05,02:00-03:00,2025,2,5,3,0,1,2,0,1,20685,12436.774,351.440033,351.439972,2025-02-05 02:00:00,626.46
2025-02-05,03:00-04:00,2025,2,5,3,0,1,3,0,1,20117,11781.311,351.439972,351.440125,2025-02-05 03:00:00,724.072
2025-02-05,04:00-05:00,2025,2,5,3,0,1,4,0,1,20135,11714.299,351.440033,351.440033,2025-02-05 04:00:00,987.118
2025-02-05,05:00-06:00,2025,2,5,3,0,1,5,0,1,20598,11588.879,331.440063,351.440033,2025-02-05 05:00:00,1402.761
2025-02-05,06:00-07:00,2025,2,5,3,0,1,6,0,1,21973,11602.428,351.440002,351.439972,2025-02-05 06:00:00,1964.747
2025-02-05,07:00-08:00,2025,2,5,3,0,1,7,0,0,25497,12692.335,371.439941,371.440094,2025-02-05 07:00:00,3393.973
2025-02-05,08:00-09:00,2025,2,5,3,0,1,8,1,0,28741,13468.059,372.445831,371.439758,2025-02-05 08:00:00,6073.263
2025-02-05,09:00-10:00,2025,2,5,3,0,1,9,1,0,30445,12662.052,372.427643,331.440155,2025-02-05 09:00:00,8635.603
2025-02-05,10:00-11:00,2025,2,5,3,0,1,10,1,0,30976,11840.446,373.811493,313.964447,2025-02-05 10:00:00,10707.957
2025-02-05,11:00-12:00,2025,2,5,3,0,1,11,1,0,30599,11824.276,353.769897,120.030273,2025-02-05 11:00:00,11941.328
2025-02-05,12:00-13:00,2025,2,5,3,0,1,12,1,0,29549,11499.979,362.528656,160.245026,2025-02-05 12:00:00,11842.863
2025-02-05,13:00-14:00,2025,2,5,3,0,1,13,1,0,28611,11347.585,353.89621,312.56427,2025-02-05 13:00:00,10837.653
2025-02-05,14:00-15:00,2025,2,5,3,0,1,14,1,0,28218,11561.633,354.025482,373.060394,2025-02-05 14:00:00,8915.858
2025-02-05,15:00-16:00,2025,2,5,3,0,1,15,1,0,28585,13813.079,371.439758,431.332092,2025-02-05 15:00:00,6396.711
2025-02-05,16:00-17:00,2025,2,5,3,0,1,16,1,0,29598,15705.132,371.440186,447.572479,2025-02-05 16:00:00,3588.834
2025-02-05,17:00-18:00,2025,2,5,3,0,1,17,1,0,30406,17105.048,391.440033,455.350861,2025-02-05 17:00:00,1811.034
2025-02-05,18:00-19:00,2025,2,5,3,0,1,18,1,0,31332,17060.928,371.43988,446.979004,2025-02-05 18:00:00,1926.344
2025-02-05,19:00-20:00,2025,2,5,3,0,1,19,1,0,32048,17149.588,391.439941,447.094421,2025-02-05 19:00:00,2039.899
2025-02-05,20:00-21:00,2025,2,5,3,0,1,20,1,0,32191,17107.312,391.440094,434.937836,2025-02-05 20:00:00,1929.957
2025-02-05,21:00-22:00,2025,2,5,3,0,1,21,0,0,30167,16583.926,391.43985,446.845154,2025-02-05 21:00:00,1758.229
2025-02-05,22:00-23:00,2025,2,5,3,0,1,22,0,1,27341,14158.323,391.440125,391.440063,2025-02-05 22:00:00,1625.547
2025-02-05,23:00-24:00,2025,2,5,3,0,1,23,0,1,24830,11995.948,391.440125,391.440063,2025-02-05 23:00:00,1601.699
2025-02-06,00:00-01:00,2025,2,6,4,0,1,0,0,1,24109,11602.567,351.440033,351.440125,2025-02-06 00:00:00,1623.504
2025-02-06,01:00-02:00,2025,2,6,4,0,1,1,0,1,22555,10965.559,351.439911,351.439941,2025-02-06 01:00:00,1565.951
2025-02-06,02:00-03:00,2025,2,6,4,0,1,2,0,1,21283,10937.249,351.440002,351.440063,2025-02-06 02:00:00,1485.801
2025-02-06,03:00-04:00,2025,2,6,4,0,1,3,0,1,20746,10909.079,351.440094,351.440186,2025-02-06 03:00:00,1386.272
2025-02-06,04:00-05:00,2025,2,6,4,0,1,4,0,1,20510,10897.829,351.440155,351.440063,2025-02-06 04:00:00,1272.284
2025-02-06,05:00-06:00,2025,2,6,4,0,1,5,0,1,21134,10889.779,351.440125,351.439941,2025-02-06 05:00:00,1135.905
2025-02-06,06:00-07:00,2025,2,6,4,0,1,6,0,1,23156,11554.729,351.439941,351.439911,2025-02-06 06:00:00,997.327
2025-02-06,07:00-08:00,2025,2,6,4,0,1,7,0,0,26956,12929.999,351.439972,371.439911,2025-02-06 07:00:00,1812.201
2025-02-06,08:00-09:00,2025,2,6,4,0,1,8,1,0,30748,14399.483,371.440063,371.440002,2025-02-06 08:00:00,4163.051
2025-02-06,09:00-10:00,2025,2,6,4,0,1,9,1,0,31968,13189.894,373.55069,371.440033,2025-02-06 09:00:00,6546.958
2025-02-06,10:00-11:00,2025,2,6,4,0,1,10,1,0,32157,12613.75,376.434082,344.529266,2025-02-06 10:00:00,8515.614
2025-02-06,11:00-12:00,2025,2,6,4,0,1,11,1,0,30770,11837.154,360.026886,342.073029,2025-02-06 11:00:00,9690.537
2025-02-06,12:00-13:00,2025,2,6,4,0,1,12,1,0,30060,10584.208,344.787689,323.97757,2025-02-06 12:00:00,9760.489
2025-02-06,13:00-14:00,2025,2,6,4,0,1,13,1,0,29250,10564.608,341.77774,333.222839,2025-02-06 13:00:00,8718.074
2025-02-06,14:00-15:00,2025,2,6,4,0,1,14,1,0,28811,11424.792,353.086121,351.586426,2025-02-06 14:00:00,6932.468
2025-02-06,15:00-16:00,2025,2,6,4,0,1,15,1,0,29586,13738.192,372.537903,371.440063,2025-02-06 15:00:00,4654.122
2025-02-06,16:00-17:00,2025,2,6,4,0,1,16,1,0,30580,15083.473,371.805511,391.440094,2025-02-06 16:00:00,2155.718
2025-02-06,17:00-18:00,2025,2,6,4,0,1,17,1,0,31332,15968.986,391.835266,391.440186,2025-02-06 17:00:00,529.543
2025-02-06,18:00-19:00,2025,2,6,4,0,1,18,1,0,32155,16678.967,371.485657,374.480072,2025-02-06 18:00:00,587.743
2025-02-06,19:00-20:00,2025,2,6,4,0,1,19,1,0,33392,17246.788,371.510742,374.480042,2025-02-06 19:00:00,670.958
2025-02-06,20:00-21:00,2025,2,6,4,0,1,20,1,0,33652,17106.971,372.879028,391.440155,2025-02-06 20:00:00,709.792
2025-02-06,21:00-22:00,2025,2,6,4,0,1,21,0,0,31653,14269.532,372.902618,371.440125,2025-02-06 21:00:00,759.488
2025-02-06,22:00-23:00,2025,2,6,4,0,1,22,0,1,28322,11939.01,371.440033,371.439941,2025-02-06 22:00:00,863.258
2025-02-06,23:00-24:00,2025,2,6,4,0,1,23,0,1,25459,10916.549,351.439972,351.440186,2025-02-06 23:00:00,1013.177
2025-02-07,00:00-01:00,2025,2,7,5,0,1,0,0,1,25148,10425.283,424.000275,444.000092,2025-02-07 00:00:00,2457.472
2025-02-07,01:00-02:00,2025,2,7,5,0,1,1,0,1,23312,10373.243,144.000031,350.999939,2025-02-07 01:00:00,3204.769
2025-02-07,02:00-03:00,2025,2,7,5,0,1,2,0,1,22218,10445.123,79.999977,273.999847,2025-02-07 02:00:00,3999.264
2025-02-07,03:00-04:00,2025,2,7,5,0,1,3,0,1,21811,10511.723,20.000008,40.000004,2025-02-07 03:00:00,4778.021
2025-02-07,04:00-05:00,2025,2,7,5,0,1,4,0,1,21549,10581.413,20.000004,20.000013,2025-02-07 04:00:00,5407.238
2025-02-07,05:00-06:00,2025,2,7,5,0,1,5,0,1,22529,10630.653,39.999985,39.999996,2025-02-07 05:00:00,5771.78
2025-02-07,06:00-07:00,2025,2,7,5,0,1,6,0,1,24083,11947.839,80.0,39.999996,2025-02-07 06:00:00,5906.677
2025-02-07,07:00-08:00,2025,2,7,5,0,1,7,0,0,28276,13150.389,132.000046,146.5,2025-02-07 07:00:00,7524.184
2025-02-07,08:00-09:00,2025,2,7,5,0,1,8,1,0,32530,14846.643,81.401024,124.828148,2025-02-07 08:00:00,11790.495
2025-02-07,09:00-10:00,2025,2,7,5,0,1,9,1,0,33661,14855.619,44.577526,106.315918,2025-02-07 09:00:00,15846.091
2025-02-07,10:00-11:00,2025,2,7,5,0,1,10,1,0,34250,14687.349,63.812302,214.072891,2025-02-07 10:00:00,19108.466
2025-02-07,11:00-12:00,2025,2,7,5,0,1,11,1,0,33299,14785.583,67.885246,56.480213,2025-02-07 11:00:00,20526.889
2025-02-07,12:00-13:00,2025,2,7,5,0,1,12,1,0,32452,13470.633,65.021156,26.841719,2025-02-07 12:00:00,20365.522
2025-02-07,13:00-14:00,2025,2,7,5,0,1,13,1,0,31720,13193.068,49.458252,13.698497,2025-02-07 13:00:00,18588.59
2025-02-07,14:00-15:00,2025,2,7,5,0,1,14,1,0,31273,13571.513,139.801392,49.478489,2025-02-07 14:00:00,15340.544
2025-02-07,15:00-16:00,2025,2,7,5,0,1,15,1,0,32213,15077.346,436.136902,202.347824,2025-02-07 15:00:00,11123.083
2025-02-07,16:00-17:00,2025,2,7,5,0,1,16,1,0,33405,15726.27,454.900421,444.0,2025-02-07 16:00:00,6360.084
2025-02-07,17:00-18:00,2025,2,7,5,0,1,17,1,0,33702,16172.442,469.068054,451.328217,2025-02-07 17:00:00,3242.356
2025-02-07,18:00-19:00,2025,2,7,5,0,1,18,1,0,34174,17087.23,465.704956,454.000183,2025-02-07 18:00:00,3205.957
2025-02-07,19:00-20:00,2025,2,7,5,0,1,19,1,0,35083,17358.3,466.831848,463.999969,2025-02-07 19:00:00,3235.321
2025-02-07,20:00-21:00,2025,2,7,5,0,1,20,1,0,35158,17198.092,466.000031,454.000214,2025-02-07 20:00:00,3114.816
2025-02-07,21:00-22:00,2025,2,7,5,0,1,21,0,0,33536,14628.552,465.268585,451.999908,2025-02-07 21:00:00,2899.746
2025-02-07,22:00-23:00,2025,2,7,5,0,1,22,0,1,30023,12415.792,464.999969,451.0,2025-02-07 22:00:00,2621.853
2025-02-07,23:00-24:00,2025,2,7,5,0,1,23,0,1,27050,11277.269,452.000092,446.000061,2025-02-07 23:00:00,2322.048
2025-02-08,00:00-01:00,2025,2,8,6,1,1,0,0,1,26760,10782.355,371.439819,351.439972,2025-02-08 00:00:00,1776.543
2025-02-08,01:00-02:00,2025,2,8,6,1,1,1,0,1,25213,10345.129,351.440186,351.440002,2025-02-08 01:00:00,1553.702
2025-02-08,02:00-03:00,2025,2,8,6,1,1,2,0,1,24074,10357.704,351.440002,331.440033,2025-02-08 02:00:00,1380.864
2025-02-08,03:00-04:00,2025,2,8,6,1,1,3,0,1,23433,10228.224,351.440063,331.440063,2025-02-08 03:00:00,1254.368
2025-02-08,04:00-05:00,2025,2,8,6,1,1,4,0,1,23195,10213.374,351.439941,331.440002,2025-02-08 04:00:00,1163.897
2025-02-08,05:00-06:00,2025,2,8,6,1,1,5,0,1,23944,10206.654,351.439972,351.440155,2025-02-08 05:00:00,1096.973
2025-02-08,06:00-07:00,2025,2,8,6,1,1,6,0,1,25755,11504.383,371.440002,351.440033,2025-02-08 06:00:00,1053.852
2025-02-08,07:00-08:00,2025,2,8,6,1,1,7,0,0,29785,13428.774,371.440033,391.43988,2025-02-08 07:00:00,3558.978
2025-02-08,08:00-09:00,2025,2,8,6,1,1,8,1,0,34024,16956.021,371.737061,371.439972,2025-02-08 08:00:00,10073.699
2025-02-08,09:00-10:00,2025,2,8,6,1,1,9,1,0,36047,18647.594,346.676605,328.083588,2025-02-08 09:00:00,16511.239
2025-02-08,10:00-11:00,2025,2,8,6,1,1,10,1,0,36931,19441.619,332.769745,282.974731,2025-02-08 10:00:00,21578.723
2025-02-08,11:00-12:00,2025,2,8,6,1,1,11,1,0,36509,19532.556,311.874054,210.719223,2025-02-08 11:00:00,24231.359
2025-02-08,12:00-13:00,2025,2,8,6,1,1,12,1,0,35709,20108.518,276.253479,183.881882,2025-02-08 12:00:00,24673.945
2025-02-08,13:00-14:00,2025,2,8,6,1,1,13,1,0,34756,20691.694,177.032944,153.642105,2025-02-08 13:00:00,22942.646
2025-02-08,14:00-15:00,2025,2,8,6,1,1,14,1,0,34733,18749.763,317.163513,316.575256,2025-02-08 14:00:00,19126.689
2025-02-08,15:00-16:00,2025,2,8,6,1,1,15,1,0,35154,18716.143,351.831116,344.013245,2025-02-08 15:00:00,12982.552
2025-02-08,16:00-17:00,2025,2,8,6,1,1,16,1,0,36553,16738.21,391.43985,389.999725,2025-02-08 16:00:00,5566.768
2025-02-08,17:00-18:00,2025,2,8,6,1,1,17,1,0,36808,15926.71,446.352783,454.622681,2025-02-08 17:00:00,728.152
2025-02-08,18:00-19:00,2025,2,8,6,1,1,18,1,0,37287,16477.27,391.497467,418.945404,2025-02-08 18:00:00,657.4
2025-02-08,19:00-20:00,2025,2,8,6,1,1,19,1,0,37720,16530.811,424.058929,443.025452,2025-02-08 19:00:00,829.668
2025-02-08,20:00-21:00,2025,2,8,6,1,1,20,1,0,37602,16103.96,426.633087,452.833313,2025-02-08 20:00:00,926.14
2025-02-08,21:00-22:00,2025,2,8,6,1,1,21,0,0,35360,13992.901,423.999908,442.925812,2025-02-08 21:00:00,1012.95
2025-02-08,22:00-23:00,2025,2,8,6,1,1,22,0,1,31499,11995.66,443.999878,442.385132,2025-02-08 22:00:00,1088.588
2025-02-08,23:00-24:00,2025,2,8,6,1,1,23,0,1,28222,11095.293,391.440033,389.512878,2025-02-08 23:00:00,1181.4
2025-02-09,00:00-01:00,2025,2,9,7,1,1,0,0,1,27178,11049.613,450.0,452.000031,2025-02-09 00:00:00,1253.2
2025-02-09,01:00-02:00,2025,2,9,7,1,1,1,0,1,25555,10487.553,446.0,447.999908,2025-02-09 01:00:00,1271.966
2025-02-09,02:00-03:00,2025,2,9,7,1,1,2,0,1,24583,10458.063,433.999817,444.000061,2025-02-09 02:00:00,1279.01
2025-02-09,03:00-04:00,2025,2,9,7,1,1,3,0,1,23882,10352.703,430.000092,432.000092,2025-02-09 03:00:00,1280.962
2025-02-09,04:00-05:00,2025,2,9,7,1,1,4,0,1,23740,10277.593,430.000092,444.000031,2025-02-09 04:00:00,1268.774
2025-02-09,05:00-06:00,2025,2,9,7,1,1,5,0,1,24452,10302.823,432.000183,446.000031,2025-02-09 05:00:00,1236.134
2025-02-09,06:00-07:00,2025,2,9,7,1,1,6,0,1,25624,11591.963,444.0,450.000122,2025-02-09 06:00:00,1268.514
2025-02-09,07:00-08:00,2025,2,9,7,1,1,7,0,0,29955,14011.573,447.999908,453.999481,2025-02-09 07:00:00,4622.04
2025-02-09,08:00-09:00,2025,2,9,7,1,1,8,1,0,33415,18349.023,424.874634,431.999908,2025-02-09 08:00:00,13150.73
2025-02-09,09:00-10:00,2025,2,9,7,1,1,9,1,0,33835,20794.723,111.716606,2.188332,2025-02-09 09:00:00,21269.438
2025-02-09,10:00-11:00,2025,2,9,7,1,1,10,1,0,34695,21918.103,47.915363,2.210684,2025-02-09 10:00:00,26994.174
2025-02-09,11:00-12:00,2025,2,9,7,1,1,11,1,0,32973,21836.993,2.088647,1.536442,2025-02-09 11:00:00,29271.039
2025-02-09,12:00-13:00,2025,2,9,7,1,1,12,1,0,32693,22335.158,2.170015,1.544974,2025-02-09 12:00:00,29460.741
2025-02-09,13:00-14:00,2025,2,9,7,1,1,13,1,0,32196,22815.273,2.240277,1.617925,2025-02-09 13:00:00,27631.032
2025-02-09,14:00-15:00,2025,2,9,7,1,1,14,1,0,31796,20517.663,21.492651,0.0,2025-02-09 14:00:00,23072.157
2025-02-09,15:00-16:00,2025,2,9,7,1,1,15,1,0,32591,19859.391,429.7724,247.999924,2025-02-09 15:00:00,15871.961
2025-02-09,16:00-17:00,2025,2,9,7,1,1,16,1,0,34827,17678.688,485.758636,460.925568,2025-02-09 16:00:00,6943.991
2025-02-09,17:00-18:00,2025,2,9,7,1,1,17,1,0,35593,16717.021,566.21875,472.360016,2025-02-09 17:00:00,1465.735
2025-02-09,18:00-19:00,2025,2,9,7,1,1,18,1,0,36167,17050.085,485.187103,467.850006,2025-02-09 18:00:00,1484.886
2025-02-09,19:00-20:00,2025,2,9,7,1,1,19,1,0,36852,16981.404,485.206543,471.954895,2025-02-09 19:00:00,1785.332
2025-02-09,20:00-21:00,2025,2,9,7,1,1,20,1,0,36482,16361.024,510.420105,514.578186,2025-02-09 20:00:00,1919.213
2025-02-09,21:00-22:00,2025,2,9,7,1,1,21,0,0,33692,14431.173,498.550385,495.830383,2025-02-09 21:00:00,1924.745
2025-02-09,22:00-23:00,2025,2,9,7,1,1,22,0,1,30984,11900.761,524.843262,484.697662,2025-02-09 22:00:00,1881.85
2025-02-09,23:00-24:00,2025,2,9,7,1,1,23,0,1,27919,11196.813,486.68811,484.000092,2025-02-09 23:00:00,1886.916
2025-02-10,00:00-01:00,2025,2,10,1,0,1,0,0,1,26843,11189.732,373.000031,371.440033,2025-02-10 00:00:00,1644.528
2025-02-10,01:00-02:00,2025,2,10,1,0,1,1,0,1,25058,10841.238,371.440033,371.439972,2025-02-10 01:00:00,1575.194
2025-02-10,02:00-03:00,2025,2,10,1,0,1,2,0,1,24163,10770.404,371.440033,371.440002,2025-02-10 02:00:00,1472.808
2025-02-10,03:00-04:00,2025,2,10,1,0,1,3,0,1,23678,10259.984,371.440063,371.439819,2025-02-10 03:00:00,1387.222
2025-02-10,04:00-05:00,2025,2,10,1,0,1,4,0,1,23702,10255.074,371.43988,351.440063,2025-02-10 04:00:00,1332.288
2025-02-10,05:00-06:00,2025,2,10,1,0,1,5,0,1,24901,10239.204,371.439972,371.439789,2025-02-10 05:00:00,1285.682
2025-02-10,06:00-07:00,2025,2,10,1,0,1,6,0,1,26941,11509.794,371.439941,371.439911,2025-02-10 06:00:00,1258.408
2025-02-10,07:00-08:00,2025,2,10,1,0,1,7,0,0,31536,13595.844,388.000275,391.43985,2025-02-10 07:00:00,3271.01
2025-02-10,08:00-09:00,2025,2,10,1,0,1,8,1,0,35653,16520.775,371.865387,421.076538,2025-02-10 08:00:00,8287.199
2025-02-10,09:00-10:00,2025,2,10,1,0,1,9,1,0,35253,17665.407,347.447388,366.234772,2025-02-10 09:00:00,13052.586
2025-02-10,10:00-11:00,2025,2,10,1,0,1,10,1,0,35660,18291.378,332.597626,353.87027,2025-02-10 10:00:00,16356.056
2025-02-10,11:00-12:00,2025,2,10,1,0,1,11,1,0,33487,18087.592,308.466919,331.144684,2025-02-10 11:00:00,17837.944
2025-02-10,12:00-13:00,2025,2,10,1,0,1,12,1,0,32654,18551.917,309.192963,344.843933,2025-02-10 12:00:00,17750.395
2025-02-10,13:00-14:00,2025,2,10,1,0,1,13,1,0,32135,19126.85,313.577332,345.136627,2025-02-10 13:00:00,15763.874
2025-02-10,14:00-15:00,2025,2,10,1,0,1,14,1,0,32177,17511.044,337.095428,360.863678,2025-02-10 14:00:00,12384.04
2025-02-10,15:00-16:00,2025,2,10,1,0,1,15,1,0,32773,17649.314,372.158539,394.995697,2025-02-10 15:00:00,8540.712
2025-02-10,16:00-17:00,2025,2,10,1,0,1,16,1,0,34108,15969.128,391.707153,445.577667,2025-02-10 16:00:00,4518.035
2025-02-10,17:00-18:00,2025,2,10,1,0,1,17,1,0,34631,16025.844,391.440063,482.859619,2025-02-10 17:00:00,2166.827
2025-02-10,18:00-19:00,2025,2,10,1,0,1,18,1,0,35899,16271.124,391.440002,410.682526,2025-02-10 18:00:00,2487.656
2025-02-10,19:00-20:00,2025,2,10,1,0,1,19,1,0,36441,16218.524,391.439941,412.943512,2025-02-10 19:00:00,2854.704
2025-02-10,20:00-21:00,2025,2,10,1,0,1,20,1,0,35682,15363.074,391.440094,393.002686,2025-02-10 20:00:00,3033.316
2025-02-10,21:00-22:00,2025,2,10,1,0,1,21,0,0,33442,13039.793,391.440063,380.448944,2025-02-10 21:00:00,3098.681
2025-02-10,22:00-23:00,2025,2,10,1,0,1,22,0,1,30613,11576.754,389.999939,371.439972,2025-02-10 22:00:00,3119.753
2025-02-10,23:00-24:00,2025,2,10,1,0,1,23,0,1,27809,11029.504,371.439911,351.440063,2025-02-10 23:00:00,3140.957
2025-02-11,00:00-01:00,2025,2,11,2,0,1,0,0,1,26997,10447.933,351.43988,351.439911,2025-02-11 00:00:00,3282.472
2025-02-11,01:00-02:00,2025,2,11,2,0,1,1,0,1,25282,8784.283,371.43985,371.439819,2025-02-11 01:00:00,3236.133
2025-02-11,02:00-03:00,2025,2,11,2,0,1,2,0,1,24353,8743.813,351.440155,351.440002,2025-02-11 02:00:00,3255.774
2025-02-11,03:00-04:00,2025,2,11,2,0,1,3,0,1,23803,8530.893,351.439972,351.440063,2025-02-11 03:00:00,3292.276
2025-02-11,04:00-05:00,2025,2,11,2,0,1,4,0,1,23931,8487.543,351.439697,351.43985,2025-02-11 04:00:00,3308.621
2025-02-11,05:00-06:00,2025,2,11,2,0,1,5,0,1,25048,9268.933,351.440155,351.440216,2025-02-11 05:00:00,3270.158
2025-02-11,06:00-07:00,2025,2,11,2,0,1,6,0,1,26991,11424.003,351.440002,351.43985,2025-02-11 06:00:00,3178.23
2025-02-11,07:00-08:00,2025,2,11,2,0,1,7,0,0,31239,12577.123,371.439819,371.440063,2025-02-11 07:00:00,3598.586
2025-02-11,08:00-09:00,2025,2,11,2,0,1,8,1,0,35090,14260.089,391.439758,421.727844,2025-02-11 08:00:00,4512.259
2025-02-11,09:00-10:00,2025,2,11,2,0,1,9,1,0,35338,13088.007,394.381256,403.483551,2025-02-11 09:00:00,5203.978
2025-02-11,10:00-11:00,2025,2,11,2,0,1,10,1,0,35813,14612.341,396.01651,483.538666,2025-02-11 10:00:00,5525.738
2025-02-11,11:00-12:00,2025,2,11,2,0,1,11,1,0,33668,14269.279,392.726898,508.970612,2025-02-11 11:00:00,5392.875
2025-02-11,12:00-13:00,2025,2,11,2,0,1,12,1,0,32857,13992.498,392.410034,873.5066612500001,2025-02-11 12:00:00,5109.71
2025-02-11,13:00-14:00,2025,2,11,2,0,1,13,1,0,32660,13765.98,391.52887,873.5066612500001,2025-02-11 13:00:00,4640.025
2025-02-11,14:00-15:00,2025,2,11,2,0,1,14,1,0,32365,13416.273,391.226257,873.5066612500001,2025-02-11 14:00:00,3925.276
2025-02-11,15:00-16:00,2025,2,11,2,0,1,15,1,0,32896,14122.164,391.969238,873.5066612500001,2025-02-11 15:00:00,2904.785
2025-02-11,16:00-17:00,2025,2,11,2,0,1,16,1,0,34102,14637.147,391.961639,873.5066612500001,2025-02-11 16:00:00,1740.27
2025-02-11,17:00-18:00,2025,2,11,2,0,1,17,1,0,34672,15301.143,391.749115,785.240173,2025-02-11 17:00:00,873.655
2025-02-11,18:00-19:00,2025,2,11,2,0,1,18,1,0,35813,15754.369,391.675751,463.832306,2025-02-11 18:00:00,882.778
2025-02-11,19:00-20:00,2025,2,11,2,0,1,19,1,0,36003,15819.691,391.69342,444.065521,2025-02-11 19:00:00,1014.564
2025-02-11,20:00-21:00,2025,2,11,2,0,1,20,1,0,35193,15292.986,391.87262,444.133057,2025-02-11 20:00:00,1155.343
2025-02-11,21:00-22:00,2025,2,11,2,0,1,21,0,0,32950,12775.071,392.002228,391.439972,2025-02-11 21:00:00,1351.986
2025-02-11,22:00-23:00,2025,2,11,2,0,1,22,0,1,30297,11528.586,392.008759,391.440033,2025-02-11 22:00:00,1660.68
2025-02-11,23:00-24:00,2025,2,11,2,0,1,23,0,1,27817,10973.223,371.440002,351.439911,2025-02-11 23:00:00,2070.658
2025-02-12,00:00-01:00,2025,2,12,3,0,1,0,0,1,26899,10423.393,351.43985,351.439941,2025-02-12 00:00:00,2667.392
2025-02-12,01:00-02:00,2025,2,12,3,0,1,1,0,1,25255,8911.373,351.440125,351.440033,2025-02-12 01:00:00,3247.629
2025-02-12,02:00-03:00,2025,2,12,3,0,1,2,0,1,24237,8765.423,351.440063,340.000031,2025-02-12 02:00:00,3795.048
2025-02-12,03:00-04:00,2025,2,12,3,0,1,3,0,1,23684,8655.393,331.440033,340.000031,2025-02-12 03:00:00,4263.869
2025-02-12,04:00-05:00,2025,2,12,3,0,1,4,0,1,23775,8678.296,331.440155,331.440033,2025-02-12 04:00:00,4652.717
2025-02-12,05:00-06:00,2025,2,12,3,0,1,5,0,1,24740,9523.063,331.440002,311.439941,2025-02-12 05:00:00,4920.564
2025-02-12,06:00-07:00,2025,2,12,3,0,1,6,0,1,26520,11682.063,331.439972,311.439911,2025-02-12 06:00:00,5112.358
2025-02-12,07:00-08:00,2025,2,12,3,0,1,7,0,0,30452,12877.203,351.439941,351.439911,2025-02-12 07:00:00,5826.056
2025-02-12,08:00-09:00,2025,2,12,3,0,1,8,1,0,34140,14295.603,371.440186,363.581451,2025-02-12 08:00:00,7043.033
2025-02-12,09:00-10:00,2025,2,12,3,0,1,9,1,0,35417,13376.989,383.241638,374.016632,2025-02-12 09:00:00,8237.537
2025-02-12,10:00-11:00,2025,2,12,3,0,1,10,1,0,36075,13590.909,394.084198,375.378845,2025-02-12 10:00:00,9422.496
2025-02-12,11:00-12:00,2025,2,12,3,0,1,11,1,0,34819,13625.389,374.29541,345.919739,2025-02-12 11:00:00,10383.682
2025-02-12,12:00-13:00,2025,2,12,3,0,1,12,1,0,34879,13832.019,368.84314,317.226471,2025-02-12 12:00:00,10847.051
2025-02-12,13:00-14:00,2025,2,12,3,0,1,13,1,0,33851,13669.838,364.669281,231.240204,2025-02-12 13:00:00,10725.369
2025-02-12,14:00-15:00,2025,2,12,3,0,1,14,1,0,33610,13284.439,361.745361,223.868286,2025-02-12 14:00:00,9853.155
2025-02-12,15:00-16:00,2025,2,12,3,0,1,15,1,0,33845,14796.451,371.457672,313.643555,2025-02-12 15:00:00,8102.721
2025-02-12,16:00-17:00,2025,2,12,3,0,1,16,1,0,34520,14456.363,390.831207,372.997986,2025-02-12 16:00:00,5895.327
2025-02-12,17:00-18:00,2025,2,12,3,0,1,17,1,0,35238,15614.983,371.439941,371.440033,2025-02-12 17:00:00,4142.087
2025-02-12,18:00-19:00,2025,2,12,3,0,1,18,1,0,35716,15789.203,391.383881,371.370209,2025-02-12 18:00:00,3650.893
2025-02-12,19:00-20:00,2025,2,12,3,0,1,19,1,0,36733,16085.563,383.064331,371.411224,2025-02-12 19:00:00,3260.34
2025-02-12,20:00-21:00,2025,2,12,3,0,1,20,1,0,36195,15687.369,391.355682,371.366364,2025-02-12 20:00:00,2819.535
2025-02-12,21:00-22:00,2025,2,12,3,0,1,21,0,0,33742,13335.545,391.368469,372.92688,2025-02-12 21:00:00,2365.758
2025-02-12,22:00-23:00,2025,2,12,3,0,1,22,0,1,30990,12307.657,391.371002,371.439789,2025-02-12 22:00:00,1988.088
2025-02-12,23:00-24:00,2025,2,12,3,0,1,23,0,1,28239,11172.773,371.440155,351.440063,2025-02-12 23:00:00,1651.194
2025-02-13,00:00-01:00,2025,2,13,4,0,1,0,0,1,27386,10391.903,351.440094,351.440125,2025-02-13 00:00:00,1323.989
2025-02-13,01:00-02:00,2025,2,13,4,0,1,1,0,1,25896,9452.693,351.440063,351.440033,2025-02-13 01:00:00,1154.212
2025-02-13,02:00-03:00,2025,2,13,4,0,1,2,0,1,24588,9378.153,351.43985,331.440063,2025-02-13 02:00:00,1008.196
2025-02-13,03:00-04:00,2025,2,13,4,0,1,3,0,1,24257,9285.483,351.440094,331.440186,2025-02-13 03:00:00,893.763
2025-02-13,04:00-05:00,2025,2,13,4,0,1,4,0,1,24438,9289.353,351.440033,340.000092,2025-02-13 04:00:00,818.418
2025-02-13,05:00-06:00,2025,2,13,4,0,1,5,0,1,25256,9269.303,351.43988,351.439941,2025-02-13 05:00:00,776.662
2025-02-13,06:00-07:00,2025,2,13,4,0,1,6,0,1,27539,11369.313,351.439911,351.43985,2025-02-13 06:00:00,804.237
2025-02-13,07:00-08:00,2025,2,13,4,0,1,7,0,0,32120,13838.253,371.43988,391.344147,2025-02-13 07:00:00,2667.722
2025-02-13,08:00-09:00,2025,2,13,4,0,1,8,1,0,35992,16564.283,371.43985,371.439972,2025-02-13 08:00:00,6790.726
2025-02-13,09:00-10:00,2025,2,13,4,0,1,9,1,0,36878,16774.21,351.397766,351.417175,2025-02-13 09:00:00,10433.906
2025-02-13,10:00-11:00,2025,2,13,4,0,1,10,1,0,37254,18047.421,351.872131,343.546783,2025-02-13 10:00:00,12759.712
2025-02-13,11:00-12:00,2025,2,13,4,0,1,11,1,0,35410,17462.279,349.994965,306.4198,2025-02-13 11:00:00,13547.912
2025-02-13,12:00-13:00,2025,2,13,4,0,1,12,1,0,35166,17608.199,351.43985,337.075226,2025-02-13 12:00:00,13032.763
2025-02-13,13:00-14:00,2025,2,13,4,0,1,13,1,0,34660,17528.449,331.439941,351.574127,2025-02-13 13:00:00,11046.52
2025-02-13,14:00-15:00,2025,2,13,4,0,1,14,1,0,34653,16104.459,351.439941,371.8638,2025-02-13 14:00:00,8083.752
2025-02-13,15:00-16:00,2025,2,13,4,0,1,15,1,0,35284,16294.541,371.439789,390.315765,2025-02-13 15:00:00,5164.412
2025-02-13,16:00-17:00,2025,2,13,4,0,1,16,1,0,36312,16015.363,390.933411,390.945007,2025-02-13 16:00:00,2334.22
2025-02-13,17:00-18:00,2025,2,13,4,0,1,17,1,0,36074,16264.463,391.439728,391.447632,2025-02-13 17:00:00,657.264
2025-02-13,18:00-19:00,2025,2,13,4,0,1,18,1,0,36934,16046.403,391.329254,391.440002,2025-02-13 18:00:00,740.498
2025-02-13,19:00-20:00,2025,2,13,4,0,1,19,1,0,37217,15936.673,390.942291,391.430389,2025-02-13 19:00:00,916.486
2025-02-13,20:00-21:00,2025,2,13,4,0,1,20,1,0,36656,15367.743,390.531494,390.950104,2025-02-13 20:00:00,1028.25
2025-02-13,21:00-22:00,2025,2,13,4,0,1,21,0,0,34591,12602.603,390.933624,372.989441,2025-02-13 21:00:00,1088.844
2025-02-13,22:00-23:00,2025,2,13,4,0,1,22,0,1,31560,11456.416,387.970062,371.440033,2025-02-13 22:00:00,1068.878
2025-02-13,23:00-24:00,2025,2,13,4,0,1,23,0,1,28520,10928.853,371.440155,351.440002,2025-02-13 23:00:00,972.224
2025-02-14,00:00-01:00,2025,2,14,5,0,1,0,0,1,27446,10273.064,371.439972,351.439972,2025-02-14 00:00:00,955.124
2025-02-14,01:00-02:00,2025,2,14,5,0,1,1,0,1,25855,8652.044,371.439941,371.439819,2025-02-14 01:00:00,814.866
2025-02-14,02:00-03:00,2025,2,14,5,0,1,2,0,1,24693,8602.904,351.439758,371.439758,2025-02-14 02:00:00,694.669
2025-02-14,03:00-04:00,2025,2,14,5,0,1,3,0,1,24148,8449.084,351.440125,371.440002,2025-02-14 03:00:00,606.737
2025-02-14,04:00-05:00,2025,2,14,5,0,1,4,0,1,24020,8455.524,351.439972,371.439911,2025-02-14 04:00:00,547.234
2025-02-14,05:00-06:00,2025,2,14,5,0,1,5,0,1,24966,9213.064,351.439972,371.440155,2025-02-14 05:00:00,496.754
2025-02-14,06:00-07:00,2025,2,14,5,0,1,6,0,1,27200,11355.874,371.440002,371.440063,2025-02-14 06:00:00,471.903
2025-02-14,07:00-08:00,2025,2,14,5,0,1,7,0,0,32484,12562.834,371.439941,391.440338,2025-02-14 07:00:00,988.529
2025-02-14,08:00-09:00,2025,2,14,5,0,1,8,1,0,36030,14934.978,391.440002,442.757538,2025-02-14 08:00:00,2202.141
2025-02-14,09:00-10:00,2025,2,14,5,0,1,9,1,0,37332,14673.494,390.770386,390.552399,2025-02-14 09:00:00,3426.237
2025-02-14,10:00-11:00,2025,2,14,5,0,1,10,1,0,38300,15777.73,391.920349,390.871796,2025-02-14 10:00:00,4571.6
2025-02-14,11:00-12:00,2025,2,14,5,0,1,11,1,0,36236,14679.09,392.209534,391.030853,2025-02-14 11:00:00,5348.584
2025-02-14,12:00-13:00,2025,2,14,5,0,1,12,1,0,36091,14533.072,391.810974,383.010712,2025-02-14 12:00:00,5570.796
2025-02-14,13:00-14:00,2025,2,14,5,0,1,13,1,0,35346,13969.94,391.083313,390.705414,2025-02-14 13:00:00,5223.603
2025-02-14,14:00-15:00,2025,2,14,5,0,1,14,1,0,34688,13271.66,391.137329,391.439972,2025-02-14 14:00:00,4352.299
2025-02-14,15:00-16:00,2025,2,14,5,0,1,15,1,0,34739,14713.014,391.217804,391.440033,2025-02-14 15:00:00,3054.965
2025-02-14,16:00-17:00,2025,2,14,5,0,1,16,1,0,35546,15017.324,390.909332,391.034149,2025-02-14 16:00:00,1506.963
2025-02-14,17:00-18:00,2025,2,14,5,0,1,17,1,0,35132,14775.609,391.443481,391.434814,2025-02-14 17:00:00,343.318
2025-02-14,18:00-19:00,2025,2,14,5,0,1,18,1,0,35754,15240.704,391.034515,391.460724,2025-02-14 18:00:00,343.601
2025-02-14,19:00-20:00,2025,2,14,5,0,1,19,1,0,36614,15261.408,390.699463,391.030975,2025-02-14 19:00:00,448.04
2025-02-14,20:00-21:00,2025,2,14,5,0,1,20,1,0,35976,14340.424,390.747986,391.43985,2025-02-14 20:00:00,567.834
2025-02-14,21:00-22:00,2025,2,14,5,0,1,21,0,0,33911,11907.833,391.439972,391.440216,2025-02-14 21:00:00,664.935
2025-02-14,22:00-23:00,2025,2,14,5,0,1,22,0,1,30594,10933.824,391.440155,391.460754,2025-02-14 22:00:00,724.01
2025-02-14,23:00-24:00,2025,2,14,5,0,1,23,0,1,27951,10848.944,371.439789,371.440155,2025-02-14 23:00:00,762.57
2025-02-15,00:00-01:00,2025,2,15,6,1,1,0,0,1,27810,11153.733,391.440186,391.440277,2025-02-15 00:00:00,644.717
2025-02-15,01:00-02:00,2025,2,15,6,1,1,1,0,1,26014,10926.063,371.440002,371.439819,2025-02-15 01:00:00,663.95
2025-02-15,02:00-03:00,2025,2,15,6,1,1,2,0,1,24929,10809.823,371.440002,371.440002,2025-02-15 02:00:00,689.083
2025-02-15,03:00-04:00,2025,2,15,6,1,1,3,0,1,24377,10546.363,351.43988,351.439941,2025-02-15 03:00:00,727.913
2025-02-15,04:00-05:00,2025,2,15,6,1,1,4,0,1,24309,10485.263,371.439911,371.43988,2025-02-15 04:00:00,747.814
2025-02-15,05:00-06:00,2025,2,15,6,1,1,5,0,1,25049,10429.722,371.43988,391.439789,2025-02-15 05:00:00,737.203
2025-02-15,06:00-07:00,2025,2,15,6,1,1,6,0,1,26818,11644.813,391.440094,428.000183,2025-02-15 06:00:00,743.501
2025-02-15,07:00-08:00,2025,2,15,6,1,1,7,0,0,30215,13645.613,448.000061,447.999939,2025-02-15 07:00:00,1999.275
2025-02-15,08:00-09:00,2025,2,15,6,1,1,8,1,0,33265,16094.873,449.989716,446.000061,2025-02-15 08:00:00,5140.656
2025-02-15,09:00-10:00,2025,2,15,6,1,1,9,1,0,33938,16422.949,429.293335,371.741791,2025-02-15 09:00:00,9039.078
2025-02-15,10:00-11:00,2025,2,15,6,1,1,10,1,0,33609,17682.929,371.678864,332.908386,2025-02-15 10:00:00,13292.619
2025-02-15,11:00-12:00,2025,2,15,6,1,1,11,1,0,32278,17904.539,302.335388,176.137421,2025-02-15 11:00:00,16330.889
2025-02-15,12:00-13:00,2025,2,15,6,1,1,12,1,0,32125,18677.629,141.891541,166.288376,2025-02-15 12:00:00,17471.255
2025-02-15,13:00-14:00,2025,2,15,6,1,1,13,1,0,31494,19462.179,48.487659,78.903648,2025-02-15 13:00:00,17241.785
2025-02-15,14:00-15:00,2025,2,15,6,1,1,14,1,0,31244,18093.959,132.000031,24.429968,2025-02-15 14:00:00,15272.889
2025-02-15,15:00-16:00,2025,2,15,6,1,1,15,1,0,31728,18544.493,331.440002,127.938431,2025-02-15 15:00:00,10833.587
2025-02-15,16:00-17:00,2025,2,15,6,1,1,16,1,0,32781,16831.749,428.740875,371.24472,2025-02-15 16:00:00,5031.63
2025-02-15,17:00-18:00,2025,2,15,6,1,1,17,1,0,33031,16159.759,449.999786,448.000214,2025-02-15 17:00:00,670.651
2025-02-15,18:00-19:00,2025,2,15,6,1,1,18,1,0,34060,16284.629,449.756927,449.99054,2025-02-15 18:00:00,466.394
2025-02-15,19:00-20:00,2025,2,15,6,1,1,19,1,0,34803,16316.129,449.895569,449.769745,2025-02-15 19:00:00,619.484
2025-02-15,20:00-21:00,2025,2,15,6,1,1,20,1,0,34900,16020.49,447.907318,447.877014,2025-02-15 20:00:00,757.788
2025-02-15,21:00-22:00,2025,2,15,6,1,1,21,0,0,32770,13100.334,450.438507,448.233276,2025-02-15 21:00:00,900.01
2025-02-15,22:00-23:00,2025,2,15,6,1,1,22,0,1,29961,11863.228,449.999756,448.000122,2025-02-15 22:00:00,1033.92
2025-02-15,23:00-24:00,2025,2,15,6,1,1,23,0,1,27174,11138.904,429.999817,427.999878,2025-02-15 23:00:00,1129.349
2025-02-16,00:00-01:00,2025,2,16,7,1,1,0,0,1,26947,11474.06,447.999786,448.000244,2025-02-16 00:00:00,1235.559
2025-02-16,01:00-02:00,2025,2,16,7,1,1,1,0,1,25324,10928.052,445.999969,434.000061,2025-02-16 01:00:00,1168.3
2025-02-16,02:00-03:00,2025,2,16,7,1,1,2,0,1,24540,10425.394,439.999939,430.0,2025-02-16 02:00:00,1041.403
2025-02-16,03:00-04:00,2025,2,16,7,1,1,3,0,1,23939,10401.244,429.999969,428.000031,2025-02-16 03:00:00,915.201
2025-02-16,04:00-05:00,2025,2,16,7,1,1,4,0,1,24118,10403.794,434.000061,430.000153,2025-02-16 04:00:00,820.675
2025-02-16,05:00-06:00,2025,2,16,7,1,1,5,0,1,24819,10440.064,445.999969,446.000092,2025-02-16 05:00:00,762.919
2025-02-16,06:00-07:00,2025,2,16,7,1,1,6,0,1,26218,12082.426,447.999939,448.000183,2025-02-16 06:00:00,790.752
2025-02-16,07:00-08:00,2025,2,16,7,1,1,7,0,0,29297,14197.924,448.000031,450.000183,2025-02-16 07:00:00,3766.967
2025-02-16,08:00-09:00,2025,2,16,7,1,1,8,1,0,31558,17914.844,277.000061,424.000244,2025-02-16 08:00:00,10227.155
2025-02-16,09:00-10:00,2025,2,16,7,1,1,9,1,0,32051,19585.18,5.111506,62.246887,2025-02-16 09:00:00,16694.047
2025-02-16,10:00-11:00,2025,2,16,7,1,1,10,1,0,32180,20781.58,0.0,48.85603,2025-02-16 10:00:00,20887.5
2025-02-16,11:00-12:00,2025,2,16,7,1,1,11,1,0,30934,20357.06,0.0,1.421514,2025-02-16 11:00:00,22664.284
2025-02-16,12:00-13:00,2025,2,16,7,1,1,12,1,0,31207,20627.96,0.0,0.16888,2025-02-16 12:00:00,22561.015
2025-02-16,13:00-14:00,2025,2,16,7,1,1,13,1,0,30454,20625.19,0.0,1.996678,2025-02-16 13:00:00,20685.931
2025-02-16,14:00-15:00,2025,2,16,7,1,1,14,1,0,30064,18399.91,19.999994,2.165072,2025-02-16 14:00:00,16983.359
2025-02-16,15:00-16:00,2025,2,16,7,1,1,15,1,0,30469,18505.804,289.933685,283.018463,2025-02-16 15:00:00,11597.288
2025-02-16,16:00-17:00,2025,2,16,7,1,1,16,1,0,31766,16675.334,451.999847,451.989746,2025-02-16 16:00:00,5552.42
2025-02-16,17:00-18:00,2025,2,16,7,1,1,17,1,0,32082,16330.271,453.999756,465.911255,2025-02-16 17:00:00,1717.427
2025-02-16,18:00-19:00,2025,2,16,7,1,1,18,1,0,33069,16182.212,451.968323,463.906128,2025-02-16 18:00:00,1829.557
2025-02-16,19:00-20:00,2025,2,16,7,1,1,19,1,0,33841,16171.659,453.999786,463.908081,2025-02-16 19:00:00,2160.631
2025-02-16,20:00-21:00,2025,2,16,7,1,1,20,1,0,33999,15924.431,454.000031,467.880524,2025-02-16 20:00:00,2310.386
2025-02-16,21:00-22:00,2025,2,16,7,1,1,21,0,0,31636,13065.472,453.999969,463.954987,2025-02-16 21:00:00,2395.737
2025-02-16,22:00-23:00,2025,2,16,7,1,1,22,0,1,28566,11599.614,452.000092,464.000153,2025-02-16 22:00:00,2497.256
2025-02-16,23:00-24:00,2025,2,16,7,1,1,23,0,1,26234,11099.604,448.000153,449.984985,2025-02-16 23:00:00,2594.499
2025-02-17,00:00-01:00,2025,2,17,1,0,1,0,0,1,26302,10512.553,351.440002,351.439941,2025-02-17 00:00:00,3296.704
2025-02-17,01:00-02:00,2025,2,17,1,0,1,1,0,1,24766,8823.783,351.440033,351.440002,2025-02-17 01:00:00,3440.369
2025-02-17,02:00-03:00,2025,2,17,1,0,1,2,0,1,23904,8489.643,351.440186,351.43988,2025-02-17 02:00:00,3407.503
2025-02-17,03:00-04:00,2025,2,17,1,0,1,3,0,1,23299,8385.653,351.440063,351.439819,2025-02-17 03:00:00,3296.739
2025-02-17,04:00-05:00,2025,2,17,1,0,1,4,0,1,23397,8390.753,351.440094,351.440063,2025-02-17 04:00:00,3166.778
2025-02-17,05:00-06:00,2025,2,17,1,0,1,5,0,1,24672,9125.533,351.440125,351.440216,2025-02-17 05:00:00,2918.5
2025-02-17,06:00-07:00,2025,2,17,1,0,1,6,0,1,27161,11565.683,351.440063,351.440063,2025-02-17 06:00:00,2711.845
2025-02-17,07:00-08:00,2025,2,17,1,0,1,7,0,0,30972,12663.233,371.440002,371.439728,2025-02-17 07:00:00,3112.787
2025-02-17,08:00-09:00,2025,2,17,1,0,1,8,1,0,34432,13924.522,391.43988,391.440125,2025-02-17 08:00:00,3977.036
2025-02-17,09:00-10:00,2025,2,17,1,0,1,9,1,0,35834,13512.709,391.439972,391.24353,2025-02-17 09:00:00,4898.686
2025-02-17,10:00-11:00,2025,2,17,1,0,1,10,1,0,36197,14223.361,390.907898,372.148865,2025-02-17 10:00:00,5795.088
2025-02-17,11:00-12:00,2025,2,17,1,0,1,11,1,0,34389,13594.439,371.411285,361.339935,2025-02-17 11:00:00,6450.597
2025-02-17,12:00-13:00,2025,2,17,1,0,1,12,1,0,34280,13738.537,384.472107,355.908905,2025-02-17 12:00:00,6563.635
2025-02-17,13:00-14:00,2025,2,17,1,0,1,13,1,0,33412,12838.183,385.246552,357.451782,2025-02-17 13:00:00,6102.383
2025-02-17,14:00-15:00,2025,2,17,1,0,1,14,1,0,33002,12420.265,382.631378,347.274139,2025-02-17 14:00:00,5097.659
2025-02-17,15:00-16:00,2025,2,17,1,0,1,15,1,0,33575,14343.432,391.113464,366.516602,2025-02-17 15:00:00,3809.651
2025-02-17,16:00-17:00,2025,2,17,1,0,1,16,1,0,34301,15197.399,391.414612,366.565186,2025-02-17 16:00:00,2269.578
2025-02-17,17:00-18:00,2025,2,17,1,0,1,17,1,0,34299,15271.689,390.078278,368.863831,2025-02-17 17:00:00,994.965
2025-02-17,18:00-19:00,2025,2,17,1,0,1,18,1,0,34800,15084.068,371.858124,367.344116,2025-02-17 18:00:00,1082.118
2025-02-17,19:00-20:00,2025,2,17,1,0,1,19,1,0,35336,15251.025,372.026276,369.394775,2025-02-17 19:00:00,1286.521
2025-02-17,20:00-21:00,2025,2,17,1,0,1,20,1,0,35003,14765.779,372.146973,369.874786,2025-02-17 20:00:00,1335.282
2025-02-17,21:00-22:00,2025,2,17,1,0,1,21,0,0,32930,12122.074,372.193726,369.906464,2025-02-17 21:00:00,1307.458
2025-02-17,22:00-23:00,2025,2,17,1,0,1,22,0,1,29831,11072.363,371.440002,347.084808,2025-02-17 22:00:00,1246.432
2025-02-17,23:00-24:00,2025,2,17,1,0,1,23,0,1,27571,11023.113,351.440125,348.859436,2025-02-17 23:00:00,1162.897
2025-02-18,00:00-01:00,2025,2,18,2,0,1,0,0,1,27017,11016.289,351.439911,351.43988,2025-02-18 00:00:00,1205.812
2025-02-18,01:00-02:00,2025,2,18,2,0,1,1,0,1,25562,10764.156,351.440216,351.439972,2025-02-18 01:00:00,1136.236
2025-02-18,02:00-03:00,2025,2,18,2,0,1,2,0,1,24568,10780.433,351.440033,331.440125,2025-02-18 02:00:00,1048.744
2025-02-18,03:00-04:00,2025,2,18,2,0,1,3,0,1,24000,10646.357,351.439941,331.440063,2025-02-18 03:00:00,970.578
2025-02-18,04:00-05:00,2025,2,18,2,0,1,4,0,1,24099,10379.753,351.439758,351.440094,2025-02-18 04:00:00,926.524
2025-02-18,05:00-06:00,2025,2,18,2,0,1,5,0,1,25148,10385.653,351.439911,351.440094,2025-02-18 05:00:00,917.651
2025-02-18,06:00-07:00,2025,2,18,2,0,1,6,0,1,27581,11586.153,385.75174,371.440094,2025-02-18 06:00:00,966.064
2025-02-18,07:00-08:00,2025,2,18,2,0,1,7,0,0,31350,13497.485,390.647552,390.994629,2025-02-18 07:00:00,3084.099
2025-02-18,08:00-09:00,2025,2,18,2,0,1,8,1,0,34948,14796.883,371.592133,351.440002,2025-02-18 08:00:00,7003.976
2025-02-18,09:00-10:00,2025,2,18,2,0,1,9,1,0,35881,14285.937,352.948792,312.298218,2025-02-18 09:00:00,11080.714
2025-02-18,10:00-11:00,2025,2,18,2,0,1,10,1,0,36077,14533.301,331.825684,129.693954,2025-02-18 10:00:00,14407.628
2025-02-18,11:00-12:00,2025,2,18,2,0,1,11,1,0,34156,13664.774,311.912201,0.0,2025-02-18 11:00:00,16164.276
2025-02-18,12:00-13:00,2025,2,18,2,0,1,12,1,0,33996,13791.172,293.282715,0.0,2025-02-18 12:00:00,16063.338
2025-02-18,13:00-14:00,2025,2,18,2,0,1,13,1,0,33257,14248.709,294.436523,1.330582,2025-02-18 13:00:00,14177.172
2025-02-18,14:00-15:00,2025,2,18,2,0,1,14,1,0,32883,13151.289,339.566956,29.317013,2025-02-18 14:00:00,10995.788
2025-02-18,15:00-16:00,2025,2,18,2,0,1,15,1,0,33458,15293.743,371.440033,328.959656,2025-02-18 15:00:00,7394.873
2025-02-18,16:00-17:00,2025,2,18,2,0,1,16,1,0,34298,15951.311,391.439911,370.800842,2025-02-18 16:00:00,3569.686
2025-02-18,17:00-18:00,2025,2,18,2,0,1,17,1,0,34433,16296.135,423.343597,371.440216,2025-02-18 17:00:00,1118.599
2025-02-18,18:00-19:00,2025,2,18,2,0,1,18,1,0,35061,16028.773,403.12558,391.021637,2025-02-18 18:00:00,1180.365
2025-02-18,19:00-20:00,2025,2,18,2,0,1,19,1,0,35495,15720.806,419.6297,390.975739,2025-02-18 19:00:00,1420.112
2025-02-18,20:00-21:00,2025,2,18,2,0,1,20,1,0,35042,15270.909,416.731689,390.947021,2025-02-18 20:00:00,1479.589
2025-02-18,21:00-22:00,2025,2,18,2,0,1,21,0,0,32842,12737.997,423.276978,391.440002,2025-02-18 21:00:00,1433.708
2025-02-18,22:00-23:00,2025,2,18,2,0,1,22,0,1,29858,11590.463,391.439728,371.440002,2025-02-18 22:00:00,1352.179
2025-02-18,23:00-24:00,2025,2,18,2,0,1,23,0,1,27589,11024.013,371.439789,351.439941,2025-02-18 23:00:00,1313.326
2025-02-19,00:00-01:00,2025,2,19,3,0,1,0,0,1,27152,10296.603,371.439972,351.440063,2025-02-19 00:00:00,1279.175
2025-02-19,01:00-02:00,2025,2,19,3,0,1,1,0,1,25984,8899.383,371.439972,369.261353,2025-02-19 01:00:00,1264.048
2025-02-19,02:00-03:00,2025,2,19,3,0,1,2,0,1,25087,8373.233,371.440002,370.494049,2025-02-19 02:00:00,1286.147
2025-02-19,03:00-04:00,2025,2,19,3,0,1,3,0,1,24301,8236.223,371.440094,369.217987,2025-02-19 03:00:00,1405.884
2025-02-19,04:00-05:00,2025,2,19,3,0,1,4,0,1,24613,8298.183,371.439972,351.439789,2025-02-19 04:00:00,1596.298
2025-02-19,05:00-06:00,2025,2,19,3,0,1,5,0,1,25912,9089.143,371.440094,351.439972,2025-02-19 05:00:00,1795.874
2025-02-19,06:00-07:00,2025,2,19,3,0,1,6,0,1,29047,11534.673,371.440002,371.440094,2025-02-19 06:00:00,1969.384
2025-02-19,07:00-08:00,2025,2,19,3,0,1,7,0,0,32288,12893.733,384.551666,371.439636,2025-02-19 07:00:00,2567.46
2025-02-19,08:00-09:00,2025,2,19,3,0,1,8,1,0,35216,14398.138,392.539825,351.440033,2025-02-19 08:00:00,3336.144
2025-02-19,09:00-10:00,2025,2,19,3,0,1,9,1,0,35931,14367.162,388.758759,306.31308,2025-02-19 09:00:00,4010.19
2025-02-19,10:00-11:00,2025,2,19,3,0,1,10,1,0,37133,15275.884,390.290527,190.022614,2025-02-19 10:00:00,4627.517
2025-02-19,11:00-12:00,2025,2,19,3,0,1,11,1,0,35355,14143.469,371.596619,250.089432,2025-02-19 11:00:00,5017.111
2025-02-19,12:00-13:00,2025,2,19,3,0,1,12,1,0,35388,14100.432,382.045624,278.78595,2025-02-19 12:00:00,5177.747
2025-02-19,13:00-14:00,2025,2,19,3,0,1,13,1,0,34890,12511.271,391.078003,347.59314,2025-02-19 13:00:00,5119.712
2025-02-19,14:00-15:00,2025,2,19,3,0,1,14,1,0,34530,12324.223,390.862427,369.05249,2025-02-19 14:00:00,4781.354
2025-02-19,15:00-16:00,2025,2,19,3,0,1,15,1,0,34235,13958.69,390.808441,391.674713,2025-02-19 15:00:00,4062.93
2025-02-19,16:00-17:00,2025,2,19,3,0,1,16,1,0,34983,13954.712,390.482025,391.822327,2025-02-19 16:00:00,3160.678
2025-02-19,17:00-18:00,2025,2,19,3,0,1,17,1,0,35001,13518.708,391.205902,391.849121,2025-02-19 17:00:00,2521.178
2025-02-19,18:00-19:00,2025,2,19,3,0,1,18,1,0,35794,13707.374,391.24585,371.620178,2025-02-19 18:00:00,2752.365
2025-02-19,19:00-20:00,2025,2,19,3,0,1,19,1,0,36485,13787.139,391.252808,371.620117,2025-02-19 19:00:00,2925.489
2025-02-19,20:00-21:00,2025,2,19,3,0,1,20,1,0,36016,13330.524,371.440002,371.626831,2025-02-19 20:00:00,2919.728
2025-02-19,21:00-22:00,2025,2,19,3,0,1,21,0,0,33607,11393.69,371.440063,351.426239,2025-02-19 21:00:00,2828.954
2025-02-19,22:00-23:00,2025,2,19,3,0,1,22,0,1,30475,11143.143,371.439819,351.440125,2025-02-19 22:00:00,2743.838
2025-02-19,23:00-24:00,2025,2,19,3,0,1,23,0,1,28099,11089.643,351.440033,331.440002,2025-02-19 23:00:00,2683.097
2025-02-20,00:00-01:00,2025,2,20,4,0,1,0,0,1,27201,10416.311,351.439819,331.439972,2025-02-20 00:00:00,2563.686
2025-02-20,01:00-02:00,2025,2,20,4,0,1,1,0,1,26009,8775.991,351.439941,351.440094,2025-02-20 01:00:00,2656.263
2025-02-20,02:00-03:00,2025,2,20,4,0,1,2,0,1,25289,8436.571,351.440002,351.440247,2025-02-20 02:00:00,2818.546
2025-02-20,03:00-04:00,2025,2,20,4,0,1,3,0,1,24916,8362.761,351.440033,331.440125,2025-02-20 03:00:00,2952.778
2025-02-20,04:00-05:00,2025,2,20,4,0,1,4,0,1,25158,8410.891,351.439972,331.439941,2025-02-20 04:00:00,3148.317
2025-02-20,05:00-06:00,2025,2,20,4,0,1,5,0,1,26274,9185.171,351.439941,331.440125,2025-02-20 05:00:00,3293.01
2025-02-20,06:00-07:00,2025,2,20,4,0,1,6,0,1,29233,11628.621,351.439758,351.439941,2025-02-20 06:00:00,3355.084
2025-02-20,07:00-08:00,2025,2,20,4,0,1,7,0,0,32808,12709.391,371.300537,371.394897,2025-02-20 07:00:00,4014.817
2025-02-20,08:00-09:00,2025,2,20,4,0,1,8,1,0,36335,14368.962,387.691742,382.094666,2025-02-20 08:00:00,5067.621
2025-02-20,09:00-10:00,2025,2,20,4,0,1,9,1,0,37324,13936.474,412.300354,392.470276,2025-02-20 09:00:00,6042.79
2025-02-20,10:00-11:00,2025,2,20,4,0,1,10,1,0,37776,14846.681,425.04657,401.546967,2025-02-20 10:00:00,7150.731
2025-02-20,11:00-12:00,2025,2,20,4,0,1,11,1,0,35910,14809.101,406.976013,371.071442,2025-02-20 11:00:00,8054.421
2025-02-20,12:00-13:00,2025,2,20,4,0,1,12,1,0,36283,14919.793,420.09729,372.259277,2025-02-20 12:00:00,8274.443
2025-02-20,13:00-14:00,2025,2,20,4,0,1,13,1,0,35447,13151.463,410.750641,391.059265,2025-02-20 13:00:00,7890.952
2025-02-20,14:00-15:00,2025,2,20,4,0,1,14,1,0,35212,12808.064,399.065063,392.749207,2025-02-20 14:00:00,6927.57
2025-02-20,15:00-16:00,2025,2,20,4,0,1,15,1,0,35616,14834.42,392.887482,403.254059,2025-02-20 15:00:00,5563.348
2025-02-20,16:00-17:00,2025,2,20,4,0,1,16,1,0,36308,14811.227,384.00412,393.270233,2025-02-20 16:00:00,4001.667
2025-02-20,17:00-18:00,2025,2,20,4,0,1,17,1,0,35825,14694.609,378.309662,382.791046,2025-02-20 17:00:00,2826.946
2025-02-20,18:00-19:00,2025,2,20,4,0,1,18,1,0,36069,14232.29,371.280792,382.178101,2025-02-20 18:00:00,2885.453
2025-02-20,19:00-20:00,2025,2,20,4,0,1,19,1,0,36481,14427.705,372.248535,362.46637,2025-02-20 19:00:00,3056.416
2025-02-20,20:00-21:00,2025,2,20,4,0,1,20,1,0,35766,13814.248,372.408356,371.368683,2025-02-20 20:00:00,3101.44
2025-02-20,21:00-22:00,2025,2,20,4,0,1,21,0,0,33391,11670.171,371.440033,371.355377,2025-02-20 21:00:00,3053.905
2025-02-20,22:00-23:00,2025,2,20,4,0,1,22,0,1,30384,11339.741,371.440002,351.440125,2025-02-20 22:00:00,2966.635
2025-02-20,23:00-24:00,2025,2,20,4,0,1,23,0,1,27943,11279.711,351.439911,331.440125,2025-02-20 23:00:00,2874.008
2025-02-21,00:00-01:00,2025,2,21,5,0,1,0,0,1,27552,10708.851,371.439972,351.440216,2025-02-21 00:00:00,2773.61
2025-02-21,01:00-02:00,2025,2,21,5,0,1,1,0,1,26012,10660.911,351.440125,351.440216,2025-02-21 01:00:00,2606.345
2025-02-21,02:00-03:00,2025,2,21,5,0,1,2,0,1,25443,10649.191,351.439819,331.440002,2025-02-21 02:00:00,2521.852
2025-02-21,03:00-04:00,2025,2,21,5,0,1,3,0,1,25070,10636.451,331.439819,331.439972,2025-02-21 03:00:00,2441.368
2025-02-21,04:00-05:00,2025,2,21,5,0,1,4,0,1,25263,10640.831,351.439972,350.000122,2025-02-21 04:00:00,2364.456
2025-02-21,05:00-06:00,2025,2,21,5,0,1,5,0,1,26680,10625.351,370.753967,351.440033,2025-02-21 05:00:00,2233.595
2025-02-21,06:00-07:00,2025,2,21,5,0,1,6,0,1,29395,12227.951,390.653748,390.627686,2025-02-21 06:00:00,2077.292
2025-02-21,07:00-08:00,2025,2,21,5,0,1,7,0,0,33096,13905.89,390.8396,425.897797,2025-02-21 07:00:00,3766.295
2025-02-21,08:00-09:00,2025,2,21,5,0,1,8,1,0,36021,15289.552,391.38681,409.194397,2025-02-21 08:00:00,7036.589
2025-02-21,09:00-10:00,2025,2,21,5,0,1,9,1,0,36542,14077.931,375.543457,412.292175,2025-02-21 09:00:00,10424.985
2025-02-21,10:00-11:00,2025,2,21,5,0,1,10,1,0,36974,13469.471,370.556244,412.623138,2025-02-21 10:00:00,13076.334
2025-02-21,11:00-12:00,2025,2,21,5,0,1,11,1,0,35010,12652.781,347.762177,386.807831,2025-02-21 11:00:00,14035.625
2025-02-21,12:00-13:00,2025,2,21,5,0,1,12,1,0,35319,12911.871,362.768311,392.110199,2025-02-21 12:00:00,13489.835
2025-02-21,13:00-14:00,2025,2,21,5,0,1,13,1,0,34729,13368.631,348.646637,422.017792,2025-02-21 13:00:00,11576.782
2025-02-21,14:00-15:00,2025,2,21,5,0,1,14,1,0,34455,13123.151,371.440186,456.65683,2025-02-21 14:00:00,8824.482
2025-02-21,15:00-16:00,2025,2,21,5,0,1,15,1,0,34812,15663.657,400.026184,446.624908,2025-02-21 15:00:00,6204.044
2025-02-21,16:00-17:00,2025,2,21,5,0,1,16,1,0,35495,16165.535,432.643616,449.037781,2025-02-21 16:00:00,3466.377
2025-02-21,17:00-18:00,2025,2,21,5,0,1,17,1,0,35161,16355.804,441.265961,442.581512,2025-02-21 17:00:00,1642.12
2025-02-21,18:00-19:00,2025,2,21,5,0,1,18,1,0,35498,16340.978,391.267273,425.599335,2025-02-21 18:00:00,1955.743
2025-02-21,19:00-20:00,2025,2,21,5,0,1,19,1,0,35498,15816.641,392.102203,391.152466,2025-02-21 19:00:00,2504.088
2025-02-21,20:00-21:00,2025,2,21,5,0,1,20,1,0,35275,15432.503,391.733185,422.352234,2025-02-21 20:00:00,2786.627
2025-02-21,21:00-22:00,2025,2,21,5,0,1,21,0,0,33106,12986.702,401.195282,391.012238,2025-02-21 21:00:00,2932.948
2025-02-21,22:00-23:00,2025,2,21,5,0,1,22,0,1,30559,11769.974,391.104034,390.684509,2025-02-21 22:00:00,2993.844
2025-02-21,23:00-24:00,2025,2,21,5,0,1,23,0,1,28209,11374.921,371.186005,371.439911,2025-02-21 23:00:00,2933.165
2025-02-22,00:00-01:00,2025,2,22,6,1,1,0,0,1,27690,10427.821,351.440033,351.439819,2025-02-22 00:00:00,2618.664
2025-02-22,01:00-02:00,2025,2,22,6,1,1,1,0,1,26418,9012.358,351.439972,351.43985,2025-02-22 01:00:00,2694.862
2025-02-22,02:00-03:00,2025,2,22,6,1,1,2,0,1,25542,8491.131,351.439789,351.439941,2025-02-22 02:00:00,2732.891
2025-02-22,03:00-04:00,2025,2,22,6,1,1,3,0,1,25098,8347.911,351.360809,351.43985,2025-02-22 03:00:00,2731.073
2025-02-22,04:00-05:00,2025,2,22,6,1,1,4,0,1,25134,8346.351,351.385162,351.440063,2025-02-22 04:00:00,2772.482
2025-02-22,05:00-06:00,2025,2,22,6,1,1,5,0,1,25966,9121.371,351.439941,351.440033,2025-02-22 05:00:00,2866.462
2025-02-22,06:00-07:00,2025,2,22,6,1,1,6,0,1,27690,11780.667,351.440125,331.440002,2025-02-22 06:00:00,3042.484
2025-02-22,07:00-08:00,2025,2,22,6,1,1,7,0,0,31398,12907.492,370.861572,351.440063,2025-02-22 07:00:00,3824.645
2025-02-22,08:00-09:00,2025,2,22,6,1,1,8,1,0,34766,13861.032,381.186432,371.440125,2025-02-22 08:00:00,4878.794
2025-02-22,09:00-10:00,2025,2,22,6,1,1,9,1,0,35970,12831.708,399.000061,371.403992,2025-02-22 09:00:00,5716.088
2025-02-22,10:00-11:00,2025,2,22,6,1,1,10,1,0,36997,13633.401,394.185059,372.044128,2025-02-22 10:00:00,6529.701
2025-02-22,11:00-12:00,2025,2,22,6,1,1,11,1,0,34956,12681.381,384.473419,371.897583,2025-02-22 11:00:00,7197.101
2025-02-22,12:00-13:00,2025,2,22,6,1,1,12,1,0,35384,12617.18,392.65567,371.043121,2025-02-22 12:00:00,7425.257
2025-02-22,13:00-14:00,2025,2,22,6,1,1,13,1,0,35010,12409.171,379.340393,371.439606,2025-02-22 13:00:00,7138.514
2025-02-22,14:00-15:00,2025,2,22,6,1,1,14,1,0,34956,12682.061,371.738007,371.440277,2025-02-22 14:00:00,6432.801
2025-02-22,15:00-16:00,2025,2,22,6,1,1,15,1,0,35384,14595.707,392.821442,391.296021,2025-02-22 15:00:00,5476.173
2025-02-22,16:00-17:00,2025,2,22,6,1,1,16,1,0,35919,15410.62,394.930481,392.199585,2025-02-22 16:00:00,4356.441
2025-02-22,17:00-18:00,2025,2,22,6,1,1,17,1,0,35812,15993.484,372.422455,371.342651,2025-02-22 17:00:00,3382.962
2025-02-22,18:00-19:00,2025,2,22,6,1,1,18,1,0,36186,16300.332,372.32547,371.440277,2025-02-22 18:00:00,3313.907
2025-02-22,19:00-20:00,2025,2,22,6,1,1,19,1,0,35972,16053.191,372.824829,371.395294,2025-02-22 19:00:00,3390.317
2025-02-22,20:00-21:00,2025,2,22,6,1,1,20,1,0,35437,14207.709,372.703888,371.440247,2025-02-22 20:00:00,3396.108
2025-02-22,21:00-22:00,2025,2,22,6,1,1,21,0,0,33245,11901.626,371.345612,371.440033,2025-02-22 21:00:00,3350.174
2025-02-22,22:00-23:00,2025,2,22,6,1,1,22,0,1,30678,10679.059,371.299713,371.440033,2025-02-22 22:00:00,3320.053
2025-02-22,23:00-24:00,2025,2,22,6,1,1,23,0,1,28432,10636.659,351.440094,351.440033,2025-02-22 23:00:00,3336.234
2025-02-23,00:00-01:00,2025,2,23,7,1,1,0,0,1,27926,11670.975,433.999939,434.0,2025-02-23 00:00:00,3252.237
2025-02-23,01:00-02:00,2025,2,23,7,1,1,1,0,1,26385,10832.584,371.439941,371.024841,2025-02-23 01:00:00,3410.047
2025-02-23,02:00-03:00,2025,2,23,7,1,1,2,0,1,25511,10445.424,351.440094,351.439941,2025-02-23 02:00:00,3500.229
2025-02-23,03:00-04:00,2025,2,23,7,1,1,3,0,1,25085,10476.854,331.440033,331.43988,2025-02-23 03:00:00,3543.225
2025-02-23,04:00-05:00,2025,2,23,7,1,1,4,0,1,25214,10527.414,331.440094,351.118103,2025-02-23 04:00:00,3546.054
2025-02-23,05:00-06:00,2025,2,23,7,1,1,5,0,1,26118,10496.684,351.439972,371.439972,2025-02-23 05:00:00,3489.677
2025-02-23,06:00-07:00,2025,2,23,7,1,1,6,0,1,27711,11942.212,371.439972,391.439911,2025-02-23 06:00:00,3447.867
2025-02-23,07:00-08:00,2025,2,23,7,1,1,7,0,0,31093,13497.555,446.845001,435.999695,2025-02-23 07:00:00,4966.593
2025-02-23,08:00-09:00,2025,2,23,7,1,1,8,1,0,33537,14776.953,400.425934,391.439941,2025-02-23 08:00:00,7979.369
2025-02-23,09:00-10:00,2025,2,23,7,1,1,9,1,0,34109,14158.85,306.542084,311.722321,2025-02-23 09:00:00,11474.639
2025-02-23,10:00-11:00,2025,2,23,7,1,1,10,1,0,34768,13788.948,293.364899,150.992889,2025-02-23 10:00:00,14883.315
2025-02-23,11:00-12:00,2025,2,23,7,1,1,11,1,0,33035,13326.794,123.348656,12.676759,2025-02-23 11:00:00,16871.007
2025-02-23,12:00-13:00,2025,2,23,7,1,1,12,1,0,32735,13608.764,127.358101,2.363056,2025-02-23 12:00:00,16880.23
2025-02-23,13:00-14:00,2025,2,23,7,1,1,13,1,0,32704,14253.194,102.646835,47.872688,2025-02-23 13:00:00,15418.294
2025-02-23,14:00-15:00,2025,2,23,7,1,1,14,1,0,32583,13332.534,303.558411,71.548286,2025-02-23 14:00:00,12638.143
2025-02-23,15:00-16:00,2025,2,23,7,1,1,15,1,0,33399,15682.799,360.30304,224.726028,2025-02-23 15:00:00,9275.788
2025-02-23,16:00-17:00,2025,2,23,7,1,1,16,1,0,34442,15785.002,450.357239,391.005066,2025-02-23 16:00:00,5450.275
2025-02-23,17:00-18:00,2025,2,23,7,1,1,17,1,0,34651,16481.208,456.000549,452.81427,2025-02-23 17:00:00,2578.493
2025-02-23,18:00-19:00,2025,2,23,7,1,1,18,1,0,35337,16396.323,451.999969,438.950867,2025-02-23 18:00:00,2618.093
2025-02-23,19:00-20:00,2025,2,23,7,1,1,19,1,0,35412,16052.602,453.999878,448.804993,2025-02-23 19:00:00,2951.742
2025-02-23,20:00-21:00,2025,2,23,7,1,1,20,1,0,34970,15581.054,455.677124,454.819946,2025-02-23 20:00:00,3063.247
2025-02-23,21:00-22:00,2025,2,23,7,1,1,21,0,0,32530,13083.284,454.0,454.570343,2025-02-23 21:00:00,3034.571
2025-02-23,22:00-23:00,2025,2,23,7,1,1,22,0,1,29963,11299.704,451.999878,453.479309,2025-02-23 22:00:00,2960.78
2025-02-23,23:00-24:00,2025,2,23,7,1,1,23,0,1,27742,10600.247,436.456299,435.999908,2025-02-23 23:00:00,2888.966
2025-02-24,00:00-01:00,2025,2,24,1,0,1,0,0,1,27383,10509.435,351.439972,351.440094,2025-02-24 00:00:00,2842.131
2025-02-24,01:00-02:00,2025,2,24,1,0,1,1,0,1,25918,10483.675,350.523132,350.521912,2025-02-24 01:00:00,2604.09
2025-02-24,02:00-03:00,2025,2,24,1,0,1,2,0,1,25147,10475.125,330.796814,350.478271,2025-02-24 02:00:00,2395.658
2025-02-24,03:00-04:00,2025,2,24,1,0,1,3,0,1,24905,10434.175,330.780945,330.774414,2025-02-24 03:00:00,2210.55
2025-02-24,04:00-05:00,2025,2,24,1,0,1,4,0,1,25207,10444.175,348.070282,330.781097,2025-02-24 04:00:00,2052.768
2025-02-24,05:00-06:00,2025,2,24,1,0,1,5,0,1,26594,10444.925,351.440002,351.43985,2025-02-24 05:00:00,1917.463
2025-02-24,06:00-07:00,2025,2,24,1,0,1,6,0,1,29130,11868.346,383.49411,371.440002,2025-02-24 06:00:00,1880.541
2025-02-24,07:00-08:00,2025,2,24,1,0,1,7,0,0,32847,13814.176,382.291473,390.592957,2025-02-24 07:00:00,4382.03
2025-02-24,08:00-09:00,2025,2,24,1,0,1,8,1,0,35677,15716.851,360.603577,370.874329,2025-02-24 08:00:00,8634.174
2025-02-24,09:00-10:00,2025,2,24,1,0,1,9,1,0,36300,15116.17,342.668427,303.375061,2025-02-24 09:00:00,12458.921
2025-02-24,10:00-11:00,2025,2,24,1,0,1,10,1,0,37065,14769.017,341.234314,301.830627,2025-02-24 10:00:00,14800.27
2025-02-24,11:00-12:00,2025,2,24,1,0,1,11,1,0,35110,13326.916,340.869873,270.596497,2025-02-24 11:00:00,15235.52
2025-02-24,12:00-13:00,2025,2,24,1,0,1,12,1,0,34659,13220.313,345.572144,224.025604,2025-02-24 12:00:00,14160.421
2025-02-24,13:00-14:00,2025,2,24,1,0,1,13,1,0,34454,13743.181,361.670807,210.626251,2025-02-24 13:00:00,11348.566
2025-02-24,14:00-15:00,2025,2,24,1,0,1,14,1,0,34400,12629.546,381.211731,373.762756,2025-02-24 14:00:00,7735.837
2025-02-24,15:00-16:00,2025,2,24,1,0,1,15,1,0,35095,15378.625,420.29715,472.08136,2025-02-24 15:00:00,4763.533
2025-02-24,16:00-17:00,2025,2,24,1,0,1,16,1,0,35890,16044.286,454.94223,489.107635,2025-02-24 16:00:00,2145.829
2025-02-24,17:00-18:00,2025,2,24,1,0,1,17,1,0,35478,16126.771,451.974609,453.03537,2025-02-24 17:00:00,546.52
2025-02-24,18:00-19:00,2025,2,24,1,0,1,18,1,0,36072,16144.415,423.691498,471.565643,2025-02-24 18:00:00,446.836
2025-02-24,19:00-20:00,2025,2,24,1,0,1,19,1,0,36116,15777.163,433.137817,449.037628,2025-02-24 19:00:00,539.68
2025-02-24,20:00-21:00,2025,2,24,1,0,1,20,1,0,35516,15177.58,432.743744,451.030945,2025-02-24 20:00:00,607.939
2025-02-24,21:00-22:00,2025,2,24,1,0,1,21,0,0,33063,12612.427,432.867493,436.381439,2025-02-24 21:00:00,702.3
2025-02-24,22:00-23:00,2025,2,24,1,0,1,22,0,1,30355,10626.945,449.880585,449.433868,2025-02-24 22:00:00,804.835
2025-02-24,23:00-24:00,2025,2,24,1,0,1,23,0,1,27982,10403.643,391.43988,391.440063,2025-02-24 23:00:00,878.969
2025-02-25,00:00-01:00,2025,2,25,2,0,1,0,0,1,28287,10876.795,370.624542,371.065857,2025-02-25 00:00:00,866.436
2025-02-25,01:00-02:00,2025,2,25,2,0,1,1,0,1,26934,10737.864,351.21579,351.230774,2025-02-25 01:00:00,902.079
2025-02-25,02:00-03:00,2025,2,25,2,0,1,2,0,1,26041,10430.101,350.767303,351.222076,2025-02-25 02:00:00,903.564
2025-02-25,03:00-04:00,2025,2,25,2,0,1,3,0,1,25509,10429.012,351.21344,351.206787,2025-02-25 03:00:00,887.438
2025-02-25,04:00-05:00,2025,2,25,2,0,1,4,0,1,25659,10608.411,351.440247,351.214691,2025-02-25 04:00:00,878.765
2025-02-25,05:00-06:00,2025,2,25,2,0,1,5,0,1,26908,10356.001,350.951324,351.440186,2025-02-25 05:00:00,824.011
2025-02-25,06:00-07:00,2025,2,25,2,0,1,6,0,1,29362,11865.997,382.21225,371.43988,2025-02-25 06:00:00,764.337
2025-02-25,07:00-08:00,2025,2,25,2,0,1,7,0,0,32869,13283.264,390.396759,371.10025,2025-02-25 07:00:00,1819.525
2025-02-25,08:00-09:00,2025,2,25,2,0,1,8,1,0,35880,14424.038,390.989166,399.281128,2025-02-25 08:00:00,4108.089
2025-02-25,09:00-10:00,2025,2,25,2,0,1,9,1,0,36099,13402.058,391.156219,370.957367,2025-02-25 09:00:00,6979.412
2025-02-25,10:00-11:00,2025,2,25,2,0,1,10,1,0,36777,13017.951,385.375519,372.64212,2025-02-25 10:00:00,10390.71
2025-02-25,11:00-12:00,2025,2,25,2,0,1,11,1,0,34818,12582.747,351.172028,334.224426,2025-02-25 11:00:00,13102.798
2025-02-25,12:00-13:00,2025,2,25,2,0,1,12,1,0,34433,13257.529,326.624878,326.643738,2025-02-25 12:00:00,14261.034
2025-02-25,13:00-14:00,2025,2,25,2,0,1,13,1,0,33933,14463.719,266.667847,171.772766,2025-02-25 13:00:00,14259.947
2025-02-25,14:00-15:00,2025,2,25,2,0,1,14,1,0,33264,14003.189,331.78949,232.34433,2025-02-25 14:00:00,12743.058
2025-02-25,15:00-16:00,2025,2,25,2,0,1,15,1,0,33799,15909.662,361.818665,314.887573,2025-02-25 15:00:00,9338.633
2025-02-25,16:00-17:00,2025,2,25,2,0,1,16,1,0,34555,15617.678,382.413422,351.176636,2025-02-25 16:00:00,4740.231
2025-02-25,17:00-18:00,2025,2,25,2,0,1,17,1,0,34781,15604.851,390.311249,370.631531,2025-02-25 17:00:00,1022.84
2025-02-25,18:00-19:00,2025,2,25,2,0,1,18,1,0,35562,16007.428,382.510162,370.61615,2025-02-25 18:00:00,917.935
2025-02-25,19:00-20:00,2025,2,25,2,0,1,19,1,0,35616,15715.298,382.469086,370.630096,2025-02-25 19:00:00,1321.897
2025-02-25,20:00-21:00,2025,2,25,2,0,1,20,1,0,35145,15104.136,382.293091,370.592468,2025-02-25 20:00:00,1665.0
2025-02-25,21:00-22:00,2025,2,25,2,0,1,21,0,0,33029,12613.006,382.121429,368.439362,2025-02-25 21:00:00,1919.239
2025-02-25,22:00-23:00,2025,2,25,2,0,1,22,0,1,30368,10640.899,371.08316,351.262268,2025-02-25 22:00:00,2075.205
2025-02-25,23:00-24:00,2025,2,25,2,0,1,23,0,1,28119,10474.041,351.440125,351.440277,2025-02-25 23:00:00,2110.821
2025-02-26,00:00-01:00,2025,2,26,3,0,1,0,0,1,27607,11009.573,390.514374,370.231964,2025-02-26 00:00:00,2047.311
2025-02-26,01:00-02:00,2025,2,26,3,0,1,1,0,1,26328,10784.522,370.400116,371.440063,2025-02-26 01:00:00,1881.67
2025-02-26,02:00-03:00,2025,2,26,3,0,1,2,0,1,25631,10641.182,350.364655,350.778748,2025-02-26 02:00:00,1722.065
2025-02-26,03:00-04:00,2025,2,26,3,0,1,3,0,1,25085,10400.922,350.166656,350.767792,2025-02-26 03:00:00,1560.059
2025-02-26,04:00-05:00,2025,2,26,3,0,1,4,0,1,25305,10585.582,370.337494,350.747559,2025-02-26 04:00:00,1479.315
2025-02-26,05:00-06:00,2025,2,26,3,0,1,5,0,1,26617,10399.752,370.343414,370.331238,2025-02-26 05:00:00,1452.509
2025-02-26,06:00-07:00,2025,2,26,3,0,1,6,0,1,28874,12166.227,433.675842,449.963135,2025-02-26 06:00:00,1557.054
2025-02-26,07:00-08:00,2025,2,26,3,0,1,7,0,0,32866,13965.665,437.975494,453.858124,2025-02-26 07:00:00,3907.892
2025-02-26,08:00-09:00,2025,2,26,3,0,1,8,1,0,35660,15188.921,383.892853,352.203461,2025-02-26 08:00:00,7709.02
2025-02-26,09:00-10:00,2025,2,26,3,0,1,9,1,0,36159,14512.85,300.707855,242.393219,2025-02-26 09:00:00,11330.31
2025-02-26,10:00-11:00,2025,2,26,3,0,1,10,1,0,36658,14329.377,245.482971,238.236511,2025-02-26 10:00:00,14045.786
2025-02-26,11:00-12:00,2025,2,26,3,0,1,11,1,0,33864,13649.748,113.211891,82.399857,2025-02-26 11:00:00,15388.79
2025-02-26,12:00-13:00,2025,2,26,3,0,1,12,1,0,34114,13769.228,112.992607,66.220818,2025-02-26 12:00:00,15066.341
2025-02-26,13:00-14:00,2025,2,26,3,0,1,13,1,0,33515,14172.468,112.273369,45.554539,2025-02-26 13:00:00,13112.337
2025-02-26,14:00-15:00,2025,2,26,3,0,1,14,1,0,32916,13162.648,240.542572,47.455196,2025-02-26 14:00:00,10344.629
2025-02-26,15:00-16:00,2025,2,26,3,0,1,15,1,0,33215,15035.944,385.277954,343.651245,2025-02-26 15:00:00,7585.85
2025-02-26,16:00-17:00,2025,2,26,3,0,1,16,1,0,33964,15355.75,447.158234,454.524078,2025-02-26 16:00:00,4786.797
2025-02-26,17:00-18:00,2025,2,26,3,0,1,17,1,0,34138,15540.954,453.999634,452.457458,2025-02-26 17:00:00,2787.223
2025-02-26,18:00-19:00,2025,2,26,3,0,1,18,1,0,34828,15794.302,446.50415,435.214081,2025-02-26 18:00:00,2927.783
2025-02-26,19:00-20:00,2025,2,26,3,0,1,19,1,0,35311,15583.115,446.131378,431.048462,2025-02-26 19:00:00,3377.338
2025-02-26,20:00-21:00,2025,2,26,3,0,1,20,1,0,35112,15038.951,447.380127,432.847137,2025-02-26 20:00:00,3751.269
2025-02-26,21:00-22:00,2025,2,26,3,0,1,21,0,0,33016,12656.957,436.000031,390.874603,2025-02-26 21:00:00,4021.421
2025-02-26,22:00-23:00,2025,2,26,3,0,1,22,0,1,30072,10640.722,435.999969,370.378448,2025-02-26 22:00:00,4191.019
2025-02-26,23:00-24:00,2025,2,26,3,0,1,23,0,1,27349,10588.24,371.440216,350.81192,2025-02-26 23:00:00,4226.178
2025-02-27,00:00-01:00,2025,2,27,4,0,1,0,0,1,27375,10456.272,453.845612,448.305084,2025-02-27 00:00:00,4712.645
2025-02-27,01:00-02:00,2025,2,27,4,0,1,1,0,1,26158,10312.532,440.778503,436.000122,2025-02-27 01:00:00,4566.503
2025-02-27,02:00-03:00,2025,2,27,4,0,1,2,0,1,25469,10309.302,430.325439,291.346008,2025-02-27 02:00:00,4401.873
2025-02-27,03:00-04:00,2025,2,27,4,0,1,3,0,1,25000,10243.755,410.640442,292.487091,2025-02-27 03:00:00,4159.404
2025-02-27,04:00-05:00,2025,2,27,4,0,1,4,0,1,25302,10277.41,432.901489,372.884796,2025-02-27 04:00:00,3914.405
2025-02-27,05:00-06:00,2025,2,27,4,0,1,5,0,1,26422,10284.912,453.719879,437.949036,2025-02-27 05:00:00,3727.074
2025-02-27,06:00-07:00,2025,2,27,4,0,1,6,0,1,29196,12137.132,459.792938,456.000336,2025-02-27 06:00:00,3682.323
2025-02-27,07:00-08:00,2025,2,27,4,0,1,7,0,0,32786,14042.394,457.8927,457.899933,2025-02-27 07:00:00,6711.948
2025-02-27,08:00-09:00,2025,2,27,4,0,1,8,1,0,34830,16066.878,346.590851,268.821014,2025-02-27 08:00:00,11901.123
2025-02-27,09:00-10:00,2025,2,27,4,0,1,9,1,0,35357,16173.578,126.448959,83.264847,2025-02-27 09:00:00,17199.47
2025-02-27,10:00-11:00,2025,2,27,4,0,1,10,1,0,35409,16094.598,81.767715,106.865891,2025-02-27 10:00:00,21160.58
2025-02-27,11:00-12:00,2025,2,27,4,0,1,11,1,0,33267,15637.158,50.268532,45.282875,2025-02-27 11:00:00,22808.41
2025-02-27,12:00-13:00,2025,2,27,4,0,1,12,1,0,33214,15925.768,58.385036,26.520187,2025-02-27 12:00:00,22757.436
2025-02-27,13:00-14:00,2025,2,27,4,0,1,13,1,0,32378,16460.388,48.527767,23.899544,2025-02-27 13:00:00,21102.676
2025-02-27,14:00-15:00,2025,2,27,4,0,1,14,1,0,31856,15272.378,32.426346,0.71463,2025-02-27 14:00:00,17682.247
2025-02-27,15:00-16:00,2025,2,27,4,0,1,15,1,0,32274,16622.404,216.113556,46.130138,2025-02-27 15:00:00,12669.849
2025-02-27,16:00-17:00,2025,2,27,4,0,1,16,1,0,32483,15820.574,457.784363,469.088501,2025-02-27 16:00:00,6892.14
2025-02-27,17:00-18:00,2025,2,27,4,0,1,17,1,0,32901,15708.194,476.981934,476.801086,2025-02-27 17:00:00,2439.26
2025-02-27,18:00-19:00,2025,2,27,4,0,1,18,1,0,33632,16158.391,470.643555,474.036377,2025-02-27 18:00:00,2174.936
2025-02-27,19:00-20:00,2025,2,27,4,0,1,19,1,0,33998,15890.546,472.014984,474.060974,2025-02-27 19:00:00,2384.781
2025-02-27,20:00-21:00,2025,2,27,4,0,1,20,1,0,34103,15597.723,473.00592,476.038879,2025-02-27 20:00:00,2452.768
2025-02-27,21:00-22:00,2025,2,27,4,0,1,21,0,0,32130,12791.367,474.512756,471.07132,2025-02-27 21:00:00,2379.89
2025-02-27,22:00-23:00,2025,2,27,4,0,1,22,0,1,29243,10902.105,477.325562,475.317627,2025-02-27 22:00:00,2269.449
2025-02-27,23:00-24:00,2025,2,27,4,0,1,23,0,1,27143,10476.881,459.789185,459.958435,2025-02-27 23:00:00,2145.932
2025-02-28,00:00-01:00,2025,2,28,5,0,1,0,0,1,27171,11281.242,371.440094,371.439941,2025-02-28 00:00:00,2214.933
2025-02-28,01:00-02:00,2025,2,28,5,0,1,1,0,1,26072,10962.932,351.439758,351.439972,2025-02-28 01:00:00,2073.048
2025-02-28,02:00-03:00,2025,2,28,5,0,1,2,0,1,25277,10518.608,351.440033,351.440063,2025-02-28 02:00:00,1967.253
2025-02-28,03:00-04:00,2025,2,28,5,0,1,3,0,1,24774,10261.432,351.440094,351.440125,2025-02-28 03:00:00,1903.805
2025-02-28,04:00-05:00,2025,2,28,5,0,1,4,0,1,25065,10380.292,351.439972,351.456635,2025-02-28 04:00:00,1907.644
2025-02-28,05:00-06:00,2025,2,28,5,0,1,5,0,1,25756,10516.482,351.440063,371.010498,2025-02-28 05:00:00,1940.835
2025-02-28,06:00-07:00,2025,2,28,5,0,1,6,0,1,27874,12302.687,371.43988,371.440063,2025-02-28 06:00:00,2125.165
2025-02-28,07:00-08:00,2025,2,28,5,0,1,7,0,0,31686,14190.798,371.439911,391.127838,2025-02-28 07:00:00,4912.615
2025-02-28,08:00-09:00,2025,2,28,5,0,1,8,1,0,34327,15264.367,370.509735,389.364349,2025-02-28 08:00:00,9069.857
2025-02-28,09:00-10:00,2025,2,28,5,0,1,9,1,0,34787,14583.759,361.160339,390.310486,2025-02-28 09:00:00,12857.171
2025-02-28,10:00-11:00,2025,2,28,5,0,1,10,1,0,34620,14322.466,370.789154,752.8797,2025-02-28 10:00:00,15563.662
2025-02-28,11:00-12:00,2025,2,28,5,0,1,11,1,0,32609,13474.902,351.14975,371.053009,2025-02-28 11:00:00,16641.592
2025-02-28,12:00-13:00,2025,2,28,5,0,1,12,1,0,33070,13640.042,351.126434,391.814148,2025-02-28 12:00:00,16591.856
2025-02-28,13:00-14:00,2025,2,28,5,0,1,13,1,0,32357,14200.472,349.984039,390.343018,2025-02-28 13:00:00,15329.626
2025-02-28,14:00-15:00,2025,2,28,5,0,1,14,1,0,31603,13277.682,360.992889,399.524567,2025-02-28 14:00:00,12728.926
2025-02-28,15:00-16:00,2025,2,28,5,0,1,15,1,0,32009,15008.768,370.552948,389.800781,2025-02-28 15:00:00,9618.558
2025-02-28,16:00-17:00,2025,2,28,5,0,1,16,1,0,32483,15169.064,371.366119,391.138672,2025-02-28 16:00:00,6148.432
2025-02-28,17:00-18:00,2025,2,28,5,0,1,17,1,0,32399,15551.284,371.44043,384.803772,2025-02-28 17:00:00,3323.276
2025-02-28,18:00-19:00,2025,2,28,5,0,1,18,1,0,33375,15567.563,371.439941,370.388214,2025-02-28 18:00:00,3224.509
2025-02-28,19:00-20:00,2025,2,28,5,0,1,19,1,0,33572,15306.103,370.665253,364.369904,2025-02-28 19:00:00,3527.662
2025-02-28,20:00-21:00,2025,2,28,5,0,1,20,1,0,33007,14638.816,371.439972,371.440094,2025-02-28 20:00:00,3765.741
2025-02-28,21:00-22:00,2025,2,28,5,0,1,21,0,0,31192,12444.637,371.439911,349.84552,2025-02-28 21:00:00,3951.411
2025-02-28,22:00-23:00,2025,2,28,5,0,1,22,0,1,28689,10677.149,371.440186,359.369415,2025-02-28 22:00:00,4073.334
2025-02-28,23:00-24:00,2025,2,28,5,0,1,23,0,1,26532,10463.412,351.440033,350.982635,2025-02-28 23:00:00,4101.281
2025-03-01,00:00-01:00,2025,3,1,6,1,1,0,0,1,26692,11422.023,430.599945,428.512115,2025-03-01 00:00:00,2303.832
2025-03-01,01:00-02:00,2025,3,1,6,1,1,1,0,1,25356,10720.232,412.700287,427.084412,2025-03-01 01:00:00,2291.812
2025-03-01,02:00-03:00,2025,3,1,6,1,1,2,0,1,24541,10338.102,407.000244,387.54657,2025-03-01 02:00:00,2267.844
2025-03-01,03:00-04:00,2025,3,1,6,1,1,3,0,1,24089,10387.002,391.0,386.760498,2025-03-01 03:00:00,2260.064
2025-03-01,04:00-05:00,2025,3,1,6,1,1,4,0,1,24142,10402.362,391.999969,406.427307,2025-03-01 04:00:00,2314.129
2025-03-01,05:00-06:00,2025,3,1,6,1,1,5,0,1,25015,10421.012,405.0,431.490662,2025-03-01 05:00:00,2435.804
2025-03-01,06:00-07:00,2025,3,1,6,1,1,6,0,1,27346,11859.152,411.000031,434.003052,2025-03-01 06:00:00,2690.934
2025-03-01,07:00-08:00,2025,3,1,6,1,1,7,0,0,30676,12969.622,419.846558,434.287659,2025-03-01 07:00:00,5109.965
2025-03-01,08:00-09:00,2025,3,1,6,1,1,8,1,0,33001,14185.36,412.722656,434.384766,2025-03-01 08:00:00,8694.099
2025-03-01,09:00-10:00,2025,3,1,6,1,1,9,1,0,33495,13969.192,340.345093,424.889557,2025-03-01 09:00:00,12073.709
2025-03-01,10:00-11:00,2025,3,1,6,1,1,10,1,0,33786,13418.242,288.402649,420.471649,2025-03-01 10:00:00,14869.309
2025-03-01,11:00-12:00,2025,3,1,6,1,1,11,1,0,31934,12891.762,130.752808,330.534058,2025-03-01 11:00:00,16380.946
2025-03-01,12:00-13:00,2025,3,1,6,1,1,12,1,0,31902,13283.022,120.751328,284.018219,2025-03-01 12:00:00,16518.814
2025-03-01,13:00-14:00,2025,3,1,6,1,1,13,1,0,31406,13982.582,103.328865,227.240723,2025-03-01 13:00:00,15208.418
2025-03-01,14:00-15:00,2025,3,1,6,1,1,14,1,0,30772,13094.112,199.782211,389.200989,2025-03-01 14:00:00,12490.176
2025-03-01,15:00-16:00,2025,3,1,6,1,1,15,1,0,31188,14912.482,341.998566,453.527893,2025-03-01 15:00:00,9044.527
2025-03-01,16:00-17:00,2025,3,1,6,1,1,16,1,0,31878,15535.038,429.667297,462.546173,2025-03-01 16:00:00,5401.274
2025-03-01,17:00-18:00,2025,3,1,6,1,1,17,1,0,32146,16395.929,429.19339,440.202393,2025-03-01 17:00:00,2718.482
2025-03-01,18:00-19:00,2025,3,1,6,1,1,18,1,0,32676,16378.85,433.045288,419.02597,2025-03-01 18:00:00,2508.262
2025-03-01,19:00-20:00,2025,3,1,6,1,1,19,1,0,33031,16380.214,433.620056,405.100616,2025-03-01 19:00:00,2660.337
2025-03-01,20:00-21:00,2025,3,1,6,1,1,20,1,0,32793,15993.722,433.64856,391.0,2025-03-01 20:00:00,2740.64
2025-03-01,21:00-22:00,2025,3,1,6,1,1,21,0,0,30762,13546.75,428.738434,390.999939,2025-03-01 21:00:00,2834.003
2025-03-01,22:00-23:00,2025,3,1,6,1,1,22,0,1,28436,11784.4,430.993805,390.346924,2025-03-01 22:00:00,2992.142
2025-03-01,23:00-24:00,2025,3,1,6,1,1,23,0,1,26680,10644.962,390.999878,367.000061,2025-03-01 23:00:00,3188.434
2025-03-02,00:00-01:00,2025,3,2,7,1,1,0,0,1,26203,12405.878,364.539459,267.000061,2025-03-02 00:00:00,3506.021
2025-03-02,01:00-02:00,2025,3,2,7,1,1,1,0,1,24985,11932.293,285.999908,248.0,2025-03-02 01:00:00,3565.358
2025-03-02,02:00-03:00,2025,3,2,7,1,1,2,0,1,24454,11772.42,217.0,211.999939,2025-03-02 02:00:00,3728.499
2025-03-02,03:00-04:00,2025,3,2,7,1,1,3,0,1,23843,11042.93,211.999924,149.999985,2025-03-02 03:00:00,3889.199
2025-03-02,04:00-05:00,2025,3,2,7,1,1,4,0,1,23912,10966.14,211.999878,167.000061,2025-03-02 04:00:00,4044.395
2025-03-02,05:00-06:00,2025,3,2,7,1,1,5,0,1,24670,11423.361,172.999969,211.999954,2025-03-02 05:00:00,4172.791
2025-03-02,06:00-07:00,2025,3,2,7,1,1,6,0,1,26531,12981.888,216.999939,149.999969,2025-03-02 06:00:00,4384.702
2025-03-02,07:00-08:00,2025,3,2,7,1,1,7,0,0,29057,13992.83,266.999817,287.999969,2025-03-02 07:00:00,6578.288
2025-03-02,08:00-09:00,2025,3,2,7,1,1,8,1,0,31311,14956.751,275.587616,390.831451,2025-03-02 08:00:00,9904.524
2025-03-02,09:00-10:00,2025,3,2,7,1,1,9,1,0,32233,14774.355,122.026207,390.74704,2025-03-02 09:00:00,13242.271
2025-03-02,10:00-11:00,2025,3,2,7,1,1,10,1,0,32754,14102.156,101.654083,410.685608,2025-03-02 10:00:00,15920.776
2025-03-02,11:00-12:00,2025,3,2,7,1,1,11,1,0,31307,12864.073,104.814758,390.572693,2025-03-02 11:00:00,17409.289
2025-03-02,12:00-13:00,2025,3,2,7,1,1,12,1,0,31581,13043.387,76.870941,362.406036,2025-03-02 12:00:00,17321.71
2025-03-02,13:00-14:00,2025,3,2,7,1,1,13,1,0,31088,13436.85,63.257473,388.495239,2025-03-02 13:00:00,15793.078
2025-03-02,14:00-15:00,2025,3,2,7,1,1,14,1,0,30629,12471.16,115.023636,389.914001,2025-03-02 14:00:00,13176.107
2025-03-02,15:00-16:00,2025,3,2,7,1,1,15,1,0,30897,14650.54,159.656891,282.0,2025-03-02 15:00:00,10555.239
2025-03-02,16:00-17:00,2025,3,2,7,1,1,16,1,0,31930,15077.909,281.313263,257.402679,2025-03-02 16:00:00,8310.8
2025-03-02,17:00-18:00,2025,3,2,7,1,1,17,1,0,32044,15542.753,291.542999,181.519821,2025-03-02 17:00:00,6907.662
2025-03-02,18:00-19:00,2025,3,2,7,1,1,18,1,0,32689,16231.852,225.308411,158.909439,2025-03-02 18:00:00,6854.196
2025-03-02,19:00-20:00,2025,3,2,7,1,1,19,1,0,32819,16030.018,259.888336,159.679947,2025-03-02 19:00:00,6966.634
2025-03-02,20:00-21:00,2025,3,2,7,1,1,20,1,0,32330,15297.477,263.233582,161.43779,2025-03-02 20:00:00,7019.836
2025-03-02,21:00-22:00,2025,3,2,7,1,1,21,0,0,30310,13276.424,256.284424,129.834686,2025-03-02 21:00:00,7030.515
2025-03-02,22:00-23:00,2025,3,2,7,1,1,22,0,1,28029,11440.985,253.000092,80.0,2025-03-02 22:00:00,7030.822
2025-03-02,23:00-24:00,2025,3,2,7,1,1,23,0,1,26269,11158.45,136.0,59.999996,2025-03-02 23:00:00,6971.331
2025-03-03,00:00-01:00,2025,3,3,1,0,1,0,0,1,26147,10335.712,230.999954,212.0,2025-03-03 00:00:00,6901.938
2025-03-03,01:00-02:00,2025,3,3,1,0,1,1,0,1,25058,9019.562,287.903717,285.999969,2025-03-03 01:00:00,6855.974
2025-03-03,02:00-03:00,2025,3,3,1,0,1,2,0,1,24365,8919.302,247.999985,247.999954,2025-03-03 02:00:00,6782.524
2025-03-03,03:00-04:00,2025,3,3,1,0,1,3,0,1,23795,8837.112,211.928345,231.0,2025-03-03 03:00:00,6702.865
2025-03-03,04:00-05:00,2025,3,3,1,0,1,4,0,1,24211,8834.682,233.000046,287.999969,2025-03-03 04:00:00,6628.631
2025-03-03,05:00-06:00,2025,3,3,1,0,1,5,0,1,25820,10493.302,134.762985,248.000092,2025-03-03 05:00:00,6511.838
2025-03-03,06:00-07:00,2025,3,3,1,0,1,6,0,1,28708,12357.689,222.675385,364.999878,2025-03-03 06:00:00,6467.849
2025-03-03,07:00-08:00,2025,3,3,1,0,1,7,0,0,32084,12697.82,381.798615,431.262756,2025-03-03 07:00:00,6693.588
2025-03-03,08:00-09:00,2025,3,3,1,0,1,8,1,0,35140,13712.702,435.204529,474.222839,2025-03-03 08:00:00,7115.67
2025-03-03,09:00-10:00,2025,3,3,1,0,1,9,1,0,36551,13052.539,450.483337,540.722229,2025-03-03 09:00:00,7656.9
2025-03-03,10:00-11:00,2025,3,3,1,0,1,10,1,0,37342,13601.959,550.429382,552.232788,2025-03-03 10:00:00,8251.681
2025-03-03,11:00-12:00,2025,3,3,1,0,1,11,1,0,35459,14034.522,432.817322,405.206726,2025-03-03 11:00:00,8679.639
2025-03-03,12:00-13:00,2025,3,3,1,0,1,12,1,0,35625,13797.702,384.930084,424.766083,2025-03-03 12:00:00,8747.739
2025-03-03,13:00-14:00,2025,3,3,1,0,1,13,1,0,34699,13338.68,380.660828,517.065369,2025-03-03 13:00:00,8548.207
2025-03-03,14:00-15:00,2025,3,3,1,0,1,14,1,0,34372,12800.332,458.822876,522.480469,2025-03-03 14:00:00,8168.6
2025-03-03,15:00-16:00,2025,3,3,1,0,1,15,1,0,35407,14368.381,470.708557,630.085632,2025-03-03 15:00:00,7515.137
2025-03-03,16:00-17:00,2025,3,3,1,0,1,16,1,0,36279,14263.286,496.328094,628.612122,2025-03-03 16:00:00,6610.498
2025-03-03,17:00-18:00,2025,3,3,1,0,1,17,1,0,35323,15151.368,417.946808,475.124176,2025-03-03 17:00:00,5733.313
2025-03-03,18:00-19:00,2025,3,3,1,0,1,18,1,0,35734,15706.898,424.679474,475.17868,2025-03-03 18:00:00,5478.619
2025-03-03,19:00-20:00,2025,3,3,1,0,1,19,1,0,36605,15825.488,417.296692,454.882538,2025-03-03 19:00:00,5300.056
2025-03-03,20:00-21:00,2025,3,3,1,0,1,20,1,0,35486,14774.208,430.450073,465.743835,2025-03-03 20:00:00,5056.916
2025-03-03,21:00-22:00,2025,3,3,1,0,1,21,0,0,32956,13246.708,410.234314,450.138306,2025-03-03 21:00:00,4780.417
2025-03-03,22:00-23:00,2025,3,3,1,0,1,22,0,1,30450,11295.192,392.271393,387.720154,2025-03-03 22:00:00,4488.931
2025-03-03,23:00-24:00,2025,3,3,1,0,1,23,0,1,28380,11039.252,373.692688,367.16568,2025-03-03 23:00:00,4142.013
2025-03-04,00:00-01:00,2025,3,4,2,0,1,0,0,1,27565,10697.262,325.08252,343.501587,2025-03-04 00:00:00,3901.521
2025-03-04,01:00-02:00,2025,3,4,2,0,1,1,0,1,26468,9713.762,324.692657,343.410492,2025-03-04 01:00:00,3672.154
2025-03-04,02:00-03:00,2025,3,4,2,0,1,2,0,1,25992,9668.642,324.875458,322.827393,2025-03-04 02:00:00,3534.976
2025-03-04,03:00-04:00,2025,3,4,2,0,1,3,0,1,25415,9596.552,324.772308,340.268799,2025-03-04 03:00:00,3368.376
2025-03-04,04:00-05:00,2025,3,4,2,0,1,4,0,1,25464,9638.192,324.391113,341.780396,2025-03-04 04:00:00,3141.246
2025-03-04,05:00-06:00,2025,3,4,2,0,1,5,0,1,26926,9708.544,324.909271,342.684204,2025-03-04 05:00:00,2777.686
2025-03-04,06:00-07:00,2025,3,4,2,0,1,6,0,1,30067,12069.702,348.40979,343.705505,2025-03-04 06:00:00,2476.19
2025-03-04,07:00-08:00,2025,3,4,2,0,1,7,0,0,33726,12650.397,372.994385,375.172699,2025-03-04 07:00:00,3761.273
2025-03-04,08:00-09:00,2025,3,4,2,0,1,8,1,0,36730,14423.982,426.545624,563.038269,2025-03-04 08:00:00,5990.943
2025-03-04,09:00-10:00,2025,3,4,2,0,1,9,1,0,37224,13794.022,491.782532,582.749573,2025-03-04 09:00:00,8425.601
2025-03-04,10:00-11:00,2025,3,4,2,0,1,10,1,0,37832,15028.902,451.304108,551.949219,2025-03-04 10:00:00,10656.616
2025-03-04,11:00-12:00,2025,3,4,2,0,1,11,1,0,34589,13104.262,363.151306,430.333466,2025-03-04 11:00:00,11950.122
2025-03-04,12:00-13:00,2025,3,4,2,0,1,12,1,0,34230,13597.902,362.667877,500.138916,2025-03-04 12:00:00,12118.143
2025-03-04,13:00-14:00,2025,3,4,2,0,1,13,1,0,34481,14451.392,360.421661,503.680359,2025-03-04 13:00:00,11382.896
2025-03-04,14:00-15:00,2025,3,4,2,0,1,14,1,0,34177,14057.112,355.615601,486.354706,2025-03-04 14:00:00,9842.432
2025-03-04,15:00-16:00,2025,3,4,2,0,1,15,1,0,34489,15359.012,373.699707,480.92984,2025-03-04 15:00:00,7312.845
2025-03-04,16:00-17:00,2025,3,4,2,0,1,16,1,0,35549,15835.298,392.530823,560.816589,2025-03-04 16:00:00,4142.854
2025-03-04,17:00-18:00,2025,3,4,2,0,1,17,1,0,35159,15988.736,383.679779,428.265747,2025-03-04 17:00:00,1423.997
2025-03-04,18:00-19:00,2025,3,4,2,0,1,18,1,0,36072,16436.319,376.196869,419.626343,2025-03-04 18:00:00,1180.695
2025-03-04,19:00-20:00,2025,3,4,2,0,1,19,1,0,36530,16318.23,376.601929,392.123871,2025-03-04 19:00:00,1443.296
2025-03-04,20:00-21:00,2025,3,4,2,0,1,20,1,0,36114,15432.85,393.21167,480.50412,2025-03-04 20:00:00,1610.885
2025-03-04,21:00-22:00,2025,3,4,2,0,1,21,0,0,33284,13018.4,395.350861,419.611877,2025-03-04 21:00:00,1758.112
2025-03-04,22:00-23:00,2025,3,4,2,0,1,22,0,1,30172,11244.022,371.720581,368.703369,2025-03-04 22:00:00,1848.84
2025-03-04,23:00-24:00,2025,3,4,2,0,1,23,0,1,28268,10984.104,364.939362,357.248047,2025-03-04 23:00:00,1831.5
2025-03-05,00:00-01:00,2025,3,5,3,0,1,0,0,1,28499,10371.052,364.445374,362.751129,2025-03-05 00:00:00,1903.213
2025-03-05,01:00-02:00,2025,3,5,3,0,1,1,0,1,27180,9299.918,347.95639,365.608704,2025-03-05 01:00:00,1970.803
2025-03-05,02:00-03:00,2025,3,5,3,0,1,2,0,1,26383,9095.812,348.140076,343.520935,2025-03-05 02:00:00,2069.545
2025-03-05,03:00-04:00,2025,3,5,3,0,1,3,0,1,25851,9014.002,348.202759,343.786682,2025-03-05 03:00:00,2232.279
2025-03-05,04:00-05:00,2025,3,5,3,0,1,4,0,1,25851,9026.612,348.188354,344.10788,2025-03-05 04:00:00,2417.216
2025-03-05,05:00-06:00,2025,3,5,3,0,1,5,0,1,27196,10105.062,347.110046,343.202362,2025-03-05 05:00:00,2602.961
2025-03-05,06:00-07:00,2025,3,5,3,0,1,6,0,1,30210,12255.462,366.893738,363.425812,2025-03-05 06:00:00,2882.713
2025-03-05,07:00-08:00,2025,3,5,3,0,1,7,0,0,33772,13262.632,367.207642,364.18634,2025-03-05 07:00:00,4697.118
2025-03-05,08:00-09:00,2025,3,5,3,0,1,8,1,0,36972,14436.624,383.702271,346.459534,2025-03-05 08:00:00,6858.313
2025-03-05,09:00-10:00,2025,3,5,3,0,1,9,1,0,37883,14113.962,399.57724,358.162964,2025-03-05 09:00:00,8377.542
2025-03-05,10:00-11:00,2025,3,5,3,0,1,10,1,0,38024,15468.476,341.398773,352.451813,2025-03-05 10:00:00,9163.388
2025-03-05,11:00-12:00,2025,3,5,3,0,1,11,1,0,35251,14427.272,367.668884,308.566803,2025-03-05 11:00:00,9280.065
2025-03-05,12:00-13:00,2025,3,5,3,0,1,12,1,0,35169,14201.102,382.066772,412.7211,2025-03-05 12:00:00,8694.893
2025-03-05,13:00-14:00,2025,3,5,3,0,1,13,1,0,34760,13665.014,395.443146,425.924774,2025-03-05 13:00:00,7492.955
2025-03-05,14:00-15:00,2025,3,5,3,0,1,14,1,0,34506,13217.695,394.203247,360.692413,2025-03-05 14:00:00,6176.595
2025-03-05,15:00-16:00,2025,3,5,3,0,1,15,1,0,34824,14727.172,409.368744,377.53244,2025-03-05 15:00:00,5193.201
2025-03-05,16:00-17:00,2025,3,5,3,0,1,16,1,0,35317,14736.415,383.14859,361.244965,2025-03-05 16:00:00,4225.255
2025-03-05,17:00-18:00,2025,3,5,3,0,1,17,1,0,34980,15150.252,383.019684,363.82666,2025-03-05 17:00:00,3565.096
2025-03-05,18:00-19:00,2025,3,5,3,0,1,18,1,0,36436,15756.882,382.996674,367.767334,2025-03-05 18:00:00,3670.136
2025-03-05,19:00-20:00,2025,3,5,3,0,1,19,1,0,36684,15739.602,383.738647,364.680389,2025-03-05 19:00:00,3862.131
2025-03-05,20:00-21:00,2025,3,5,3,0,1,20,1,0,35949,14802.412,390.857452,378.834625,2025-03-05 20:00:00,3901.246
2025-03-05,21:00-22:00,2025,3,5,3,0,1,21,0,0,33730,13084.883,383.012329,374.322906,2025-03-05 21:00:00,3925.704
2025-03-05,22:00-23:00,2025,3,5,3,0,1,22,0,1,30782,11078.002,362.916504,359.662689,2025-03-05 22:00:00,4031.997
2025-03-05,23:00-24:00,2025,3,5,3,0,1,23,0,1,28399,10818.112,342.688354,335.258667,2025-03-05 23:00:00,4144.947
2025-03-06,00:00-01:00,2025,3,6,4,0,1,0,0,1,28529,11685.682,385.21524,386.813141,2025-03-06 00:00:00,3980.972
2025-03-06,01:00-02:00,2025,3,6,4,0,1,1,0,1,27197,11457.942,368.980927,370.3797,2025-03-06 01:00:00,4083.055
2025-03-06,02:00-03:00,2025,3,6,4,0,1,2,0,1,26427,11351.682,299.52594,335.263214,2025-03-06 02:00:00,4238.994
2025-03-06,03:00-04:00,2025,3,6,4,0,1,3,0,1,25821,11333.672,244.619385,299.941315,2025-03-06 03:00:00,4406.879
2025-03-06,04:00-05:00,2025,3,6,4,0,1,4,0,1,26110,11396.072,248.526489,303.917267,2025-03-06 04:00:00,4499.266
2025-03-06,05:00-06:00,2025,3,6,4,0,1,5,0,1,27125,11394.892,340.093201,372.052551,2025-03-06 05:00:00,4522.2
2025-03-06,06:00-07:00,2025,3,6,4,0,1,6,0,1,30003,13113.4,387.433838,392.58606,2025-03-06 06:00:00,4702.41
2025-03-06,07:00-08:00,2025,3,6,4,0,1,7,0,0,33561,14923.56,390.423767,393.18222,2025-03-06 07:00:00,7075.847
2025-03-06,08:00-09:00,2025,3,6,4,0,1,8,1,0,36781,16559.84,387.446899,183.686218,2025-03-06 08:00:00,10739.539
2025-03-06,09:00-10:00,2025,3,6,4,0,1,9,1,0,37032,16018.692,271.73172,151.145935,2025-03-06 09:00:00,14144.15
2025-03-06,10:00-11:00,2025,3,6,4,0,1,10,1,0,37329,15169.952,200.800888,91.825569,2025-03-06 10:00:00,16776.274
2025-03-06,11:00-12:00,2025,3,6,4,0,1,11,1,0,35132,14575.452,19.463938,46.713612,2025-03-06 11:00:00,18056.596
2025-03-06,12:00-13:00,2025,3,6,4,0,1,12,1,0,35384,14896.832,52.109756,44.690662,2025-03-06 12:00:00,17692.547
2025-03-06,13:00-14:00,2025,3,6,4,0,1,13,1,0,34216,15283.982,25.706711,45.602421,2025-03-06 13:00:00,15731.529
2025-03-06,14:00-15:00,2025,3,6,4,0,1,14,1,0,34026,14263.592,227.375992,125.987503,2025-03-06 14:00:00,12791.287
2025-03-06,15:00-16:00,2025,3,6,4,0,1,15,1,0,34161,16265.51,371.820984,278.380157,2025-03-06 15:00:00,9593.27
2025-03-06,16:00-17:00,2025,3,6,4,0,1,16,1,0,34303,17939.726,409.711212,394.073151,2025-03-06 16:00:00,5989.879
2025-03-06,17:00-18:00,2025,3,6,4,0,1,17,1,0,34859,17745.773,447.421997,408.771851,2025-03-06 17:00:00,3459.46
2025-03-06,18:00-19:00,2025,3,6,4,0,1,18,1,0,35466,18027.013,426.055237,409.480438,2025-03-06 18:00:00,3341.8
2025-03-06,19:00-20:00,2025,3,6,4,0,1,19,1,0,35644,17621.433,435.542419,429.828094,2025-03-06 19:00:00,3583.747
2025-03-06,20:00-21:00,2025,3,6,4,0,1,20,1,0,35607,17404.926,420.549957,424.152008,2025-03-06 20:00:00,3632.255
2025-03-06,21:00-22:00,2025,3,6,4,0,1,21,0,0,32821,14768.498,449.081299,444.039246,2025-03-06 21:00:00,3545.941
2025-03-06,22:00-23:00,2025,3,6,4,0,1,22,0,1,29824,12271.482,450.472961,443.727753,2025-03-06 22:00:00,3385.976
2025-03-06,23:00-24:00,2025,3,6,4,0,1,23,0,1,27761,12133.458,376.182404,407.363129,2025-03-06 23:00:00,3155.878
2025-03-07,00:00-01:00,2025,3,7,5,0,1,0,0,1,28404,11590.744,443.562012,415.251007,2025-03-07 00:00:00,2451.847
2025-03-07,01:00-02:00,2025,3,7,5,0,1,1,0,1,27039,11280.523,426.839661,411.80304,2025-03-07 01:00:00,2120.882
2025-03-07,02:00-03:00,2025,3,7,5,0,1,2,0,1,26291,11225.132,403.750641,405.571991,2025-03-07 02:00:00,1793.485
2025-03-07,03:00-04:00,2025,3,7,5,0,1,3,0,1,25666,11204.582,386.968964,379.066498,2025-03-07 03:00:00,1540.933
2025-03-07,04:00-05:00,2025,3,7,5,0,1,4,0,1,25918,11214.097,403.601196,400.793091,2025-03-07 04:00:00,1296.335
2025-03-07,05:00-06:00,2025,3,7,5,0,1,5,0,1,26827,11474.552,441.686371,442.889771,2025-03-07 05:00:00,1059.982
2025-03-07,06:00-07:00,2025,3,7,5,0,1,6,0,1,29668,13356.04,446.776459,460.290802,2025-03-07 06:00:00,1055.003
2025-03-07,07:00-08:00,2025,3,7,5,0,1,7,0,0,33408,14152.165,447.8927,464.648621,2025-03-07 07:00:00,2976.943
2025-03-07,08:00-09:00,2025,3,7,5,0,1,8,1,0,36568,15819.95,430.22287,424.818848,2025-03-07 08:00:00,6279.529
2025-03-07,09:00-10:00,2025,3,7,5,0,1,9,1,0,36601,14157.562,407.36911,395.254089,2025-03-07 09:00:00,10137.268
2025-03-07,10:00-11:00,2025,3,7,5,0,1,10,1,0,37343,15183.932,157.038147,175.947647,2025-03-07 10:00:00,14490.869
2025-03-07,11:00-12:00,2025,3,7,5,0,1,11,1,0,34747,15048.632,21.065214,43.122772,2025-03-07 11:00:00,17393.993
2025-03-07,12:00-13:00,2025,3,7,5,0,1,12,1,0,35007,15774.922,13.362035,12.395531,2025-03-07 12:00:00,18440.054
2025-03-07,13:00-14:00,2025,3,7,5,0,1,13,1,0,34344,16733.832,0.0,16.140705,2025-03-07 13:00:00,18290.602
2025-03-07,14:00-15:00,2025,3,7,5,0,1,14,1,0,34522,16914.262,0.0,63.385395,2025-03-07 14:00:00,16310.485
2025-03-07,15:00-16:00,2025,3,7,5,0,1,15,1,0,33788,17161.98,125.553169,176.223984,2025-03-07 15:00:00,11862.621
2025-03-07,16:00-17:00,2025,3,7,5,0,1,16,1,0,33902,17528.946,390.77005,389.32196,2025-03-07 16:00:00,5981.478
2025-03-07,17:00-18:00,2025,3,7,5,0,1,17,1,0,33780,17526.336,463.564819,444.075195,2025-03-07 17:00:00,1238.784
2025-03-07,18:00-19:00,2025,3,7,5,0,1,18,1,0,34909,17994.456,459.883728,444.13916,2025-03-07 18:00:00,674.627
2025-03-07,19:00-20:00,2025,3,7,5,0,1,19,1,0,34613,17394.186,474.436371,448.079498,2025-03-07 19:00:00,899.14
2025-03-07,20:00-21:00,2025,3,7,5,0,1,20,1,0,34903,17180.031,471.377167,445.106873,2025-03-07 20:00:00,1139.383
2025-03-07,21:00-22:00,2025,3,7,5,0,1,21,0,0,32907,14565.206,473.234528,447.491058,2025-03-07 21:00:00,1449.812
2025-03-07,22:00-23:00,2025,3,7,5,0,1,22,0,1,30138,12170.751,462.97226,444.904999,2025-03-07 22:00:00,1724.262
2025-03-07,23:00-24:00,2025,3,7,5,0,1,23,0,1,27588,11202.922,447.194336,443.574127,2025-03-07 23:00:00,1825.837
2025-03-08,00:00-01:00,2025,3,8,6,1,1,0,0,1,28532,12776.226,369.679779,365.077393,2025-03-08 00:00:00,1859.283
2025-03-08,01:00-02:00,2025,3,8,6,1,1,1,0,1,27126,12165.962,370.899414,356.12149,2025-03-08 01:00:00,1745.756
2025-03-08,02:00-03:00,2025,3,8,6,1,1,2,0,1,26137,11627.237,358.782837,355.886597,2025-03-08 02:00:00,1547.026
2025-03-08,03:00-04:00,2025,3,8,6,1,1,3,0,1,25550,11565.777,354.97049,355.664703,2025-03-08 03:00:00,1326.426
2025-03-08,04:00-05:00,2025,3,8,6,1,1,4,0,1,25648,11618.982,356.477753,358.707642,2025-03-08 04:00:00,1145.362
2025-03-08,05:00-06:00,2025,3,8,6,1,1,5,0,1,26756,11941.212,372.785156,360.762939,2025-03-08 05:00:00,1018.563
2025-03-08,06:00-07:00,2025,3,8,6,1,1,6,0,1,28780,13562.108,380.532532,382.240601,2025-03-08 06:00:00,1271.031
2025-03-08,07:00-08:00,2025,3,8,6,1,1,7,0,0,31395,14364.31,402.59137,384.56546,2025-03-08 07:00:00,4605.197
2025-03-08,08:00-09:00,2025,3,8,6,1,1,8,1,0,34408,16341.77,382.491119,345.329773,2025-03-08 08:00:00,9430.817
2025-03-08,09:00-10:00,2025,3,8,6,1,1,9,1,0,35691,15650.612,366.138031,244.726608,2025-03-08 09:00:00,13638.644
2025-03-08,10:00-11:00,2025,3,8,6,1,1,10,1,0,35691,16547.562,321.368683,65.080299,2025-03-08 10:00:00,16409.765
2025-03-08,11:00-12:00,2025,3,8,6,1,1,11,1,0,34414,15886.782,179.560898,0.0,2025-03-08 11:00:00,17533.449
2025-03-08,12:00-13:00,2025,3,8,6,1,1,12,1,0,34636,16058.642,159.850494,1.814501,2025-03-08 12:00:00,17159.501
2025-03-08,13:00-14:00,2025,3,8,6,1,1,13,1,0,34025,16287.662,122.970978,0.292118,2025-03-08 13:00:00,15167.795
2025-03-08,14:00-15:00,2025,3,8,6,1,1,14,1,0,33415,16035.052,146.515991,2.580871,2025-03-08 14:00:00,12009.735
2025-03-08,15:00-16:00,2025,3,8,6,1,1,15,1,0,33248,16590.88,319.515167,201.367844,2025-03-08 15:00:00,8682.62
2025-03-08,16:00-17:00,2025,3,8,6,1,1,16,1,0,33970,17758.49,365.000031,364.999939,2025-03-08 16:00:00,4823.505
2025-03-08,17:00-18:00,2025,3,8,6,1,1,17,1,0,33637,17718.181,385.330078,382.265747,2025-03-08 17:00:00,1875.632
2025-03-08,18:00-19:00,2025,3,8,6,1,1,18,1,0,34603,17920.416,386.34726,380.322601,2025-03-08 18:00:00,1636.064
2025-03-08,19:00-20:00,2025,3,8,6,1,1,19,1,0,35084,17587.06,388.847931,382.249268,2025-03-08 19:00:00,1903.83
2025-03-08,20:00-21:00,2025,3,8,6,1,1,20,1,0,35580,17540.352,380.845062,370.310883,2025-03-08 20:00:00,1972.956
2025-03-08,21:00-22:00,2025,3,8,6,1,1,21,0,0,33205,14819.28,389.500214,385.933685,2025-03-08 21:00:00,1881.46
2025-03-08,22:00-23:00,2025,3,8,6,1,1,22,0,1,30330,12617.806,387.162476,382.851898,2025-03-08 22:00:00,1736.413
2025-03-08,23:00-24:00,2025,3,8,6,1,1,23,0,1,28009,11592.355,385.382233,377.945953,2025-03-08 23:00:00,1583.117
2025-03-09,00:00-01:00,2025,3,9,7,1,1,0,0,1,27858,11314.16,362.328857,362.25708,2025-03-09 00:00:00,1541.033
2025-03-09,01:00-02:00,2025,3,9,7,1,1,1,0,1,26371,10198.96,359.640167,359.478607,2025-03-09 01:00:00,1389.856
2025-03-09,02:00-03:00,2025,3,9,7,1,1,2,0,1,25463,9567.307,357.125275,356.740112,2025-03-09 02:00:00,1262.105
2025-03-09,03:00-04:00,2025,3,9,7,1,1,3,0,1,24969,9274.23,356.649353,356.719574,2025-03-09 03:00:00,1181.535
2025-03-09,04:00-05:00,2025,3,9,7,1,1,4,0,1,25034,9341.73,356.589844,356.392578,2025-03-09 04:00:00,1125.809
2025-03-09,05:00-06:00,2025,3,9,7,1,1,5,0,1,26090,10268.24,356.602661,356.57373,2025-03-09 05:00:00,1070.246
2025-03-09,06:00-07:00,2025,3,9,7,1,1,6,0,1,27685,12587.908,334.598297,339.531647,2025-03-09 06:00:00,1128.976
2025-03-09,07:00-08:00,2025,3,9,7,1,1,7,0,0,30932,13480.148,357.242767,359.675903,2025-03-09 07:00:00,2041.75
2025-03-09,08:00-09:00,2025,3,9,7,1,1,8,1,0,33621,15097.421,365.330017,362.575012,2025-03-09 08:00:00,3052.045
2025-03-09,09:00-10:00,2025,3,9,7,1,1,9,1,0,34534,14469.256,372.257477,362.958038,2025-03-09 09:00:00,3992.851
2025-03-09,10:00-11:00,2025,3,9,7,1,1,10,1,0,34762,14949.062,385.849762,360.727661,2025-03-09 10:00:00,4784.43
2025-03-09,11:00-12:00,2025,3,9,7,1,1,11,1,0,33697,13924.85,371.38208,361.177979,2025-03-09 11:00:00,5175.659
2025-03-09,12:00-13:00,2025,3,9,7,1,1,12,1,0,33811,13978.25,401.013367,381.386047,2025-03-09 12:00:00,5174.032
2025-03-09,13:00-14:00,2025,3,9,7,1,1,13,1,0,32974,13318.16,405.902893,381.753998,2025-03-09 13:00:00,4848.545
2025-03-09,14:00-15:00,2025,3,9,7,1,1,14,1,0,32403,12962.647,382.318542,380.057434,2025-03-09 14:00:00,4212.903
2025-03-09,15:00-16:00,2025,3,9,7,1,1,15,1,0,32708,14942.438,381.848053,379.993835,2025-03-09 15:00:00,3141.086
2025-03-09,16:00-17:00,2025,3,9,7,1,1,16,1,0,33621,16510.938,381.375275,379.603363,2025-03-09 16:00:00,1800.164
2025-03-09,17:00-18:00,2025,3,9,7,1,1,17,1,0,33354,16828.508,381.233856,379.199982,2025-03-09 17:00:00,552.535
2025-03-09,18:00-19:00,2025,3,9,7,1,1,18,1,0,34444,17637.638,365.336945,370.341125,2025-03-09 18:00:00,317.293
2025-03-09,19:00-20:00,2025,3,9,7,1,1,19,1,0,34800,17383.298,384.296204,385.3302,2025-03-09 19:00:00,360.183
2025-03-09,20:00-21:00,2025,3,9,7,1,1,20,1,0,34243,16528.988,383.571503,384.3255,2025-03-09 20:00:00,368.544
2025-03-09,21:00-22:00,2025,3,9,7,1,1,21,0,0,31741,13758.218,384.06601,382.565704,2025-03-09 21:00:00,372.46
2025-03-09,22:00-23:00,2025,3,9,7,1,1,22,0,1,28886,11423.02,380.036804,377.37796,2025-03-09 22:00:00,386.632
2025-03-09,23:00-24:00,2025,3,9,7,1,1,23,0,1,27262,11331.5,357.248901,359.611298,2025-03-09 23:00:00,469.542
2025-03-10,00:00-01:00,2025,3,10,1,0,1,0,0,1,27496,12750.076,387.233429,386.608124,2025-03-10 00:00:00,825.247
2025-03-10,01:00-02:00,2025,3,10,1,0,1,1,0,1,26159,12419.271,375.589935,385.130737,2025-03-10 01:00:00,873.128
2025-03-10,02:00-03:00,2025,3,10,1,0,1,2,0,1,25323,12102.612,369.621948,359.484802,2025-03-10 02:00:00,909.558
2025-03-10,03:00-04:00,2025,3,10,1,0,1,3,0,1,24610,11322.558,375.074646,369.48056,2025-03-10 03:00:00,940.316
2025-03-10,04:00-05:00,2025,3,10,1,0,1,4,0,1,24972,11696.322,383.696472,367.438263,2025-03-10 04:00:00,968.39
2025-03-10,05:00-06:00,2025,3,10,1,0,1,5,0,1,26304,11955.633,387.159119,387.207245,2025-03-10 05:00:00,915.836
2025-03-10,06:00-07:00,2025,3,10,1,0,1,6,0,1,29118,13896.001,405.592438,407.548004,2025-03-10 06:00:00,1184.135
2025-03-10,07:00-08:00,2025,3,10,1,0,1,7,0,0,32775,15277.906,405.15097,446.271606,2025-03-10 07:00:00,4112.359
2025-03-10,08:00-09:00,2025,3,10,1,0,1,8,1,0,35385,16603.62,373.327484,388.578552,2025-03-10 08:00:00,8419.457
2025-03-10,09:00-10:00,2025,3,10,1,0,1,9,1,0,36061,15400.472,293.577209,300.313263,2025-03-10 09:00:00,12679.407
2025-03-10,10:00-11:00,2025,3,10,1,0,1,10,1,0,36360,16234.002,98.563583,86.697441,2025-03-10 10:00:00,16063.256
2025-03-10,11:00-12:00,2025,3,10,1,0,1,11,1,0,34370,15778.822,58.144199,146.894897,2025-03-10 11:00:00,17853.435
2025-03-10,12:00-13:00,2025,3,10,1,0,1,12,1,0,34370,16211.291,63.828281,186.259125,2025-03-10 12:00:00,18176.035
2025-03-10,13:00-14:00,2025,3,10,1,0,1,13,1,0,33652,17016.632,14.444221,141.638229,2025-03-10 13:00:00,17561.106
2025-03-10,14:00-15:00,2025,3,10,1,0,1,14,1,0,33102,17230.472,49.341026,186.13945,2025-03-10 14:00:00,15474.704
2025-03-10,15:00-16:00,2025,3,10,1,0,1,15,1,0,33356,17779.74,149.999969,284.079742,2025-03-10 15:00:00,11856.937
2025-03-10,16:00-17:00,2025,3,10,1,0,1,16,1,0,33821,18179.236,370.189178,372.342194,2025-03-10 16:00:00,7108.85
2025-03-10,17:00-18:00,2025,3,10,1,0,1,17,1,0,33356,17725.995,391.400238,391.000305,2025-03-10 17:00:00,3042.277
2025-03-10,18:00-19:00,2025,3,10,1,0,1,18,1,0,34032,17691.026,425.428833,415.216095,2025-03-10 18:00:00,2764.187
2025-03-10,19:00-20:00,2025,3,10,1,0,1,19,1,0,34624,17673.594,414.999939,406.805664,2025-03-10 19:00:00,3196.449
2025-03-10,20:00-21:00,2025,3,10,1,0,1,20,1,0,34328,17182.993,423.756561,434.325775,2025-03-10 20:00:00,3342.151
2025-03-10,21:00-22:00,2025,3,10,1,0,1,21,0,0,32224,14408.754,413.999542,425.087402,2025-03-10 21:00:00,3325.076
2025-03-10,22:00-23:00,2025,3,10,1,0,1,22,0,1,29508,12127.718,424.822693,429.04425,2025-03-10 22:00:00,3242.598
2025-03-10,23:00-24:00,2025,3,10,1,0,1,23,0,1,27226,11537.612,387.635529,387.590424,2025-03-10 23:00:00,3160.984
2025-03-11,00:00-01:00,2025,3,11,2,0,1,0,0,1,27243,12248.399,405.761322,391.000153,2025-03-11 00:00:00,3101.771
2025-03-11,01:00-02:00,2025,3,11,2,0,1,1,0,1,26021,11657.172,388.037628,386.629639,2025-03-11 01:00:00,2873.379
2025-03-11,02:00-03:00,2025,3,11,2,0,1,2,0,1,25437,11452.11,387.079987,386.044312,2025-03-11 02:00:00,2593.965
2025-03-11,03:00-04:00,2025,3,11,2,0,1,3,0,1,25116,11345.982,385.657593,386.581116,2025-03-11 03:00:00,2371.051
2025-03-11,04:00-05:00,2025,3,11,2,0,1,4,0,1,25222,11443.258,387.357056,387.472321,2025-03-11 04:00:00,2279.178
2025-03-11,05:00-06:00,2025,3,11,2,0,1,5,0,1,26348,11825.03,388.0224,421.862823,2025-03-11 05:00:00,2232.14
2025-03-11,06:00-07:00,2025,3,11,2,0,1,6,0,1,28789,13630.654,446.212402,446.014832,2025-03-11 06:00:00,2606.465
2025-03-11,07:00-08:00,2025,3,11,2,0,1,7,0,0,32457,15157.965,425.362427,474.501984,2025-03-11 07:00:00,5955.135
2025-03-11,08:00-09:00,2025,3,11,2,0,1,8,1,0,34756,16578.79,390.845184,467.256866,2025-03-11 08:00:00,10674.608
2025-03-11,09:00-10:00,2025,3,11,2,0,1,9,1,0,35620,16009.622,369.000122,470.430573,2025-03-11 09:00:00,15090.792
2025-03-11,10:00-11:00,2025,3,11,2,0,1,10,1,0,35853,16886.931,150.546005,614.033813,2025-03-11 10:00:00,18473.582
2025-03-11,11:00-12:00,2025,3,11,2,0,1,11,1,0,34347,16341.991,0.0,459.396118,2025-03-11 11:00:00,19880.935
2025-03-11,12:00-13:00,2025,3,11,2,0,1,12,1,0,34340,16464.582,19.99999,468.003296,2025-03-11 12:00:00,19319.802
2025-03-11,13:00-14:00,2025,3,11,2,0,1,13,1,0,33345,16596.872,60.000034,425.724976,2025-03-11 13:00:00,16939.152
2025-03-11,14:00-15:00,2025,3,11,2,0,1,14,1,0,32864,16172.072,266.999939,449.224182,2025-03-11 14:00:00,13087.105
2025-03-11,15:00-16:00,2025,3,11,2,0,1,15,1,0,33316,16626.16,384.456177,552.658203,2025-03-11 15:00:00,8741.922
2025-03-11,16:00-17:00,2025,3,11,2,0,1,16,1,0,33633,18296.265,425.060883,482.045227,2025-03-11 16:00:00,4447.931
2025-03-11,17:00-18:00,2025,3,11,2,0,1,17,1,0,32562,18103.269,445.519409,464.711792,2025-03-11 17:00:00,1271.808
2025-03-11,18:00-19:00,2025,3,11,2,0,1,18,1,0,33617,18381.981,445.461487,476.798157,2025-03-11 18:00:00,896.082
2025-03-11,19:00-20:00,2025,3,11,2,0,1,19,1,0,33316,18110.759,445.519989,533.460571,2025-03-11 19:00:00,1229.473
2025-03-11,20:00-21:00,2025,3,11,2,0,1,20,1,0,32905,17324.561,445.574677,516.042175,2025-03-11 20:00:00,1583.006
2025-03-11,21:00-22:00,2025,3,11,2,0,1,21,0,0,30668,14146.635,447.900818,502.605957,2025-03-11 21:00:00,1997.626
2025-03-11,22:00-23:00,2025,3,11,2,0,1,22,0,1,28459,12208.203,446.246216,463.921448,2025-03-11 22:00:00,2406.533
2025-03-11,23:00-24:00,2025,3,11,2,0,1,23,0,1,27013,11564.982,404.726624,443.828735,2025-03-11 23:00:00,2897.246
2025-03-12,00:00-01:00,2025,3,12,3,0,1,0,0,1,27001,11801.543,315.076935,348.297546,2025-03-12 00:00:00,2866.502
2025-03-12,01:00-02:00,2025,3,12,3,0,1,1,0,1,25811,10073.512,312.499603,331.624237,2025-03-12 01:00:00,3229.075
2025-03-12,02:00-03:00,2025,3,12,3,0,1,2,0,1,25088,9362.02,299.02652,329.042877,2025-03-12 02:00:00,3526.552
2025-03-12,03:00-04:00,2025,3,12,3,0,1,3,0,1,24653,9038.7,286.82016,313.820221,2025-03-12 03:00:00,3837.903
2025-03-12,04:00-05:00,2025,3,12,3,0,1,4,0,1,25115,9099.03,296.149963,313.112946,2025-03-12 04:00:00,4097.396
2025-03-12,05:00-06:00,2025,3,12,3,0,1,5,0,1,26187,9850.26,309.245697,353.938324,2025-03-12 05:00:00,4311.41
2025-03-12,06:00-07:00,2025,3,12,3,0,1,6,0,1,29016,12422.508,322.005371,392.142944,2025-03-12 06:00:00,4628.43
2025-03-12,07:00-08:00,2025,3,12,3,0,1,7,0,0,31553,13449.788,323.723816,399.433624,2025-03-12 07:00:00,5723.942
2025-03-12,08:00-09:00,2025,3,12,3,0,1,8,1,0,33996,14439.749,326.364014,402.217041,2025-03-12 08:00:00,6898.972
2025-03-12,09:00-10:00,2025,3,12,3,0,1,9,1,0,35173,14043.12,316.2854,387.515533,2025-03-12 09:00:00,7859.819
2025-03-12,10:00-11:00,2025,3,12,3,0,1,10,1,0,35562,14354.93,281.516998,350.614197,2025-03-12 10:00:00,8841.038
2025-03-12,11:00-12:00,2025,3,12,3,0,1,11,1,0,33717,13627.962,207.009415,345.632477,2025-03-12 11:00:00,9669.594
2025-03-12,12:00-13:00,2025,3,12,3,0,1,12,1,0,33982,13669.78,175.212296,434.584564,2025-03-12 12:00:00,9721.963
2025-03-12,13:00-14:00,2025,3,12,3,0,1,13,1,0,33291,13383.94,205.992096,435.934631,2025-03-12 13:00:00,9147.199
2025-03-12,14:00-15:00,2025,3,12,3,0,1,14,1,0,32934,12609.504,275.482391,456.2995,2025-03-12 14:00:00,8269.165
2025-03-12,15:00-16:00,2025,3,12,3,0,1,15,1,0,33325,14466.288,272.188995,433.718628,2025-03-12 15:00:00,7355.728
2025-03-12,16:00-17:00,2025,3,12,3,0,1,16,1,0,33423,15786.624,324.133453,417.21579,2025-03-12 16:00:00,6496.366
2025-03-12,17:00-18:00,2025,3,12,3,0,1,17,1,0,32640,16395.828,316.092072,396.586426,2025-03-12 17:00:00,5747.962
2025-03-12,18:00-19:00,2025,3,12,3,0,1,18,1,0,32983,17260.688,320.497955,397.758331,2025-03-12 18:00:00,5673.903
2025-03-12,19:00-20:00,2025,3,12,3,0,1,19,1,0,33472,17189.808,324.462036,358.98172,2025-03-12 19:00:00,5752.54
2025-03-12,20:00-21:00,2025,3,12,3,0,1,20,1,0,32934,16876.618,320.46759,345.330017,2025-03-12 20:00:00,5704.891
2025-03-12,21:00-22:00,2025,3,12,3,0,1,21,0,0,30880,13292.038,291.252808,299.336731,2025-03-12 21:00:00,5601.296
2025-03-12,22:00-23:00,2025,3,12,3,0,1,22,0,1,28484,11254.88,269.660004,270.000031,2025-03-12 22:00:00,5451.13
2025-03-12,23:00-24:00,2025,3,12,3,0,1,23,0,1,26626,11154.45,215.0,215.000137,2025-03-12 23:00:00,5409.05
2025-03-13,00:00-01:00,2025,3,13,4,0,1,0,0,1,26901,10675.35,308.004639,293.349792,2025-03-13 00:00:00,4173.111
2025-03-13,01:00-02:00,2025,3,13,4,0,1,1,0,1,25916,9951.815,321.205353,312.957794,2025-03-13 01:00:00,4240.944
2025-03-13,02:00-03:00,2025,3,13,4,0,1,2,0,1,25098,9413.02,313.482849,309.309387,2025-03-13 02:00:00,4334.141
2025-03-13,03:00-04:00,2025,3,13,4,0,1,3,0,1,24570,9279.37,308.732178,294.798767,2025-03-13 03:00:00,4393.205
2025-03-13,04:00-05:00,2025,3,13,4,0,1,4,0,1,24887,9322.33,312.525818,301.486603,2025-03-13 04:00:00,4421.207
2025-03-13,05:00-06:00,2025,3,13,4,0,1,5,0,1,26152,10086.98,313.345367,309.145294,2025-03-13 05:00:00,4408.906
2025-03-13,06:00-07:00,2025,3,13,4,0,1,6,0,1,28851,12269.494,329.625763,311.77887,2025-03-13 06:00:00,4559.366
2025-03-13,07:00-08:00,2025,3,13,4,0,1,7,0,0,31717,13585.924,343.612244,324.477844,2025-03-13 07:00:00,5285.872
2025-03-13,08:00-09:00,2025,3,13,4,0,1,8,1,0,34278,15040.094,368.592041,338.306549,2025-03-13 08:00:00,6176.657
2025-03-13,09:00-10:00,2025,3,13,4,0,1,9,1,0,35134,14857.918,380.405853,411.201263,2025-03-13 09:00:00,6866.239
2025-03-13,10:00-11:00,2025,3,13,4,0,1,10,1,0,35845,15315.834,390.142273,873.5066612500001,2025-03-13 10:00:00,7532.104
2025-03-13,11:00-12:00,2025,3,13,4,0,1,11,1,0,34729,14436.4,335.000122,548.231079,2025-03-13 11:00:00,7956.094
2025-03-13,12:00-13:00,2025,3,13,4,0,1,12,1,0,34757,14293.89,359.256226,467.985504,2025-03-13 12:00:00,8025.706
2025-03-13,13:00-14:00,2025,3,13,4,0,1,13,1,0,33804,13687.88,351.905457,467.042145,2025-03-13 13:00:00,7813.451
2025-03-13,14:00-15:00,2025,3,13,4,0,1,14,1,0,33105,13369.257,346.999939,450.518127,2025-03-13 14:00:00,7332.064
2025-03-13,15:00-16:00,2025,3,13,4,0,1,15,1,0,33168,15057.494,354.000214,576.288879,2025-03-13 15:00:00,6482.979
2025-03-13,16:00-17:00,2025,3,13,4,0,1,16,1,0,33139,15184.554,366.999847,421.599365,2025-03-13 16:00:00,5414.754
2025-03-13,17:00-18:00,2025,3,13,4,0,1,17,1,0,33064,15213.357,356.270782,382.69104,2025-03-13 17:00:00,4475.649
2025-03-13,18:00-19:00,2025,3,13,4,0,1,18,1,0,33926,15623.674,354.265381,375.879395,2025-03-13 18:00:00,4514.508
2025-03-13,19:00-20:00,2025,3,13,4,0,1,19,1,0,34129,15612.934,356.269958,377.999939,2025-03-13 19:00:00,4726.718
2025-03-13,20:00-21:00,2025,3,13,4,0,1,20,1,0,33802,15313.404,359.915283,375.003876,2025-03-13 20:00:00,4692.087
2025-03-13,21:00-22:00,2025,3,13,4,0,1,21,0,0,31554,13034.768,358.000092,365.790985,2025-03-13 21:00:00,4557.856
2025-03-13,22:00-23:00,2025,3,13,4,0,1,22,0,1,28779,11380.17,327.921356,328.182953,2025-03-13 22:00:00,4416.625
2025-03-13,23:00-24:00,2025,3,13,4,0,1,23,0,1,26755,10945.86,312.380768,307.196899,2025-03-13 23:00:00,4331.649
2025-03-14,00:00-01:00,2025,3,14,5,0,1,0,0,1,27117,11253.04,321.568909,322.190186,2025-03-14 00:00:00,3326.273
2025-03-14,01:00-02:00,2025,3,14,5,0,1,1,0,1,26147,9889.99,332.807892,320.40802,2025-03-14 01:00:00,3432.98
2025-03-14,02:00-03:00,2025,3,14,5,0,1,2,0,1,25496,9672.52,322.079468,314.717773,2025-03-14 02:00:00,3582.322
2025-03-14,03:00-04:00,2025,3,14,5,0,1,3,0,1,25044,9329.77,317.269745,311.858276,2025-03-14 03:00:00,3786.32
2025-03-14,04:00-05:00,2025,3,14,5,0,1,4,0,1,25342,9420.236,317.517212,311.659119,2025-03-14 04:00:00,3973.242
2025-03-14,05:00-06:00,2025,3,14,5,0,1,5,0,1,26520,10326.1,316.565521,303.243195,2025-03-14 05:00:00,4102.231
2025-03-14,06:00-07:00,2025,3,14,5,0,1,6,0,1,28985,12981.864,323.208557,318.743134,2025-03-14 06:00:00,4290.104
2025-03-14,07:00-08:00,2025,3,14,5,0,1,7,0,0,32131,14284.814,334.08963,326.292999,2025-03-14 07:00:00,5117.037
2025-03-14,08:00-09:00,2025,3,14,5,0,1,8,1,0,35036,15282.554,335.543854,344.079193,2025-03-14 08:00:00,6020.706
2025-03-14,09:00-10:00,2025,3,14,5,0,1,9,1,0,36076,14438.31,396.3479,494.109497,2025-03-14 09:00:00,6681.655
2025-03-14,10:00-11:00,2025,3,14,5,0,1,10,1,0,36646,15088.618,398.534088,502.880768,2025-03-14 10:00:00,7147.288
2025-03-14,11:00-12:00,2025,3,14,5,0,1,11,1,0,34735,14012.58,378.336304,377.100433,2025-03-14 11:00:00,7516.047
2025-03-14,12:00-13:00,2025,3,14,5,0,1,12,1,0,35358,14756.02,413.334045,361.744476,2025-03-14 12:00:00,7701.099
2025-03-14,13:00-14:00,2025,3,14,5,0,1,13,1,0,34504,13437.37,362.378845,332.372284,2025-03-14 13:00:00,7691.513
2025-03-14,14:00-15:00,2025,3,14,5,0,1,14,1,0,33734,13626.23,336.801056,319.489349,2025-03-14 14:00:00,7506.354
2025-03-14,15:00-16:00,2025,3,14,5,0,1,15,1,0,34396,15468.304,333.866699,324.275909,2025-03-14 15:00:00,7175.595
2025-03-14,16:00-17:00,2025,3,14,5,0,1,16,1,0,34785,15807.794,336.761322,341.872955,2025-03-14 16:00:00,6655.224
2025-03-14,17:00-18:00,2025,3,14,5,0,1,17,1,0,33884,16348.164,332.97229,342.597229,2025-03-14 17:00:00,6145.063
2025-03-14,18:00-19:00,2025,3,14,5,0,1,18,1,0,34735,17235.714,330.324402,336.632507,2025-03-14 18:00:00,6106.461
2025-03-14,19:00-20:00,2025,3,14,5,0,1,19,1,0,34273,17122.294,327.620605,324.573334,2025-03-14 19:00:00,6146.316
2025-03-14,20:00-21:00,2025,3,14,5,0,1,20,1,0,33888,16822.034,331.219879,320.551544,2025-03-14 20:00:00,6178.984
2025-03-14,21:00-22:00,2025,3,14,5,0,1,21,0,0,31733,14516.958,321.384583,307.840485,2025-03-14 21:00:00,6221.619
2025-03-14,22:00-23:00,2025,3,14,5,0,1,22,0,1,29115,12099.01,286.741547,275.064728,2025-03-14 22:00:00,6254.093
2025-03-14,23:00-24:00,2025,3,14,5,0,1,23,0,1,27267,11769.04,238.938782,222.561417,2025-03-14 23:00:00,6230.523
2025-03-15,00:00-01:00,2025,3,15,6,1,1,0,0,1,28064,11704.33,254.001572,246.735672,2025-03-15 00:00:00,6215.5
2025-03-15,01:00-02:00,2025,3,15,6,1,1,1,0,1,26663,10915.31,271.007233,250.922287,2025-03-15 01:00:00,6128.445
2025-03-15,02:00-03:00,2025,3,15,6,1,1,2,0,1,25872,10400.931,253.07637,242.625854,2025-03-15 02:00:00,6084.597
2025-03-15,03:00-04:00,2025,3,15,6,1,1,3,0,1,25420,10218.01,250.473892,229.764099,2025-03-15 03:00:00,6077.76
2025-03-15,04:00-05:00,2025,3,15,6,1,1,4,0,1,25376,10228.25,252.459442,243.195923,2025-03-15 04:00:00,6184.388
2025-03-15,05:00-06:00,2025,3,15,6,1,1,5,0,1,26369,10582.77,245.573746,216.570526,2025-03-15 05:00:00,6275.862
2025-03-15,06:00-07:00,2025,3,15,6,1,1,6,0,1,28550,13017.874,248.341629,170.383774,2025-03-15 06:00:00,6444.323
2025-03-15,07:00-08:00,2025,3,15,6,1,1,7,0,0,31341,14077.384,282.837616,222.888672,2025-03-15 07:00:00,7262.277
2025-03-15,08:00-09:00,2025,3,15,6,1,1,8,1,0,33618,15420.934,331.405762,271.845062,2025-03-15 08:00:00,8273.592
2025-03-15,09:00-10:00,2025,3,15,6,1,1,9,1,0,35038,14892.3,330.096954,272.032043,2025-03-15 09:00:00,9434.355
2025-03-15,10:00-11:00,2025,3,15,6,1,1,10,1,0,35501,15183.07,318.529755,291.696594,2025-03-15 10:00:00,10705.259
2025-03-15,11:00-12:00,2025,3,15,6,1,1,11,1,0,33782,14091.98,134.119904,73.18084,2025-03-15 11:00:00,11796.793
2025-03-15,12:00-13:00,2025,3,15,6,1,1,12,1,0,34351,14259.4,115.962227,5.278795,2025-03-15 12:00:00,12354.596
2025-03-15,13:00-14:00,2025,3,15,6,1,1,13,1,0,33790,15284.0,84.410248,8.704485,2025-03-15 13:00:00,12502.302
2025-03-15,14:00-15:00,2025,3,15,6,1,1,14,1,0,33344,15237.83,63.702095,8.147357,2025-03-15 14:00:00,12076.333
2025-03-15,15:00-16:00,2025,3,15,6,1,1,15,1,0,33886,17237.334,160.614746,24.946527,2025-03-15 15:00:00,10668.377
2025-03-15,16:00-17:00,2025,3,15,6,1,1,16,1,0,34354,17899.984,280.726898,178.434998,2025-03-15 16:00:00,8340.514
2025-03-15,17:00-18:00,2025,3,15,6,1,1,17,1,0,34004,17621.234,300.000092,245.605682,2025-03-15 17:00:00,5840.208
2025-03-15,18:00-19:00,2025,3,15,6,1,1,18,1,0,34524,17790.103,330.057404,318.761932,2025-03-15 18:00:00,4832.354
2025-03-15,19:00-20:00,2025,3,15,6,1,1,19,1,0,34485,17121.264,360.0,349.000061,2025-03-15 19:00:00,4408.5
2025-03-15,20:00-21:00,2025,3,15,6,1,1,20,1,0,34178,16617.308,369.852417,369.999908,2025-03-15 20:00:00,4042.068
2025-03-15,21:00-22:00,2025,3,15,6,1,1,21,0,0,32219,14492.301,343.899841,368.468689,2025-03-15 21:00:00,3745.193
2025-03-15,22:00-23:00,2025,3,15,6,1,1,22,0,1,29617,12693.84,317.069366,338.223724,2025-03-15 22:00:00,3551.359
2025-03-15,23:00-24:00,2025,3,15,6,1,1,23,0,1,27980,12386.14,285.146027,317.017609,2025-03-15 23:00:00,3433.486
2025-03-16,00:00-01:00,2025,3,16,7,1,1,0,0,1,27530,11775.088,300.078003,305.868927,2025-03-16 00:00:00,3658.593
2025-03-16,01:00-02:00,2025,3,16,7,1,1,1,0,1,26368,11562.288,278.460388,273.726776,2025-03-16 01:00:00,4005.588
2025-03-16,02:00-03:00,2025,3,16,7,1,1,2,0,1,25477,11323.468,180.99118,244.082062,2025-03-16 02:00:00,4499.504
2025-03-16,03:00-04:00,2025,3,16,7,1,1,3,0,1,24808,11161.718,139.067459,145.658081,2025-03-16 03:00:00,5073.057
2025-03-16,04:00-05:00,2025,3,16,7,1,1,4,0,1,24960,11137.018,98.393219,85.787262,2025-03-16 04:00:00,5620.095
2025-03-16,05:00-06:00,2025,3,16,7,1,1,5,0,1,25961,11653.388,81.31517,54.838039,2025-03-16 05:00:00,5999.68
2025-03-16,06:00-07:00,2025,3,16,7,1,1,6,0,1,27797,13324.862,142.343964,85.378128,2025-03-16 06:00:00,6969.483
2025-03-16,07:00-08:00,2025,3,16,7,1,1,7,0,0,30814,15249.171,46.864502,24.441431,2025-03-16 07:00:00,11946.49
2025-03-16,08:00-09:00,2025,3,16,7,1,1,8,1,0,33591,17723.825,0.0,0.0,2025-03-16 08:00:00,18764.924
2025-03-16,09:00-10:00,2025,3,16,7,1,1,9,1,0,34608,18003.411,0.787011,6.184522,2025-03-16 09:00:00,24655.934
2025-03-16,10:00-11:00,2025,3,16,7,1,1,10,1,0,35179,18664.038,0.790029,33.853561,2025-03-16 10:00:00,27760.534
2025-03-16,11:00-12:00,2025,3,16,7,1,1,11,1,0,33488,17868.868,0.0,21.170763,2025-03-16 11:00:00,28610.167
2025-03-16,12:00-13:00,2025,3,16,7,1,1,12,1,0,33757,18004.518,0.808779,36.534092,2025-03-16 12:00:00,27982.772
2025-03-16,13:00-14:00,2025,3,16,7,1,1,13,1,0,33018,18275.898,0.0,37.683308,2025-03-16 13:00:00,25439.931
2025-03-16,14:00-15:00,2025,3,16,7,1,1,14,1,0,32497,17277.118,0.847592,33.611256,2025-03-16 14:00:00,20522.703
2025-03-16,15:00-16:00,2025,3,16,7,1,1,15,1,0,32758,17411.252,163.999985,120.094505,2025-03-16 15:00:00,14709.844
2025-03-16,16:00-17:00,2025,3,16,7,1,1,16,1,0,33020,18527.372,319.999969,304.189362,2025-03-16 16:00:00,8381.384
2025-03-16,17:00-18:00,2025,3,16,7,1,1,17,1,0,33025,17561.551,367.000153,346.641449,2025-03-16 17:00:00,3411.452
2025-03-16,18:00-19:00,2025,3,16,7,1,1,18,1,0,33770,18212.202,363.585999,354.261841,2025-03-16 18:00:00,2166.821
2025-03-16,19:00-20:00,2025,3,16,7,1,1,19,1,0,34039,18324.917,375.185089,376.684692,2025-03-16 19:00:00,1891.586
2025-03-16,20:00-21:00,2025,3,16,7,1,1,20,1,0,33788,18193.059,386.338959,396.139526,2025-03-16 20:00:00,1581.732
2025-03-16,21:00-22:00,2025,3,16,7,1,1,21,0,0,31485,16071.343,367.759399,366.33197,2025-03-16 21:00:00,1341.906
2025-03-16,22:00-23:00,2025,3,16,7,1,1,22,0,1,28905,13129.238,375.646576,364.503082,2025-03-16 22:00:00,1194.276
2025-03-16,23:00-24:00,2025,3,16,7,1,1,23,0,1,27170,12074.763,362.999878,360.0,2025-03-16 23:00:00,1123.942
2025-03-17,00:00-01:00,2025,3,17,1,0,1,0,0,1,27249,12200.378,360.02243,352.0,2025-03-17 00:00:00,951.257
2025-03-17,01:00-02:00,2025,3,17,1,0,1,1,0,1,26274,11835.388,354.017914,343.047028,2025-03-17 01:00:00,960.448
2025-03-17,02:00-03:00,2025,3,17,1,0,1,2,0,1,25370,11331.53,343.012909,339.999725,2025-03-17 02:00:00,1008.154
2025-03-17,03:00-04:00,2025,3,17,1,0,1,3,0,1,24831,10830.798,339.008484,320.029968,2025-03-17 03:00:00,1115.379
2025-03-17,04:00-05:00,2025,3,17,1,0,1,4,0,1,25096,10933.688,340.00531,324.021088,2025-03-17 04:00:00,1271.975
2025-03-17,05:00-06:00,2025,3,17,1,0,1,5,0,1,26784,11659.244,350.003235,334.012177,2025-03-17 05:00:00,1397.065
2025-03-17,06:00-07:00,2025,3,17,1,0,1,6,0,1,29592,14018.792,360.034027,354.033447,2025-03-17 06:00:00,2291.089
2025-03-17,07:00-08:00,2025,3,17,1,0,1,7,0,0,33009,14988.56,323.47879,311.814056,2025-03-17 07:00:00,7546.616
2025-03-17,08:00-09:00,2025,3,17,1,0,1,8,1,0,35575,17449.303,169.587753,44.408424,2025-03-17 08:00:00,14710.876
2025-03-17,09:00-10:00,2025,3,17,1,0,1,9,1,0,36296,17706.558,13.073674,7.330639,2025-03-17 09:00:00,20763.783
2025-03-17,10:00-11:00,2025,3,17,1,0,1,10,1,0,36707,18625.088,1.625151,5.983966,2025-03-17 10:00:00,24343.863
2025-03-17,11:00-12:00,2025,3,17,1,0,1,11,1,0,34933,17960.819,1.681381,6.368411,2025-03-17 11:00:00,25721.987
2025-03-17,12:00-13:00,2025,3,17,1,0,1,12,1,0,34621,18186.179,3.775741,11.749853,2025-03-17 12:00:00,25557.226
2025-03-17,13:00-14:00,2025,3,17,1,0,1,13,1,0,33869,18567.428,1.879006,28.26219,2025-03-17 13:00:00,23572.478
2025-03-17,14:00-15:00,2025,3,17,1,0,1,14,1,0,33373,17687.718,3.854446,31.552099,2025-03-17 14:00:00,19289.768
2025-03-17,15:00-16:00,2025,3,17,1,0,1,15,1,0,33668,17477.272,200.843628,182.47464,2025-03-17 15:00:00,13457.608
2025-03-17,16:00-17:00,2025,3,17,1,0,1,16,1,0,33780,18350.162,325.669434,365.266174,2025-03-17 16:00:00,6827.491
2025-03-17,17:00-18:00,2025,3,17,1,0,1,17,1,0,33634,17158.432,359.999878,381.606628,2025-03-17 17:00:00,2335.892
2025-03-17,18:00-19:00,2025,3,17,1,0,1,18,1,0,34539,18005.778,367.727081,374.785278,2025-03-17 18:00:00,1777.308
2025-03-17,19:00-20:00,2025,3,17,1,0,1,19,1,0,34740,17899.035,368.182251,369.548798,2025-03-17 19:00:00,2059.713
2025-03-17,20:00-21:00,2025,3,17,1,0,1,20,1,0,34730,17734.013,386.150665,364.963928,2025-03-17 20:00:00,2216.857
2025-03-17,21:00-22:00,2025,3,17,1,0,1,21,0,0,32418,15757.793,357.000122,321.574036,2025-03-17 21:00:00,2311.466
2025-03-17,22:00-23:00,2025,3,17,1,0,1,22,0,1,29652,12088.528,376.560272,342.105164,2025-03-17 22:00:00,2400.6
2025-03-17,23:00-24:00,2025,3,17,1,0,1,23,0,1,27477,11491.218,354.432404,320.416992,2025-03-17 23:00:00,2447.866
2025-03-18,00:00-01:00,2025,3,18,2,0,1,0,0,1,27275,11056.048,363.378021,334.524078,2025-03-18 00:00:00,2065.202
2025-03-18,01:00-02:00,2025,3,18,2,0,1,1,0,1,26150,11024.093,341.156982,318.148499,2025-03-18 01:00:00,2208.103
2025-03-18,02:00-03:00,2025,3,18,2,0,1,2,0,1,25371,10898.858,320.049225,303.842773,2025-03-18 02:00:00,2299.859
2025-03-18,03:00-04:00,2025,3,18,2,0,1,3,0,1,25047,10904.008,317.240967,299.059418,2025-03-18 03:00:00,2338.655
2025-03-18,04:00-05:00,2025,3,18,2,0,1,4,0,1,25281,10934.248,320.056763,319.0849,2025-03-18 04:00:00,2348.72
2025-03-18,05:00-06:00,2025,3,18,2,0,1,5,0,1,26705,11151.338,340.053894,337.033691,2025-03-18 05:00:00,2317.019
2025-03-18,06:00-07:00,2025,3,18,2,0,1,6,0,1,29568,13848.523,364.952789,361.726166,2025-03-18 06:00:00,3211.665
2025-03-18,07:00-08:00,2025,3,18,2,0,1,7,0,0,32228,16504.895,300.565735,236.174896,2025-03-18 07:00:00,8464.128
2025-03-18,08:00-09:00,2025,3,18,2,0,1,8,1,0,35164,19101.138,51.947201,6.293861,2025-03-18 08:00:00,15589.586
2025-03-18,09:00-10:00,2025,3,18,2,0,1,9,1,0,36023,19458.881,42.453621,3.49016,2025-03-18 09:00:00,21493.17
2025-03-18,10:00-11:00,2025,3,18,2,0,1,10,1,0,35957,18751.508,28.880367,28.54331,2025-03-18 10:00:00,24881.074
2025-03-18,11:00-12:00,2025,3,18,2,0,1,11,1,0,33856,18004.778,26.974421,29.684437,2025-03-18 11:00:00,26101.182
2025-03-18,12:00-13:00,2025,3,18,2,0,1,12,1,0,34488,18274.758,30.919094,28.030029,2025-03-18 12:00:00,25973.414
2025-03-18,13:00-14:00,2025,3,18,2,0,1,13,1,0,33717,18799.368,30.469385,35.464462,2025-03-18 13:00:00,24291.486
2025-03-18,14:00-15:00,2025,3,18,2,0,1,14,1,0,33204,18160.118,32.211174,27.379641,2025-03-18 14:00:00,20523.648
2025-03-18,15:00-16:00,2025,3,18,2,0,1,15,1,0,33488,18968.271,108.644379,50.780499,2025-03-18 15:00:00,14710.062
2025-03-18,16:00-17:00,2025,3,18,2,0,1,16,1,0,33728,17477.466,344.635803,251.090591,2025-03-18 16:00:00,7639.598
2025-03-18,17:00-18:00,2025,3,18,2,0,1,17,1,0,33588,16788.146,348.127411,326.171356,2025-03-18 17:00:00,2205.145
2025-03-18,18:00-19:00,2025,3,18,2,0,1,18,1,0,34834,17941.314,390.740173,329.975159,2025-03-18 18:00:00,1102.068
2025-03-18,19:00-20:00,2025,3,18,2,0,1,19,1,0,35063,18514.185,360.997833,328.51059,2025-03-18 19:00:00,1099.043
2025-03-18,20:00-21:00,2025,3,18,2,0,1,20,1,0,35092,18570.199,358.936584,334.221039,2025-03-18 20:00:00,1047.911
2025-03-18,21:00-22:00,2025,3,18,2,0,1,21,0,0,32627,15760.314,362.392731,330.236847,2025-03-18 21:00:00,1013.345
2025-03-18,22:00-23:00,2025,3,18,2,0,1,22,0,1,29839,13438.058,381.203766,351.000092,2025-03-18 22:00:00,1011.448
2025-03-18,23:00-24:00,2025,3,18,2,0,1,23,0,1,27858,12389.252,367.060547,347.000092,2025-03-18 23:00:00,1012.194
2025-03-19,00:00-01:00,2025,3,19,3,0,1,0,0,1,27619,12521.96,362.186554,340.074036,2025-03-19 00:00:00,1109.388
2025-03-19,01:00-02:00,2025,3,19,3,0,1,1,0,1,26296,11786.157,364.586853,337.127289,2025-03-19 01:00:00,1119.942
2025-03-19,02:00-03:00,2025,3,19,3,0,1,2,0,1,25537,11423.645,343.027374,337.110138,2025-03-19 02:00:00,1106.093
2025-03-19,03:00-04:00,2025,3,19,3,0,1,3,0,1,25156,11274.991,340.021698,323.322601,2025-03-19 03:00:00,1076.064
2025-03-19,04:00-05:00,2025,3,19,3,0,1,4,0,1,25600,11398.642,340.019531,337.1315,2025-03-19 04:00:00,1040.664
2025-03-19,05:00-06:00,2025,3,19,3,0,1,5,0,1,26820,11938.33,352.018219,340.055908,2025-03-19 05:00:00,1024.2
2025-03-19,06:00-07:00,2025,3,19,3,0,1,6,0,1,29684,13995.212,381.094421,380.054504,2025-03-19 06:00:00,1971.178
2025-03-19,07:00-08:00,2025,3,19,3,0,1,7,0,0,32802,15367.805,327.121643,321.1362,2025-03-19 07:00:00,7535.238
2025-03-19,08:00-09:00,2025,3,19,3,0,1,8,1,0,34604,18038.862,87.986679,32.195087,2025-03-19 08:00:00,15050.732
2025-03-19,09:00-10:00,2025,3,19,3,0,1,9,1,0,34898,17676.93,65.292831,16.44475,2025-03-19 09:00:00,21195.747
2025-03-19,10:00-11:00,2025,3,19,3,0,1,10,1,0,34598,18506.6,38.773739,35.324589,2025-03-19 10:00:00,24691.61
2025-03-19,11:00-12:00,2025,3,19,3,0,1,11,1,0,32429,17802.54,38.4156,25.866974,2025-03-19 11:00:00,25933.81
2025-03-19,12:00-13:00,2025,3,19,3,0,1,12,1,0,32495,18110.29,38.365223,31.291512,2025-03-19 12:00:00,26017.196
2025-03-19,13:00-14:00,2025,3,19,3,0,1,13,1,0,31883,18824.27,29.177547,35.020004,2025-03-19 13:00:00,24809.106
2025-03-19,14:00-15:00,2025,3,19,3,0,1,14,1,0,31666,18436.93,30.736975,36.71743,2025-03-19 14:00:00,21531.794
2025-03-19,15:00-16:00,2025,3,19,3,0,1,15,1,0,32233,18061.522,80.894875,22.52326,2025-03-19 15:00:00,16044.015
2025-03-19,16:00-17:00,2025,3,19,3,0,1,16,1,0,32796,18696.796,333.695679,183.132446,2025-03-19 16:00:00,8593.622
2025-03-19,17:00-18:00,2025,3,19,3,0,1,17,1,0,32736,19737.536,350.512756,329.532227,2025-03-19 17:00:00,2354.037
2025-03-19,18:00-19:00,2025,3,19,3,0,1,18,1,0,33637,20427.935,369.936432,343.708221,2025-03-19 18:00:00,1173.658
2025-03-19,19:00-20:00,2025,3,19,3,0,1,19,1,0,33823,20321.136,361.612183,240.651337,2025-03-19 19:00:00,1423.3
2025-03-19,20:00-21:00,2025,3,19,3,0,1,20,1,0,33716,20000.947,363.231354,329.885254,2025-03-19 20:00:00,1652.783
2025-03-19,21:00-22:00,2025,3,19,3,0,1,21,0,0,31551,18520.389,355.08548,326.867249,2025-03-19 21:00:00,1933.816
2025-03-19,22:00-23:00,2025,3,19,3,0,1,22,0,1,28990,13990.274,355.6651,318.097443,2025-03-19 22:00:00,2151.948
2025-03-19,23:00-24:00,2025,3,19,3,0,1,23,0,1,27285,12766.342,346.399048,317.149963,2025-03-19 23:00:00,2239.317
2025-03-20,00:00-01:00,2025,3,20,4,0,1,0,0,1,27556,12066.34,341.157684,340.697388,2025-03-20 00:00:00,2118.783
2025-03-20,01:00-02:00,2025,3,20,4,0,1,1,0,1,26366,11333.34,340.00885,339.017395,2025-03-20 01:00:00,2044.065
2025-03-20,02:00-03:00,2025,3,20,4,0,1,2,0,1,25526,11007.505,345.19751,331.02713,2025-03-20 02:00:00,1890.56
2025-03-20,03:00-04:00,2025,3,20,4,0,1,3,0,1,25164,10888.49,339.846893,331.028259,2025-03-20 03:00:00,1720.967
2025-03-20,04:00-05:00,2025,3,20,4,0,1,4,0,1,25403,11064.722,340.011475,337.019348,2025-03-20 04:00:00,1567.436
2025-03-20,05:00-06:00,2025,3,20,4,0,1,5,0,1,26738,11781.938,340.012146,340.017487,2025-03-20 05:00:00,1462.704
2025-03-20,06:00-07:00,2025,3,20,4,0,1,6,0,1,29747,13952.442,359.947571,357.056732,2025-03-20 06:00:00,2433.948
2025-03-20,07:00-08:00,2025,3,20,4,0,1,7,0,0,31994,14990.088,354.458893,336.844727,2025-03-20 07:00:00,8107.719
2025-03-20,08:00-09:00,2025,3,20,4,0,1,8,1,0,34224,17835.312,115.657715,80.454788,2025-03-20 08:00:00,15537.81
2025-03-20,09:00-10:00,2025,3,20,4,0,1,9,1,0,34065,17473.98,52.510155,51.890007,2025-03-20 09:00:00,21608.281
2025-03-20,10:00-11:00,2025,3,20,4,0,1,10,1,0,33917,18232.09,37.000832,24.629559,2025-03-20 10:00:00,25072.014
2025-03-20,11:00-12:00,2025,3,20,4,0,1,11,1,0,31705,17605.16,27.730669,31.868912,2025-03-20 11:00:00,26356.768
2025-03-20,12:00-13:00,2025,3,20,4,0,1,12,1,0,31844,17856.61,30.826973,29.26619,2025-03-20 12:00:00,26495.275
2025-03-20,13:00-14:00,2025,3,20,4,0,1,13,1,0,31333,18530.5,30.500326,32.614971,2025-03-20 13:00:00,25324.339
2025-03-20,14:00-15:00,2025,3,20,4,0,1,14,1,0,30978,18088.57,20.177629,38.865261,2025-03-20 14:00:00,22074.484
2025-03-20,15:00-16:00,2025,3,20,4,0,1,15,1,0,31677,17679.132,57.414814,34.472336,2025-03-20 15:00:00,16523.704
2025-03-20,16:00-17:00,2025,3,20,4,0,1,16,1,0,32170,18652.896,318.979706,317.291412,2025-03-20 16:00:00,9068.233
2025-03-20,17:00-18:00,2025,3,20,4,0,1,17,1,0,32307,18896.106,390.386078,378.650787,2025-03-20 17:00:00,2682.152
2025-03-20,18:00-19:00,2025,3,20,4,0,1,18,1,0,33225,19785.905,399.474121,401.006317,2025-03-20 18:00:00,1282.82
2025-03-20,19:00-20:00,2025,3,20,4,0,1,19,1,0,33277,20062.067,400.914001,377.448395,2025-03-20 19:00:00,1369.27
2025-03-20,20:00-21:00,2025,3,20,4,0,1,20,1,0,33100,19928.115,397.003754,376.27066,2025-03-20 20:00:00,1383.195
2025-03-20,21:00-22:00,2025,3,20,4,0,1,21,0,0,31172,17845.338,522.119141,343.746735,2025-03-20 21:00:00,1461.513
2025-03-20,22:00-23:00,2025,3,20,4,0,1,22,0,1,28705,14401.808,405.67038,337.000122,2025-03-20 22:00:00,1589.161
2025-03-20,23:00-24:00,2025,3,20,4,0,1,23,0,1,26960,12635.511,356.014587,319.999908,2025-03-20 23:00:00,1691.056
2025-03-21,00:00-01:00,2025,3,21,5,0,1,0,0,1,26767,13030.882,360.011963,331.029022,2025-03-21 00:00:00,1536.254
2025-03-21,01:00-02:00,2025,3,21,5,0,1,1,0,1,25622,12702.392,351.012604,331.030548,2025-03-21 01:00:00,1557.341
2025-03-21,02:00-03:00,2025,3,21,5,0,1,2,0,1,24969,12471.452,340.014099,340.027649,2025-03-21 02:00:00,1498.56
2025-03-21,03:00-04:00,2025,3,21,5,0,1,3,0,1,24572,12376.532,336.015961,343.021729,2025-03-21 03:00:00,1382.547
2025-03-21,04:00-05:00,2025,3,21,5,0,1,4,0,1,24760,12560.944,340.017578,357.020416,2025-03-21 04:00:00,1229.61
2025-03-21,05:00-06:00,2025,3,21,5,0,1,5,0,1,26262,13515.922,350.01944,343.028778,2025-03-21 05:00:00,1069.551
2025-03-21,06:00-07:00,2025,3,21,5,0,1,6,0,1,29274,15334.616,380.08313,406.326324,2025-03-21 06:00:00,2063.895
2025-03-21,07:00-08:00,2025,3,21,5,0,1,7,0,0,31236,16222.706,339.999908,337.073669,2025-03-21 07:00:00,7767.193
2025-03-21,08:00-09:00,2025,3,21,5,0,1,8,1,0,32923,19062.036,51.138519,62.507629,2025-03-21 08:00:00,15226.464
2025-03-21,09:00-10:00,2025,3,21,5,0,1,9,1,0,33423,18681.629,43.677029,29.368679,2025-03-21 09:00:00,21363.727
2025-03-21,10:00-11:00,2025,3,21,5,0,1,10,1,0,33298,18622.94,28.428602,30.779741,2025-03-21 10:00:00,24893.084
2025-03-21,11:00-12:00,2025,3,21,5,0,1,11,1,0,31170,17986.61,33.160053,31.689173,2025-03-21 11:00:00,26204.97
2025-03-21,12:00-13:00,2025,3,21,5,0,1,12,1,0,31285,18275.89,32.267437,33.985584,2025-03-21 12:00:00,26335.254
2025-03-21,13:00-14:00,2025,3,21,5,0,1,13,1,0,30646,18929.96,6.326394,32.063873,2025-03-21 13:00:00,25178.134
2025-03-21,14:00-15:00,2025,3,21,5,0,1,14,1,0,30263,18516.14,15.944643,39.210419,2025-03-21 14:00:00,21926.047
2025-03-21,15:00-16:00,2025,3,21,5,0,1,15,1,0,30806,17999.082,29.474691,40.623177,2025-03-21 15:00:00,16500.34
2025-03-21,16:00-17:00,2025,3,21,5,0,1,16,1,0,31349,18805.302,345.198944,398.605774,2025-03-21 16:00:00,9093.947
2025-03-21,17:00-18:00,2025,3,21,5,0,1,17,1,0,31298,18843.992,374.320496,873.5066612500001,2025-03-21 17:00:00,2708.519
2025-03-21,18:00-19:00,2025,3,21,5,0,1,18,1,0,32361,20559.932,373.070435,408.842926,2025-03-21 18:00:00,1411.776
2025-03-21,19:00-20:00,2025,3,21,5,0,1,19,1,0,32860,20846.92,347.919556,359.232025,2025-03-21 19:00:00,1625.913
2025-03-21,20:00-21:00,2025,3,21,5,0,1,20,1,0,32548,20318.78,377.089935,337.558777,2025-03-21 20:00:00,1785.124
2025-03-21,21:00-22:00,2025,3,21,5,0,1,21,0,0,30742,18262.581,342.73288,316.424805,2025-03-21 21:00:00,1959.81
2025-03-21,22:00-23:00,2025,3,21,5,0,1,22,0,1,28651,15789.361,317.232697,280.361786,2025-03-21 22:00:00,2082.168
2025-03-21,23:00-24:00,2025,3,21,5,0,1,23,0,1,26509,13993.005,330.015137,301.051056,2025-03-21 23:00:00,2153.309
2025-03-22,00:00-01:00,2025,3,22,6,1,1,0,0,1,26590,13820.717,339.014404,337.019287,2025-03-22 00:00:00,2181.656
2025-03-22,01:00-02:00,2025,3,22,6,1,1,1,0,1,25392,13366.9,343.012573,343.007843,2025-03-22 01:00:00,2172.504
2025-03-22,02:00-03:00,2025,3,22,6,1,1,2,0,1,24675,13201.287,340.012329,340.000092,2025-03-22 02:00:00,2044.408
2025-03-22,03:00-04:00,2025,3,22,6,1,1,3,0,1,24086,13069.717,340.011169,337.016968,2025-03-22 03:00:00,1855.26
2025-03-22,04:00-05:00,2025,3,22,6,1,1,4,0,1,24271,13122.267,343.009857,343.000061,2025-03-22 04:00:00,1681.438
2025-03-22,05:00-06:00,2025,3,22,6,1,1,5,0,1,25431,13436.127,340.009644,340.009735,2025-03-22 05:00:00,1554.296
2025-03-22,06:00-07:00,2025,3,22,6,1,1,6,0,1,27637,15514.671,340.086731,351.000122,2025-03-22 06:00:00,2605.572
2025-03-22,07:00-08:00,2025,3,22,6,1,1,7,0,0,30070,16234.311,316.999878,323.281036,2025-03-22 07:00:00,8199.588
2025-03-22,08:00-09:00,2025,3,22,6,1,1,8,1,0,31855,19035.691,8.092468,63.999462,2025-03-22 08:00:00,15260.811
2025-03-22,09:00-10:00,2025,3,22,6,1,1,9,1,0,31954,18753.095,33.018631,34.925121,2025-03-22 09:00:00,21096.955
2025-03-22,10:00-11:00,2025,3,22,6,1,1,10,1,0,31909,18710.53,37.668388,30.016998,2025-03-22 10:00:00,24631.66
2025-03-22,11:00-12:00,2025,3,22,6,1,1,11,1,0,30054,18143.15,38.521839,35.038246,2025-03-22 11:00:00,25957.58
2025-03-22,12:00-13:00,2025,3,22,6,1,1,12,1,0,29992,18333.47,40.847771,32.854145,2025-03-22 12:00:00,25887.185
2025-03-22,13:00-14:00,2025,3,22,6,1,1,13,1,0,29751,18779.77,39.272686,39.684433,2025-03-22 13:00:00,24223.14
2025-03-22,14:00-15:00,2025,3,22,6,1,1,14,1,0,29598,18144.03,7.946026,34.872307,2025-03-22 14:00:00,20372.252
2025-03-22,15:00-16:00,2025,3,22,6,1,1,15,1,0,30115,17494.342,31.987469,111.5382,2025-03-22 15:00:00,14651.065
2025-03-22,16:00-17:00,2025,3,22,6,1,1,16,1,0,30688,18434.0,319.999725,350.899933,2025-03-22 16:00:00,7638.994
2025-03-22,17:00-18:00,2025,3,22,6,1,1,17,1,0,30951,18934.95,359.482635,372.916656,2025-03-22 17:00:00,2129.716
2025-03-22,18:00-19:00,2025,3,22,6,1,1,18,1,0,31356,19775.841,341.341431,364.340088,2025-03-22 18:00:00,1122.369
2025-03-22,19:00-20:00,2025,3,22,6,1,1,19,1,0,31551,19702.211,353.352814,353.683136,2025-03-22 19:00:00,1369.519
2025-03-22,20:00-21:00,2025,3,22,6,1,1,20,1,0,31232,19152.6,367.743134,362.673248,2025-03-22 20:00:00,1582.421
2025-03-22,21:00-22:00,2025,3,22,6,1,1,21,0,0,29360,17579.353,361.238892,350.457153,2025-03-22 21:00:00,1778.377
2025-03-22,22:00-23:00,2025,3,22,6,1,1,22,0,1,27299,14401.767,350.000092,342.999939,2025-03-22 22:00:00,1958.539
2025-03-22,23:00-24:00,2025,3,22,6,1,1,23,0,1,25961,13910.097,331.013489,330.0,2025-03-22 23:00:00,2082.775
2025-03-23,00:00-01:00,2025,3,23,7,1,1,0,0,1,26269,14343.804,420.016724,400.013763,2025-03-23 00:00:00,
2025-03-23,01:00-02:00,2025,3,23,7,1,1,1,0,1,25228,13676.852,445.012848,440.023712,2025-03-23 01:00:00,
2025-03-23,02:00-03:00,2025,3,23,7,1,1,2,0,1,24317,13301.342,408.010498,386.007568,2025-03-23 02:00:00,
2025-03-23,03:00-04:00,2025,3,23,7,1,1,3,0,1,23970,12875.553,430.008911,380.005981,2025-03-23 03:00:00,
2025-03-23,04:00-05:00,2025,3,23,7,1,1,4,0,1,24230,13296.685,420.007385,428.000153,2025-03-23 04:00:00,
2025-03-23,05:00-06:00,2025,3,23,7,1,1,5,0,1,24924,13742.416,323.007782,330.0,2025-03-23 05:00:00,
2025-03-23,06:00-07:00,2025,3,23,7,1,1,6,0,1,26746,15570.766,320.031738,326.999969,2025-03-23 06:00:00,
2025-03-23,07:00-08:00,2025,3,23,7,1,1,7,0,0,29331,15890.666,339.999786,367.227875,2025-03-23 07:00:00,
2025-03-23,08:00-09:00,2025,3,23,7,1,1,8,1,0,30926,16461.486,360.813416,519.902405,2025-03-23 08:00:00,
2025-03-23,09:00-10:00,2025,3,23,7,1,1,9,1,0,31239,14548.72,492.80014,426.827087,2025-03-23 09:00:00,
2025-03-23,10:00-11:00,2025,3,23,7,1,1,10,1,0,31500,13517.64,436.470154,325.539337,2025-03-23 10:00:00,
2025-03-23,11:00-12:00,2025,3,23,7,1,1,11,1,0,29548,13054.21,305.024231,312.886139,2025-03-23 11:00:00,
2025-03-23,12:00-13:00,2025,3,23,7,1,1,12,1,0,29721,13782.14,258.398743,293.771423,2025-03-23 12:00:00,
2025-03-23,13:00-14:00,2025,3,23,7,1,1,13,1,0,29158,15056.04,281.258606,59.922611,2025-03-23 13:00:00,
2025-03-23,14:00-15:00,2025,3,23,7,1,1,14,1,0,29071,15604.82,251.8703,23.63184,2025-03-23 14:00:00,
2025-03-23,15:00-16:00,2025,3,23,7,1,1,15,1,0,29678,16115.622,292.742432,94.624504,2025-03-23 15:00:00,
2025-03-23,16:00-17:00,2025,3,23,7,1,1,16,1,0,30253,18176.528,300.0,163.299515,2025-03-23 16:00:00,
2025-03-23,17:00-18:00,2025,3,23,7,1,1,17,1,0,30357,18304.848,307.586029,248.805954,2025-03-23 17:00:00,
2025-03-23,18:00-19:00,2025,3,23,7,1,1,18,1,0,31109,19376.498,247.282669,215.213379,2025-03-23 18:00:00,
2025-03-23,19:00-20:00,2025,3,23,7,1,1,19,1,0,31673,19182.638,216.381866,122.691643,2025-03-23 19:00:00,
2025-03-23,20:00-21:00,2025,3,23,7,1,1,20,1,0,31066,18957.878,151.557327,107.990807,2025-03-23 20:00:00,
2025-03-23,21:00-22:00,2025,3,23,7,1,1,21,0,0,29114,17109.581,69.000008,58.845905,2025-03-23 21:00:00,
2025-03-23,22:00-23:00,2025,3,23,7,1,1,22,0,1,27119,13227.595,141.999939,56.420624,2025-03-23 22:00:00,
2025-03-23,23:00-24:00,2025,3,23,7,1,1,23,0,1,25435,12714.582,80.0,39.999977,2025-03-23 23:00:00,
2025-03-24,00:00-01:00,2025,3,24,1,0,1,0,0,1,25905,13067.472,174.533691,141.043747,2025-03-24 00:00:00,
2025-03-24,01:00-02:00,2025,3,24,1,0,1,1,0,1,24818,12621.222,177.034927,135.909225,2025-03-24 01:00:00,
2025-03-24,02:00-03:00,2025,3,24,1,0,1,2,0,1,24110,12303.141,155.562927,81.294899,2025-03-24 02:00:00,
2025-03-24,03:00-04:00,2025,3,24,1,0,1,3,0,1,23848,12155.452,178.917908,101.144211,2025-03-24 03:00:00,
2025-03-24,04:00-05:00,2025,3,24,1,0,1,4,0,1,24137,12424.582,182.346451,112.584221,2025-03-24 04:00:00,
2025-03-24,05:00-06:00,2025,3,24,1,0,1,5,0,1,25994,13817.492,169.282394,124.455971,2025-03-24 05:00:00,
2025-03-24,06:00-07:00,2025,3,24,1,0,1,6,0,1,28571,16171.99,172.296951,194.343689,2025-03-24 06:00:00,
2025-03-24,07:00-08:00,2025,3,24,1,0,1,7,0,0,30763,16572.409,91.291954,101.77478,2025-03-24 07:00:00,
2025-03-24,08:00-09:00,2025,3,24,1,0,1,8,1,0,32639,19496.396,36.212635,33.917187,2025-03-24 08:00:00,
2025-03-24,09:00-10:00,2025,3,24,1,0,1,9,1,0,32716,19258.429,32.371574,31.076042,2025-03-24 09:00:00,
2025-03-24,10:00-11:00,2025,3,24,1,0,1,10,1,0,32470,19266.774,42.330547,41.926464,2025-03-24 10:00:00,
2025-03-24,11:00-12:00,2025,3,24,1,0,1,11,1,0,30037,18609.08,35.516075,32.128841,2025-03-24 11:00:00,
2025-03-24,12:00-13:00,2025,3,24,1,0,1,12,1,0,30367,18840.46,35.893353,34.911831,2025-03-24 12:00:00,
2025-03-24,13:00-14:00,2025,3,24,1,0,1,13,1,0,30344,19318.23,18.55479,35.768185,2025-03-24 13:00:00,
2025-03-24,14:00-15:00,2025,3,24,1,0,1,14,1,0,30297,18838.399,25.413116,33.373695,2025-03-24 14:00:00,
2025-03-24,15:00-16:00,2025,3,24,1,0,1,15,1,0,30822,18232.402,33.637001,34.768784,2025-03-24 15:00:00,
2025-03-24,16:00-17:00,2025,3,24,1,0,1,16,1,0,31482,19488.53,79.738571,50.444496,2025-03-24 16:00:00,
2025-03-24,17:00-18:00,2025,3,24,1,0,1,17,1,0,31360,20772.924,104.81826,65.345306,2025-03-24 17:00:00,
2025-03-24,18:00-19:00,2025,3,24,1,0,1,18,1,0,31718,20995.48,99.572113,109.571136,2025-03-24 18:00:00,
2025-03-24,19:00-20:00,2025,3,24,1,0,1,19,1,0,31836,19911.98,119.970177,127.95018,2025-03-24 19:00:00,
2025-03-24,20:00-21:00,2025,3,24,1,0,1,20,1,0,31610,19290.314,115.225929,114.750038,2025-03-24 20:00:00,
2025-03-24,21:00-22:00,2025,3,24,1,0,1,21,0,0,29717,17974.813,87.205193,67.038795,2025-03-24 21:00:00,
2025-03-24,22:00-23:00,2025,3,24,1,0,1,22,0,1,27622,14864.231,103.608978,78.390129,2025-03-24 22:00:00,
2025-03-24,23:00-24:00,2025,3,24,1,0,1,23,0,1,26178,14116.258,76.117012,36.544621,2025-03-24 23:00:00,
2025-03-25,00:00-01:00,2025,3,25,2,0,1,0,0,1,25905,13032.215,203.897705,151.703079,2025-03-25 00:00:00,5910.33
2025-03-25,01:00-02:00,2025,3,25,2,0,1,1,0,1,24818,12808.726,164.318726,123.000053,2025-03-25 01:00:00,5815.201
2025-03-25,02:00-03:00,2025,3,25,2,0,1,2,0,1,24110,12470.82,150.351852,80.000015,2025-03-25 02:00:00,5670.505
2025-03-25,03:00-04:00,2025,3,25,2,0,1,3,0,1,23848,12307.932,137.416565,60.999985,2025-03-25 03:00:00,5547.525
2025-03-25,04:00-05:00,2025,3,25,2,0,1,4,0,1,24137,12630.94,160.578964,81.000023,2025-03-25 04:00:00,5361.927
2025-03-25,05:00-06:00,2025,3,25,2,0,1,5,0,1,25994,13858.992,210.285919,80.999985,2025-03-25 05:00:00,5185.687
2025-03-25,06:00-07:00,2025,3,25,2,0,1,6,0,1,28571,16480.046,278.226227,262.349548,2025-03-25 06:00:00,6427.692
2025-03-25,07:00-08:00,2025,3,25,2,0,1,7,0,0,30763,16917.12,141.723267,89.73291,2025-03-25 07:00:00,12315.587
2025-03-25,08:00-09:00,2025,3,25,2,0,1,8,1,0,32639,20127.986,4.87685,37.144588,2025-03-25 08:00:00,19181.174
2025-03-25,09:00-10:00,2025,3,25,2,0,1,9,1,0,32716,19725.219,2.118613,30.500742,2025-03-25 09:00:00,24435.511
2025-03-25,10:00-11:00,2025,3,25,2,0,1,10,1,0,32470,19575.42,1.582992,29.911535,2025-03-25 10:00:00,27404.541
2025-03-25,11:00-12:00,2025,3,25,2,0,1,11,1,0,30037,18921.66,1.7037,29.421721,2025-03-25 11:00:00,28500.269
2025-03-25,12:00-13:00,2025,3,25,2,0,1,12,1,0,30367,19183.74,2.366016,33.272266,2025-03-25 12:00:00,28535.62
2025-03-25,13:00-14:00,2025,3,25,2,0,1,13,1,0,30344,19743.62,12.089618,37.975998,2025-03-25 13:00:00,27353.78
2025-03-25,14:00-15:00,2025,3,25,2,0,1,14,1,0,30297,19344.96,4.24066,38.536549,2025-03-25 14:00:00,24288.354
2025-03-25,15:00-16:00,2025,3,25,2,0,1,15,1,0,30822,18734.592,29.710644,68.505318,2025-03-25 15:00:00,19136.97
2025-03-25,16:00-17:00,2025,3,25,2,0,1,16,1,0,31482,19642.34,236.328247,228.044617,2025-03-25 16:00:00,12116.744
2025-03-25,17:00-18:00,2025,3,25,2,0,1,17,1,0,31360,20862.6,304.664215,323.876709,2025-03-25 17:00:00,6171.263
2025-03-25,18:00-19:00,2025,3,25,2,0,1,18,1,0,31718,21127.57,320.776825,360.452484,2025-03-25 18:00:00,5280.298
2025-03-25,19:00-20:00,2025,3,25,2,0,1,19,1,0,31836,20640.05,299.457245,323.435852,2025-03-25 19:00:00,6005.685
2025-03-25,20:00-21:00,2025,3,25,2,0,1,20,1,0,31610,19987.289,309.52179,303.294983,2025-03-25 20:00:00,6403.289
2025-03-25,21:00-22:00,2025,3,25,2,0,1,21,0,0,29717,18101.873,284.536591,117.572975,2025-03-25 21:00:00,6574.076
2025-03-25,22:00-23:00,2025,3,25,2,0,1,22,0,1,27622,14325.551,301.053009,174.130997,2025-03-25 22:00:00,6675.743
2025-03-25,23:00-24:00,2025,3,25,2,0,1,23,0,1,26178,13273.723,240.404602,76.964485,2025-03-25 23:00:00,6702.91
2025-03-26,00:00-01:00,2025,3,26,3,0,1,0,0,1,25905,13321.973,242.85614,151.422943,2025-03-26 00:00:00,6835.372
2025-03-26,01:00-02:00,2025,3,26,3,0,1,1,0,1,24818,12760.533,143.98822,89.880058,2025-03-26 01:00:00,6704.056
2025-03-26,02:00-03:00,2025,3,26,3,0,1,2,0,1,24110,12472.683,123.363518,115.588982,2025-03-26 02:00:00,6579.861
2025-03-26,03:00-04:00,2025,3,26,3,0,1,3,0,1,23848,12413.983,115.064125,112.375763,2025-03-26 03:00:00,6469.344
2025-03-26,04:00-05:00,2025,3,26,3,0,1,4,0,1,24137,12496.433,120.65741,136.234695,2025-03-26 04:00:00,6359.442
2025-03-26,05:00-06:00,2025,3,26,3,0,1,5,0,1,25994,14267.283,117.388672,172.541275,2025-03-26 05:00:00,6300.157
2025-03-26,06:00-07:00,2025,3,26,3,0,1,6,0,1,28571,17270.179,186.612015,288.59787,2025-03-26 06:00:00,7619.297
2025-03-26,07:00-08:00,2025,3,26,3,0,1,7,0,0,30763,18256.939,52.10828,70.949387,2025-03-26 07:00:00,13275.077
2025-03-26,08:00-09:00,2025,3,26,3,0,1,8,1,0,32639,21013.798,32.129372,33.813267,2025-03-26 08:00:00,20004.073
2025-03-26,09:00-10:00,2025,3,26,3,0,1,9,1,0,32716,20556.623,31.181997,33.561031,2025-03-26 09:00:00,25595.627
2025-03-26,10:00-11:00,2025,3,26,3,0,1,10,1,0,32470,19385.403,33.094921,48.108116,2025-03-26 10:00:00,28895.763
2025-03-26,11:00-12:00,2025,3,26,3,0,1,11,1,0,30037,18737.526,33.298069,33.75861,2025-03-26 11:00:00,30049.75
2025-03-26,12:00-13:00,2025,3,26,3,0,1,12,1,0,30367,18978.42,28.899263,36.043095,2025-03-26 12:00:00,29829.171
2025-03-26,13:00-14:00,2025,3,26,3,0,1,13,1,0,30344,19600.501,31.96657,48.667225,2025-03-26 13:00:00,28247.228
2025-03-26,14:00-15:00,2025,3,26,3,0,1,14,1,0,30297,20389.121,31.986502,43.842964,2025-03-26 14:00:00,24810.478
2025-03-26,15:00-16:00,2025,3,26,3,0,1,15,1,0,30822,21153.332,32.597031,154.978134,2025-03-26 15:00:00,19071.147
2025-03-26,16:00-17:00,2025,3,26,3,0,1,16,1,0,31482,19224.018,142.676056,358.454956,2025-03-26 16:00:00,11701.667
2025-03-26,17:00-18:00,2025,3,26,3,0,1,17,1,0,31360,20549.067,341.33905,340.123596,2025-03-26 17:00:00,5269.581
2025-03-26,18:00-19:00,2025,3,26,3,0,1,18,1,0,31718,20521.387,356.769531,388.500031,2025-03-26 18:00:00,3586.812
2025-03-26,19:00-20:00,2025,3,26,3,0,1,19,1,0,31836,20302.717,368.039276,359.999939,2025-03-26 19:00:00,3752.841
2025-03-26,20:00-21:00,2025,3,26,3,0,1,20,1,0,31610,19512.528,384.912079,380.000061,2025-03-26 20:00:00,3915.133
2025-03-26,21:00-22:00,2025,3,26,3,0,1,21,0,0,29717,17812.65,367.727875,364.999878,2025-03-26 21:00:00,4155.619
2025-03-26,22:00-23:00,2025,3,26,3,0,1,22,0,1,27622,14515.951,344.748413,444.506042,2025-03-26 22:00:00,4390.394
2025-03-26,23:00-24:00,2025,3,26,3,0,1,23,0,1,26178,13635.037,331.216125,345.000031,2025-03-26 23:00:00,4634.552
2025-03-27,00:00-01:00,2025,3,27,4,0,1,0,0,1,27156,13218.462,309.884277,301.337494,2025-03-27 00:00:00,4913.062
2025-03-27,01:00-02:00,2025,3,27,4,0,1,1,0,1,26000,13062.892,260.35318,202.388855,2025-03-27 01:00:00,5284.128
2025-03-27,02:00-03:00,2025,3,27,4,0,1,2,0,1,25157,12715.962,205.427902,120.823097,2025-03-27 02:00:00,5634.7
2025-03-27,03:00-04:00,2025,3,27,4,0,1,3,0,1,24686,12200.4,168.417587,80.517921,2025-03-27 03:00:00,6047.461
2025-03-27,04:00-05:00,2025,3,27,4,0,1,4,0,1,24835,12248.056,168.346817,85.975487,2025-03-27 04:00:00,6450.851
2025-03-27,05:00-06:00,2025,3,27,4,0,1,5,0,1,26131,13544.408,171.300812,106.070091,2025-03-27 05:00:00,6742.943
2025-03-27,06:00-07:00,2025,3,27,4,0,1,6,0,1,28959,16291.531,216.304306,201.830826,2025-03-27 06:00:00,7930.072
2025-03-27,07:00-08:00,2025,3,27,4,0,1,7,0,0,30823,16747.182,232.981583,145.137131,2025-03-27 07:00:00,11618.258
2025-03-27,08:00-09:00,2025,3,27,4,0,1,8,1,0,33085,17910.011,193.100479,64.285461,2025-03-27 08:00:00,15610.363
2025-03-27,09:00-10:00,2025,3,27,4,0,1,9,1,0,34196,16348.552,203.068314,122.542412,2025-03-27 09:00:00,18744.14
2025-03-27,10:00-11:00,2025,3,27,4,0,1,10,1,0,34917,14341.582,195.306381,226.914551,2025-03-27 10:00:00,20414.535
2025-03-27,11:00-12:00,2025,3,27,4,0,1,11,1,0,33215,13259.74,98.277382,228.04924,2025-03-27 11:00:00,20715.528
2025-03-27,12:00-13:00,2025,3,27,4,0,1,12,1,0,33531,13326.4,135.619461,367.99057,2025-03-27 12:00:00,20168.436
2025-03-27,13:00-14:00,2025,3,27,4,0,1,13,1,0,32918,13732.29,97.136803,299.398102,2025-03-27 13:00:00,18534.223
2025-03-27,14:00-15:00,2025,3,27,4,0,1,14,1,0,32600,14965.792,85.72847,218.374146,2025-03-27 14:00:00,16098.493
2025-03-27,15:00-16:00,2025,3,27,4,0,1,15,1,0,32618,16961.468,174.673584,263.827759,2025-03-27 15:00:00,13560.06
2025-03-27,16:00-17:00,2025,3,27,4,0,1,16,1,0,32508,16793.187,242.685196,230.123917,2025-03-27 16:00:00,10670.889
2025-03-27,17:00-18:00,2025,3,27,4,0,1,17,1,0,31764,17769.148,145.396744,127.580475,2025-03-27 17:00:00,8409.839
2025-03-27,18:00-19:00,2025,3,27,4,0,1,18,1,0,32176,18615.914,211.156219,189.240829,2025-03-27 18:00:00,7743.96
2025-03-27,19:00-20:00,2025,3,27,4,0,1,19,1,0,32070,18354.551,223.105972,155.559723,2025-03-27 19:00:00,7712.682
2025-03-27,20:00-21:00,2025,3,27,4,0,1,20,1,0,31423,17803.014,216.705536,104.832733,2025-03-27 20:00:00,7622.44
2025-03-27,21:00-22:00,2025,3,27,4,0,1,21,0,0,29218,16084.243,204.229568,83.689209,2025-03-27 21:00:00,7476.25
2025-03-27,22:00-23:00,2025,3,27,4,0,1,22,0,1,27098,13291.425,97.878426,24.290865,2025-03-27 22:00:00,7286.286
2025-03-27,23:00-24:00,2025,3,27,4,0,1,23,0,1,25513,12709.7,99.15197,23.94384,2025-03-27 23:00:00,7112.84
2025-03-28,00:00-01:00,2025,3,28,5,0,1,0,0,1,25504,12538.172,,,2025-03-28 00:00:00,6823.013
2025-03-28,01:00-02:00,2025,3,28,5,0,1,1,0,1,24592,11600.262,,,2025-03-28 01:00:00,6707.988
2025-03-28,02:00-03:00,2025,3,28,5,0,1,2,0,1,24059,11549.302,,,2025-03-28 02:00:00,6677.642
2025-03-28,03:00-04:00,2025,3,28,5,0,1,3,0,1,23835,11412.722,,,2025-03-28 03:00:00,6553.674
2025-03-28,04:00-05:00,2025,3,28,5,0,1,4,0,1,24076,11453.122,,,2025-03-28 04:00:00,6341.999
2025-03-28,05:00-06:00,2025,3,28,5,0,1,5,0,1,25670,13710.516,,,2025-03-28 05:00:00,6033.219
2025-03-28,06:00-07:00,2025,3,28,5,0,1,6,0,1,28430,16180.779,,,2025-03-28 06:00:00,5854.326
2025-03-28,07:00-08:00,2025,3,28,5,0,1,7,0,0,30849,15975.268,,,2025-03-28 07:00:00,6569.227
2025-03-28,08:00-09:00,2025,3,28,5,0,1,8,1,0,32936,16658.394,,,2025-03-28 08:00:00,7732.153
2025-03-28,09:00-10:00,2025,3,28,5,0,1,9,1,0,33785,15136.382,,,2025-03-28 09:00:00,9093.578
2025-03-28,10:00-11:00,2025,3,28,5,0,1,10,1,0,34256,13655.981,,,2025-03-28 10:00:00,10648.782
2025-03-28,11:00-12:00,2025,3,28,5,0,1,11,1,0,32145,13775.12,,,2025-03-28 11:00:00,11726.421
2025-03-28,12:00-13:00,2025,3,28,5,0,1,12,1,0,32182,13772.72,,,2025-03-28 12:00:00,11760.365
2025-03-28,13:00-14:00,2025,3,28,5,0,1,13,1,0,31696,13691.95,,,2025-03-28 13:00:00,11024.464
2025-03-28,14:00-15:00,2025,3,28,5,0,1,14,1,0,31407,14485.482,,,2025-03-28 14:00:00,9572.38
2025-03-28,15:00-16:00,2025,3,28,5,0,1,15,1,0,31666,16402.708,,,2025-03-28 15:00:00,7532.448
2025-03-28,16:00-17:00,2025,3,28,5,0,1,16,1,0,31749,17234.798,,,2025-03-28 16:00:00,4963.634
2025-03-28,17:00-18:00,2025,3,28,5,0,1,17,1,0,31219,17997.483,,,2025-03-28 17:00:00,2496.562
2025-03-28,18:00-19:00,2025,3,28,5,0,1,18,1,0,31679,18730.488,,,2025-03-28 18:00:00,1525.67
2025-03-28,19:00-20:00,2025,3,28,5,0,1,19,1,0,31427,18907.586,,,2025-03-28 19:00:00,1362.201
2025-03-28,20:00-21:00,2025,3,28,5,0,1,20,1,0,30672,18377.06,,,2025-03-28 20:00:00,1280.036
2025-03-28,21:00-22:00,2025,3,28,5,0,1,21,0,0,28892,16918.601,,,2025-03-28 21:00:00,1225.55
2025-03-28,22:00-23:00,2025,3,28,5,0,1,22,0,1,27141,15462.318,,,2025-03-28 22:00:00,1242.908
2025-03-28,23:00-24:00,2025,3,28,5,0,1,23,0,1,25605,13328.146,,,2025-03-28 23:00:00,1258.204
